ID,Name,hit0_Radius,hit1_Radius,hit2_Radius,hit3_Radius,knockbackDist,hitStopTime,spEffectId0,spEffectId1,spEffectId2,spEffectId3,spEffectId4,hit0_DmyPoly1,hit1_DmyPoly1,hit2_DmyPoly1,hit3_DmyPoly1,hit0_DmyPoly2,hit1_DmyPoly2,hit2_DmyPoly2,hit3_DmyPoly2,blowingCorrection,atkPhysCorrection,atkMagCorrection,atkFireCorrection,atkThunCorrection,atkStamCorrection,guardAtkRateCorrection,guardBreakCorrection,atkThrowEscapeCorrection,subCategory1,subCategory2,atkPhys,atkMag,atkFire,atkThun,atkStam,guardAtkRate,guardBreakRate,pad6,isEnableCalcDamageForBushesObj,atkThrowEscape,atkObj,guardStaminaCutRate,guardRate,throwTypeId,hit0_hitType,hit1_hitType,hit2_hitType,hit3_hitType,hti0_Priority,hti1_Priority,hti2_Priority,hti3_Priority,dmgLevel,mapHitType,guardCutCancelRate,atkAttribute,spAttribute,atkType,atkMaterial,guardRangeType,defSeMaterial1,hitSourceType,throwFlag,disableGuard,disableStaminaAttack,disableHitSpEffect,IgnoreNotifyMissSwingForAI,repeatHitSfx,isArrowAtk,isGhostAtk,isDisableNoDamage,atkPow_forSfx,atkDir_forSfx,opposeTarget,friendlyTarget,selfTarget,isCheckDoorPenetration,isVsRideAtk,isAddBaseAtk,excludeThreatLvNotify,pad1,atkBehaviorId,atkPow_forSe,atkSuperArmor,decalId1,decalId2,AppearAiSoundId,HitAiSoundId,HitRumbleId,HitRumbleIdByNormal,HitRumbleIdByMiddle,HitRumbleIdByRoot,traceSfxId0,traceDmyIdHead0,traceDmyIdTail0,traceSfxId1,traceDmyIdHead1,traceDmyIdTail1,traceSfxId2,traceDmyIdHead2,traceDmyIdTail2,traceSfxId3,traceDmyIdHead3,traceDmyIdTail3,traceSfxId4,traceDmyIdHead4,traceDmyIdTail4,traceSfxId5,traceDmyIdHead5,traceDmyIdTail5,traceSfxId6,traceDmyIdHead6,traceDmyIdTail6,traceSfxId7,traceDmyIdHead7,traceDmyIdTail7,hit4_Radius,hit5_Radius,hit6_Radius,hit7_Radius,hit8_Radius,hit9_Radius,hit10_Radius,hit11_Radius,hit12_Radius,hit13_Radius,hit14_Radius,hit15_Radius,hit4_DmyPoly1,hit5_DmyPoly1,hit6_DmyPoly1,hit7_DmyPoly1,hit8_DmyPoly1,hit9_DmyPoly1,hit10_DmyPoly1,hit11_DmyPoly1,hit12_DmyPoly1,hit13_DmyPoly1,hit14_DmyPoly1,hit15_DmyPoly1,hit4_DmyPoly2,hit5_DmyPoly2,hit6_DmyPoly2,hit7_DmyPoly2,hit8_DmyPoly2,hit9_DmyPoly2,hit10_DmyPoly2,hit11_DmyPoly2,hit12_DmyPoly2,hit13_DmyPoly2,hit14_DmyPoly2,hit15_DmyPoly2,hit4_hitType,hit5_hitType,hit6_hitType,hit7_hitType,hit8_hitType,hit9_hitType,hit10_hitType,hit11_hitType,hit12_hitType,hit13_hitType,hit14_hitType,hit15_hitType,hti4_Priority,hti5_Priority,hti6_Priority,hti7_Priority,hti8_Priority,hti9_Priority,hti10_Priority,hti11_Priority,hti12_Priority,hti13_Priority,hti14_Priority,hti15_Priority,defSfxMaterial1,defSeMaterial2,defSfxMaterial2,atkDarkCorrection,atkDark,pad5,isDisableParry,isDisableBothHandsAtkBonus,isInvalidatedByNoDamageInAir,pad2,dmgLevel_vsPlayer,statusAilmentAtkPowerCorrectRate,spEffectAtkPowerCorrectRate_byPoint,spEffectAtkPowerCorrectRate_byRate,spEffectAtkPowerCorrectRate_byDmg,atkBehaviorId_2,throwDamageAttribute,statusAilmentAtkPowerCorrectRate_byPoint,overwriteAttackElementCorrectId,decalBaseId1,decalBaseId2,wepRegainHpScale,atkRegainHp,regainableTimeScale,regainableHpRateScale,regainableSlotId,spAttributeVariationValue,parryForwardOffset,atkSuperArmorCorrection,defSfxMaterialVariationValue,pad4,finalDamageRateId,subCategory3,subCategory4,pad7,
1010020,Euporia - Attack,0.35,0.1,0,0,0.85,0.08,6903,19892,-1,1665,-1,100,110,-1,-1,110,122,-1,-1,0,102,102,102,102,100,100,100,100,0,0,0,0,0,0,0,0,0,0,0,0,10,0,0,0,0,2,0,0,0,0,0,0,1,0,0,253,255,0,255,0,255,0,0,0,0,0,0,0,0,0,0,0,2,1,0,0,0,0,0,0,0,0,0,0,-1,-1,2100,2010,-1,-1,-1,-1,-1,-1,-1,-1,-1,-1,-1,-1,-1,-1,-1,-1,-1,-1,-1,-1,-1,-1,-1,-1,-1,-1,-1,-1,0,0,0,0,0,0,0,0,0,0,0,0,-1,-1,-1,-1,-1,-1,-1,-1,-1,-1,-1,-1,-1,-1,-1,-1,-1,-1,-1,-1,-1,-1,-1,-1,0,0,0,0,0,0,0,0,0,0,0,0,0,0,0,0,0,0,0,0,0,0,0,0,255,139,139,102,0,0,0,0,0,0,0,100,100,100,100,0,0,100,-1,-1,100,105,0,1,1,-1,0,0,100,0,[0|0|0],1000010,0,0,[0|0|0|0|0|0|0|0|0|0]
321330,,0.4,0.1,0,0,0.5,0.08,6903,-1,-1,1665,1667,100,120,-1,-1,110,110,-1,-1,0,95,95,95,95,130,500,100,100,0,0,0,0,0,0,0,0,0,0,0,0,10,0,0,0,0,2,0,0,0,0,0,0,2,0,0,252,255,2,255,0,255,0,0,0,0,0,0,0,0,0,0,0,0,1,0,0,0,0,0,0,0,0,0,0,-1,-1,2100,2010,-1,-1,-1,-1,-1,-1,-1,-1,-1,-1,-1,-1,-1,-1,-1,-1,-1,-1,-1,-1,-1,-1,-1,-1,-1,-1,-1,-1,0,0,0,0,0,0,0,0,0,0,0,0,-1,-1,-1,-1,-1,-1,-1,-1,-1,-1,-1,-1,-1,-1,-1,-1,-1,-1,-1,-1,-1,-1,-1,-1,0,0,0,0,0,0,0,0,0,0,0,0,0,0,0,0,0,0,0,0,0,0,0,0,255,139,139,95,0,0,0,0,0,0,0,100,100,100,100,0,0,100,-1,-1,100,95,0,1,1,-1,0,0,140,0,[0|0|0],300000,121,120,[0|0|0|0|0|0|0|0|0|0]
900880,Default - Katana,0.35,0.2,0,0,0.8,0.04,6903,-1,-1,1665,-1,100,120,-1,-1,110,-1,-1,-1,0,90,90,90,90,50,200,100,100,0,0,0,0,0,0,0,0,0,0,0,0,10,0,0,0,0,2,0,0,0,0,0,0,8,0,0,252,255,2,255,0,255,0,0,0,0,0,0,0,0,0,0,0,2,1,0,0,0,0,0,0,0,9,0,0,-1,-1,2100,2010,-1,-1,-1,-1,-1,-1,-1,-1,-1,-1,-1,-1,-1,-1,-1,-1,-1,-1,-1,-1,-1,-1,-1,-1,-1,-1,-1,-1,0,0,0,0,0,0,0,0,0,0,0,0,-1,-1,-1,-1,-1,-1,-1,-1,-1,-1,-1,-1,-1,-1,-1,-1,-1,-1,-1,-1,-1,-1,-1,-1,0,0,0,0,0,0,0,0,0,0,0,0,0,0,0,0,0,0,0,0,0,0,0,0,255,139,139,90,0,0,0,0,0,0,0,65,90,100,100,0,0,100,-1,0,100,90,0,1,1,-1,0,0,80,0,[0|0|0],900800,121,0,[0|0|0|0|0|0|0|0|0|0]
900885,Default - Katana,0.35,0.2,0,0,1.2,0.04,6903,-1,-1,-1,1667,100,120,-1,-1,110,-1,-1,-1,0,90,90,90,90,110,200,100,100,0,0,0,0,0,0,0,0,0,0,0,0,10,0,0,0,0,2,0,0,0,0,0,0,1,0,0,253,255,0,255,0,255,0,0,0,0,0,0,0,0,0,0,0,3,1,0,0,0,0,0,0,0,0,0,0,-1,-1,2100,2010,-1,-1,-1,-1,-1,-1,-1,-1,-1,-1,-1,-1,-1,-1,-1,-1,-1,-1,-1,-1,-1,-1,-1,-1,-1,-1,-1,-1,0,0,0,0,0,0,0,0,0,0,0,0,-1,-1,-1,-1,-1,-1,-1,-1,-1,-1,-1,-1,-1,-1,-1,-1,-1,-1,-1,-1,-1,-1,-1,-1,0,0,0,0,0,0,0,0,0,0,0,0,0,0,0,0,0,0,0,0,0,0,0,0,255,139,139,90,0,0,0,0,0,0,0,65,90,100,100,0,0,100,-1,0,100,90,0,1,1,-1,0,0,40,0,[0|0|0],900805,121,0,[0|0|0|0|0|0|0|0|0|0]
1010000,Euporia - Attack,0.35,0.2,0,0,0.8,0.08,6903,19892,-1,1665,-1,100,110,-1,-1,110,122,-1,-1,0,100,100,100,100,100,100,100,100,0,0,0,0,0,0,0,0,0,0,0,0,10,0,0,0,0,2,0,0,0,0,0,0,1,0,0,253,255,0,255,0,255,0,0,0,0,0,0,0,0,0,0,0,3,1,0,0,0,0,0,0,0,0,0,0,-1,-1,2100,2010,-1,-1,-1,-1,-1,-1,-1,-1,-1,-1,-1,-1,-1,-1,-1,-1,-1,-1,-1,-1,-1,-1,-1,-1,-1,-1,-1,-1,0,0,0,0,0,0,0,0,0,0,0,0,-1,-1,-1,-1,-1,-1,-1,-1,-1,-1,-1,-1,-1,-1,-1,-1,-1,-1,-1,-1,-1,-1,-1,-1,0,0,0,0,0,0,0,0,0,0,0,0,0,0,0,0,0,0,0,0,0,0,0,0,255,139,139,100,0,0,0,0,0,0,0,100,100,100,100,0,0,100,-1,-1,100,100,0,1,1,-1,0,0,100,0,[0|0|0],1000000,0,0,[0|0|0|0|0|0|0|0|0|0]
1010010,Euporia - Attack,0.35,0.05,0,0,0.55,0.08,6903,19892,-1,1665,-1,120,122,-1,-1,130,130,-1,-1,0,101,101,101,101,100,100,100,100,0,0,0,0,0,0,0,0,0,0,0,0,10,0,0,0,0,2,0,0,0,0,0,0,1,0,0,253,255,0,255,0,255,0,0,0,0,0,0,0,0,0,0,0,4,1,0,0,0,0,0,0,0,0,0,0,-1,-1,2100,2010,-1,-1,-1,-1,-1,-1,-1,-1,-1,-1,-1,-1,-1,-1,-1,-1,-1,-1,-1,-1,-1,-1,-1,-1,-1,-1,-1,-1,0,0,0,0,0,0,0,0,0,0,0,0,-1,-1,-1,-1,-1,-1,-1,-1,-1,-1,-1,-1,-1,-1,-1,-1,-1,-1,-1,-1,-1,-1,-1,-1,0,0,0,0,0,0,0,0,0,0,0,0,0,0,0,0,0,0,0,0,0,0,0,0,255,139,139,101,0,0,0,0,0,0,0,100,100,100,100,0,0,100,-1,-1,100,100,0,1,1,-1,0,0,100,0,[0|0|0],1000010,0,0,[0|0|0|0|0|0|0|0|0|0]
1010030,Euporia - Attack,0.35,0.1,0,0,0.85,0.08,6903,19892,-1,1665,-1,100,110,-1,-1,110,122,-1,-1,0,103,103,103,103,100,100,100,100,0,0,0,0,0,0,0,0,0,0,0,0,10,0,0,0,0,2,0,0,0,0,0,0,1,0,0,253,255,0,255,0,255,0,0,0,0,0,0,0,0,0,0,0,2,1,0,0,0,0,0,0,0,0,0,0,-1,-1,2100,2010,-1,-1,-1,-1,-1,-1,-1,-1,-1,-1,-1,-1,-1,-1,-1,-1,-1,-1,-1,-1,-1,-1,-1,-1,-1,-1,-1,-1,0,0,0,0,0,0,0,0,0,0,0,0,-1,-1,-1,-1,-1,-1,-1,-1,-1,-1,-1,-1,-1,-1,-1,-1,-1,-1,-1,-1,-1,-1,-1,-1,0,0,0,0,0,0,0,0,0,0,0,0,0,0,0,0,0,0,0,0,0,0,0,0,255,139,139,103,0,0,0,0,0,0,0,100,100,100,100,0,0,100,-1,-1,100,105,0,1,1,-1,0,0,100,0,[0|0|0],1000010,0,0,[0|0|0|0|0|0|0|0|0|0]
1010040,Euporia - Attack,0.35,0.1,0,0,1.2,0.08,6903,19892,-1,1665,-1,100,110,-1,-1,110,122,-1,-1,0,110,110,110,110,100,100,100,100,104,0,0,0,0,0,0,0,0,0,0,0,10,0,0,0,0,2,0,0,0,0,0,0,1,0,0,253,255,0,255,0,255,0,0,0,0,0,0,0,0,0,0,0,0,1,0,0,0,0,0,0,0,0,0,0,-1,-1,2100,2010,-1,-1,-1,-1,-1,-1,-1,-1,-1,-1,-1,-1,-1,-1,-1,-1,-1,-1,-1,-1,-1,-1,-1,-1,-1,-1,-1,-1,0,0,0,0,0,0,0,0,0,0,0,0,-1,-1,-1,-1,-1,-1,-1,-1,-1,-1,-1,-1,-1,-1,-1,-1,-1,-1,-1,-1,-1,-1,-1,-1,0,0,0,0,0,0,0,0,0,0,0,0,0,0,0,0,0,0,0,0,0,0,0,0,255,139,139,110,0,0,0,0,0,0,0,100,100,100,100,0,0,100,-1,-1,100,115,0,1,1,-1,0,0,200,0,[0|0|0],1000010,0,0,[0|0|0|0|0|0|0|0|0|0]
1010100,Euporia - Attack,0.35,0.1,0,0,1.1,0.08,6904,19892,-1,1665,-1,100,110,-1,-1,110,122,-1,-1,0,125,125,125,125,100,120,100,100,0,0,0,0,0,0,0,0,0,0,0,0,10,0,0,0,0,2,0,0,0,0,0,0,2,0,0,253,255,0,255,0,255,0,0,0,0,0,0,0,0,0,0,0,2,1,0,0,0,0,0,0,0,0,0,0,-1,-1,2100,2010,-1,-1,-1,-1,-1,-1,-1,-1,-1,-1,-1,-1,-1,-1,-1,-1,-1,-1,-1,-1,-1,-1,-1,-1,-1,-1,-1,-1,0,0,0,0,0,0,0,0,0,0,0,0,-1,-1,-1,-1,-1,-1,-1,-1,-1,-1,-1,-1,-1,-1,-1,-1,-1,-1,-1,-1,-1,-1,-1,-1,0,0,0,0,0,0,0,0,0,0,0,0,0,0,0,0,0,0,0,0,0,0,0,0,255,139,139,125,0,0,0,0,0,0,0,100,100,100,100,0,0,100,-1,-1,100,130,0,1,1,-1,0,0,200,0,[0|0|0],1000100,0,0,[0|0|0|0|0|0|0|0|0|0]
1010105,Euporia - Attack,0.35,0.1,0,0,1,0.08,6906,19892,-1,1665,-1,100,110,-1,-1,110,122,-1,-1,0,160,160,160,160,200,400,100,100,100,0,0,0,0,0,0,0,0,0,0,0,10,0,0,0,0,2,0,0,0,0,0,0,2,0,0,253,255,0,255,0,255,0,0,0,0,0,0,0,0,0,0,0,3,1,0,0,0,0,0,0,0,0,0,0,-1,-1,2100,2010,-1,-1,-1,-1,-1,-1,-1,-1,-1,-1,-1,-1,-1,-1,-1,-1,-1,-1,-1,-1,-1,-1,-1,-1,-1,-1,-1,-1,0,0,0,0,0,0,0,0,0,0,0,0,-1,-1,-1,-1,-1,-1,-1,-1,-1,-1,-1,-1,-1,-1,-1,-1,-1,-1,-1,-1,-1,-1,-1,-1,0,0,0,0,0,0,0,0,0,0,0,0,0,0,0,0,0,0,0,0,0,0,0,0,255,139,139,160,0,0,0,0,0,0,0,100,100,100,100,0,0,100,-1,-1,100,150,0,1,1,-1,0,0,600,0,[0|0|0],1000105,0,0,[0|0|0|0|0|0|0|0|0|0]
1010110,Euporia - Attack,0.35,0.1,0,0,1.5,0.08,6904,19892,-1,1665,-1,100,110,-1,-1,110,122,-1,-1,0,125,125,125,125,100,120,100,100,0,0,0,0,0,0,0,0,0,0,0,0,10,0,0,0,0,2,0,0,0,0,0,0,2,0,0,253,255,0,255,0,255,0,0,0,0,0,0,0,0,0,0,0,3,1,0,0,0,0,0,0,0,0,0,0,-1,-1,2100,2010,-1,-1,-1,-1,-1,-1,-1,-1,-1,-1,-1,-1,-1,-1,-1,-1,-1,-1,-1,-1,-1,-1,-1,-1,-1,-1,-1,-1,0,0,0,0,0,0,0,0,0,0,0,0,-1,-1,-1,-1,-1,-1,-1,-1,-1,-1,-1,-1,-1,-1,-1,-1,-1,-1,-1,-1,-1,-1,-1,-1,0,0,0,0,0,0,0,0,0,0,0,0,0,0,0,0,0,0,0,0,0,0,0,0,255,139,139,125,0,0,0,0,0,0,0,100,100,100,100,0,0,100,-1,-1,100,130,0,1,1,-1,0,0,200,0,[0|0|0],1000100,0,0,[0|0|0|0|0|0|0|0|0|0]
1010115,Euporia - Attack,0.35,0.1,0,0,1.3,0.08,6906,19892,-1,1665,-1,100,110,-1,-1,110,122,-1,-1,0,160,170,170,170,200,400,100,100,100,0,0,0,0,0,0,0,0,0,0,0,10,0,0,0,0,2,0,0,0,0,0,0,2,0,0,253,255,0,255,0,255,0,0,0,0,0,0,0,0,0,0,0,3,1,0,0,0,0,0,0,0,0,0,0,-1,-1,2100,2010,-1,-1,-1,-1,-1,-1,-1,-1,-1,-1,-1,-1,-1,-1,-1,-1,-1,-1,-1,-1,-1,-1,-1,-1,-1,-1,-1,-1,0,0,0,0,0,0,0,0,0,0,0,0,-1,-1,-1,-1,-1,-1,-1,-1,-1,-1,-1,-1,-1,-1,-1,-1,-1,-1,-1,-1,-1,-1,-1,-1,0,0,0,0,0,0,0,0,0,0,0,0,0,0,0,0,0,0,0,0,0,0,0,0,255,139,139,170,0,0,0,0,0,0,0,100,100,100,100,0,0,100,-1,-1,100,150,0,1,1,-1,0,0,600,0,[0|0|0],1000105,0,0,[0|0|0|0|0|0|0|0|0|0]
1010120,Euporia - Attack,0.35,0.1,0,0,1.5,0.08,6903,19892,-1,1665,-1,100,110,-1,-1,110,122,-1,-1,0,105,105,105,105,120,120,100,100,0,0,0,0,0,0,0,0,0,0,0,0,10,0,0,0,0,2,0,0,0,0,0,0,1,0,0,252,255,2,255,0,255,0,0,0,0,0,0,0,0,0,0,0,0,1,0,0,0,0,0,0,0,0,0,0,-1,-1,2100,2010,-1,-1,-1,-1,-1,-1,-1,-1,-1,-1,-1,-1,-1,-1,-1,-1,-1,-1,-1,-1,-1,-1,-1,-1,-1,-1,-1,-1,0,0,0,0,0,0,0,0,0,0,0,0,-1,-1,-1,-1,-1,-1,-1,-1,-1,-1,-1,-1,-1,-1,-1,-1,-1,-1,-1,-1,-1,-1,-1,-1,0,0,0,0,0,0,0,0,0,0,0,0,0,0,0,0,0,0,0,0,0,0,0,0,255,139,139,105,0,0,0,0,0,0,0,100,100,100,100,0,0,100,-1,-1,100,110,0,1,1,-1,0,0,100,0,[0|0|0],1000000,122,0,[0|0|0|0|0|0|0|0|0|0]
1010125,Euporia - Attack,0.35,0.05,0,0,0.8,0.04,6903,19892,-1,-1,-1,120,122,-1,-1,130,130,-1,-1,0,50,50,50,50,50,400,100,100,0,0,0,0,0,0,0,0,0,0,0,0,10,0,0,0,0,2,0,0,0,0,0,0,1,0,0,253,255,0,255,0,255,0,0,0,0,0,0,0,0,0,0,0,2,1,0,0,0,0,0,0,0,9,0,0,-1,-1,2100,2010,-1,-1,-1,-1,-1,-1,-1,-1,-1,-1,-1,-1,-1,-1,-1,-1,-1,-1,-1,-1,-1,-1,-1,-1,-1,-1,-1,-1,0,0,0,0,0,0,0,0,0,0,0,0,-1,-1,-1,-1,-1,-1,-1,-1,-1,-1,-1,-1,-1,-1,-1,-1,-1,-1,-1,-1,-1,-1,-1,-1,0,0,0,0,0,0,0,0,0,0,0,0,0,0,0,0,0,0,0,0,0,0,0,0,255,139,139,50,0,0,0,0,0,0,0,50,50,100,100,0,0,50,-1,-1,100,30,0,1,1,-1,0,0,50,0,[0|0|0],1000000,122,0,[0|0|0|0|0|0|0|0|0|0]
1010126,Euporia - Attack,0.35,0.25,0,0,1.2,0.04,6903,19892,-1,1665,-1,100,110,-1,-1,110,122,-1,-1,0,115,115,115,115,150,400,100,100,0,0,0,0,0,0,0,0,0,0,0,0,10,0,0,0,0,2,0,0,0,0,0,0,2,0,0,253,255,0,255,0,255,0,0,0,0,0,0,0,0,0,0,0,3,1,0,0,0,0,0,0,0,0,0,0,-1,-1,2100,2010,-1,-1,-1,-1,-1,-1,-1,-1,-1,-1,-1,-1,-1,-1,-1,-1,-1,-1,-1,-1,-1,-1,-1,-1,-1,-1,-1,-1,0,0,0,0,0,0,0,0,0,0,0,0,-1,-1,-1,-1,-1,-1,-1,-1,-1,-1,-1,-1,-1,-1,-1,-1,-1,-1,-1,-1,-1,-1,-1,-1,0,0,0,0,0,0,0,0,0,0,0,0,0,0,0,0,0,0,0,0,0,0,0,0,255,139,139,115,0,0,0,0,0,0,0,100,100,100,100,0,0,100,-1,-1,100,130,0,1,1,-1,0,0,150,0,[0|0|0],1000000,122,0,[0|0|0|0|0|0|0|0|0|0]
1010130,Euporia - Attack,0.35,0.2,0,0,1.2,0.08,6903,19892,-1,1665,-1,120,122,-1,-1,130,130,-1,-1,0,90,90,90,90,110,200,100,100,0,0,0,0,0,0,0,0,0,0,0,0,10,0,0,0,0,2,0,0,0,0,0,0,1,0,0,253,255,0,255,0,255,0,0,0,0,0,0,0,0,0,0,0,2,1,0,0,0,0,0,0,0,0,0,0,-1,-1,2100,2010,-1,-1,-1,-1,-1,-1,-1,-1,-1,-1,-1,-1,-1,-1,-1,-1,-1,-1,-1,-1,-1,-1,-1,-1,-1,-1,-1,-1,0,0,0,0,0,0,0,0,0,0,0,0,-1,-1,-1,-1,-1,-1,-1,-1,-1,-1,-1,-1,-1,-1,-1,-1,-1,-1,-1,-1,-1,-1,-1,-1,0,0,0,0,0,0,0,0,0,0,0,0,0,0,0,0,0,0,0,0,0,0,0,0,255,139,139,80,0,0,0,0,0,0,0,100,100,100,100,0,0,100,-1,-1,100,90,0,1,1,-1,0,0,100,0,[0|0|0],1000000,121,0,[0|0|0|0|0|0|0|0|0|0]
1010140,Euporia - Attack,0.35,0.05,0,0,0.7,0.08,6903,19892,-1,1665,-1,120,122,-1,-1,130,130,-1,-1,0,90,90,90,90,110,200,100,100,0,0,0,0,0,0,0,0,0,0,0,0,10,0,0,0,0,2,0,0,0,0,0,0,1,0,0,252,255,2,255,0,255,0,0,0,0,0,0,0,0,0,0,0,0,1,0,0,0,0,0,0,0,0,0,0,-1,-1,2100,2010,-1,-1,-1,-1,-1,-1,-1,-1,-1,-1,-1,-1,-1,-1,-1,-1,-1,-1,-1,-1,-1,-1,-1,-1,-1,-1,-1,-1,0,0,0,0,0,0,0,0,0,0,0,0,-1,-1,-1,-1,-1,-1,-1,-1,-1,-1,-1,-1,-1,-1,-1,-1,-1,-1,-1,-1,-1,-1,-1,-1,0,0,0,0,0,0,0,0,0,0,0,0,0,0,0,0,0,0,0,0,0,0,0,0,255,139,139,90,0,0,0,0,0,0,0,100,100,100,100,0,0,100,-1,-1,100,90,0,1,1,-1,0,0,100,0,[0|0|0],1000000,121,0,[0|0|0|0|0|0|0|0|0|0]
1010150,Euporia - Attack,0.35,0.1,0,0,0.8,0.08,6903,19892,-1,1665,-1,100,110,-1,-1,110,122,-1,-1,0,107,107,107,107,100,9900,100,100,102,0,0,0,0,0,0,0,0,0,0,0,10,0,0,0,0,2,0,0,0,0,0,0,1,0,0,253,255,0,255,0,255,0,0,0,0,0,0,0,0,0,0,0,3,1,0,0,0,0,0,0,0,0,0,0,-1,-1,2100,2010,-1,-1,-1,-1,-1,-1,-1,-1,-1,-1,-1,-1,-1,-1,-1,-1,-1,-1,-1,-1,-1,-1,-1,-1,-1,-1,-1,-1,0,0,0,0,0,0,0,0,0,0,0,0,-1,-1,-1,-1,-1,-1,-1,-1,-1,-1,-1,-1,-1,-1,-1,-1,-1,-1,-1,-1,-1,-1,-1,-1,0,0,0,0,0,0,0,0,0,0,0,0,0,0,0,0,0,0,0,0,0,0,0,0,255,139,139,107,0,0,0,0,0,0,0,100,100,100,100,0,0,100,-1,-1,100,130,0,1,1,-1,0,0,150,0,[0|0|0],1000000,0,0,[0|0|0|0|0|0|0|0|0|0]
1010155,Euporia - Attack,0.35,0.1,0,0,0.8,0.08,6903,19892,-1,1665,-1,100,110,-1,-1,110,122,-1,-1,0,107,107,107,107,100,9900,100,100,102,0,0,0,0,0,0,0,0,0,0,0,10,0,0,0,0,2,0,0,0,0,0,0,1,0,0,253,255,0,255,0,255,0,0,0,0,0,0,0,0,0,0,0,3,1,0,0,0,0,0,0,0,0,0,0,-1,-1,2100,2010,-1,-1,-1,-1,-1,-1,-1,-1,-1,-1,-1,-1,-1,-1,-1,-1,-1,-1,-1,-1,-1,-1,-1,-1,-1,-1,-1,-1,0,0,0,0,0,0,0,0,0,0,0,0,-1,-1,-1,-1,-1,-1,-1,-1,-1,-1,-1,-1,-1,-1,-1,-1,-1,-1,-1,-1,-1,-1,-1,-1,0,0,0,0,0,0,0,0,0,0,0,0,0,0,0,0,0,0,0,0,0,0,0,0,255,139,139,107,0,0,0,0,0,0,0,100,100,100,100,0,0,100,-1,-1,100,130,0,1,1,-1,0,0,150,0,[0|0|0],1000000,0,0,[0|0|0|0|0|0|0|0|0|0]
1010160,Euporia - Attack,0.35,0.05,0,0,1,0.08,6904,19892,-1,1665,-1,120,122,-1,-1,130,130,-1,-1,0,127,127,127,127,200,9900,100,100,102,0,0,0,0,0,0,0,0,0,0,0,10,0,0,0,0,2,0,0,0,0,0,0,2,0,0,252,255,2,255,0,255,0,0,0,0,0,0,0,0,0,0,0,1,1,0,0,0,0,0,0,0,0,0,0,-1,-1,2100,2010,-1,-1,-1,-1,-1,-1,-1,-1,-1,-1,-1,-1,-1,-1,-1,-1,-1,-1,-1,-1,-1,-1,-1,-1,-1,-1,-1,-1,0,0,0,0,0,0,0,0,0,0,0,0,-1,-1,-1,-1,-1,-1,-1,-1,-1,-1,-1,-1,-1,-1,-1,-1,-1,-1,-1,-1,-1,-1,-1,-1,0,0,0,0,0,0,0,0,0,0,0,0,0,0,0,0,0,0,0,0,0,0,0,0,255,139,139,127,0,0,0,0,0,0,0,100,100,100,100,0,0,100,-1,-1,100,140,0,1,1,-1,0,0,400,0,[0|0|0],1000105,0,0,[0|0|0|0|0|0|0|0|0|0]
1010165,Euporia - Attack,0.35,0.05,0,0,1,0.08,6904,19892,-1,1665,-1,120,122,-1,-1,130,130,-1,-1,0,127,127,127,127,200,9900,100,100,102,0,0,0,0,0,0,0,0,0,0,0,10,0,0,0,0,2,0,0,0,0,0,0,2,0,0,252,255,2,255,0,255,0,0,0,0,0,0,0,0,0,0,0,1,1,0,0,0,0,0,0,0,0,0,0,-1,-1,2100,2010,-1,-1,-1,-1,-1,-1,-1,-1,-1,-1,-1,-1,-1,-1,-1,-1,-1,-1,-1,-1,-1,-1,-1,-1,-1,-1,-1,-1,0,0,0,0,0,0,0,0,0,0,0,0,-1,-1,-1,-1,-1,-1,-1,-1,-1,-1,-1,-1,-1,-1,-1,-1,-1,-1,-1,-1,-1,-1,-1,-1,0,0,0,0,0,0,0,0,0,0,0,0,0,0,0,0,0,0,0,0,0,0,0,0,255,139,139,127,0,0,0,0,0,0,0,100,100,100,100,0,0,100,-1,-1,100,140,0,1,1,-1,0,0,400,0,[0|0|0],1000105,0,0,[0|0|0|0|0|0|0|0|0|0]
1010180,Euporia - Attack,0.4,0.2,0,0,1.1,0.08,-1,19892,-1,1665,-1,100,110,-1,-1,110,122,-1,-1,0,125,125,125,125,110,9900,100,60000,103,0,0,0,0,0,0,0,0,0,0,0,10,0,0,0,0,2,0,0,0,0,0,0,2,0,0,253,255,0,255,0,255,0,0,0,0,0,0,0,0,0,0,0,2,1,0,0,0,0,0,0,0,0,0,0,-1,-1,2100,2010,-1,-1,-1,-1,-1,-1,-1,-1,-1,-1,-1,-1,-1,-1,-1,-1,-1,-1,-1,-1,-1,-1,-1,-1,-1,-1,-1,-1,0,0,0,0,0,0,0,0,0,0,0,0,-1,-1,-1,-1,-1,-1,-1,-1,-1,-1,-1,-1,-1,-1,-1,-1,-1,-1,-1,-1,-1,-1,-1,-1,0,0,0,0,0,0,0,0,0,0,0,0,0,0,0,0,0,0,0,0,0,0,0,0,255,139,139,125,0,0,0,0,0,0,0,100,100,100,100,0,0,100,-1,-1,100,100,0,1,1,-1,0,0,600,0,[0|0|0],1000000,0,0,[0|0|0|0|0|0|0|0|0|0]
1010200,Euporia - Attack,0.35,0.05,0,0,0.5,0.04,6903,19891,-1,-1,-1,120,122,-1,-1,130,130,-1,-1,0,50,50,50,50,50,500,100,100,0,0,0,0,0,0,0,0,0,0,0,0,10,0,0,0,0,2,0,0,0,0,0,0,8,0,0,253,255,0,255,0,255,0,0,0,0,0,0,0,0,0,0,0,2,1,0,0,0,0,0,0,0,9,0,0,-1,-1,2100,2010,-1,-1,-1,-1,-1,-1,-1,-1,-1,-1,-1,-1,-1,-1,-1,-1,-1,-1,-1,-1,-1,-1,-1,-1,-1,-1,-1,-1,0,0,0,0,0,0,0,0,0,0,0,0,-1,-1,-1,-1,-1,-1,-1,-1,-1,-1,-1,-1,-1,-1,-1,-1,-1,-1,-1,-1,-1,-1,-1,-1,0,0,0,0,0,0,0,0,0,0,0,0,0,0,0,0,0,0,0,0,0,0,0,0,255,139,139,50,0,0,0,0,0,0,0,50,50,100,100,0,0,50,-1,-1,100,30,0,1,1,-1,0,0,40,0,[0|0|0],1000000,0,120,[0|0|0|0|0|0|0|0|0|0]
1010201,Euporia - Attack,0.35,0.1,0,0,0.35,0.04,6903,19891,-1,1665,1667,100,110,-1,-1,110,122,-1,-1,0,103,103,103,103,120,500,100,100,0,0,0,0,0,0,0,0,0,0,0,0,10,0,0,0,0,2,0,0,0,0,0,0,1,0,0,253,255,0,255,0,255,0,0,0,0,0,0,0,0,0,0,0,1,1,0,0,0,0,0,0,0,0,0,0,-1,-1,2100,2010,-1,-1,-1,-1,-1,-1,-1,-1,-1,-1,-1,-1,-1,-1,-1,-1,-1,-1,-1,-1,-1,-1,-1,-1,-1,-1,-1,-1,0,0,0,0,0,0,0,0,0,0,0,0,-1,-1,-1,-1,-1,-1,-1,-1,-1,-1,-1,-1,-1,-1,-1,-1,-1,-1,-1,-1,-1,-1,-1,-1,0,0,0,0,0,0,0,0,0,0,0,0,0,0,0,0,0,0,0,0,0,0,0,0,255,139,139,103,0,0,0,0,0,0,0,100,100,100,100,0,0,100,-1,-1,100,100,0,1,1,-1,0,0,70,0,[0|0|0],1000000,0,120,[0|0|0|0|0|0|0|0|0|0]
1010210,Euporia - Attack,0.35,0.05,0,0,0.5,0.04,6903,19891,-1,-1,-1,120,122,-1,-1,130,130,-1,-1,0,50,50,50,50,50,500,100,100,0,0,0,0,0,0,0,0,0,0,0,0,10,0,0,0,0,2,0,0,0,0,0,0,8,0,0,253,255,0,255,0,255,0,0,0,0,0,0,0,0,0,0,0,4,1,0,0,0,0,0,0,0,9,0,0,-1,-1,2100,2010,-1,-1,-1,-1,-1,-1,-1,-1,-1,-1,-1,-1,-1,-1,-1,-1,-1,-1,-1,-1,-1,-1,-1,-1,-1,-1,-1,-1,0,0,0,0,0,0,0,0,0,0,0,0,-1,-1,-1,-1,-1,-1,-1,-1,-1,-1,-1,-1,-1,-1,-1,-1,-1,-1,-1,-1,-1,-1,-1,-1,0,0,0,0,0,0,0,0,0,0,0,0,0,0,0,0,0,0,0,0,0,0,0,0,255,139,139,50,0,0,0,0,0,0,0,50,50,100,100,0,0,50,-1,-1,100,30,0,1,1,-1,0,0,40,0,[0|0|0],1000010,0,120,[0|0|0|0|0|0|0|0|0|0]
1010211,Euporia - Attack,0.35,0.1,0,0,0.5,0.04,6903,19891,-1,1665,1667,100,110,-1,-1,110,122,-1,-1,0,104,104,104,104,120,500,100,100,0,0,0,0,0,0,0,0,0,0,0,0,10,0,0,0,0,2,0,0,0,0,0,0,1,0,0,253,255,0,255,0,255,0,0,0,0,0,0,0,0,0,0,0,4,1,0,0,0,0,0,0,0,0,0,0,-1,-1,2100,2010,-1,-1,-1,-1,-1,-1,-1,-1,-1,-1,-1,-1,-1,-1,-1,-1,-1,-1,-1,-1,-1,-1,-1,-1,-1,-1,-1,-1,0,0,0,0,0,0,0,0,0,0,0,0,-1,-1,-1,-1,-1,-1,-1,-1,-1,-1,-1,-1,-1,-1,-1,-1,-1,-1,-1,-1,-1,-1,-1,-1,0,0,0,0,0,0,0,0,0,0,0,0,0,0,0,0,0,0,0,0,0,0,0,0,255,139,139,104,0,0,0,0,0,0,0,100,100,100,100,0,0,100,-1,-1,100,100,0,1,1,-1,0,0,70,0,[0|0|0],1000010,0,120,[0|0|0|0|0|0|0|0|0|0]
1010220,Euporia - Attack,0.35,0.1,0,0,0.4,0.08,6903,19891,-1,1665,1667,100,110,-1,-1,110,122,-1,-1,0,115,115,115,115,150,500,100,100,0,0,0,0,0,0,0,0,0,0,0,0,10,0,0,0,0,2,0,0,0,0,0,0,1,0,0,253,255,0,255,0,255,0,0,0,0,0,0,0,0,0,0,0,0,1,0,0,0,0,0,0,0,0,0,0,-1,-1,2100,2010,-1,-1,-1,-1,-1,-1,-1,-1,-1,-1,-1,-1,-1,-1,-1,-1,-1,-1,-1,-1,-1,-1,-1,-1,-1,-1,-1,-1,0,0,0,0,0,0,0,0,0,0,0,0,-1,-1,-1,-1,-1,-1,-1,-1,-1,-1,-1,-1,-1,-1,-1,-1,-1,-1,-1,-1,-1,-1,-1,-1,0,0,0,0,0,0,0,0,0,0,0,0,0,0,0,0,0,0,0,0,0,0,0,0,255,139,139,115,0,0,0,0,0,0,0,100,100,100,100,0,0,100,-1,-1,100,105,0,1,1,-1,0,0,130,0,[0|0|0],1000010,0,120,[0|0|0|0|0|0|0|0|0|0]
1010230,Euporia - Attack,0.35,0.1,0,0,0.4,0.03,6903,19891,-1,-1,-1,100,110,-1,-1,110,122,-1,-1,0,50,50,50,50,50,500,100,100,0,0,0,0,0,0,0,0,0,0,0,0,10,0,0,0,0,2,0,0,0,0,0,0,8,0,0,253,255,0,255,0,255,0,0,0,0,0,0,0,0,0,0,0,3,1,0,0,0,0,0,0,0,9,0,0,-1,-1,2100,2010,-1,-1,-1,-1,-1,-1,-1,-1,-1,-1,-1,-1,-1,-1,-1,-1,-1,-1,-1,-1,-1,-1,-1,-1,-1,-1,-1,-1,0,0,0,0,0,0,0,0,0,0,0,0,-1,-1,-1,-1,-1,-1,-1,-1,-1,-1,-1,-1,-1,-1,-1,-1,-1,-1,-1,-1,-1,-1,-1,-1,0,0,0,0,0,0,0,0,0,0,0,0,0,0,0,0,0,0,0,0,0,0,0,0,255,139,139,50,0,0,0,0,0,0,0,50,50,100,100,0,0,50,-1,-1,100,30,0,1,1,-1,0,0,40,0,[0|0|0],1000010,0,120,[0|0|0|0|0|0|0|0|0|0]
1010231,Euporia - Attack,0,0,0,0,0.4,0.03,6903,19891,-1,-1,-1,-1,-1,-1,-1,-1,-1,-1,-1,0,50,50,50,50,100,500,100,100,0,0,0,0,0,0,0,0,0,0,0,0,10,0,0,0,0,2,0,0,0,0,0,0,8,0,0,253,255,0,255,0,255,0,0,0,0,0,0,0,0,0,0,0,2,1,0,0,0,0,0,0,0,0,0,0,-1,-1,2100,2010,-1,-1,-1,-1,-1,-1,-1,-1,-1,-1,-1,-1,-1,-1,-1,-1,-1,-1,-1,-1,-1,-1,-1,-1,-1,-1,-1,-1,0,0,0,0,0,0,0,0,0,0,0,0,-1,-1,-1,-1,-1,-1,-1,-1,-1,-1,-1,-1,-1,-1,-1,-1,-1,-1,-1,-1,-1,-1,-1,-1,0,0,0,0,0,0,0,0,0,0,0,0,0,0,0,0,0,0,0,0,0,0,0,0,255,139,139,50,0,0,0,0,0,0,0,50,50,100,100,0,0,50,-1,-1,100,50,0,1,1,-1,0,0,20,0,[0|0|0],100,0,120,[0|0|0|0|0|0|0|0|0|0]
1010232,Euporia - Attack,0.35,0.1,0,0,0.4,0.03,6903,19891,-1,1665,1667,100,110,-1,-1,110,122,-1,-1,0,106,106,106,106,120,500,100,100,0,0,0,0,0,0,0,0,0,0,0,0,10,0,0,0,0,2,0,0,0,0,0,0,1,0,0,253,255,0,255,0,255,0,0,0,0,0,0,0,0,0,0,0,3,1,0,0,0,0,0,0,0,0,0,0,-1,-1,2100,2010,-1,-1,-1,-1,-1,-1,-1,-1,-1,-1,-1,-1,-1,-1,-1,-1,-1,-1,-1,-1,-1,-1,-1,-1,-1,-1,-1,-1,0,0,0,0,0,0,0,0,0,0,0,0,-1,-1,-1,-1,-1,-1,-1,-1,-1,-1,-1,-1,-1,-1,-1,-1,-1,-1,-1,-1,-1,-1,-1,-1,0,0,0,0,0,0,0,0,0,0,0,0,0,0,0,0,0,0,0,0,0,0,0,0,255,139,139,106,0,0,0,0,0,0,0,100,100,100,100,0,0,100,-1,-1,100,105,0,1,1,-1,0,0,70,0,[0|0|0],1000010,0,120,[0|0|0|0|0|0|0|0|0|0]
1010240,Euporia - Attack,0.35,0.1,0,0,0.45,0.03,6903,19891,-1,-1,-1,100,110,-1,-1,110,122,-1,-1,0,50,50,50,50,50,500,100,100,104,0,0,0,0,0,0,0,0,0,0,0,10,0,0,0,0,2,0,0,0,0,0,0,8,0,0,253,255,0,255,0,255,0,0,0,0,0,0,0,0,0,0,0,4,1,0,0,0,0,0,0,0,9,0,0,-1,-1,2100,2010,-1,-1,-1,-1,-1,-1,-1,-1,-1,-1,-1,-1,-1,-1,-1,-1,-1,-1,-1,-1,-1,-1,-1,-1,-1,-1,-1,-1,0,0,0,0,0,0,0,0,0,0,0,0,-1,-1,-1,-1,-1,-1,-1,-1,-1,-1,-1,-1,-1,-1,-1,-1,-1,-1,-1,-1,-1,-1,-1,-1,0,0,0,0,0,0,0,0,0,0,0,0,0,0,0,0,0,0,0,0,0,0,0,0,255,139,139,50,0,0,0,0,0,0,0,50,50,100,100,0,0,50,-1,-1,100,30,0,1,1,-1,0,0,40,0,[0|0|0],1000010,0,120,[0|0|0|0|0|0|0|0|0|0]
1010241,Euporia - Attack,0.4,0.05,0,0,0.4,0.03,6903,19892,-1,-1,-1,120,122,-1,-1,130,130,-1,-1,0,50,50,50,50,50,500,100,100,104,0,0,0,0,0,0,0,0,0,0,0,10,0,0,0,0,2,0,0,0,0,0,0,8,0,0,253,255,0,255,0,255,0,0,0,0,0,0,0,0,0,0,0,4,1,0,0,0,0,0,0,0,9,0,0,-1,-1,2100,2010,-1,-1,-1,-1,-1,-1,-1,-1,-1,-1,-1,-1,-1,-1,-1,-1,-1,-1,-1,-1,-1,-1,-1,-1,-1,-1,-1,-1,0,0,0,0,0,0,0,0,0,0,0,0,-1,-1,-1,-1,-1,-1,-1,-1,-1,-1,-1,-1,-1,-1,-1,-1,-1,-1,-1,-1,-1,-1,-1,-1,0,0,0,0,0,0,0,0,0,0,0,0,0,0,0,0,0,0,0,0,0,0,0,0,255,139,139,50,0,0,0,0,0,0,0,50,50,100,100,0,0,50,-1,-1,100,30,0,1,1,-1,0,0,40,0,[0|0|0],1000010,0,120,[0|0|0|0|0|0|0|0|0|0]
1010242,Euporia - Attack,0.35,0.1,0,0,1.3,0.03,6903,19892,-1,1665,1667,100,110,-1,-1,110,122,-1,-1,0,100,100,100,100,120,500,100,100,104,0,0,0,0,0,0,0,0,0,0,0,10,0,0,0,0,2,0,0,0,0,0,0,2,0,0,253,255,0,255,0,255,0,0,0,0,0,0,0,0,0,0,0,1,1,0,0,0,0,0,0,0,0,0,0,-1,-1,2100,2010,-1,-1,-1,-1,-1,-1,-1,-1,-1,-1,-1,-1,-1,-1,-1,-1,-1,-1,-1,-1,-1,-1,-1,-1,-1,-1,-1,-1,0,0,0,0,0,0,0,0,0,0,0,0,-1,-1,-1,-1,-1,-1,-1,-1,-1,-1,-1,-1,-1,-1,-1,-1,-1,-1,-1,-1,-1,-1,-1,-1,0,0,0,0,0,0,0,0,0,0,0,0,0,0,0,0,0,0,0,0,0,0,0,0,255,139,139,100,0,0,0,0,0,0,0,100,100,100,100,0,0,100,-1,-1,100,115,0,1,1,-1,0,0,140,0,[0|0|0],1000010,0,120,[0|0|0|0|0|0|0|0|0|0]
1010300,Euporia - Attack,0,0,0,0,0.4,0.03,6904,19891,-1,-1,-1,-1,-1,-1,-1,-1,-1,-1,-1,0,50,50,50,50,50,500,100,100,0,0,0,0,0,0,0,0,0,0,0,0,10,0,0,0,0,2,0,0,0,0,0,0,1,0,0,253,255,0,255,0,255,0,0,0,0,0,0,0,0,0,0,0,2,1,0,0,0,0,0,0,0,0,0,0,-1,-1,2100,2010,-1,-1,-1,-1,-1,-1,-1,-1,-1,-1,-1,-1,-1,-1,-1,-1,-1,-1,-1,-1,-1,-1,-1,-1,-1,-1,-1,-1,0,0,0,0,0,0,0,0,0,0,0,0,-1,-1,-1,-1,-1,-1,-1,-1,-1,-1,-1,-1,-1,-1,-1,-1,-1,-1,-1,-1,-1,-1,-1,-1,0,0,0,0,0,0,0,0,0,0,0,0,0,0,0,0,0,0,0,0,0,0,0,0,255,139,139,50,0,0,0,0,0,0,0,50,50,100,100,0,0,50,-1,-1,100,50,0,1,1,-1,0,0,60,0,[0|0|0],100,0,120,[0|0|0|0|0|0|0|0|0|0]
1010301,Euporia - Attack,0.5,0.22,0,0,0.8,0.03,6903,19891,-1,-1,-1,120,122,-1,-1,130,130,-1,-1,0,50,50,50,50,50,500,100,100,0,0,0,0,0,0,0,0,0,0,0,0,10,0,0,0,0,2,0,0,0,0,0,0,8,0,0,253,255,0,255,0,255,0,0,0,0,0,0,0,0,0,0,0,4,1,0,0,0,0,0,0,0,9,0,0,-1,-1,2100,2010,-1,-1,-1,-1,-1,-1,-1,-1,-1,-1,-1,-1,-1,-1,-1,-1,-1,-1,-1,-1,-1,-1,-1,-1,-1,-1,-1,-1,0,0,0,0,0,0,0,0,0,0,0,0,-1,-1,-1,-1,-1,-1,-1,-1,-1,-1,-1,-1,-1,-1,-1,-1,-1,-1,-1,-1,-1,-1,-1,-1,0,0,0,0,0,0,0,0,0,0,0,0,0,0,0,0,0,0,0,0,0,0,0,0,255,139,139,50,0,0,0,0,0,0,0,50,50,100,100,0,0,50,-1,-1,100,30,0,1,1,-1,0,0,60,0,[0|0|0],1000100,0,120,[0|0|0|0|0|0|0|0|0|0]
1010302,Euporia - Attack,0.35,0.22,0,0,0.5,0.03,6903,19892,-1,1665,1667,100,110,-1,-1,110,122,-1,-1,0,130,130,130,130,170,500,100,100,0,0,0,0,0,0,0,0,0,0,0,0,10,0,0,0,0,2,0,0,0,0,0,0,2,0,0,253,255,0,255,0,255,0,0,0,0,0,0,0,0,0,0,0,4,1,0,0,0,0,0,0,0,0,0,0,-1,-1,2100,2010,-1,-1,-1,-1,-1,-1,-1,-1,-1,-1,-1,-1,-1,-1,-1,-1,-1,-1,-1,-1,-1,-1,-1,-1,-1,-1,-1,-1,0,0,0,0,0,0,0,0,0,0,0,0,-1,-1,-1,-1,-1,-1,-1,-1,-1,-1,-1,-1,-1,-1,-1,-1,-1,-1,-1,-1,-1,-1,-1,-1,0,0,0,0,0,0,0,0,0,0,0,0,0,0,0,0,0,0,0,0,0,0,0,0,255,139,139,130,0,0,0,0,0,0,0,100,100,100,100,0,0,100,-1,-1,100,130,0,1,1,-1,0,0,160,0,[0|0|0],1000100,0,120,[0|0|0|0|0|0|0|0|0|0]
1010305,Euporia - Attack,0.5,0.22,0,0,0.6,0.03,6904,19891,-1,-1,-1,120,122,-1,-1,130,130,-1,-1,0,50,50,50,50,50,500,100,100,100,0,0,0,0,0,0,0,0,0,0,0,10,0,0,0,0,2,0,0,0,0,0,0,2,0,0,253,255,0,255,0,255,0,0,0,0,0,0,0,0,0,0,0,2,1,0,0,0,0,0,0,0,9,0,0,-1,-1,2100,2010,-1,-1,-1,-1,-1,-1,-1,-1,-1,-1,-1,-1,-1,-1,-1,-1,-1,-1,-1,-1,-1,-1,-1,-1,-1,-1,-1,-1,0,0,0,0,0,0,0,0,0,0,0,0,-1,-1,-1,-1,-1,-1,-1,-1,-1,-1,-1,-1,-1,-1,-1,-1,-1,-1,-1,-1,-1,-1,-1,-1,0,0,0,0,0,0,0,0,0,0,0,0,0,0,0,0,0,0,0,0,0,0,0,0,255,139,139,50,0,0,0,0,0,0,0,50,50,100,100,0,0,50,-1,-1,100,30,0,1,1,-1,0,0,60,0,[0|0|0],1000105,0,120,[0|0|0|0|0|0|0|0|0|0]
1010306,Euporia - Attack,0.5,0.22,0.5,0,0.6,0.03,6904,19891,-1,-1,-1,100,110,80,-1,110,122,-1,-1,0,50,50,50,50,50,500,100,100,100,0,0,0,0,0,0,0,0,0,0,0,10,0,0,0,0,2,0,0,0,0,0,0,8,0,0,253,255,0,255,0,255,0,0,0,0,0,0,0,0,0,0,0,4,1,0,0,0,0,0,0,0,9,0,0,-1,-1,2100,2010,-1,-1,-1,-1,-1,-1,-1,-1,-1,-1,-1,-1,-1,-1,-1,-1,-1,-1,-1,-1,-1,-1,-1,-1,-1,-1,-1,-1,0,0,0,0,0,0,0,0,0,0,0,0,-1,-1,-1,-1,-1,-1,-1,-1,-1,-1,-1,-1,-1,-1,-1,-1,-1,-1,-1,-1,-1,-1,-1,-1,0,0,0,0,0,0,0,0,0,0,0,0,0,0,0,0,0,0,0,0,0,0,0,0,255,139,139,50,0,0,0,0,0,0,0,50,50,100,100,0,0,50,-1,-1,100,30,0,1,1,-1,0,0,60,0,[0|0|0],1000105,0,120,[0|0|0|0|0|0|0|0|0|0]
1010307,Euporia - Attack,0.5,0.22,0,0,0.6,0.03,6904,19892,-1,-1,-1,120,122,-1,-1,130,130,-1,-1,0,50,50,50,50,50,500,100,100,100,0,0,0,0,0,0,0,0,0,0,0,10,0,0,0,0,2,0,0,0,0,0,0,8,0,0,253,255,0,255,0,255,0,0,0,0,0,0,0,0,0,0,0,4,1,0,0,0,0,0,0,0,9,0,0,-1,-1,2100,2010,-1,-1,-1,-1,-1,-1,-1,-1,-1,-1,-1,-1,-1,-1,-1,-1,-1,-1,-1,-1,-1,-1,-1,-1,-1,-1,-1,-1,0,0,0,0,0,0,0,0,0,0,0,0,-1,-1,-1,-1,-1,-1,-1,-1,-1,-1,-1,-1,-1,-1,-1,-1,-1,-1,-1,-1,-1,-1,-1,-1,0,0,0,0,0,0,0,0,0,0,0,0,0,0,0,0,0,0,0,0,0,0,0,0,255,139,139,50,0,0,0,0,0,0,0,50,50,100,100,0,0,50,-1,-1,100,30,0,1,1,-1,0,0,60,0,[0|0|0],1000105,0,120,[0|0|0|0|0|0|0|0|0|0]
1010308,Euporia - Attack,0.35,0.22,0,0,0.55,0.03,6904,19892,-1,1665,1667,100,110,-1,-1,110,122,-1,-1,0,165,165,165,165,240,500,100,100,100,0,0,0,0,0,0,0,0,0,0,0,10,0,0,0,0,2,0,0,0,0,0,0,2,0,0,253,255,0,255,0,255,0,0,0,0,0,0,0,0,0,0,0,4,1,0,0,0,0,0,0,0,0,0,0,-1,-1,2100,2010,-1,-1,-1,-1,-1,-1,-1,-1,-1,-1,-1,-1,-1,-1,-1,-1,-1,-1,-1,-1,-1,-1,-1,-1,-1,-1,-1,-1,0,0,0,0,0,0,0,0,0,0,0,0,-1,-1,-1,-1,-1,-1,-1,-1,-1,-1,-1,-1,-1,-1,-1,-1,-1,-1,-1,-1,-1,-1,-1,-1,0,0,0,0,0,0,0,0,0,0,0,0,0,0,0,0,0,0,0,0,0,0,0,0,255,139,139,165,0,0,0,0,0,0,0,100,100,100,100,0,0,100,-1,-1,100,150,0,1,1,-1,0,0,480,0,[0|0|0],1000105,0,120,[0|0|0|0|0|0|0|0|0|0]
1010310,Euporia - Attack,0.4,0.22,0,0,0,0.03,6903,19891,-1,-1,-1,100,110,-1,-1,110,122,-1,-1,0,50,50,50,50,50,500,100,100,0,0,0,0,0,0,0,0,0,0,0,0,10,0,0,0,0,2,0,0,0,0,0,0,8,0,0,253,255,0,255,0,255,0,0,0,0,0,0,0,0,0,0,0,2,1,0,0,0,0,0,0,0,9,0,0,-1,-1,2100,2010,-1,-1,-1,-1,-1,-1,-1,-1,-1,-1,-1,-1,-1,-1,-1,-1,-1,-1,-1,-1,-1,-1,-1,-1,-1,-1,-1,-1,0,0,0,0,0,0,0,0,0,0,0,0,-1,-1,-1,-1,-1,-1,-1,-1,-1,-1,-1,-1,-1,-1,-1,-1,-1,-1,-1,-1,-1,-1,-1,-1,0,0,0,0,0,0,0,0,0,0,0,0,0,0,0,0,0,0,0,0,0,0,0,0,255,139,139,50,0,0,0,0,0,0,0,50,50,100,100,0,0,50,-1,-1,100,30,0,1,1,-1,0,0,30,0,[0|0|0],1000100,0,120,[0|0|0|0|0|0|0|0|0|0]
1010311,Euporia - Attack,0.4,0.22,0,0,0.4,0.03,6903,19891,-1,-1,-1,120,122,-1,-1,130,130,-1,-1,0,50,50,50,50,50,500,100,100,0,0,0,0,0,0,0,0,0,0,0,0,10,0,0,0,0,2,0,0,0,0,0,0,8,0,0,253,255,0,255,0,255,0,0,0,0,0,0,0,0,0,0,0,3,1,0,0,0,0,0,0,0,9,0,0,-1,-1,2100,2010,-1,-1,-1,-1,-1,-1,-1,-1,-1,-1,-1,-1,-1,-1,-1,-1,-1,-1,-1,-1,-1,-1,-1,-1,-1,-1,-1,-1,0,0,0,0,0,0,0,0,0,0,0,0,-1,-1,-1,-1,-1,-1,-1,-1,-1,-1,-1,-1,-1,-1,-1,-1,-1,-1,-1,-1,-1,-1,-1,-1,0,0,0,0,0,0,0,0,0,0,0,0,0,0,0,0,0,0,0,0,0,0,0,0,255,139,139,50,0,0,0,0,0,0,0,50,50,100,100,0,0,50,-1,-1,100,30,0,1,1,-1,0,0,30,0,[0|0|0],1000100,0,120,[0|0|0|0|0|0|0|0|0|0]
1010312,Euporia - Attack,0.35,0.22,0,0,1.2,0.03,6903,19892,-1,1665,1667,100,110,-1,-1,110,122,-1,-1,0,130,130,130,130,170,500,100,100,0,0,0,0,0,0,0,0,0,0,0,0,10,0,0,0,0,2,0,0,0,0,0,0,2,0,0,253,255,0,255,0,255,0,0,0,0,0,0,0,0,0,0,0,3,1,0,0,0,0,0,0,0,0,0,0,-1,-1,2100,2010,-1,-1,-1,-1,-1,-1,-1,-1,-1,-1,-1,-1,-1,-1,-1,-1,-1,-1,-1,-1,-1,-1,-1,-1,-1,-1,-1,-1,0,0,0,0,0,0,0,0,0,0,0,0,-1,-1,-1,-1,-1,-1,-1,-1,-1,-1,-1,-1,-1,-1,-1,-1,-1,-1,-1,-1,-1,-1,-1,-1,0,0,0,0,0,0,0,0,0,0,0,0,0,0,0,0,0,0,0,0,0,0,0,0,255,139,139,130,0,0,0,0,0,0,0,100,100,100,100,0,0,100,-1,-1,100,130,0,1,1,-1,0,0,160,0,[0|0|0],1000100,0,120,[0|0|0|0|0|0|0|0|0|0]
1010315,Euporia - Attack,0.4,0.22,0,0,0.6,0.03,6904,19891,-1,-1,-1,120,122,-1,-1,130,130,-1,-1,0,50,50,50,50,50,500,100,100,100,0,0,0,0,0,0,0,0,0,0,0,10,0,0,0,0,2,0,0,0,0,0,0,2,0,0,253,255,0,255,0,255,0,0,0,0,0,0,0,0,0,0,0,2,1,0,0,0,0,0,0,0,9,0,0,-1,-1,2100,2010,-1,-1,-1,-1,-1,-1,-1,-1,-1,-1,-1,-1,-1,-1,-1,-1,-1,-1,-1,-1,-1,-1,-1,-1,-1,-1,-1,-1,0,0,0,0,0,0,0,0,0,0,0,0,-1,-1,-1,-1,-1,-1,-1,-1,-1,-1,-1,-1,-1,-1,-1,-1,-1,-1,-1,-1,-1,-1,-1,-1,0,0,0,0,0,0,0,0,0,0,0,0,0,0,0,0,0,0,0,0,0,0,0,0,255,139,139,50,0,0,0,0,0,0,0,50,50,100,100,0,0,50,-1,-1,100,30,0,1,1,-1,0,0,60,0,[0|0|0],1000105,0,120,[0|0|0|0|0|0|0|0|0|0]
1010316,Euporia - Attack,0.5,0.22,0,0,0.6,0.03,6904,19891,-1,-1,-1,100,110,-1,-1,110,122,-1,-1,0,50,50,50,50,50,500,100,100,100,0,0,0,0,0,0,0,0,0,0,0,10,0,0,0,0,2,0,0,0,0,0,0,8,0,0,253,255,0,255,0,255,0,0,0,0,0,0,0,0,0,0,0,3,1,0,0,0,0,0,0,0,9,0,0,-1,-1,2100,2010,-1,-1,-1,-1,-1,-1,-1,-1,-1,-1,-1,-1,-1,-1,-1,-1,-1,-1,-1,-1,-1,-1,-1,-1,-1,-1,-1,-1,0,0,0,0,0,0,0,0,0,0,0,0,-1,-1,-1,-1,-1,-1,-1,-1,-1,-1,-1,-1,-1,-1,-1,-1,-1,-1,-1,-1,-1,-1,-1,-1,0,0,0,0,0,0,0,0,0,0,0,0,0,0,0,0,0,0,0,0,0,0,0,0,255,139,139,50,0,0,0,0,0,0,0,50,50,100,100,0,0,50,-1,-1,100,30,0,1,1,-1,0,0,60,0,[0|0|0],1000105,0,120,[0|0|0|0|0|0|0|0|0|0]
1010317,Euporia - Attack,0.4,0.22,0,0,0.6,0.03,6904,19892,-1,-1,-1,120,122,-1,-1,130,130,-1,-1,0,50,50,50,50,50,500,100,100,100,0,0,0,0,0,0,0,0,0,0,0,10,0,0,0,0,2,0,0,0,0,0,0,8,0,0,253,255,0,255,0,255,0,0,0,0,0,0,0,0,0,0,0,3,1,0,0,0,0,0,0,0,9,0,0,-1,-1,2100,2010,-1,-1,-1,-1,-1,-1,-1,-1,-1,-1,-1,-1,-1,-1,-1,-1,-1,-1,-1,-1,-1,-1,-1,-1,-1,-1,-1,-1,0,0,0,0,0,0,0,0,0,0,0,0,-1,-1,-1,-1,-1,-1,-1,-1,-1,-1,-1,-1,-1,-1,-1,-1,-1,-1,-1,-1,-1,-1,-1,-1,0,0,0,0,0,0,0,0,0,0,0,0,0,0,0,0,0,0,0,0,0,0,0,0,255,139,139,50,0,0,0,0,0,0,0,50,50,100,100,0,0,50,-1,-1,100,30,0,1,1,-1,0,0,60,0,[0|0|0],1000105,0,120,[0|0|0|0|0|0|0|0|0|0]
1010318,Euporia - Attack,0.35,0.22,0,0,0.8,0.03,6904,19892,-1,1665,1667,100,110,-1,-1,110,122,-1,-1,0,165,165,165,165,240,500,100,100,100,0,0,0,0,0,0,0,0,0,0,0,10,0,0,0,0,2,0,0,0,0,0,0,2,0,0,253,255,0,255,0,255,0,0,0,0,0,0,0,0,0,0,0,3,1,0,0,0,0,0,0,0,0,0,0,-1,-1,2100,2010,-1,-1,-1,-1,-1,-1,-1,-1,-1,-1,-1,-1,-1,-1,-1,-1,-1,-1,-1,-1,-1,-1,-1,-1,-1,-1,-1,-1,0,0,0,0,0,0,0,0,0,0,0,0,-1,-1,-1,-1,-1,-1,-1,-1,-1,-1,-1,-1,-1,-1,-1,-1,-1,-1,-1,-1,-1,-1,-1,-1,0,0,0,0,0,0,0,0,0,0,0,0,0,0,0,0,0,0,0,0,0,0,0,0,255,139,139,165,0,0,0,0,0,0,0,100,100,100,100,0,0,100,-1,-1,100,150,0,1,1,-1,0,0,480,0,[0|0|0],1000105,0,120,[0|0|0|0|0|0|0|0|0|0]
1010320,Euporia - Attack,0.35,0.05,0,0,0.7,0.04,6903,19891,-1,-1,-1,100,110,-1,-1,110,122,-1,-1,0,50,50,50,50,50,500,100,100,0,0,0,0,0,0,0,0,0,0,0,0,10,0,0,0,0,2,0,0,0,0,0,0,1,0,0,253,255,0,255,0,255,0,0,0,0,0,0,0,0,0,0,0,4,1,0,0,0,0,0,0,0,9,0,0,-1,-1,2100,2010,-1,-1,-1,-1,-1,-1,-1,-1,-1,-1,-1,-1,-1,-1,-1,-1,-1,-1,-1,-1,-1,-1,-1,-1,-1,-1,-1,-1,0,0,0,0,0,0,0,0,0,0,0,0,-1,-1,-1,-1,-1,-1,-1,-1,-1,-1,-1,-1,-1,-1,-1,-1,-1,-1,-1,-1,-1,-1,-1,-1,0,0,0,0,0,0,0,0,0,0,0,0,0,0,0,0,0,0,0,0,0,0,0,0,255,139,139,50,0,0,0,0,0,0,0,50,50,100,100,0,0,50,-1,-1,100,30,0,1,1,-1,0,0,40,0,[0|0|0],1000100,122,120,[0|0|0|0|0|0|0|0|0|0]
1010321,Euporia - Attack,0.35,0.1,0,0,0.9,0.04,6903,19891,-1,1665,1667,100,110,-1,-1,110,122,-1,-1,0,110,110,110,110,140,500,100,100,0,0,0,0,0,0,0,0,0,0,0,0,10,0,0,0,0,2,0,0,0,0,0,0,1,0,0,253,255,0,255,0,255,0,0,0,0,0,0,0,0,0,0,0,2,1,0,0,0,0,0,0,0,0,0,0,-1,-1,2100,2010,-1,-1,-1,-1,-1,-1,-1,-1,-1,-1,-1,-1,-1,-1,-1,-1,-1,-1,-1,-1,-1,-1,-1,-1,-1,-1,-1,-1,0,0,0,0,0,0,0,0,0,0,0,0,-1,-1,-1,-1,-1,-1,-1,-1,-1,-1,-1,-1,-1,-1,-1,-1,-1,-1,-1,-1,-1,-1,-1,-1,0,0,0,0,0,0,0,0,0,0,0,0,0,0,0,0,0,0,0,0,0,0,0,0,255,139,139,110,0,0,0,0,0,0,0,100,100,100,100,0,0,100,-1,-1,100,110,0,1,1,-1,0,0,70,0,[0|0|0],1000100,122,120,[0|0|0|0|0|0|0|0|0|0]
1010325,Euporia - Attack,0.35,0.1,0,0,1,0.04,6903,19891,-1,-1,-1,120,122,-1,-1,130,130,-1,-1,0,50,50,50,50,50,500,100,100,0,0,0,0,0,0,0,0,0,0,0,0,10,0,0,0,0,2,0,0,0,0,0,0,1,0,0,253,255,0,255,0,255,0,0,0,0,0,0,0,0,0,0,0,0,1,0,0,0,0,0,0,0,9,0,0,-1,-1,2100,2010,-1,-1,-1,-1,-1,-1,-1,-1,-1,-1,-1,-1,-1,-1,-1,-1,-1,-1,-1,-1,-1,-1,-1,-1,-1,-1,-1,-1,0,0,0,0,0,0,0,0,0,0,0,0,-1,-1,-1,-1,-1,-1,-1,-1,-1,-1,-1,-1,-1,-1,-1,-1,-1,-1,-1,-1,-1,-1,-1,-1,0,0,0,0,0,0,0,0,0,0,0,0,0,0,0,0,0,0,0,0,0,0,0,0,255,139,139,50,0,0,0,0,0,0,0,50,50,100,100,0,0,50,-1,-1,100,30,0,1,1,-1,0,0,55,0,[0|0|0],1000100,122,120,[0|0|0|0|0|0|0|0|0|0]
1010326,Euporia - Attack,0.35,0.1,0,0,0.6,0.04,6903,19892,-1,1665,1667,100,110,-1,-1,110,122,-1,-1,0,125,125,125,125,180,500,100,100,0,0,0,0,0,0,0,0,0,0,0,0,10,0,0,0,0,2,0,0,0,0,0,0,2,0,0,253,255,0,255,0,255,0,0,0,0,0,0,0,0,0,0,0,4,1,0,0,0,0,0,0,0,0,0,0,-1,-1,2100,2010,-1,-1,-1,-1,-1,-1,-1,-1,-1,-1,-1,-1,-1,-1,-1,-1,-1,-1,-1,-1,-1,-1,-1,-1,-1,-1,-1,-1,0,0,0,0,0,0,0,0,0,0,0,0,-1,-1,-1,-1,-1,-1,-1,-1,-1,-1,-1,-1,-1,-1,-1,-1,-1,-1,-1,-1,-1,-1,-1,-1,0,0,0,0,0,0,0,0,0,0,0,0,0,0,0,0,0,0,0,0,0,0,0,0,255,139,139,125,0,0,0,0,0,0,0,100,100,100,100,0,0,100,-1,-1,100,130,0,1,1,-1,0,0,165,0,[0|0|0],1000100,122,120,[0|0|0|0|0|0|0|0|0|0]
1010330,Euporia - Attack,0.35,0.05,0,0,0.2,0.04,6903,19891,-1,-1,-1,120,122,-1,-1,130,130,-1,-1,0,50,50,50,50,50,500,100,100,0,0,0,0,0,0,0,0,0,0,0,0,10,0,0,0,0,2,0,0,0,0,0,0,1,0,0,253,255,0,255,0,255,0,0,0,0,0,0,0,0,0,0,0,0,1,0,0,0,0,0,0,0,9,0,0,-1,-1,2100,2010,-1,-1,-1,-1,-1,-1,-1,-1,-1,-1,-1,-1,-1,-1,-1,-1,-1,-1,-1,-1,-1,-1,-1,-1,-1,-1,-1,-1,0,0,0,0,0,0,0,0,0,0,0,0,-1,-1,-1,-1,-1,-1,-1,-1,-1,-1,-1,-1,-1,-1,-1,-1,-1,-1,-1,-1,-1,-1,-1,-1,0,0,0,0,0,0,0,0,0,0,0,0,0,0,0,0,0,0,0,0,0,0,0,0,255,139,139,50,0,0,0,0,0,0,0,50,50,100,100,0,0,50,-1,-1,100,30,0,1,1,-1,0,0,40,0,[0|0|0],1000100,121,120,[0|0|0|0|0|0|0|0|0|0]
1010331,Euporia - Attack,0.35,0.1,0,0,0.4,0.04,6903,19891,-1,1665,1667,100,110,-1,-1,110,122,-1,-1,0,95,95,95,95,130,500,100,100,0,0,0,0,0,0,0,0,0,0,0,0,10,0,0,0,0,2,0,0,0,0,0,0,1,0,0,253,255,0,255,0,255,0,0,0,0,0,0,0,0,0,0,0,2,1,0,0,0,0,0,0,0,0,0,0,-1,-1,2100,2010,-1,-1,-1,-1,-1,-1,-1,-1,-1,-1,-1,-1,-1,-1,-1,-1,-1,-1,-1,-1,-1,-1,-1,-1,-1,-1,-1,-1,0,0,0,0,0,0,0,0,0,0,0,0,-1,-1,-1,-1,-1,-1,-1,-1,-1,-1,-1,-1,-1,-1,-1,-1,-1,-1,-1,-1,-1,-1,-1,-1,0,0,0,0,0,0,0,0,0,0,0,0,0,0,0,0,0,0,0,0,0,0,0,0,255,139,139,95,0,0,0,0,0,0,0,100,100,100,100,0,0,100,-1,-1,100,90,0,1,1,-1,0,0,70,0,[0|0|0],1000100,121,120,[0|0|0|0|0|0|0|0|0|0]
1010340,Euporia - Attack,0.35,0.05,0,0,0.55,0.08,6903,19891,-1,1665,1667,120,122,-1,-1,130,130,-1,-1,0,105,105,105,105,200,500,100,100,0,0,0,0,0,0,0,0,0,0,0,0,10,0,0,0,0,2,0,0,0,0,0,0,1,0,0,252,255,2,255,0,255,0,0,0,0,0,0,0,0,0,0,0,0,1,0,0,0,0,0,0,0,0,0,0,-1,-1,2100,2010,-1,-1,-1,-1,-1,-1,-1,-1,-1,-1,-1,-1,-1,-1,-1,-1,-1,-1,-1,-1,-1,-1,-1,-1,-1,-1,-1,-1,0,0,0,0,0,0,0,0,0,0,0,0,-1,-1,-1,-1,-1,-1,-1,-1,-1,-1,-1,-1,-1,-1,-1,-1,-1,-1,-1,-1,-1,-1,-1,-1,0,0,0,0,0,0,0,0,0,0,0,0,0,0,0,0,0,0,0,0,0,0,0,0,255,139,139,105,0,0,0,0,0,0,0,100,100,100,100,0,0,100,-1,-1,100,90,0,1,1,-1,0,0,130,0,[0|0|0],1000000,121,120,[0|0|0|0|0|0|0|0|0|0]
1010350,Euporia - Attack,0.35,0.1,0,0,0.5,0.04,6903,19891,-1,-1,-1,120,122,-1,-1,130,130,-1,-1,0,50,50,50,50,50,9900,100,100,102,0,0,0,0,0,0,0,0,0,0,0,10,0,0,0,0,2,0,0,0,0,0,0,1,0,0,253,255,0,255,0,255,0,0,0,0,0,0,0,0,0,0,0,2,1,0,0,0,0,0,0,0,9,0,0,-1,-1,2100,2010,-1,-1,-1,-1,-1,-1,-1,-1,-1,-1,-1,-1,-1,-1,-1,-1,-1,-1,-1,-1,-1,-1,-1,-1,-1,-1,-1,-1,0,0,0,0,0,0,0,0,0,0,0,0,-1,-1,-1,-1,-1,-1,-1,-1,-1,-1,-1,-1,-1,-1,-1,-1,-1,-1,-1,-1,-1,-1,-1,-1,0,0,0,0,0,0,0,0,0,0,0,0,0,0,0,0,0,0,0,0,0,0,0,0,255,139,139,50,0,0,0,0,0,0,0,50,50,100,100,0,0,50,-1,-1,100,30,0,1,1,-1,0,0,65,0,[0|0|0],1000000,0,120,[0|0|0|0|0|0|0|0|0|0]
1010351,Euporia - Attack,0.35,0.1,0,0,0.6,0.04,6903,19891,-1,1665,1667,100,110,-1,-1,110,122,-1,-1,0,112,112,112,112,120,9900,100,100,102,0,0,0,0,0,0,0,0,0,0,0,10,0,0,0,0,2,0,0,0,0,0,0,1,0,0,253,255,0,255,0,255,0,0,0,0,0,0,0,0,0,0,0,3,1,0,0,0,0,0,0,0,0,0,0,-1,-1,2100,2010,-1,-1,-1,-1,-1,-1,-1,-1,-1,-1,-1,-1,-1,-1,-1,-1,-1,-1,-1,-1,-1,-1,-1,-1,-1,-1,-1,-1,0,0,0,0,0,0,0,0,0,0,0,0,-1,-1,-1,-1,-1,-1,-1,-1,-1,-1,-1,-1,-1,-1,-1,-1,-1,-1,-1,-1,-1,-1,-1,-1,0,0,0,0,0,0,0,0,0,0,0,0,0,0,0,0,0,0,0,0,0,0,0,0,255,139,139,112,0,0,0,0,0,0,0,100,100,100,100,0,0,100,-1,-1,100,130,0,1,1,-1,0,0,100,0,[0|0|0],1000000,0,120,[0|0|0|0|0|0|0|0|0|0]
1010355,Euporia - Attack,0.35,0.1,0,0,0.6,0.08,6903,19891,-1,1665,1667,100,110,-1,-1,110,122,-1,-1,0,112,112,112,112,120,9900,100,100,102,0,0,0,0,0,0,0,0,0,0,0,10,0,0,0,0,2,0,0,0,0,0,0,1,0,0,253,255,0,255,0,255,0,0,0,0,0,0,0,0,0,0,0,3,1,0,0,0,0,0,0,0,0,0,0,-1,-1,2100,2010,-1,-1,-1,-1,-1,-1,-1,-1,-1,-1,-1,-1,-1,-1,-1,-1,-1,-1,-1,-1,-1,-1,-1,-1,-1,-1,-1,-1,0,0,0,0,0,0,0,0,0,0,0,0,-1,-1,-1,-1,-1,-1,-1,-1,-1,-1,-1,-1,-1,-1,-1,-1,-1,-1,-1,-1,-1,-1,-1,-1,0,0,0,0,0,0,0,0,0,0,0,0,0,0,0,0,0,0,0,0,0,0,0,0,255,139,139,112,0,0,0,0,0,0,0,100,100,100,100,0,0,100,-1,-1,100,130,0,1,1,-1,0,0,100,0,[0|0|0],1000000,0,120,[0|0|0|0|0|0|0|0|0|0]
1010360,Euporia - Attack,0.35,0.05,0,0,1,0.08,6904,19891,-1,1665,1667,120,122,-1,-1,130,130,-1,-1,0,150,150,150,150,300,9900,100,100,102,0,0,0,0,0,0,0,0,0,0,0,10,0,0,0,0,2,0,0,0,0,0,0,2,0,0,252,255,2,255,0,255,0,0,0,0,0,0,0,0,0,0,0,1,1,0,0,0,0,0,0,0,0,0,0,-1,-1,2100,2010,-1,-1,-1,-1,-1,-1,-1,-1,-1,-1,-1,-1,-1,-1,-1,-1,-1,-1,-1,-1,-1,-1,-1,-1,-1,-1,-1,-1,0,0,0,0,0,0,0,0,0,0,0,0,-1,-1,-1,-1,-1,-1,-1,-1,-1,-1,-1,-1,-1,-1,-1,-1,-1,-1,-1,-1,-1,-1,-1,-1,0,0,0,0,0,0,0,0,0,0,0,0,0,0,0,0,0,0,0,0,0,0,0,0,255,139,139,150,0,0,0,0,0,0,0,100,100,100,100,0,0,100,-1,-1,100,200,0,1,1,-1,0,0,400,0,[0|0|0],1000105,0,120,[0|0|0|0|0|0|0|0|0|0]
1010365,Euporia - Attack,0.35,0.05,0,0,1,0.08,6904,19891,-1,1665,1667,120,122,-1,-1,130,130,-1,-1,0,150,150,150,150,300,9900,100,100,102,0,0,0,0,0,0,0,0,0,0,0,10,0,0,0,0,2,0,0,0,0,0,0,2,0,0,252,255,2,255,0,255,0,0,0,0,0,0,0,0,0,0,0,1,1,0,0,0,0,0,0,0,0,0,0,-1,-1,2100,2010,-1,-1,-1,-1,-1,-1,-1,-1,-1,-1,-1,-1,-1,-1,-1,-1,-1,-1,-1,-1,-1,-1,-1,-1,-1,-1,-1,-1,0,0,0,0,0,0,0,0,0,0,0,0,-1,-1,-1,-1,-1,-1,-1,-1,-1,-1,-1,-1,-1,-1,-1,-1,-1,-1,-1,-1,-1,-1,-1,-1,0,0,0,0,0,0,0,0,0,0,0,0,0,0,0,0,0,0,0,0,0,0,0,0,255,139,139,150,0,0,0,0,0,0,0,100,100,100,100,0,0,100,-1,-1,100,200,0,1,1,-1,0,0,400,0,[0|0|0],1000105,0,120,[0|0|0|0|0|0|0|0|0|0]
1010380,Euporia - Attack,0.4,0.2,0,0,0.8,0.04,-1,19891,-1,-1,-1,120,122,-1,-1,130,130,-1,-1,0,50,50,50,50,50,9900,100,60000,103,0,0,0,0,0,0,0,0,0,0,0,10,0,0,0,0,2,0,0,0,0,0,0,1,0,0,253,255,0,255,0,255,0,0,0,0,0,0,0,0,0,0,0,0,1,0,0,0,0,0,0,0,9,0,0,-1,-1,2100,2010,-1,-1,-1,-1,-1,-1,-1,-1,-1,-1,-1,-1,-1,-1,-1,-1,-1,-1,-1,-1,-1,-1,-1,-1,-1,-1,-1,-1,0,0,0,0,0,0,0,0,0,0,0,0,-1,-1,-1,-1,-1,-1,-1,-1,-1,-1,-1,-1,-1,-1,-1,-1,-1,-1,-1,-1,-1,-1,-1,-1,0,0,0,0,0,0,0,0,0,0,0,0,0,0,0,0,0,0,0,0,0,0,0,0,255,139,139,50,0,0,0,0,0,0,0,50,50,100,100,0,0,50,-1,-1,100,30,0,1,1,-1,0,0,110,0,[0|0|0],1000000,0,120,[0|0|0|0|0|0|0|0|0|0]
1010381,Euporia - Attack,0.4,0.2,0,0,1.1,0.04,-1,19892,-1,1665,1667,100,110,-1,-1,110,122,-1,-1,0,130,130,130,130,100,9900,100,60000,103,0,0,0,0,0,0,0,0,0,0,0,10,0,0,0,0,2,0,0,0,0,0,0,2,0,0,253,255,0,255,0,255,0,0,0,0,0,0,0,0,0,0,0,2,1,0,0,0,0,0,0,0,0,0,0,-1,-1,2100,2010,-1,-1,-1,-1,-1,-1,-1,-1,-1,-1,-1,-1,-1,-1,-1,-1,-1,-1,-1,-1,-1,-1,-1,-1,-1,-1,-1,-1,0,0,0,0,0,0,0,0,0,0,0,0,-1,-1,-1,-1,-1,-1,-1,-1,-1,-1,-1,-1,-1,-1,-1,-1,-1,-1,-1,-1,-1,-1,-1,-1,0,0,0,0,0,0,0,0,0,0,0,0,0,0,0,0,0,0,0,0,0,0,0,0,255,139,139,130,0,0,0,0,0,0,0,100,100,100,100,0,0,100,-1,-1,100,100,0,1,1,-1,0,0,550,0,[0|0|0],1000000,0,120,[0|0|0|0|0|0|0|0|0|0]
1010400,Euporia - Attack,0.35,0.1,0,0,0.9,0.08,6903,19892,-1,-1,1667,100,110,-1,-1,110,122,-1,-1,0,100,100,100,100,100,100,100,100,0,0,0,0,0,0,0,0,0,0,0,0,10,0,0,0,0,2,0,0,0,0,0,0,1,0,0,253,255,0,255,0,255,0,0,0,0,0,0,0,0,0,0,0,4,1,0,0,0,0,0,0,0,0,0,0,-1,-1,2100,2010,-1,-1,-1,-1,-1,-1,-1,-1,-1,-1,-1,-1,-1,-1,-1,-1,-1,-1,-1,-1,-1,-1,-1,-1,-1,-1,-1,-1,0,0,0,0,0,0,0,0,0,0,0,0,-1,-1,-1,-1,-1,-1,-1,-1,-1,-1,-1,-1,-1,-1,-1,-1,-1,-1,-1,-1,-1,-1,-1,-1,0,0,0,0,0,0,0,0,0,0,0,0,0,0,0,0,0,0,0,0,0,0,0,0,255,139,139,100,0,0,0,0,0,0,0,100,100,100,100,0,0,100,-1,-1,100,100,0,1,1,-1,0,0,100,0,[0|0|0],1000000,0,0,[0|0|0|0|0|0|0|0|0|0]
1010410,Euporia - Attack,0.35,0.05,0,0,0.9,0.08,6903,19892,-1,-1,1667,120,110,-1,-1,130,122,-1,-1,0,101,101,101,101,100,100,100,100,0,0,0,0,0,0,0,0,0,0,0,0,10,0,0,0,0,2,0,0,0,0,0,0,1,0,0,253,255,0,255,0,255,0,0,0,0,0,0,0,0,0,0,0,3,1,0,0,0,0,0,0,0,0,0,0,-1,-1,2100,2010,-1,-1,-1,-1,-1,-1,-1,-1,-1,-1,-1,-1,-1,-1,-1,-1,-1,-1,-1,-1,-1,-1,-1,-1,-1,-1,-1,-1,0,0,0,0,0,0,0,0,0,0,0,0,-1,-1,-1,-1,-1,-1,-1,-1,-1,-1,-1,-1,-1,-1,-1,-1,-1,-1,-1,-1,-1,-1,-1,-1,0,0,0,0,0,0,0,0,0,0,0,0,0,0,0,0,0,0,0,0,0,0,0,0,255,139,139,101,0,0,0,0,0,0,0,100,100,100,100,0,0,100,-1,-1,100,100,0,1,1,-1,0,0,100,0,[0|0|0],1000010,0,0,[0|0|0|0|0|0|0|0|0|0]
1010420,Euporia - Attack,0.35,0.1,0,0,0.9,0.08,6903,19892,-1,-1,1667,100,110,-1,-1,110,122,-1,-1,0,102,102,102,102,100,100,100,100,0,0,0,0,0,0,0,0,0,0,0,0,10,0,0,0,0,2,0,0,0,0,0,0,1,0,0,253,255,0,255,0,255,0,0,0,0,0,0,0,0,0,0,0,4,1,0,0,0,0,0,0,0,0,0,0,-1,-1,2100,2010,-1,-1,-1,-1,-1,-1,-1,-1,-1,-1,-1,-1,-1,-1,-1,-1,-1,-1,-1,-1,-1,-1,-1,-1,-1,-1,-1,-1,0,0,0,0,0,0,0,0,0,0,0,0,-1,-1,-1,-1,-1,-1,-1,-1,-1,-1,-1,-1,-1,-1,-1,-1,-1,-1,-1,-1,-1,-1,-1,-1,0,0,0,0,0,0,0,0,0,0,0,0,0,0,0,0,0,0,0,0,0,0,0,0,255,139,139,102,0,0,0,0,0,0,0,100,100,100,100,0,0,100,-1,-1,100,105,0,1,1,-1,0,0,100,0,[0|0|0],1000010,0,0,[0|0|0|0|0|0|0|0|0|0]
1010430,Euporia - Attack,0.35,0.1,0,0,1.1,0.08,6903,19892,-1,-1,1667,100,110,-1,-1,110,122,-1,-1,0,103,103,103,103,100,100,100,100,0,0,0,0,0,0,0,0,0,0,0,0,10,0,0,0,0,2,0,0,0,0,0,0,1,0,0,253,255,0,255,0,255,0,0,0,0,0,0,0,0,0,0,0,3,1,0,0,0,0,0,0,0,0,0,0,-1,-1,2100,2010,-1,-1,-1,-1,-1,-1,-1,-1,-1,-1,-1,-1,-1,-1,-1,-1,-1,-1,-1,-1,-1,-1,-1,-1,-1,-1,-1,-1,0,0,0,0,0,0,0,0,0,0,0,0,-1,-1,-1,-1,-1,-1,-1,-1,-1,-1,-1,-1,-1,-1,-1,-1,-1,-1,-1,-1,-1,-1,-1,-1,0,0,0,0,0,0,0,0,0,0,0,0,0,0,0,0,0,0,0,0,0,0,0,0,255,139,139,103,0,0,0,0,0,0,0,100,100,100,100,0,0,100,-1,-1,100,105,0,1,1,-1,0,0,100,0,[0|0|0],1000010,0,0,[0|0|0|0|0|0|0|0|0|0]
1010440,Euporia - Attack,0.35,0.1,0,0,1,0.08,6903,19892,-1,-1,1667,100,110,-1,-1,110,122,-1,-1,0,110,110,110,110,100,100,100,100,104,0,0,0,0,0,0,0,0,0,0,0,10,0,0,0,0,2,0,0,0,0,0,0,1,0,0,253,255,0,255,0,255,0,0,0,0,0,0,0,0,0,0,0,2,1,0,0,0,0,0,0,0,0,0,0,-1,-1,2100,2010,-1,-1,-1,-1,-1,-1,-1,-1,-1,-1,-1,-1,-1,-1,-1,-1,-1,-1,-1,-1,-1,-1,-1,-1,-1,-1,-1,-1,0,0,0,0,0,0,0,0,0,0,0,0,-1,-1,-1,-1,-1,-1,-1,-1,-1,-1,-1,-1,-1,-1,-1,-1,-1,-1,-1,-1,-1,-1,-1,-1,0,0,0,0,0,0,0,0,0,0,0,0,0,0,0,0,0,0,0,0,0,0,0,0,255,139,139,110,0,0,0,0,0,0,0,100,100,100,100,0,0,100,-1,-1,100,115,0,1,1,-1,0,0,200,0,[0|0|0],1000010,0,0,[0|0|0|0|0|0|0|0|0|0]
1010600,Euporia - Attack,0.5,0.2,0,0,0.4,0.08,6903,19892,-1,1665,1667,120,122,-1,-1,130,130,-1,-1,0,110,110,110,110,120,100,120,100,101,0,0,0,0,0,0,0,0,0,0,0,10,0,0,0,0,2,0,0,0,0,0,0,1,0,0,253,255,0,255,0,255,0,0,0,0,0,0,0,0,0,0,0,1,1,0,0,0,0,0,0,0,0,0,0,-1,-1,2100,2010,-1,-1,-1,-1,-1,-1,-1,-1,-1,-1,-1,-1,-1,-1,-1,-1,-1,-1,-1,-1,-1,-1,-1,-1,-1,-1,-1,-1,0,0,0,0,0,0,0,0,0,0,0,0,-1,-1,-1,-1,-1,-1,-1,-1,-1,-1,-1,-1,-1,-1,-1,-1,-1,-1,-1,-1,-1,-1,-1,-1,0,0,0,0,0,0,0,0,0,0,0,0,0,0,0,0,0,0,0,0,0,0,0,0,255,139,139,110,0,0,0,1,0,0,0,100,100,100,100,0,0,100,-1,-1,100,100,0,1,1,-1,0,0,100,0,[0|0|0],100,0,0,[0|0|0|0|0|0|0|0|0|0]
1010605,Euporia - Attack,0.5,0.2,0,0,0.4,0.08,6903,19892,-1,1665,1667,100,122,-1,-1,110,130,-1,-1,0,110,110,110,110,120,100,120,100,101,0,0,0,0,0,0,0,0,0,0,0,10,0,0,0,0,2,0,0,0,0,0,0,1,0,0,253,255,0,255,0,255,0,0,0,0,0,0,0,0,0,0,0,2,1,0,0,0,0,0,0,0,0,0,0,-1,-1,2100,2010,-1,-1,-1,-1,-1,-1,-1,-1,-1,-1,-1,-1,-1,-1,-1,-1,-1,-1,-1,-1,-1,-1,-1,-1,-1,-1,-1,-1,0,0,0,0,0,0,0,0,0,0,0,0,-1,-1,-1,-1,-1,-1,-1,-1,-1,-1,-1,-1,-1,-1,-1,-1,-1,-1,-1,-1,-1,-1,-1,-1,0,0,0,0,0,0,0,0,0,0,0,0,0,0,0,0,0,0,0,0,0,0,0,0,255,139,139,110,0,0,0,1,0,0,0,100,100,100,100,0,0,100,-1,-1,100,100,0,1,1,-1,0,0,100,0,[0|0|0],100,0,0,[0|0|0|0|0|0|0|0|0|0]
1010610,Euporia - Attack,0.5,0.2,0,0,0.8,0.08,6903,19892,-1,1665,1667,100,122,-1,-1,110,130,-1,-1,0,110,110,110,110,120,100,120,100,101,104,0,0,0,0,0,0,0,0,0,0,10,0,0,0,0,2,0,0,0,0,0,0,1,0,0,253,255,0,255,0,255,0,0,0,0,0,0,0,0,0,0,0,1,1,0,0,0,0,0,0,0,0,0,0,-1,-1,2100,2010,-1,-1,-1,-1,-1,-1,-1,-1,-1,-1,-1,-1,-1,-1,-1,-1,-1,-1,-1,-1,-1,-1,-1,-1,-1,-1,-1,-1,0,0,0,0,0,0,0,0,0,0,0,0,-1,-1,-1,-1,-1,-1,-1,-1,-1,-1,-1,-1,-1,-1,-1,-1,-1,-1,-1,-1,-1,-1,-1,-1,0,0,0,0,0,0,0,0,0,0,0,0,0,0,0,0,0,0,0,0,0,0,0,0,255,139,139,110,0,0,0,1,0,0,0,100,100,100,100,0,0,100,-1,-1,100,100,0,1,1,-1,0,0,200,0,[0|0|0],100,0,0,[0|0|0|0|0|0|0|0|0|0]
1010630,Euporia - Attack,0.4,0.4,0.15,0.15,0.1,0.03,6904,19892,-1,-1,-1,100,120,122,122,110,130,110,130,0,50,50,50,50,50,9900,100,100,101,0,0,0,0,0,0,0,0,0,0,0,10,0,0,0,0,0,2,2,0,0,0,0,8,0,0,253,255,0,255,0,255,0,0,0,0,0,0,0,0,0,0,0,0,1,0,0,0,0,0,0,0,0,0,0,-1,-1,2100,2010,-1,-1,-1,-1,-1,-1,-1,-1,-1,-1,-1,-1,-1,-1,-1,-1,-1,-1,-1,-1,-1,-1,-1,-1,-1,-1,-1,-1,0,0,0,0,0,0,0,0,0,0,0,0,-1,-1,-1,-1,-1,-1,-1,-1,-1,-1,-1,-1,-1,-1,-1,-1,-1,-1,-1,-1,-1,-1,-1,-1,0,0,0,0,0,0,0,0,0,0,0,0,0,0,0,0,0,0,0,0,0,0,0,0,255,139,139,50,0,0,0,1,0,0,0,30,30,100,100,0,0,30,-1,-1,100,30,0,1,1,-1,0,0,30,0,[0|0|0],100,0,0,[0|0|0|0|0|0|0|0|0|0]
1010632,Euporia - Attack,0.5,0.15,0,0,0.6,0.08,6904,19892,-1,1665,1667,100,122,-1,-1,110,110,-1,-1,0,135,135,135,135,170,200,150,100,101,0,0,0,0,0,0,0,0,0,0,0,10,0,0,0,0,2,0,0,0,0,0,0,2,0,0,253,255,0,255,0,255,0,0,0,0,0,0,0,0,0,0,0,2,1,0,0,0,0,0,0,0,0,0,0,-1,-1,2100,2010,-1,-1,-1,-1,-1,-1,-1,-1,-1,-1,-1,-1,-1,-1,-1,-1,-1,-1,-1,-1,-1,-1,-1,-1,-1,-1,-1,-1,0,0,0,0,0,0,0,0,0,0,0,0,-1,-1,-1,-1,-1,-1,-1,-1,-1,-1,-1,-1,-1,-1,-1,-1,-1,-1,-1,-1,-1,-1,-1,-1,0,0,0,0,0,0,0,0,0,0,0,0,0,0,0,0,0,0,0,0,0,0,0,0,255,139,139,135,0,0,0,1,0,0,0,100,100,100,100,0,0,100,-1,-1,100,130,0,1,1,-1,0,0,200,0,[0|0|0],100,0,0,[0|0|0|0|0|0|0|0|0|0]
1010635,Euporia - Attack,0.5,0.15,0,0,1,0.08,6904,19892,-1,1665,1667,100,122,-1,-1,110,110,-1,-1,0,170,170,170,170,240,400,150,100,101,100,0,0,0,0,0,0,0,0,0,0,10,0,0,0,0,2,0,0,0,0,0,0,2,0,0,253,255,0,255,0,255,0,0,0,0,0,0,0,0,0,0,0,2,1,0,0,0,0,0,0,0,0,0,0,-1,-1,2100,2010,-1,-1,-1,-1,-1,-1,-1,-1,-1,-1,-1,-1,-1,-1,-1,-1,-1,-1,-1,-1,-1,-1,-1,-1,-1,-1,-1,-1,0,0,0,0,0,0,0,0,0,0,0,0,-1,-1,-1,-1,-1,-1,-1,-1,-1,-1,-1,-1,-1,-1,-1,-1,-1,-1,-1,-1,-1,-1,-1,-1,0,0,0,0,0,0,0,0,0,0,0,0,0,0,0,0,0,0,0,0,0,0,0,0,255,139,139,170,0,0,0,1,0,0,0,100,100,100,100,0,0,100,-1,-1,100,180,0,1,1,-1,0,0,600,0,[0|0|0],100,0,0,[0|0|0|0|0|0|0|0|0|0]
1010650,Euporia - Attack,0.5,0.15,0,0,1.5,0.08,6903,19892,-1,1665,1667,100,122,-1,-1,110,110,-1,-1,0,110,110,110,110,120,200,120,100,101,102,0,0,0,0,0,0,0,0,0,0,10,0,0,0,0,2,0,0,0,0,0,0,2,0,0,253,255,0,255,0,255,0,0,0,0,0,0,0,0,0,0,0,1,1,0,0,0,0,0,0,0,0,0,0,-1,-1,2100,2010,-1,-1,-1,-1,-1,-1,-1,-1,-1,-1,-1,-1,-1,-1,-1,-1,-1,-1,-1,-1,-1,-1,-1,-1,-1,-1,-1,-1,0,0,0,0,0,0,0,0,0,0,0,0,-1,-1,-1,-1,-1,-1,-1,-1,-1,-1,-1,-1,-1,-1,-1,-1,-1,-1,-1,-1,-1,-1,-1,-1,0,0,0,0,0,0,0,0,0,0,0,0,0,0,0,0,0,0,0,0,0,0,0,0,255,139,139,110,0,0,0,1,0,0,0,100,100,100,100,0,0,100,-1,-1,100,100,0,1,1,-1,0,0,150,0,[0|0|0],100,0,0,[0|0|0|0|0|0|0|0|0|0]
1010660,Euporia - Attack,0.5,0.15,0,0,1.5,0.08,6904,19892,-1,1665,1667,100,122,-1,-1,110,110,-1,-1,0,140,140,140,140,180,400,150,100,101,102,0,0,0,0,0,0,0,0,0,0,10,0,0,0,0,2,0,0,0,0,0,0,2,0,0,253,255,0,255,0,255,0,0,0,0,0,0,0,0,0,0,0,2,1,0,0,0,0,0,0,0,0,0,0,-1,-1,2100,2010,-1,-1,-1,-1,-1,-1,-1,-1,-1,-1,-1,-1,-1,-1,-1,-1,-1,-1,-1,-1,-1,-1,-1,-1,-1,-1,-1,-1,0,0,0,0,0,0,0,0,0,0,0,0,-1,-1,-1,-1,-1,-1,-1,-1,-1,-1,-1,-1,-1,-1,-1,-1,-1,-1,-1,-1,-1,-1,-1,-1,0,0,0,0,0,0,0,0,0,0,0,0,0,0,0,0,0,0,0,0,0,0,0,0,255,139,139,140,0,0,0,1,0,0,0,100,100,100,100,0,0,100,-1,-1,100,130,0,1,1,-1,0,0,200,0,[0|0|0],100,0,0,[0|0|0|0|0|0|0|0|0|0]
1010700,Euporia - Attack,0.5,0.15,0,0,0.4,0.08,6903,19892,-1,1665,1667,120,122,-1,-1,130,130,-1,-1,0,110,110,110,110,120,100,120,100,101,0,0,0,0,0,0,0,0,0,0,0,10,0,0,0,0,2,0,0,0,0,0,0,1,0,0,253,255,0,255,0,255,0,0,0,0,0,0,0,0,0,0,0,1,1,0,0,0,0,0,0,0,0,0,0,-1,-1,2100,2010,-1,-1,-1,-1,-1,-1,-1,-1,-1,-1,-1,-1,-1,-1,-1,-1,-1,-1,-1,-1,-1,-1,-1,-1,-1,-1,-1,-1,0,0,0,0,0,0,0,0,0,0,0,0,-1,-1,-1,-1,-1,-1,-1,-1,-1,-1,-1,-1,-1,-1,-1,-1,-1,-1,-1,-1,-1,-1,-1,-1,0,0,0,0,0,0,0,0,0,0,0,0,0,0,0,0,0,0,0,0,0,0,0,0,255,139,139,110,0,0,0,1,0,0,0,100,100,100,100,0,0,100,-1,-1,100,100,0,1,1,-1,0,0,100,0,[0|0|0],100,0,0,[0|0|0|0|0|0|0|0|0|0]
1010705,Euporia - Attack,0.5,0.15,0,0,0.4,0.08,6903,19892,-1,1665,1667,100,122,-1,-1,110,110,-1,-1,0,110,110,110,110,120,100,120,100,101,0,0,0,0,0,0,0,0,0,0,0,10,0,0,0,0,2,0,0,0,0,0,0,1,0,0,253,255,0,255,0,255,0,0,0,0,0,0,0,0,0,0,0,2,1,0,0,0,0,0,0,0,0,0,0,-1,-1,2100,2010,-1,-1,-1,-1,-1,-1,-1,-1,-1,-1,-1,-1,-1,-1,-1,-1,-1,-1,-1,-1,-1,-1,-1,-1,-1,-1,-1,-1,0,0,0,0,0,0,0,0,0,0,0,0,-1,-1,-1,-1,-1,-1,-1,-1,-1,-1,-1,-1,-1,-1,-1,-1,-1,-1,-1,-1,-1,-1,-1,-1,0,0,0,0,0,0,0,0,0,0,0,0,0,0,0,0,0,0,0,0,0,0,0,0,255,139,139,110,0,0,0,1,0,0,0,100,100,100,100,0,0,100,-1,-1,100,100,0,1,1,-1,0,0,100,0,[0|0|0],100,0,0,[0|0|0|0|0|0|0|0|0|0]
1010710,Euporia - Attack,0.5,0.15,0,0,0.8,0.08,6903,19892,-1,1665,1667,120,122,-1,-1,130,130,-1,-1,0,110,110,110,110,120,100,120,100,101,104,0,0,0,0,0,0,0,0,0,0,10,0,0,0,0,2,0,0,0,0,0,0,1,0,0,253,255,0,255,0,255,0,0,0,0,0,0,0,0,0,0,0,1,1,0,0,0,0,0,0,0,0,0,0,-1,-1,2100,2010,-1,-1,-1,-1,-1,-1,-1,-1,-1,-1,-1,-1,-1,-1,-1,-1,-1,-1,-1,-1,-1,-1,-1,-1,-1,-1,-1,-1,0,0,0,0,0,0,0,0,0,0,0,0,-1,-1,-1,-1,-1,-1,-1,-1,-1,-1,-1,-1,-1,-1,-1,-1,-1,-1,-1,-1,-1,-1,-1,-1,0,0,0,0,0,0,0,0,0,0,0,0,0,0,0,0,0,0,0,0,0,0,0,0,255,139,139,110,0,0,0,1,0,0,0,100,100,100,100,0,0,100,-1,-1,100,100,0,1,1,-1,0,0,100,0,[0|0|0],100,0,0,[0|0|0|0|0|0|0|0|0|0]
1010730,Euporia - Attack,0.4,0.4,0.15,0.15,0.1,0.03,6904,19892,-1,-1,-1,100,120,122,122,110,130,110,130,0,50,50,50,50,50,9900,100,100,101,0,0,0,0,0,0,0,0,0,0,0,10,0,0,0,0,0,2,2,0,0,0,0,8,0,0,253,255,0,255,0,255,0,0,0,0,0,0,0,0,0,0,0,0,1,0,0,0,0,0,0,0,0,0,0,-1,-1,2100,2010,-1,-1,-1,-1,-1,-1,-1,-1,-1,-1,-1,-1,-1,-1,-1,-1,-1,-1,-1,-1,-1,-1,-1,-1,-1,-1,-1,-1,0,0,0,0,0,0,0,0,0,0,0,0,-1,-1,-1,-1,-1,-1,-1,-1,-1,-1,-1,-1,-1,-1,-1,-1,-1,-1,-1,-1,-1,-1,-1,-1,0,0,0,0,0,0,0,0,0,0,0,0,0,0,0,0,0,0,0,0,0,0,0,0,255,139,139,50,0,0,0,1,0,0,0,30,30,100,100,0,0,30,-1,-1,100,30,0,1,1,-1,0,0,30,0,[0|0|0],100,0,0,[0|0|0|0|0|0|0|0|0|0]
1010732,Euporia - Attack,0.5,0.15,0,0,0.6,0.08,6904,19892,-1,1665,1667,100,122,-1,-1,110,110,-1,-1,0,135,135,135,135,170,200,150,100,101,0,0,0,0,0,0,0,0,0,0,0,10,0,0,0,0,2,0,0,0,0,0,0,2,0,0,253,255,0,255,0,255,0,0,0,0,0,0,0,0,0,0,0,2,1,0,0,0,0,0,0,0,0,0,0,-1,-1,2100,2010,-1,-1,-1,-1,-1,-1,-1,-1,-1,-1,-1,-1,-1,-1,-1,-1,-1,-1,-1,-1,-1,-1,-1,-1,-1,-1,-1,-1,0,0,0,0,0,0,0,0,0,0,0,0,-1,-1,-1,-1,-1,-1,-1,-1,-1,-1,-1,-1,-1,-1,-1,-1,-1,-1,-1,-1,-1,-1,-1,-1,0,0,0,0,0,0,0,0,0,0,0,0,0,0,0,0,0,0,0,0,0,0,0,0,255,139,139,135,0,0,0,1,0,0,0,100,100,100,100,0,0,100,-1,-1,100,130,0,1,1,-1,0,0,200,0,[0|0|0],100,0,0,[0|0|0|0|0|0|0|0|0|0]
1010735,Euporia - Attack,0.5,0.15,0,0,1,0.08,6904,19892,-1,1665,1667,100,122,-1,-1,110,110,-1,-1,0,170,170,170,170,240,400,150,100,101,100,0,0,0,0,0,0,0,0,0,0,10,0,0,0,0,2,0,0,0,0,0,0,2,0,0,253,255,0,255,0,255,0,0,0,0,0,0,0,0,0,0,0,2,1,0,0,0,0,0,0,0,0,0,0,-1,-1,2100,2010,-1,-1,-1,-1,-1,-1,-1,-1,-1,-1,-1,-1,-1,-1,-1,-1,-1,-1,-1,-1,-1,-1,-1,-1,-1,-1,-1,-1,0,0,0,0,0,0,0,0,0,0,0,0,-1,-1,-1,-1,-1,-1,-1,-1,-1,-1,-1,-1,-1,-1,-1,-1,-1,-1,-1,-1,-1,-1,-1,-1,0,0,0,0,0,0,0,0,0,0,0,0,0,0,0,0,0,0,0,0,0,0,0,0,255,139,139,170,0,0,0,1,0,0,0,100,100,100,100,0,0,100,-1,-1,100,180,0,1,1,-1,0,0,600,0,[0|0|0],100,0,0,[0|0|0|0|0|0|0|0|0|0]
1010750,Euporia - Attack,0.5,0.15,0,0,1.5,0.08,6903,19892,-1,1665,1667,120,122,-1,-1,130,130,-1,-1,0,110,110,110,110,120,200,120,100,101,102,0,0,0,0,0,0,0,0,0,0,10,0,0,0,0,2,0,0,0,0,0,0,2,0,0,253,255,0,255,0,255,0,0,0,0,0,0,0,0,0,0,0,1,1,0,0,0,0,0,0,0,0,0,0,-1,-1,2100,2010,-1,-1,-1,-1,-1,-1,-1,-1,-1,-1,-1,-1,-1,-1,-1,-1,-1,-1,-1,-1,-1,-1,-1,-1,-1,-1,-1,-1,0,0,0,0,0,0,0,0,0,0,0,0,-1,-1,-1,-1,-1,-1,-1,-1,-1,-1,-1,-1,-1,-1,-1,-1,-1,-1,-1,-1,-1,-1,-1,-1,0,0,0,0,0,0,0,0,0,0,0,0,0,0,0,0,0,0,0,0,0,0,0,0,255,139,139,110,0,0,0,1,0,0,0,100,100,100,100,0,0,100,-1,-1,100,100,0,1,1,-1,0,0,150,0,[0|0|0],100,0,0,[0|0|0|0|0|0|0|0|0|0]
1010760,Euporia - Attack,0.5,0.15,0,0,1.5,0.08,6904,19892,-1,1665,1667,100,122,-1,-1,110,110,-1,-1,0,140,140,140,140,180,400,150,100,101,102,0,0,0,0,0,0,0,0,0,0,10,0,0,0,0,2,0,0,0,0,0,0,2,0,0,253,255,0,255,0,255,0,0,0,0,0,0,0,0,0,0,0,2,1,0,0,0,0,0,0,0,0,0,0,-1,-1,2100,2010,-1,-1,-1,-1,-1,-1,-1,-1,-1,-1,-1,-1,-1,-1,-1,-1,-1,-1,-1,-1,-1,-1,-1,-1,-1,-1,-1,-1,0,0,0,0,0,0,0,0,0,0,0,0,-1,-1,-1,-1,-1,-1,-1,-1,-1,-1,-1,-1,-1,-1,-1,-1,-1,-1,-1,-1,-1,-1,-1,-1,0,0,0,0,0,0,0,0,0,0,0,0,0,0,0,0,0,0,0,0,0,0,0,0,255,139,139,140,0,0,0,1,0,0,0,100,100,100,100,0,0,100,-1,-1,100,130,0,1,1,-1,0,0,200,0,[0|0|0],100,0,0,[0|0|0|0|0|0|0|0|0|0]
1010800,Euporia - Attack,0.4,0.15,0,0,0.8,0.04,6903,19891,-1,1665,-1,100,122,-1,-1,110,110,-1,-1,0,92,92,92,92,90,100,100,100,0,0,0,0,0,0,0,0,0,0,0,0,10,0,0,0,0,2,0,0,0,0,0,0,1,0,0,253,255,0,255,0,255,0,0,0,0,0,0,0,0,0,0,0,4,1,0,0,0,0,0,0,0,9,0,0,-1,-1,2100,2010,-1,-1,-1,-1,-1,-1,-1,-1,-1,-1,-1,-1,-1,-1,-1,-1,-1,-1,-1,-1,-1,-1,-1,-1,-1,-1,-1,-1,0,0,0,0,0,0,0,0,0,0,0,0,-1,-1,-1,-1,-1,-1,-1,-1,-1,-1,-1,-1,-1,-1,-1,-1,-1,-1,-1,-1,-1,-1,-1,-1,0,0,0,0,0,0,0,0,0,0,0,0,0,0,0,0,0,0,0,0,0,0,0,0,255,139,139,92,0,0,0,0,0,0,0,65,90,100,100,0,0,100,-1,-1,100,100,0,1,1,-1,0,0,60,0,[0|0|0],1000805,0,0,[0|0|0|0|0|0|0|0|0|0]
1010805,Euporia - Attack,0.4,0.15,0,0,0.75,0.04,6903,19891,-1,-1,1667,100,122,-1,-1,110,110,-1,-1,0,92,92,92,92,90,100,100,100,0,0,0,0,0,0,0,0,0,0,0,0,10,0,0,0,0,2,0,0,0,0,0,0,1,0,0,253,255,0,255,0,255,0,0,0,0,0,0,0,0,0,0,0,4,1,0,0,0,0,0,0,0,0,0,0,-1,-1,2100,2010,-1,-1,-1,-1,-1,-1,-1,-1,-1,-1,-1,-1,-1,-1,-1,-1,-1,-1,-1,-1,-1,-1,-1,-1,-1,-1,-1,-1,0,0,0,0,0,0,0,0,0,0,0,0,-1,-1,-1,-1,-1,-1,-1,-1,-1,-1,-1,-1,-1,-1,-1,-1,-1,-1,-1,-1,-1,-1,-1,-1,0,0,0,0,0,0,0,0,0,0,0,0,0,0,0,0,0,0,0,0,0,0,0,0,255,139,139,92,0,0,0,0,0,0,0,65,90,100,100,0,0,100,-1,-1,100,100,0,1,1,-1,0,0,60,0,[0|0|0],1000800,0,0,[0|0|0|0|0|0|0|0|0|0]
1010810,Euporia - Attack,0.4,0.15,0,0,0.75,0.04,6903,19891,-1,1665,-1,100,122,-1,-1,110,110,-1,-1,0,94,94,94,94,90,100,100,100,0,0,0,0,0,0,0,0,0,0,0,0,10,0,0,0,0,2,0,0,0,0,0,0,1,0,0,253,255,0,255,0,255,0,0,0,0,0,0,0,0,0,0,0,3,1,0,0,0,0,0,0,0,9,0,0,-1,-1,2100,2010,-1,-1,-1,-1,-1,-1,-1,-1,-1,-1,-1,-1,-1,-1,-1,-1,-1,-1,-1,-1,-1,-1,-1,-1,-1,-1,-1,-1,0,0,0,0,0,0,0,0,0,0,0,0,-1,-1,-1,-1,-1,-1,-1,-1,-1,-1,-1,-1,-1,-1,-1,-1,-1,-1,-1,-1,-1,-1,-1,-1,0,0,0,0,0,0,0,0,0,0,0,0,0,0,0,0,0,0,0,0,0,0,0,0,255,139,139,94,0,0,0,0,0,0,0,65,90,100,100,0,0,100,-1,-1,100,100,0,1,1,-1,0,0,60,0,[0|0|0],1000800,0,0,[0|0|0|0|0|0|0|0|0|0]
1010815,Euporia - Attack,0.4,0.15,0,0,0.8,0.04,6903,19891,-1,-1,1667,100,122,-1,-1,110,110,-1,-1,0,94,94,94,94,90,100,100,100,0,0,0,0,0,0,0,0,0,0,0,0,10,0,0,0,0,2,0,0,0,0,0,0,1,0,0,253,255,0,255,0,255,0,0,0,0,0,0,0,0,0,0,0,3,1,0,0,0,0,0,0,0,0,0,0,-1,-1,2100,2010,-1,-1,-1,-1,-1,-1,-1,-1,-1,-1,-1,-1,-1,-1,-1,-1,-1,-1,-1,-1,-1,-1,-1,-1,-1,-1,-1,-1,0,0,0,0,0,0,0,0,0,0,0,0,-1,-1,-1,-1,-1,-1,-1,-1,-1,-1,-1,-1,-1,-1,-1,-1,-1,-1,-1,-1,-1,-1,-1,-1,0,0,0,0,0,0,0,0,0,0,0,0,0,0,0,0,0,0,0,0,0,0,0,0,255,139,139,94,0,0,0,0,0,0,0,65,90,100,100,0,0,100,-1,-1,100,100,0,1,1,-1,0,0,60,0,[0|0|0],1000805,0,0,[0|0|0|0|0|0|0|0|0|0]
1010820,Euporia - Attack,0.4,0.15,0,0,0.75,0.04,6903,19891,-1,1665,-1,100,122,-1,-1,110,110,-1,-1,0,100,100,100,100,90,100,100,100,104,0,0,0,0,0,0,0,0,0,0,0,10,0,0,0,0,2,0,0,0,0,0,0,1,0,0,253,255,0,255,0,255,0,0,0,0,0,0,0,0,0,0,0,0,1,0,0,0,0,0,0,0,9,0,0,-1,-1,2100,2010,-1,-1,-1,-1,-1,-1,-1,-1,-1,-1,-1,-1,-1,-1,-1,-1,-1,-1,-1,-1,-1,-1,-1,-1,-1,-1,-1,-1,0,0,0,0,0,0,0,0,0,0,0,0,-1,-1,-1,-1,-1,-1,-1,-1,-1,-1,-1,-1,-1,-1,-1,-1,-1,-1,-1,-1,-1,-1,-1,-1,0,0,0,0,0,0,0,0,0,0,0,0,0,0,0,0,0,0,0,0,0,0,0,0,255,139,139,100,0,0,0,0,0,0,0,65,90,100,100,0,0,100,-1,-1,100,105,0,1,1,-1,0,0,120,0,[0|0|0],1000800,0,0,[0|0|0|0|0|0|0|0|0|0]
1010825,Euporia - Attack,0.4,0.15,0,0,0.9,0.04,6903,19891,-1,-1,1667,100,122,-1,-1,110,110,-1,-1,0,100,100,100,100,90,100,100,100,104,0,0,0,0,0,0,0,0,0,0,0,10,0,0,0,0,2,0,0,0,0,0,0,2,0,0,253,255,0,255,0,255,0,0,0,0,0,0,0,0,0,0,0,2,1,0,0,0,0,0,0,0,0,0,0,-1,-1,2100,2010,-1,-1,-1,-1,-1,-1,-1,-1,-1,-1,-1,-1,-1,-1,-1,-1,-1,-1,-1,-1,-1,-1,-1,-1,-1,-1,-1,-1,0,0,0,0,0,0,0,0,0,0,0,0,-1,-1,-1,-1,-1,-1,-1,-1,-1,-1,-1,-1,-1,-1,-1,-1,-1,-1,-1,-1,-1,-1,-1,-1,0,0,0,0,0,0,0,0,0,0,0,0,0,0,0,0,0,0,0,0,0,0,0,0,255,139,139,100,0,0,0,0,0,0,0,65,90,100,100,0,0,100,-1,-1,100,105,0,1,1,-1,0,0,120,0,[0|0|0],1000805,0,0,[0|0|0|0|0|0|0|0|0|0]
1010860,Euporia - Attack,0.4,0.15,0,0,1.4,0.04,6903,19891,-1,1665,-1,100,122,-1,-1,110,110,-1,-1,0,100,100,100,100,110,120,100,100,0,0,0,0,0,0,0,0,0,0,0,0,10,0,0,0,0,2,0,0,0,0,0,0,2,0,0,253,255,0,255,0,255,0,0,0,0,0,0,0,0,0,0,0,3,1,0,0,0,0,0,0,0,9,0,0,-1,-1,2100,2010,-1,-1,-1,-1,-1,-1,-1,-1,-1,-1,-1,-1,-1,-1,-1,-1,-1,-1,-1,-1,-1,-1,-1,-1,-1,-1,-1,-1,0,0,0,0,0,0,0,0,0,0,0,0,-1,-1,-1,-1,-1,-1,-1,-1,-1,-1,-1,-1,-1,-1,-1,-1,-1,-1,-1,-1,-1,-1,-1,-1,0,0,0,0,0,0,0,0,0,0,0,0,0,0,0,0,0,0,0,0,0,0,0,0,255,139,139,100,0,0,0,0,0,0,0,65,90,100,100,0,0,100,-1,-1,100,110,0,1,1,-1,0,0,60,0,[0|0|0],1000805,122,0,[0|0|0|0|0|0|0|0|0|0]
1010865,Euporia - Attack,0.4,0.15,0,0,1.4,0.04,6903,19891,-1,-1,1667,100,122,-1,-1,110,110,-1,-1,0,95,95,95,95,100,120,100,100,0,0,0,0,0,0,0,0,0,0,0,0,10,0,0,0,0,2,0,0,0,0,0,0,1,0,0,252,255,2,255,0,255,0,0,0,0,0,0,0,0,0,0,0,0,1,0,0,0,0,0,0,0,0,0,0,-1,-1,2100,2010,-1,-1,-1,-1,-1,-1,-1,-1,-1,-1,-1,-1,-1,-1,-1,-1,-1,-1,-1,-1,-1,-1,-1,-1,-1,-1,-1,-1,0,0,0,0,0,0,0,0,0,0,0,0,-1,-1,-1,-1,-1,-1,-1,-1,-1,-1,-1,-1,-1,-1,-1,-1,-1,-1,-1,-1,-1,-1,-1,-1,0,0,0,0,0,0,0,0,0,0,0,0,0,0,0,0,0,0,0,0,0,0,0,0,255,139,139,95,0,0,0,0,0,0,0,65,90,100,100,0,0,100,-1,-1,100,110,0,1,1,-1,0,0,60,0,[0|0|0],1000800,122,0,[0|0|0|0|0|0|0|0|0|0]
1010870,Euporia - Attack,0.4,0.15,0,0,0.4,0.04,6903,19891,-1,1665,-1,100,122,-1,-1,110,110,-1,-1,0,85,85,85,85,100,200,100,100,0,0,0,0,0,0,0,0,0,0,0,0,10,0,0,0,0,2,0,0,0,0,0,0,1,0,0,253,255,0,255,0,255,0,0,0,0,0,0,0,0,0,0,0,3,1,0,0,0,0,0,0,0,9,0,0,-1,-1,2100,2010,-1,-1,-1,-1,-1,-1,-1,-1,-1,-1,-1,-1,-1,-1,-1,-1,-1,-1,-1,-1,-1,-1,-1,-1,-1,-1,-1,-1,0,0,0,0,0,0,0,0,0,0,0,0,-1,-1,-1,-1,-1,-1,-1,-1,-1,-1,-1,-1,-1,-1,-1,-1,-1,-1,-1,-1,-1,-1,-1,-1,0,0,0,0,0,0,0,0,0,0,0,0,0,0,0,0,0,0,0,0,0,0,0,0,255,139,139,85,0,0,0,0,0,0,0,65,90,100,100,0,0,100,-1,-1,100,90,0,1,1,-1,0,0,60,0,[0|0|0],1000800,121,0,[0|0|0|0|0|0|0|0|0|0]
1010875,Euporia - Attack,0.4,0.15,0,0,1,0.04,6903,19891,-1,-1,1667,100,122,-1,-1,110,110,-1,-1,0,85,85,85,85,100,200,100,100,0,0,0,0,0,0,0,0,0,0,0,0,10,0,0,0,0,2,0,0,0,0,0,0,1,0,0,253,255,0,255,0,255,0,0,0,0,0,0,0,0,0,0,0,2,1,0,0,0,0,0,0,0,0,0,0,-1,-1,2100,2010,-1,-1,-1,-1,-1,-1,-1,-1,-1,-1,-1,-1,-1,-1,-1,-1,-1,-1,-1,-1,-1,-1,-1,-1,-1,-1,-1,-1,0,0,0,0,0,0,0,0,0,0,0,0,-1,-1,-1,-1,-1,-1,-1,-1,-1,-1,-1,-1,-1,-1,-1,-1,-1,-1,-1,-1,-1,-1,-1,-1,0,0,0,0,0,0,0,0,0,0,0,0,0,0,0,0,0,0,0,0,0,0,0,0,255,139,139,85,0,0,0,0,0,0,0,65,90,100,100,0,0,100,-1,-1,100,90,0,1,1,-1,0,0,60,0,[0|0|0],1000805,121,0,[0|0|0|0|0|0|0|0|0|0]
1010880,Euporia - Attack,0.4,0.15,0,0,0.5,0.04,6903,19891,-1,1665,-1,100,122,-1,-1,110,110,-1,-1,0,85,85,85,85,100,200,100,100,0,0,0,0,0,0,0,0,0,0,0,0,10,0,0,0,0,2,0,0,0,0,0,0,1,0,0,252,255,2,255,0,255,0,0,0,0,0,0,0,0,0,0,0,0,1,0,0,0,0,0,0,0,9,0,0,-1,-1,2100,2010,-1,-1,-1,-1,-1,-1,-1,-1,-1,-1,-1,-1,-1,-1,-1,-1,-1,-1,-1,-1,-1,-1,-1,-1,-1,-1,-1,-1,0,0,0,0,0,0,0,0,0,0,0,0,-1,-1,-1,-1,-1,-1,-1,-1,-1,-1,-1,-1,-1,-1,-1,-1,-1,-1,-1,-1,-1,-1,-1,-1,0,0,0,0,0,0,0,0,0,0,0,0,0,0,0,0,0,0,0,0,0,0,0,0,255,139,139,85,0,0,0,0,0,0,0,65,90,100,100,0,0,100,-1,-1,100,90,0,1,1,-1,0,0,60,0,[0|0|0],1000860,121,0,[0|0|0|0|0|0|0|0|0|0]
1010885,Euporia - Attack,0.4,0.15,0,0,0.5,0.04,6903,19891,-1,-1,1667,100,122,-1,-1,110,110,-1,-1,0,85,85,85,85,100,200,100,100,0,0,0,0,0,0,0,0,0,0,0,0,10,0,0,0,0,2,0,0,0,0,0,0,1,0,0,252,255,2,255,0,255,0,0,0,0,0,0,0,0,0,0,0,0,1,0,0,0,0,0,0,0,0,0,0,-1,-1,2100,2010,-1,-1,-1,-1,-1,-1,-1,-1,-1,-1,-1,-1,-1,-1,-1,-1,-1,-1,-1,-1,-1,-1,-1,-1,-1,-1,-1,-1,0,0,0,0,0,0,0,0,0,0,0,0,-1,-1,-1,-1,-1,-1,-1,-1,-1,-1,-1,-1,-1,-1,-1,-1,-1,-1,-1,-1,-1,-1,-1,-1,0,0,0,0,0,0,0,0,0,0,0,0,0,0,0,0,0,0,0,0,0,0,0,0,255,139,139,85,0,0,0,0,0,0,0,65,90,100,100,0,0,100,-1,-1,100,90,0,1,1,-1,0,0,60,0,[0|0|0],1000860,121,0,[0|0|0|0|0|0|0|0|0|0]
1210100,Smithscript Greathammer - Bullet,0.35,0.05,0,0,1.6,0,6904,-1,-1,1665,-1,100,130,-1,-1,120,120,-1,-1,0,76,76,76,76,70,120,100,100,0,0,0,0,0,0,0,0,0,0,0,0,10,0,0,0,0,2,0,0,0,0,0,0,3,0,0,253,255,1,255,0,255,0,0,0,0,0,0,0,0,0,0,0,0,1,0,0,0,0,0,0,0,0,0,0,-1,-1,2100,2010,-1,-1,-1,-1,-1,-1,-1,-1,-1,-1,-1,-1,-1,-1,-1,-1,-1,-1,-1,-1,-1,-1,-1,-1,-1,-1,-1,-1,0,0,0,0,0,0,0,0,0,0,0,0,-1,-1,-1,-1,-1,-1,-1,-1,-1,-1,-1,-1,-1,-1,-1,-1,-1,-1,-1,-1,-1,-1,-1,-1,0,0,0,0,0,0,0,0,0,0,0,0,0,0,0,0,0,0,0,0,0,0,0,0,255,139,139,76,0,0,1,0,0,0,4,100,100,100,100,0,0,100,-1,0,100,130,0,1,1,-1,0,0,65,0,[0|0|0],0,119,0,[0|0|0|0|0|0|0|0|0|0]
1210101,Smithscript Greathammer - Attack,0.35,0.05,0,0,1.7,0.04,6904,-1,-1,1665,-1,100,130,-1,-1,120,120,-1,-1,0,50,50,50,50,70,120,100,100,0,0,0,0,0,0,0,0,0,0,0,0,10,0,0,0,0,2,0,0,0,0,0,0,3,0,0,253,255,1,255,0,255,0,0,0,0,0,0,0,0,0,0,0,4,1,0,0,0,0,0,0,0,9,0,0,-1,-1,2100,2010,-1,-1,-1,-1,-1,-1,-1,-1,-1,-1,-1,-1,-1,-1,-1,-1,-1,-1,-1,-1,-1,-1,-1,-1,-1,-1,-1,-1,0,0,0,0,0,0,0,0,0,0,0,0,-1,-1,-1,-1,-1,-1,-1,-1,-1,-1,-1,-1,-1,-1,-1,-1,-1,-1,-1,-1,-1,-1,-1,-1,0,0,0,0,0,0,0,0,0,0,0,0,0,0,0,0,0,0,0,0,0,0,0,0,255,139,139,50,0,0,1,0,0,0,4,50,100,100,100,0,0,100,-1,0,100,50,0,1,1,-1,0,0,65,0,[0|0|0],0,0,0,[0|0|0|0|0|0|0|0|0|0]
1210126,Smithscript Greathammer - Attack,0.35,0.05,0,0,1.6,0,6904,-1,-1,1665,-1,100,130,-1,-1,120,120,-1,-1,0,60,60,60,60,90,400,100,100,122,0,0,0,0,0,0,0,0,0,0,0,10,0,0,0,0,2,0,0,0,0,0,0,3,0,0,253,255,1,255,0,255,0,0,0,0,0,0,0,0,0,0,0,0,1,0,0,0,0,0,0,0,0,0,0,-1,-1,2100,2010,-1,-1,-1,-1,-1,-1,-1,-1,-1,-1,-1,-1,-1,-1,-1,-1,-1,-1,-1,-1,-1,-1,-1,-1,-1,-1,-1,-1,0,0,0,0,0,0,0,0,0,0,0,0,-1,-1,-1,-1,-1,-1,-1,-1,-1,-1,-1,-1,-1,-1,-1,-1,-1,-1,-1,-1,-1,-1,-1,-1,0,0,0,0,0,0,0,0,0,0,0,0,0,0,0,0,0,0,0,0,0,0,0,0,255,139,139,60,0,0,1,0,0,0,4,100,100,100,100,0,0,100,-1,0,100,50,0,1,1,-1,0,0,75,0,[0|0|0],0,119,0,[0|0|0|0|0|0|0|0|0|0]
1210325,Smithscript Greathammer - Bullet,0.35,0.05,0,0,1.6,0,6904,-1,-1,1665,1667,100,130,-1,-1,120,120,-1,-1,0,60,60,60,60,70,500,100,100,122,120,0,0,0,0,0,0,0,0,0,0,10,0,0,0,0,2,0,0,0,0,0,0,3,0,0,253,255,1,255,0,255,0,0,0,0,0,0,0,0,0,0,0,0,1,0,0,0,0,0,0,0,0,0,0,-1,-1,2100,2010,-1,-1,-1,-1,-1,-1,-1,-1,-1,-1,-1,-1,-1,-1,-1,-1,-1,-1,-1,-1,-1,-1,-1,-1,-1,-1,-1,-1,0,0,0,0,0,0,0,0,0,0,0,0,-1,-1,-1,-1,-1,-1,-1,-1,-1,-1,-1,-1,-1,-1,-1,-1,-1,-1,-1,-1,-1,-1,-1,-1,0,0,0,0,0,0,0,0,0,0,0,0,0,0,0,0,0,0,0,0,0,0,0,0,255,139,139,60,0,0,1,0,0,0,4,100,100,100,100,0,0,100,-1,0,100,130,0,1,1,-1,0,0,65,0,[0|0|0],0,119,0,[0|0|0|0|0|0|0|0|0|0]
1210326,Smithscript Greathammer - Attack,0.35,0.05,0,0,1.6,0,6904,-1,-1,1665,1667,100,130,-1,-1,120,120,-1,-1,0,80,80,80,80,110,500,100,100,122,120,0,0,0,0,0,0,0,0,0,0,10,0,0,0,0,2,0,0,0,0,0,0,3,0,0,253,255,1,255,0,255,0,0,0,0,0,0,0,0,0,0,0,0,1,0,0,0,0,0,0,0,0,0,0,-1,-1,2100,2010,-1,-1,-1,-1,-1,-1,-1,-1,-1,-1,-1,-1,-1,-1,-1,-1,-1,-1,-1,-1,-1,-1,-1,-1,-1,-1,-1,-1,0,0,0,0,0,0,0,0,0,0,0,0,-1,-1,-1,-1,-1,-1,-1,-1,-1,-1,-1,-1,-1,-1,-1,-1,-1,-1,-1,-1,-1,-1,-1,-1,0,0,0,0,0,0,0,0,0,0,0,0,0,0,0,0,0,0,0,0,0,0,0,0,255,139,139,80,0,0,1,0,0,0,4,100,100,100,100,0,0,100,-1,0,100,50,0,1,1,-1,0,0,120,0,[0|0|0],0,119,0,[0|0|0|0|0|0|0|0|0|0]
1620100,Smithscript Spear - Bullet,0.3,0.2,0.08,0,1,0,6904,-1,-1,1665,-1,100,100,120,-1,-1,120,130,-1,0,105,105,105,105,60,400,100,100,0,0,0,0,0,0,0,0,0,0,0,0,10,0,0,0,0,0,2,0,0,0,0,0,1,0,0,2,255,2,255,0,255,0,0,0,0,0,0,0,0,0,0,0,0,1,0,0,0,0,0,0,0,0,0,0,-1,-1,2100,2010,-1,-1,-1,-1,-1,-1,-1,-1,-1,-1,-1,-1,-1,-1,-1,-1,-1,-1,-1,-1,-1,-1,-1,-1,-1,-1,-1,-1,0,0,0,0,0,0,0,0,0,0,0,0,-1,-1,-1,-1,-1,-1,-1,-1,-1,-1,-1,-1,-1,-1,-1,-1,-1,-1,-1,-1,-1,-1,-1,-1,0,0,0,0,0,0,0,0,0,0,0,0,0,0,0,0,0,0,0,0,0,0,0,0,255,139,139,105,0,0,0,0,0,0,0,100,100,100,100,0,0,100,-1,0,100,130,0,1,1,-1,0,0,100,0,[0|0|0],160,119,0,[0|0|0|0|0|0|0|0|0|0]
1620101,Smithscript Spear - Bullet,0.3,0.2,0.08,0,1,0,6904,-1,-1,1665,-1,100,100,120,-1,-1,120,130,-1,0,40,40,40,40,60,400,100,100,0,0,0,0,0,0,0,0,0,0,0,0,10,0,0,0,0,0,2,0,0,0,0,0,1,0,0,2,255,2,255,0,255,0,0,0,0,0,0,0,0,0,0,0,0,1,0,0,0,0,0,0,0,0,0,0,-1,-1,2100,2010,-1,-1,-1,-1,-1,-1,-1,-1,-1,-1,-1,-1,-1,-1,-1,-1,-1,-1,-1,-1,-1,-1,-1,-1,-1,-1,-1,-1,0,0,0,0,0,0,0,0,0,0,0,0,-1,-1,-1,-1,-1,-1,-1,-1,-1,-1,-1,-1,-1,-1,-1,-1,-1,-1,-1,-1,-1,-1,-1,-1,0,0,0,0,0,0,0,0,0,0,0,0,0,0,0,0,0,0,0,0,0,0,0,0,255,139,139,40,0,0,0,0,0,0,0,50,100,100,100,0,0,100,-1,0,100,50,0,1,1,-1,0,0,100,0,[0|0|0],160,119,0,[0|0|0|0|0|0|0|0|0|0]
1620105,Smithscript Spear - Bullet,0.3,0.2,0.08,0,1.2,0,6906,-1,-1,1665,-1,100,100,120,-1,-1,120,130,-1,0,125,125,125,125,80,400,100,100,100,0,0,0,0,0,0,0,0,0,0,0,10,0,0,0,0,0,2,0,0,0,0,0,2,0,0,2,255,2,255,0,255,0,0,0,0,0,0,0,0,0,0,0,0,1,0,0,0,0,0,0,0,0,0,0,-1,-1,2100,2010,-1,-1,-1,-1,-1,-1,-1,-1,-1,-1,-1,-1,-1,-1,-1,-1,-1,-1,-1,-1,-1,-1,-1,-1,-1,-1,-1,-1,0,0,0,0,0,0,0,0,0,0,0,0,-1,-1,-1,-1,-1,-1,-1,-1,-1,-1,-1,-1,-1,-1,-1,-1,-1,-1,-1,-1,-1,-1,-1,-1,0,0,0,0,0,0,0,0,0,0,0,0,0,0,0,0,0,0,0,0,0,0,0,0,255,139,139,125,0,0,0,0,0,0,0,100,100,100,100,0,0,100,-1,0,100,150,0,1,1,-1,0,0,150,0,[0|0|0],160,119,0,[0|0|0|0|0|0|0|0|0|0]
1620106,Smithscript Spear - Bullet,0.3,0.2,0.08,0,1.2,0,6906,-1,-1,1665,-1,100,100,120,-1,-1,120,130,-1,0,50,50,50,50,80,400,100,100,100,0,0,0,0,0,0,0,0,0,0,0,10,0,0,0,0,0,2,0,0,0,0,0,2,0,0,2,255,2,255,0,255,0,0,0,0,0,0,0,0,0,0,0,0,1,0,0,0,0,0,0,0,0,0,0,-1,-1,2100,2010,-1,-1,-1,-1,-1,-1,-1,-1,-1,-1,-1,-1,-1,-1,-1,-1,-1,-1,-1,-1,-1,-1,-1,-1,-1,-1,-1,-1,0,0,0,0,0,0,0,0,0,0,0,0,-1,-1,-1,-1,-1,-1,-1,-1,-1,-1,-1,-1,-1,-1,-1,-1,-1,-1,-1,-1,-1,-1,-1,-1,0,0,0,0,0,0,0,0,0,0,0,0,0,0,0,0,0,0,0,0,0,0,0,0,255,139,139,50,0,0,0,0,0,0,0,50,100,100,100,0,0,100,-1,0,100,50,0,1,1,-1,0,0,150,0,[0|0|0],160,119,0,[0|0|0|0|0|0|0|0|0|0]
1620125,Smithscript Spear - Bullet,0.3,0.2,0.08,0,1.15,0,6904,-1,-1,1665,-1,100,100,120,-1,-1,120,130,-1,0,101,101,101,101,50,400,100,100,122,0,0,0,0,0,0,0,0,0,0,0,10,0,0,0,0,0,2,0,0,0,0,0,2,0,0,2,255,2,255,0,255,0,0,0,0,0,0,0,0,0,0,0,0,1,0,0,0,0,0,0,0,0,0,0,-1,-1,2100,2010,-1,-1,-1,-1,-1,-1,-1,-1,-1,-1,-1,-1,-1,-1,-1,-1,-1,-1,-1,-1,-1,-1,-1,-1,-1,-1,-1,-1,0,0,0,0,0,0,0,0,0,0,0,0,-1,-1,-1,-1,-1,-1,-1,-1,-1,-1,-1,-1,-1,-1,-1,-1,-1,-1,-1,-1,-1,-1,-1,-1,0,0,0,0,0,0,0,0,0,0,0,0,0,0,0,0,0,0,0,0,0,0,0,0,255,139,139,101,0,0,0,0,0,0,0,100,100,100,100,0,0,100,-1,0,100,130,0,1,1,-1,0,0,100,0,[0|0|0],160,119,0,[0|0|0|0|0|0|0|0|0|0]
1620126,Smithscript Spear - Bullet,0.3,0.2,0.08,0,1.15,0,6904,-1,-1,1665,-1,100,100,120,-1,-1,120,130,-1,0,38,38,38,38,50,400,100,100,122,0,0,0,0,0,0,0,0,0,0,0,10,0,0,0,0,0,2,0,0,0,0,0,2,0,0,2,255,2,255,0,255,0,0,0,0,0,0,0,0,0,0,0,0,1,0,0,0,0,0,0,0,0,0,0,-1,-1,2100,2010,-1,-1,-1,-1,-1,-1,-1,-1,-1,-1,-1,-1,-1,-1,-1,-1,-1,-1,-1,-1,-1,-1,-1,-1,-1,-1,-1,-1,0,0,0,0,0,0,0,0,0,0,0,0,-1,-1,-1,-1,-1,-1,-1,-1,-1,-1,-1,-1,-1,-1,-1,-1,-1,-1,-1,-1,-1,-1,-1,-1,0,0,0,0,0,0,0,0,0,0,0,0,0,0,0,0,0,0,0,0,0,0,0,0,255,139,139,38,0,0,0,0,0,0,0,100,100,100,100,0,0,100,-1,0,100,130,0,1,1,-1,0,0,100,0,[0|0|0],160,119,0,[0|0|0|0|0|0|0|0|0|0]
1620300,Smithscript Spear - Bullet,0.3,0.2,0.08,0,1,0,6904,-1,-1,1665,1667,100,100,120,-1,-1,120,130,-1,0,107,107,107,107,100,400,100,100,0,120,0,0,0,0,0,0,0,0,0,0,10,0,0,0,0,0,2,0,0,0,0,0,1,0,0,2,255,2,255,0,255,0,0,0,0,0,0,0,0,0,0,0,0,1,0,0,0,0,0,0,0,0,0,0,-1,-1,2100,2010,-1,-1,-1,-1,-1,-1,-1,-1,-1,-1,-1,-1,-1,-1,-1,-1,-1,-1,-1,-1,-1,-1,-1,-1,-1,-1,-1,-1,0,0,0,0,0,0,0,0,0,0,0,0,-1,-1,-1,-1,-1,-1,-1,-1,-1,-1,-1,-1,-1,-1,-1,-1,-1,-1,-1,-1,-1,-1,-1,-1,0,0,0,0,0,0,0,0,0,0,0,0,0,0,0,0,0,0,0,0,0,0,0,0,255,139,139,107,0,0,0,0,0,0,0,100,100,100,100,0,0,100,-1,0,100,130,0,1,1,-1,0,0,110,0,[0|0|0],160,119,0,[0|0|0|0|0|0|0|0|0|0]
1620301,Smithscript Spear - Bullet,0.3,0.2,0.08,0,1,0,6904,-1,-1,1665,1667,100,100,120,-1,-1,120,130,-1,0,41,41,41,41,100,400,100,100,0,120,0,0,0,0,0,0,0,0,0,0,10,0,0,0,0,0,2,0,0,0,0,0,1,0,0,2,255,2,255,0,255,0,0,0,0,0,0,0,0,0,0,0,0,1,0,0,0,0,0,0,0,0,0,0,-1,-1,2100,2010,-1,-1,-1,-1,-1,-1,-1,-1,-1,-1,-1,-1,-1,-1,-1,-1,-1,-1,-1,-1,-1,-1,-1,-1,-1,-1,-1,-1,0,0,0,0,0,0,0,0,0,0,0,0,-1,-1,-1,-1,-1,-1,-1,-1,-1,-1,-1,-1,-1,-1,-1,-1,-1,-1,-1,-1,-1,-1,-1,-1,0,0,0,0,0,0,0,0,0,0,0,0,0,0,0,0,0,0,0,0,0,0,0,0,255,139,139,41,0,0,0,0,0,0,0,50,100,100,100,0,0,100,-1,0,100,50,0,1,1,-1,0,0,110,0,[0|0|0],160,119,0,[0|0|0|0|0|0|0|0|0|0]
1620305,Smithscript Spear - Bullet,0.3,0.2,0.08,0,1.2,0,6906,-1,-1,1665,1667,100,100,120,-1,-1,120,130,-1,0,127,127,127,127,150,400,100,100,100,120,0,0,0,0,0,0,0,0,0,0,10,0,0,0,0,0,2,0,0,0,0,0,2,0,0,2,255,2,255,0,255,0,0,0,0,0,0,0,0,0,0,0,0,1,0,0,0,0,0,0,0,0,0,0,-1,-1,2100,2010,-1,-1,-1,-1,-1,-1,-1,-1,-1,-1,-1,-1,-1,-1,-1,-1,-1,-1,-1,-1,-1,-1,-1,-1,-1,-1,-1,-1,0,0,0,0,0,0,0,0,0,0,0,0,-1,-1,-1,-1,-1,-1,-1,-1,-1,-1,-1,-1,-1,-1,-1,-1,-1,-1,-1,-1,-1,-1,-1,-1,0,0,0,0,0,0,0,0,0,0,0,0,0,0,0,0,0,0,0,0,0,0,0,0,255,139,139,127,0,0,0,0,0,0,0,100,100,100,100,0,0,100,-1,0,100,150,0,1,1,-1,0,0,160,0,[0|0|0],160,119,0,[0|0|0|0|0|0|0|0|0|0]
1620306,Smithscript Spear - Bullet,0.3,0.2,0.08,0,1.2,0,6906,-1,-1,1665,1667,100,100,120,-1,-1,120,130,-1,0,51,51,51,51,150,400,100,100,100,120,0,0,0,0,0,0,0,0,0,0,10,0,0,0,0,0,2,0,0,0,0,0,2,0,0,2,255,2,255,0,255,0,0,0,0,0,0,0,0,0,0,0,0,1,0,0,0,0,0,0,0,0,0,0,-1,-1,2100,2010,-1,-1,-1,-1,-1,-1,-1,-1,-1,-1,-1,-1,-1,-1,-1,-1,-1,-1,-1,-1,-1,-1,-1,-1,-1,-1,-1,-1,0,0,0,0,0,0,0,0,0,0,0,0,-1,-1,-1,-1,-1,-1,-1,-1,-1,-1,-1,-1,-1,-1,-1,-1,-1,-1,-1,-1,-1,-1,-1,-1,0,0,0,0,0,0,0,0,0,0,0,0,0,0,0,0,0,0,0,0,0,0,0,0,255,139,139,51,0,0,0,0,0,0,0,50,100,100,100,0,0,100,-1,0,100,50,0,1,1,-1,0,0,160,0,[0|0|0],160,119,0,[0|0|0|0|0|0|0|0|0|0]
1620325,Smithscript Spear - Bullet,0.3,0.2,0.08,0,1.15,0,6904,-1,-1,1665,1667,100,100,120,-1,-1,120,130,-1,0,103,103,103,103,100,400,100,100,122,120,0,0,0,0,0,0,0,0,0,0,10,0,0,0,0,0,2,0,0,0,0,0,2,0,0,2,255,2,255,0,255,0,0,0,0,0,0,0,0,0,0,0,0,1,0,0,0,0,0,0,0,0,0,0,-1,-1,2100,2010,-1,-1,-1,-1,-1,-1,-1,-1,-1,-1,-1,-1,-1,-1,-1,-1,-1,-1,-1,-1,-1,-1,-1,-1,-1,-1,-1,-1,0,0,0,0,0,0,0,0,0,0,0,0,-1,-1,-1,-1,-1,-1,-1,-1,-1,-1,-1,-1,-1,-1,-1,-1,-1,-1,-1,-1,-1,-1,-1,-1,0,0,0,0,0,0,0,0,0,0,0,0,0,0,0,0,0,0,0,0,0,0,0,0,255,139,139,103,0,0,0,0,0,0,0,100,100,100,100,0,0,100,-1,0,100,130,0,1,1,-1,0,0,110,0,[0|0|0],160,119,0,[0|0|0|0|0|0|0|0|0|0]
1620326,Smithscript Spear - Bullet,0.3,0.2,0.08,0,1.15,0,6904,-1,-1,1665,1667,100,100,120,-1,-1,120,130,-1,0,39,39,39,39,100,400,100,100,122,120,0,0,0,0,0,0,0,0,0,0,10,0,0,0,0,0,2,0,0,0,0,0,2,0,0,2,255,2,255,0,255,0,0,0,0,0,0,0,0,0,0,0,0,1,0,0,0,0,0,0,0,0,0,0,-1,-1,2100,2010,-1,-1,-1,-1,-1,-1,-1,-1,-1,-1,-1,-1,-1,-1,-1,-1,-1,-1,-1,-1,-1,-1,-1,-1,-1,-1,-1,-1,0,0,0,0,0,0,0,0,0,0,0,0,-1,-1,-1,-1,-1,-1,-1,-1,-1,-1,-1,-1,-1,-1,-1,-1,-1,-1,-1,-1,-1,-1,-1,-1,0,0,0,0,0,0,0,0,0,0,0,0,0,0,0,0,0,0,0,0,0,0,0,0,255,139,139,39,0,0,0,0,0,0,0,100,100,100,100,0,0,100,-1,0,100,50,0,1,1,-1,0,0,110,0,[0|0|0],160,119,0,[0|0|0|0|0|0|0|0|0|0]
1620632,Smithscript Spear - Bullet,0.5,0.4,0.08,0,1,0,6904,-1,-1,1665,1667,100,100,110,-1,-1,120,120,-1,0,105,105,105,105,60,400,100,100,0,101,0,0,0,0,0,0,0,0,0,0,10,0,0,0,0,0,2,0,0,0,0,0,1,0,0,2,255,2,255,0,255,0,0,0,0,0,0,0,0,0,0,0,0,1,0,0,0,0,0,0,0,0,0,0,-1,-1,2100,2010,-1,-1,-1,-1,-1,-1,-1,-1,-1,-1,-1,-1,-1,-1,-1,-1,-1,-1,-1,-1,-1,-1,-1,-1,-1,-1,-1,-1,0,0,0,0,0,0,0,0,0,0,0,0,-1,-1,-1,-1,-1,-1,-1,-1,-1,-1,-1,-1,-1,-1,-1,-1,-1,-1,-1,-1,-1,-1,-1,-1,0,0,0,0,0,0,0,0,0,0,0,0,0,0,0,0,0,0,0,0,0,0,0,0,255,139,139,105,0,0,0,1,0,0,0,100,100,100,100,0,0,100,-1,0,100,130,0,1,1,-1,0,0,100,0,[0|0|0],160,119,0,[0|0|0|0|0|0|0|0|0|0]
1620633,Smithscript Spear - Bullet,0.5,0.4,0.08,0,1,0,6904,-1,-1,1665,1667,100,100,110,-1,-1,120,120,-1,0,40,40,40,40,60,400,100,100,0,101,0,0,0,0,0,0,0,0,0,0,10,0,0,0,0,0,2,0,0,0,0,0,1,0,0,2,255,2,255,0,255,0,0,0,0,0,0,0,0,0,0,0,0,1,0,0,0,0,0,0,0,0,0,0,-1,-1,2100,2010,-1,-1,-1,-1,-1,-1,-1,-1,-1,-1,-1,-1,-1,-1,-1,-1,-1,-1,-1,-1,-1,-1,-1,-1,-1,-1,-1,-1,0,0,0,0,0,0,0,0,0,0,0,0,-1,-1,-1,-1,-1,-1,-1,-1,-1,-1,-1,-1,-1,-1,-1,-1,-1,-1,-1,-1,-1,-1,-1,-1,0,0,0,0,0,0,0,0,0,0,0,0,0,0,0,0,0,0,0,0,0,0,0,0,255,139,139,40,0,0,0,1,0,0,0,100,100,100,100,0,0,100,-1,0,100,50,0,1,1,-1,0,0,100,0,[0|0|0],160,119,0,[0|0|0|0|0|0|0|0|0|0]
1620635,Smithscript Spear - Bullet,0.5,0.4,0.08,0,1.2,0,6906,-1,-1,1665,1667,100,100,110,-1,-1,120,120,-1,0,125,125,125,125,80,400,100,100,100,101,0,0,0,0,0,0,0,0,0,0,10,0,0,0,0,0,2,0,0,0,0,0,2,0,0,2,255,2,255,0,255,0,0,0,0,0,0,0,0,0,0,0,0,1,0,0,0,0,0,0,0,0,0,0,-1,-1,2100,2010,-1,-1,-1,-1,-1,-1,-1,-1,-1,-1,-1,-1,-1,-1,-1,-1,-1,-1,-1,-1,-1,-1,-1,-1,-1,-1,-1,-1,0,0,0,0,0,0,0,0,0,0,0,0,-1,-1,-1,-1,-1,-1,-1,-1,-1,-1,-1,-1,-1,-1,-1,-1,-1,-1,-1,-1,-1,-1,-1,-1,0,0,0,0,0,0,0,0,0,0,0,0,0,0,0,0,0,0,0,0,0,0,0,0,255,139,139,125,0,0,0,1,0,0,0,100,100,100,100,0,0,100,-1,0,100,180,0,1,1,-1,0,0,150,0,[0|0|0],160,119,0,[0|0|0|0|0|0|0|0|0|0]
1620636,Smithscript Spear - Bullet,0.5,0.4,0.08,0,1.2,0,6906,-1,-1,1665,1667,100,100,110,-1,-1,120,120,-1,0,50,50,50,50,80,400,100,100,100,101,0,0,0,0,0,0,0,0,0,0,10,0,0,0,0,0,2,0,0,0,0,0,2,0,0,2,255,2,255,0,255,0,0,0,0,0,0,0,0,0,0,0,0,1,0,0,0,0,0,0,0,0,0,0,-1,-1,2100,2010,-1,-1,-1,-1,-1,-1,-1,-1,-1,-1,-1,-1,-1,-1,-1,-1,-1,-1,-1,-1,-1,-1,-1,-1,-1,-1,-1,-1,0,0,0,0,0,0,0,0,0,0,0,0,-1,-1,-1,-1,-1,-1,-1,-1,-1,-1,-1,-1,-1,-1,-1,-1,-1,-1,-1,-1,-1,-1,-1,-1,0,0,0,0,0,0,0,0,0,0,0,0,0,0,0,0,0,0,0,0,0,0,0,0,255,139,139,50,0,0,0,1,0,0,0,100,100,100,100,0,0,100,-1,0,100,50,0,1,1,-1,0,0,150,0,[0|0|0],160,119,0,[0|0|0|0|0|0|0|0|0|0]
1620660,Smithscript Spear - Bullet,0.5,0.4,0.08,0,1,0,6904,-1,-1,1665,1667,100,100,110,-1,-1,120,120,-1,0,105,105,105,105,75,400,100,100,102,101,0,0,0,0,0,0,0,0,0,0,10,0,0,0,0,0,2,0,0,0,0,0,1,0,0,2,255,2,255,0,255,0,0,0,0,0,0,0,0,0,0,0,0,1,0,0,0,0,0,0,0,0,0,0,-1,-1,2100,2010,-1,-1,-1,-1,-1,-1,-1,-1,-1,-1,-1,-1,-1,-1,-1,-1,-1,-1,-1,-1,-1,-1,-1,-1,-1,-1,-1,-1,0,0,0,0,0,0,0,0,0,0,0,0,-1,-1,-1,-1,-1,-1,-1,-1,-1,-1,-1,-1,-1,-1,-1,-1,-1,-1,-1,-1,-1,-1,-1,-1,0,0,0,0,0,0,0,0,0,0,0,0,0,0,0,0,0,0,0,0,0,0,0,0,255,139,139,105,0,0,0,1,0,0,0,100,100,100,100,0,0,100,-1,0,100,130,0,1,1,-1,0,0,100,0,[0|0|0],160,119,0,[0|0|0|0|0|0|0|0|0|0]
1620661,Smithscript Spear - Bullet,0.5,0.4,0.08,0,1,0,6904,-1,-1,1665,1667,100,100,110,-1,-1,120,120,-1,0,40,40,40,40,75,400,100,100,102,101,0,0,0,0,0,0,0,0,0,0,10,0,0,0,0,0,2,0,0,0,0,0,1,0,0,2,255,2,255,0,255,0,0,0,0,0,0,0,0,0,0,0,0,1,0,0,0,0,0,0,0,0,0,0,-1,-1,2100,2010,-1,-1,-1,-1,-1,-1,-1,-1,-1,-1,-1,-1,-1,-1,-1,-1,-1,-1,-1,-1,-1,-1,-1,-1,-1,-1,-1,-1,0,0,0,0,0,0,0,0,0,0,0,0,-1,-1,-1,-1,-1,-1,-1,-1,-1,-1,-1,-1,-1,-1,-1,-1,-1,-1,-1,-1,-1,-1,-1,-1,0,0,0,0,0,0,0,0,0,0,0,0,0,0,0,0,0,0,0,0,0,0,0,0,255,139,139,40,0,0,0,1,0,0,0,100,100,100,100,0,0,100,-1,0,100,50,0,1,1,-1,0,0,100,0,[0|0|0],160,119,0,[0|0|0|0|0|0|0|0|0|0]
1620732,Smithscript Spear - Bullet,0.5,0.4,0.08,0,1,0,6904,-1,-1,1665,1667,10100,10100,10110,-1,-1,10120,10120,-1,0,105,105,105,105,60,400,100,100,0,101,0,0,0,0,0,0,0,0,0,0,10,0,0,0,0,0,2,0,0,0,0,0,1,0,0,2,255,2,255,0,255,0,0,0,0,0,0,0,0,0,0,0,0,1,0,0,0,0,0,0,0,0,0,0,-1,-1,2100,2010,-1,-1,-1,-1,-1,-1,-1,-1,-1,-1,-1,-1,-1,-1,-1,-1,-1,-1,-1,-1,-1,-1,-1,-1,-1,-1,-1,-1,0,0,0,0,0,0,0,0,0,0,0,0,-1,-1,-1,-1,-1,-1,-1,-1,-1,-1,-1,-1,-1,-1,-1,-1,-1,-1,-1,-1,-1,-1,-1,-1,0,0,0,0,0,0,0,0,0,0,0,0,0,0,0,0,0,0,0,0,0,0,0,0,255,139,139,105,0,0,0,1,0,0,0,100,100,100,100,0,0,100,-1,0,100,130,0,1,1,-1,0,0,100,0,[0|0|0],160,119,0,[0|0|0|0|0|0|0|0|0|0]
1620733,Smithscript Spear - Bullet,0.5,0.4,0.08,0,1,0,6904,-1,-1,1665,1667,10100,10100,10110,-1,-1,10120,10120,-1,0,40,40,40,40,60,400,100,100,0,101,0,0,0,0,0,0,0,0,0,0,10,0,0,0,0,0,2,0,0,0,0,0,1,0,0,2,255,2,255,0,255,0,0,0,0,0,0,0,0,0,0,0,0,1,0,0,0,0,0,0,0,0,0,0,-1,-1,2100,2010,-1,-1,-1,-1,-1,-1,-1,-1,-1,-1,-1,-1,-1,-1,-1,-1,-1,-1,-1,-1,-1,-1,-1,-1,-1,-1,-1,-1,0,0,0,0,0,0,0,0,0,0,0,0,-1,-1,-1,-1,-1,-1,-1,-1,-1,-1,-1,-1,-1,-1,-1,-1,-1,-1,-1,-1,-1,-1,-1,-1,0,0,0,0,0,0,0,0,0,0,0,0,0,0,0,0,0,0,0,0,0,0,0,0,255,139,139,40,0,0,0,1,0,0,0,100,100,100,100,0,0,100,-1,0,100,50,0,1,1,-1,0,0,100,0,[0|0|0],160,119,0,[0|0|0|0|0|0|0|0|0|0]
1620735,Smithscript Spear - Bullet,0.5,0.4,0.08,0,1.2,0,6906,-1,-1,1665,1667,10100,10100,10110,-1,-1,10120,10120,-1,0,125,125,125,125,80,400,100,100,100,101,0,0,0,0,0,0,0,0,0,0,10,0,0,0,0,0,2,0,0,0,0,0,2,0,0,2,255,2,255,0,255,0,0,0,0,0,0,0,0,0,0,0,0,1,0,0,0,0,0,0,0,0,0,0,-1,-1,2100,2010,-1,-1,-1,-1,-1,-1,-1,-1,-1,-1,-1,-1,-1,-1,-1,-1,-1,-1,-1,-1,-1,-1,-1,-1,-1,-1,-1,-1,0,0,0,0,0,0,0,0,0,0,0,0,-1,-1,-1,-1,-1,-1,-1,-1,-1,-1,-1,-1,-1,-1,-1,-1,-1,-1,-1,-1,-1,-1,-1,-1,0,0,0,0,0,0,0,0,0,0,0,0,0,0,0,0,0,0,0,0,0,0,0,0,255,139,139,125,0,0,0,1,0,0,0,100,100,100,100,0,0,100,-1,0,100,180,0,1,1,-1,0,0,150,0,[0|0|0],160,119,0,[0|0|0|0|0|0|0|0|0|0]
1620736,Smithscript Spear - Bullet,0.5,0.4,0.08,0,1.2,0,6906,-1,-1,1665,1667,10100,10100,10110,-1,-1,10120,10120,-1,0,50,50,50,50,80,400,100,100,100,101,0,0,0,0,0,0,0,0,0,0,10,0,0,0,0,0,2,0,0,0,0,0,2,0,0,2,255,2,255,0,255,0,0,0,0,0,0,0,0,0,0,0,0,1,0,0,0,0,0,0,0,0,0,0,-1,-1,2100,2010,-1,-1,-1,-1,-1,-1,-1,-1,-1,-1,-1,-1,-1,-1,-1,-1,-1,-1,-1,-1,-1,-1,-1,-1,-1,-1,-1,-1,0,0,0,0,0,0,0,0,0,0,0,0,-1,-1,-1,-1,-1,-1,-1,-1,-1,-1,-1,-1,-1,-1,-1,-1,-1,-1,-1,-1,-1,-1,-1,-1,0,0,0,0,0,0,0,0,0,0,0,0,0,0,0,0,0,0,0,0,0,0,0,0,255,139,139,50,0,0,0,1,0,0,0,100,100,100,100,0,0,100,-1,0,100,50,0,1,1,-1,0,0,150,0,[0|0|0],160,119,0,[0|0|0|0|0|0|0|0|0|0]
1620760,Smithscript Spear - Bullet,0.5,0.4,0.08,0,1,0,6904,-1,-1,1665,1667,10100,10100,10110,-1,-1,10120,10120,-1,0,105,105,105,105,75,400,100,100,102,101,0,0,0,0,0,0,0,0,0,0,10,0,0,0,0,0,2,0,0,0,0,0,1,0,0,2,255,2,255,0,255,0,0,0,0,0,0,0,0,0,0,0,0,1,0,0,0,0,0,0,0,0,0,0,-1,-1,2100,2010,-1,-1,-1,-1,-1,-1,-1,-1,-1,-1,-1,-1,-1,-1,-1,-1,-1,-1,-1,-1,-1,-1,-1,-1,-1,-1,-1,-1,0,0,0,0,0,0,0,0,0,0,0,0,-1,-1,-1,-1,-1,-1,-1,-1,-1,-1,-1,-1,-1,-1,-1,-1,-1,-1,-1,-1,-1,-1,-1,-1,0,0,0,0,0,0,0,0,0,0,0,0,0,0,0,0,0,0,0,0,0,0,0,0,255,139,139,105,0,0,0,1,0,0,0,100,100,100,100,0,0,100,-1,0,100,130,0,1,1,-1,0,0,100,0,[0|0|0],160,119,0,[0|0|0|0|0|0|0|0|0|0]
1620761,Smithscript Spear - Bullet,0.5,0.4,0.08,0,1,0,6904,-1,-1,1665,1667,10100,10100,10110,-1,-1,10120,10120,-1,0,40,40,40,40,75,400,100,100,102,101,0,0,0,0,0,0,0,0,0,0,10,0,0,0,0,0,2,0,0,0,0,0,1,0,0,2,255,2,255,0,255,0,0,0,0,0,0,0,0,0,0,0,0,1,0,0,0,0,0,0,0,0,0,0,-1,-1,2100,2010,-1,-1,-1,-1,-1,-1,-1,-1,-1,-1,-1,-1,-1,-1,-1,-1,-1,-1,-1,-1,-1,-1,-1,-1,-1,-1,-1,-1,0,0,0,0,0,0,0,0,0,0,0,0,-1,-1,-1,-1,-1,-1,-1,-1,-1,-1,-1,-1,-1,-1,-1,-1,-1,-1,-1,-1,-1,-1,-1,-1,0,0,0,0,0,0,0,0,0,0,0,0,0,0,0,0,0,0,0,0,0,0,0,0,255,139,139,40,0,0,0,1,0,0,0,100,100,100,100,0,0,100,-1,0,100,50,0,1,1,-1,0,0,100,0,[0|0|0],160,119,0,[0|0|0|0|0|0|0|0|0|0]
1621000,Swift Spear - Attack,0.2,0.3,0.08,0,0.75,0.08,6903,-1,-1,1665,-1,100,100,120,-1,120,-1,130,-1,0,77,77,77,77,60,100,100,100,0,0,0,0,0,0,0,0,0,0,0,0,20,0,0,0,0,0,2,0,0,0,0,0,1,0,0,2,255,2,255,0,255,0,0,0,0,0,0,0,0,0,0,0,0,1,0,0,0,0,0,0,0,0,0,0,-1,-1,2100,2010,-1,-1,-1,-1,-1,-1,-1,-1,-1,-1,-1,-1,-1,-1,-1,-1,-1,-1,-1,-1,-1,-1,-1,-1,-1,-1,-1,-1,0,0,0,0,0,0,0,0,0,0,0,0,-1,-1,-1,-1,-1,-1,-1,-1,-1,-1,-1,-1,-1,-1,-1,-1,-1,-1,-1,-1,-1,-1,-1,-1,0,0,0,0,0,0,0,0,0,0,0,0,0,0,0,0,0,0,0,0,0,0,0,0,255,139,139,77,0,0,0,0,0,0,0,60,100,100,100,0,0,100,-1,0,100,100,0,1,1,-1,0,0,60,0,[0|0|0],1600000,0,0,[0|0|0|0|0|0|0|0|0|0]
1621001,Swift Spear - Attack,0.2,0.3,0.08,0,0.75,0.08,6903,-1,-1,1665,-1,100,100,120,-1,120,-1,130,-1,0,100,100,100,100,100,100,100,100,0,0,0,0,0,0,0,0,0,0,0,0,20,0,0,0,0,0,2,0,0,0,0,0,1,0,0,2,255,2,255,0,255,0,0,0,0,0,0,0,0,0,0,0,0,1,0,0,0,0,0,0,0,0,0,0,-1,-1,2100,2010,-1,-1,-1,-1,-1,-1,-1,-1,-1,-1,-1,-1,-1,-1,-1,-1,-1,-1,-1,-1,-1,-1,-1,-1,-1,-1,-1,-1,0,0,0,0,0,0,0,0,0,0,0,0,-1,-1,-1,-1,-1,-1,-1,-1,-1,-1,-1,-1,-1,-1,-1,-1,-1,-1,-1,-1,-1,-1,-1,-1,0,0,0,0,0,0,0,0,0,0,0,0,0,0,0,0,0,0,0,0,0,0,0,0,255,139,139,100,0,0,0,0,0,0,0,100,100,100,100,0,0,100,-1,0,100,100,0,1,1,-1,0,0,100,0,[0|0|0],1600000,0,0,[0|0|0|0|0|0|0|0|0|0]
1621010,Swift Spear - Attack,0.2,0.3,0.08,0,0.75,0.08,6903,-1,-1,1665,-1,100,100,120,-1,120,-1,130,-1,0,101,101,101,101,100,100,100,100,0,0,0,0,0,0,0,0,0,0,0,0,20,0,0,0,0,0,2,0,0,0,0,0,1,0,0,2,255,2,255,0,255,0,0,0,0,0,0,0,0,0,0,0,2,1,0,0,0,0,0,0,0,0,0,0,-1,-1,2100,2010,-1,-1,-1,-1,-1,-1,-1,-1,-1,-1,-1,-1,-1,-1,-1,-1,-1,-1,-1,-1,-1,-1,-1,-1,-1,-1,-1,-1,0,0,0,0,0,0,0,0,0,0,0,0,-1,-1,-1,-1,-1,-1,-1,-1,-1,-1,-1,-1,-1,-1,-1,-1,-1,-1,-1,-1,-1,-1,-1,-1,0,0,0,0,0,0,0,0,0,0,0,0,0,0,0,0,0,0,0,0,0,0,0,0,255,139,139,101,0,0,0,0,0,0,0,100,100,100,100,0,0,100,-1,0,100,100,0,1,1,-1,0,0,100,0,[0|0|0],1600010,0,0,[0|0|0|0|0|0|0|0|0|0]
1621011,Swift Spear - Attack,0.2,0.3,0.08,0,0.75,0.08,6903,-1,-1,1665,-1,100,100,120,-1,120,-1,130,-1,0,101,101,101,101,100,100,100,100,0,0,0,0,0,0,0,0,0,0,0,0,20,0,0,0,0,0,2,0,0,0,0,0,1,0,0,2,255,2,255,0,255,0,0,0,0,0,0,0,0,0,0,0,2,1,0,0,0,0,0,0,0,0,0,0,-1,-1,2100,2010,-1,-1,-1,-1,-1,-1,-1,-1,-1,-1,-1,-1,-1,-1,-1,-1,-1,-1,-1,-1,-1,-1,-1,-1,-1,-1,-1,-1,0,0,0,0,0,0,0,0,0,0,0,0,-1,-1,-1,-1,-1,-1,-1,-1,-1,-1,-1,-1,-1,-1,-1,-1,-1,-1,-1,-1,-1,-1,-1,-1,0,0,0,0,0,0,0,0,0,0,0,0,0,0,0,0,0,0,0,0,0,0,0,0,255,139,139,101,0,0,0,0,0,0,0,100,100,100,100,0,0,100,-1,0,100,100,0,1,1,-1,0,0,100,0,[0|0|0],1600010,0,0,[0|0|0|0|0|0|0|0|0|0]
1621012,Swift Spear - Attack,0.2,0.3,0.08,0,0.75,0.08,6903,-1,-1,1665,-1,100,100,120,-1,120,-1,130,-1,0,101,101,101,101,100,100,100,100,0,0,0,0,0,0,0,0,0,0,0,0,20,0,0,0,0,0,2,0,0,0,0,0,1,0,0,2,255,2,255,0,255,0,0,0,0,0,0,0,0,0,0,0,2,1,0,0,0,0,0,0,0,0,0,0,-1,-1,2100,2010,-1,-1,-1,-1,-1,-1,-1,-1,-1,-1,-1,-1,-1,-1,-1,-1,-1,-1,-1,-1,-1,-1,-1,-1,-1,-1,-1,-1,0,0,0,0,0,0,0,0,0,0,0,0,-1,-1,-1,-1,-1,-1,-1,-1,-1,-1,-1,-1,-1,-1,-1,-1,-1,-1,-1,-1,-1,-1,-1,-1,0,0,0,0,0,0,0,0,0,0,0,0,0,0,0,0,0,0,0,0,0,0,0,0,255,139,139,101,0,0,0,0,0,0,0,100,100,100,100,0,0,100,-1,0,100,100,0,1,1,-1,0,0,100,0,[0|0|0],1600010,0,0,[0|0|0|0|0|0|0|0|0|0]
1621020,Swift Spear - Attack,0.2,0.3,0.08,0,0.75,0.08,6903,-1,-1,1665,-1,100,100,120,-1,120,-1,130,-1,0,102,102,102,102,100,100,100,100,0,0,0,0,0,0,0,0,0,0,0,0,20,0,0,0,0,0,2,0,0,0,0,0,1,0,0,2,255,2,255,0,255,0,0,0,0,0,0,0,0,0,0,0,0,1,0,0,0,0,0,0,0,0,0,0,-1,-1,2100,2010,-1,-1,-1,-1,-1,-1,-1,-1,-1,-1,-1,-1,-1,-1,-1,-1,-1,-1,-1,-1,-1,-1,-1,-1,-1,-1,-1,-1,0,0,0,0,0,0,0,0,0,0,0,0,-1,-1,-1,-1,-1,-1,-1,-1,-1,-1,-1,-1,-1,-1,-1,-1,-1,-1,-1,-1,-1,-1,-1,-1,0,0,0,0,0,0,0,0,0,0,0,0,0,0,0,0,0,0,0,0,0,0,0,0,255,139,139,102,0,0,0,0,0,0,0,100,100,100,100,0,0,100,-1,0,100,100,0,1,1,-1,0,0,100,0,[0|0|0],1600010,0,0,[0|0|0|0|0|0|0|0|0|0]
1621021,Swift Spear - Attack,0.2,0.3,0.08,0,0.75,0.08,6903,-1,-1,1665,-1,100,100,120,-1,120,-1,130,-1,0,102,102,102,102,100,100,100,100,0,0,0,0,0,0,0,0,0,0,0,0,20,0,0,0,0,0,2,0,0,0,0,0,1,0,0,2,255,2,255,0,255,0,0,0,0,0,0,0,0,0,0,0,0,1,0,0,0,0,0,0,0,0,0,0,-1,-1,2100,2010,-1,-1,-1,-1,-1,-1,-1,-1,-1,-1,-1,-1,-1,-1,-1,-1,-1,-1,-1,-1,-1,-1,-1,-1,-1,-1,-1,-1,0,0,0,0,0,0,0,0,0,0,0,0,-1,-1,-1,-1,-1,-1,-1,-1,-1,-1,-1,-1,-1,-1,-1,-1,-1,-1,-1,-1,-1,-1,-1,-1,0,0,0,0,0,0,0,0,0,0,0,0,0,0,0,0,0,0,0,0,0,0,0,0,255,139,139,102,0,0,0,0,0,0,0,100,100,100,100,0,0,100,-1,0,100,100,0,1,1,-1,0,0,100,0,[0|0|0],1600010,0,0,[0|0|0|0|0|0|0|0|0|0]
1621030,Swift Spear - Attack,0.2,0.3,0.08,0,0.75,0.08,6903,-1,-1,1665,-1,100,100,120,-1,120,-1,130,-1,0,110,110,110,110,100,100,100,100,104,0,0,0,0,0,0,0,0,0,0,0,20,0,0,0,0,0,2,0,0,0,0,0,1,0,0,2,255,2,255,0,255,0,0,0,0,0,0,0,0,0,0,0,1,1,0,0,0,0,0,0,0,0,0,0,-1,-1,2100,2010,-1,-1,-1,-1,-1,-1,-1,-1,-1,-1,-1,-1,-1,-1,-1,-1,-1,-1,-1,-1,-1,-1,-1,-1,-1,-1,-1,-1,0,0,0,0,0,0,0,0,0,0,0,0,-1,-1,-1,-1,-1,-1,-1,-1,-1,-1,-1,-1,-1,-1,-1,-1,-1,-1,-1,-1,-1,-1,-1,-1,0,0,0,0,0,0,0,0,0,0,0,0,0,0,0,0,0,0,0,0,0,0,0,0,255,139,139,110,0,0,0,0,0,0,0,100,100,100,100,0,0,100,-1,0,100,100,0,1,1,-1,0,0,200,0,[0|0|0],1600010,0,0,[0|0|0|0|0|0|0|0|0|0]
1621200,Swift Spear - Attack,0.2,0.3,0.08,0,0.75,0.08,6903,-1,-1,1665,1667,100,100,120,-1,120,-1,130,-1,0,103,103,103,103,120,500,100,100,0,0,0,0,0,0,0,0,0,0,0,0,40,0,0,0,0,0,2,0,0,0,0,0,1,0,0,2,255,2,255,0,255,0,0,0,0,0,0,0,0,0,0,0,0,1,0,0,0,0,0,0,0,0,0,0,-1,-1,2100,2010,-1,-1,-1,-1,-1,-1,-1,-1,-1,-1,-1,-1,-1,-1,-1,-1,-1,-1,-1,-1,-1,-1,-1,-1,-1,-1,-1,-1,0,0,0,0,0,0,0,0,0,0,0,0,-1,-1,-1,-1,-1,-1,-1,-1,-1,-1,-1,-1,-1,-1,-1,-1,-1,-1,-1,-1,-1,-1,-1,-1,0,0,0,0,0,0,0,0,0,0,0,0,0,0,0,0,0,0,0,0,0,0,0,0,255,139,139,103,0,0,0,0,0,0,0,100,100,100,100,0,0,100,-1,0,100,100,0,1,1,-1,0,0,130,0,[0|0|0],1600000,0,120,[0|0|0|0|0|0|0|0|0|0]
1621201,Swift Spear - Attack,0.2,0.3,0.08,0,0.75,0.08,6903,-1,-1,1665,1667,100,100,120,-1,120,-1,130,-1,0,103,103,103,103,120,500,100,100,0,0,0,0,0,0,0,0,0,0,0,0,40,0,0,0,0,0,2,0,0,0,0,0,1,0,0,2,255,2,255,0,255,0,0,0,0,0,0,0,0,0,0,0,0,1,0,0,0,0,0,0,0,0,0,0,-1,-1,2100,2010,-1,-1,-1,-1,-1,-1,-1,-1,-1,-1,-1,-1,-1,-1,-1,-1,-1,-1,-1,-1,-1,-1,-1,-1,-1,-1,-1,-1,0,0,0,0,0,0,0,0,0,0,0,0,-1,-1,-1,-1,-1,-1,-1,-1,-1,-1,-1,-1,-1,-1,-1,-1,-1,-1,-1,-1,-1,-1,-1,-1,0,0,0,0,0,0,0,0,0,0,0,0,0,0,0,0,0,0,0,0,0,0,0,0,255,139,139,103,0,0,0,0,0,0,0,100,100,100,100,0,0,100,-1,0,100,100,0,1,1,-1,0,0,130,0,[0|0|0],1600000,0,120,[0|0|0|0|0|0|0|0|0|0]
1621210,Swift Spear - Attack,0.2,0.3,0.08,0,0.75,0.08,6903,-1,-1,1665,1667,100,100,120,-1,120,-1,130,-1,0,104,104,104,104,120,500,100,100,0,0,0,0,0,0,0,0,0,0,0,0,40,0,0,0,0,0,2,0,0,0,0,0,1,0,0,2,255,2,255,0,255,0,0,0,0,0,0,0,0,0,0,0,2,1,0,0,0,0,0,0,0,0,0,0,-1,-1,2100,2010,-1,-1,-1,-1,-1,-1,-1,-1,-1,-1,-1,-1,-1,-1,-1,-1,-1,-1,-1,-1,-1,-1,-1,-1,-1,-1,-1,-1,0,0,0,0,0,0,0,0,0,0,0,0,-1,-1,-1,-1,-1,-1,-1,-1,-1,-1,-1,-1,-1,-1,-1,-1,-1,-1,-1,-1,-1,-1,-1,-1,0,0,0,0,0,0,0,0,0,0,0,0,0,0,0,0,0,0,0,0,0,0,0,0,255,139,139,104,0,0,0,0,0,0,0,100,100,100,100,0,0,100,-1,0,100,100,0,1,1,-1,0,0,130,0,[0|0|0],1600010,0,120,[0|0|0|0|0|0|0|0|0|0]
1621211,Swift Spear - Attack,0.2,0.3,0.08,0,0.75,0.08,6903,-1,-1,1665,1667,100,100,120,-1,120,-1,130,-1,0,104,104,104,104,120,500,100,100,0,0,0,0,0,0,0,0,0,0,0,0,40,0,0,0,0,0,2,0,0,0,0,0,1,0,0,2,255,2,255,0,255,0,0,0,0,0,0,0,0,0,0,0,2,1,0,0,0,0,0,0,0,0,0,0,-1,-1,2100,2010,-1,-1,-1,-1,-1,-1,-1,-1,-1,-1,-1,-1,-1,-1,-1,-1,-1,-1,-1,-1,-1,-1,-1,-1,-1,-1,-1,-1,0,0,0,0,0,0,0,0,0,0,0,0,-1,-1,-1,-1,-1,-1,-1,-1,-1,-1,-1,-1,-1,-1,-1,-1,-1,-1,-1,-1,-1,-1,-1,-1,0,0,0,0,0,0,0,0,0,0,0,0,0,0,0,0,0,0,0,0,0,0,0,0,255,139,139,104,0,0,0,0,0,0,0,100,100,100,100,0,0,100,-1,0,100,100,0,1,1,-1,0,0,130,0,[0|0|0],1600010,0,120,[0|0|0|0|0|0|0|0|0|0]
1621212,Swift Spear - Attack,0.2,0.3,0.08,0,0.75,0.08,6903,-1,-1,1665,1667,100,100,120,-1,120,-1,130,-1,0,104,104,104,104,120,500,100,100,0,0,0,0,0,0,0,0,0,0,0,0,40,0,0,0,0,0,2,0,0,0,0,0,1,0,0,2,255,2,255,0,255,0,0,0,0,0,0,0,0,0,0,0,2,1,0,0,0,0,0,0,0,0,0,0,-1,-1,2100,2010,-1,-1,-1,-1,-1,-1,-1,-1,-1,-1,-1,-1,-1,-1,-1,-1,-1,-1,-1,-1,-1,-1,-1,-1,-1,-1,-1,-1,0,0,0,0,0,0,0,0,0,0,0,0,-1,-1,-1,-1,-1,-1,-1,-1,-1,-1,-1,-1,-1,-1,-1,-1,-1,-1,-1,-1,-1,-1,-1,-1,0,0,0,0,0,0,0,0,0,0,0,0,0,0,0,0,0,0,0,0,0,0,0,0,255,139,139,104,0,0,0,0,0,0,0,100,100,100,100,0,0,100,-1,0,100,100,0,1,1,-1,0,0,130,0,[0|0|0],1600010,0,120,[0|0|0|0|0|0|0|0|0|0]
1621220,Swift Spear - Attack,0.2,0.3,0.08,0,0.75,0.08,6903,-1,-1,1665,1667,100,100,120,-1,120,-1,130,-1,0,105,105,105,105,120,500,100,100,0,0,0,0,0,0,0,0,0,0,0,0,40,0,0,0,0,0,2,0,0,0,0,0,1,0,0,2,255,2,255,0,255,0,0,0,0,0,0,0,0,0,0,0,0,1,0,0,0,0,0,0,0,0,0,0,-1,-1,2100,2010,-1,-1,-1,-1,-1,-1,-1,-1,-1,-1,-1,-1,-1,-1,-1,-1,-1,-1,-1,-1,-1,-1,-1,-1,-1,-1,-1,-1,0,0,0,0,0,0,0,0,0,0,0,0,-1,-1,-1,-1,-1,-1,-1,-1,-1,-1,-1,-1,-1,-1,-1,-1,-1,-1,-1,-1,-1,-1,-1,-1,0,0,0,0,0,0,0,0,0,0,0,0,0,0,0,0,0,0,0,0,0,0,0,0,255,139,139,105,0,0,0,0,0,0,0,100,100,100,100,0,0,100,-1,0,100,100,0,1,1,-1,0,0,130,0,[0|0|0],1600010,0,120,[0|0|0|0|0|0|0|0|0|0]
1621221,Swift Spear - Attack,0.2,0.3,0.08,0,0.75,0.08,6903,-1,-1,1665,1667,100,100,120,-1,120,-1,130,-1,0,105,105,105,105,120,500,100,100,0,0,0,0,0,0,0,0,0,0,0,0,40,0,0,0,0,0,2,0,0,0,0,0,1,0,0,2,255,2,255,0,255,0,0,0,0,0,0,0,0,0,0,0,0,1,0,0,0,0,0,0,0,0,0,0,-1,-1,2100,2010,-1,-1,-1,-1,-1,-1,-1,-1,-1,-1,-1,-1,-1,-1,-1,-1,-1,-1,-1,-1,-1,-1,-1,-1,-1,-1,-1,-1,0,0,0,0,0,0,0,0,0,0,0,0,-1,-1,-1,-1,-1,-1,-1,-1,-1,-1,-1,-1,-1,-1,-1,-1,-1,-1,-1,-1,-1,-1,-1,-1,0,0,0,0,0,0,0,0,0,0,0,0,0,0,0,0,0,0,0,0,0,0,0,0,255,139,139,105,0,0,0,0,0,0,0,100,100,100,100,0,0,100,-1,0,100,100,0,1,1,-1,0,0,130,0,[0|0|0],1600010,0,120,[0|0|0|0|0|0|0|0|0|0]
1621230,Swift Spear - Attack,0.2,0.3,0.08,0,0.75,0.08,6903,-1,-1,1665,1667,100,100,120,-1,120,-1,130,-1,0,113,113,113,113,120,500,100,100,104,0,0,0,0,0,0,0,0,0,0,0,40,0,0,0,0,0,2,0,0,0,0,0,1,0,0,2,255,2,255,0,255,0,0,0,0,0,0,0,0,0,0,0,1,1,0,0,0,0,0,0,0,0,0,0,-1,-1,2100,2010,-1,-1,-1,-1,-1,-1,-1,-1,-1,-1,-1,-1,-1,-1,-1,-1,-1,-1,-1,-1,-1,-1,-1,-1,-1,-1,-1,-1,0,0,0,0,0,0,0,0,0,0,0,0,-1,-1,-1,-1,-1,-1,-1,-1,-1,-1,-1,-1,-1,-1,-1,-1,-1,-1,-1,-1,-1,-1,-1,-1,0,0,0,0,0,0,0,0,0,0,0,0,0,0,0,0,0,0,0,0,0,0,0,0,255,139,139,113,0,0,0,0,0,0,0,100,100,100,100,0,0,100,-1,0,100,100,0,1,1,-1,0,0,260,0,[0|0|0],1600010,0,120,[0|0|0|0|0|0|0|0|0|0]
1621400,Swift Spear - Attack,0.2,0.3,0.08,0,0.75,0.08,6903,-1,-1,-1,1667,100,100,120,-1,120,-1,130,-1,0,100,100,100,100,100,100,100,100,0,0,0,0,0,0,0,0,0,0,0,0,20,0,0,0,0,0,2,0,0,0,0,0,1,0,0,2,255,2,255,0,255,0,0,0,0,0,0,0,0,0,0,0,0,1,0,0,0,0,0,0,0,0,0,0,-1,-1,2100,2010,-1,-1,-1,-1,-1,-1,-1,-1,-1,-1,-1,-1,-1,-1,-1,-1,-1,-1,-1,-1,-1,-1,-1,-1,-1,-1,-1,-1,0,0,0,0,0,0,0,0,0,0,0,0,-1,-1,-1,-1,-1,-1,-1,-1,-1,-1,-1,-1,-1,-1,-1,-1,-1,-1,-1,-1,-1,-1,-1,-1,0,0,0,0,0,0,0,0,0,0,0,0,0,0,0,0,0,0,0,0,0,0,0,0,255,139,139,100,0,0,0,0,0,0,0,100,100,100,100,0,0,100,-1,0,100,100,0,1,1,-1,0,0,100,0,[0|0|0],1600000,0,0,[0|0|0|0|0|0|0|0|0|0]
1621401,Swift Spear - Attack,0.2,0.3,0.08,0,0.75,0.08,6903,-1,-1,-1,1667,100,100,120,-1,120,-1,130,-1,0,100,100,100,100,100,100,100,100,0,0,0,0,0,0,0,0,0,0,0,0,20,0,0,0,0,0,2,0,0,0,0,0,1,0,0,2,255,2,255,0,255,0,0,0,0,0,0,0,0,0,0,0,0,1,0,0,0,0,0,0,0,0,0,0,-1,-1,2100,2010,-1,-1,-1,-1,-1,-1,-1,-1,-1,-1,-1,-1,-1,-1,-1,-1,-1,-1,-1,-1,-1,-1,-1,-1,-1,-1,-1,-1,0,0,0,0,0,0,0,0,0,0,0,0,-1,-1,-1,-1,-1,-1,-1,-1,-1,-1,-1,-1,-1,-1,-1,-1,-1,-1,-1,-1,-1,-1,-1,-1,0,0,0,0,0,0,0,0,0,0,0,0,0,0,0,0,0,0,0,0,0,0,0,0,255,139,139,100,0,0,0,0,0,0,0,100,100,100,100,0,0,100,-1,0,100,100,0,1,1,-1,0,0,100,0,[0|0|0],1600000,0,0,[0|0|0|0|0|0|0|0|0|0]
1621410,Swift Spear - Attack,0.2,0.3,0.08,0,0.75,0.08,6903,-1,-1,-1,1667,100,100,120,-1,120,-1,130,-1,0,101,101,101,101,100,100,100,100,0,0,0,0,0,0,0,0,0,0,0,0,20,0,0,0,0,0,2,0,0,0,0,0,1,0,0,2,255,2,255,0,255,0,0,0,0,0,0,0,0,0,0,0,2,1,0,0,0,0,0,0,0,0,0,0,-1,-1,2100,2010,-1,-1,-1,-1,-1,-1,-1,-1,-1,-1,-1,-1,-1,-1,-1,-1,-1,-1,-1,-1,-1,-1,-1,-1,-1,-1,-1,-1,0,0,0,0,0,0,0,0,0,0,0,0,-1,-1,-1,-1,-1,-1,-1,-1,-1,-1,-1,-1,-1,-1,-1,-1,-1,-1,-1,-1,-1,-1,-1,-1,0,0,0,0,0,0,0,0,0,0,0,0,0,0,0,0,0,0,0,0,0,0,0,0,255,139,139,101,0,0,0,0,0,0,0,100,100,100,100,0,0,100,-1,0,100,100,0,1,1,-1,0,0,100,0,[0|0|0],1600010,0,0,[0|0|0|0|0|0|0|0|0|0]
1621411,Swift Spear - Attack,0.2,0.3,0.08,0,0.75,0.08,6903,-1,-1,-1,1667,100,100,120,-1,120,-1,130,-1,0,101,101,101,101,100,100,100,100,0,0,0,0,0,0,0,0,0,0,0,0,20,0,0,0,0,0,2,0,0,0,0,0,1,0,0,2,255,2,255,0,255,0,0,0,0,0,0,0,0,0,0,0,2,1,0,0,0,0,0,0,0,0,0,0,-1,-1,2100,2010,-1,-1,-1,-1,-1,-1,-1,-1,-1,-1,-1,-1,-1,-1,-1,-1,-1,-1,-1,-1,-1,-1,-1,-1,-1,-1,-1,-1,0,0,0,0,0,0,0,0,0,0,0,0,-1,-1,-1,-1,-1,-1,-1,-1,-1,-1,-1,-1,-1,-1,-1,-1,-1,-1,-1,-1,-1,-1,-1,-1,0,0,0,0,0,0,0,0,0,0,0,0,0,0,0,0,0,0,0,0,0,0,0,0,255,139,139,101,0,0,0,0,0,0,0,100,100,100,100,0,0,100,-1,0,100,100,0,1,1,-1,0,0,100,0,[0|0|0],1600010,0,0,[0|0|0|0|0|0|0|0|0|0]
1621412,Swift Spear - Attack,0.2,0.3,0.08,0,0.75,0.08,6903,-1,-1,-1,1667,100,100,120,-1,120,-1,130,-1,0,101,101,101,101,100,100,100,100,0,0,0,0,0,0,0,0,0,0,0,0,20,0,0,0,0,0,2,0,0,0,0,0,1,0,0,2,255,2,255,0,255,0,0,0,0,0,0,0,0,0,0,0,2,1,0,0,0,0,0,0,0,0,0,0,-1,-1,2100,2010,-1,-1,-1,-1,-1,-1,-1,-1,-1,-1,-1,-1,-1,-1,-1,-1,-1,-1,-1,-1,-1,-1,-1,-1,-1,-1,-1,-1,0,0,0,0,0,0,0,0,0,0,0,0,-1,-1,-1,-1,-1,-1,-1,-1,-1,-1,-1,-1,-1,-1,-1,-1,-1,-1,-1,-1,-1,-1,-1,-1,0,0,0,0,0,0,0,0,0,0,0,0,0,0,0,0,0,0,0,0,0,0,0,0,255,139,139,101,0,0,0,0,0,0,0,100,100,100,100,0,0,100,-1,0,100,100,0,1,1,-1,0,0,100,0,[0|0|0],1600010,0,0,[0|0|0|0|0|0|0|0|0|0]
1621420,Swift Spear - Attack,0.2,0.3,0.08,0,0.75,0.08,6903,-1,-1,-1,1667,100,100,120,-1,120,-1,130,-1,0,102,102,102,102,100,100,100,100,0,0,0,0,0,0,0,0,0,0,0,0,20,0,0,0,0,0,2,0,0,0,0,0,1,0,0,2,255,2,255,0,255,0,0,0,0,0,0,0,0,0,0,0,0,1,0,0,0,0,0,0,0,0,0,0,-1,-1,2100,2010,-1,-1,-1,-1,-1,-1,-1,-1,-1,-1,-1,-1,-1,-1,-1,-1,-1,-1,-1,-1,-1,-1,-1,-1,-1,-1,-1,-1,0,0,0,0,0,0,0,0,0,0,0,0,-1,-1,-1,-1,-1,-1,-1,-1,-1,-1,-1,-1,-1,-1,-1,-1,-1,-1,-1,-1,-1,-1,-1,-1,0,0,0,0,0,0,0,0,0,0,0,0,0,0,0,0,0,0,0,0,0,0,0,0,255,139,139,102,0,0,0,0,0,0,0,100,100,100,100,0,0,100,-1,0,100,100,0,1,1,-1,0,0,100,0,[0|0|0],1600010,0,0,[0|0|0|0|0|0|0|0|0|0]
1621421,Swift Spear - Attack,0.2,0.3,0.08,0,0.75,0.08,6903,-1,-1,-1,1667,100,100,120,-1,120,-1,130,-1,0,102,102,102,102,100,100,100,100,0,0,0,0,0,0,0,0,0,0,0,0,20,0,0,0,0,0,2,0,0,0,0,0,1,0,0,2,255,2,255,0,255,0,0,0,0,0,0,0,0,0,0,0,0,1,0,0,0,0,0,0,0,0,0,0,-1,-1,2100,2010,-1,-1,-1,-1,-1,-1,-1,-1,-1,-1,-1,-1,-1,-1,-1,-1,-1,-1,-1,-1,-1,-1,-1,-1,-1,-1,-1,-1,0,0,0,0,0,0,0,0,0,0,0,0,-1,-1,-1,-1,-1,-1,-1,-1,-1,-1,-1,-1,-1,-1,-1,-1,-1,-1,-1,-1,-1,-1,-1,-1,0,0,0,0,0,0,0,0,0,0,0,0,0,0,0,0,0,0,0,0,0,0,0,0,255,139,139,102,0,0,0,0,0,0,0,100,100,100,100,0,0,100,-1,0,100,100,0,1,1,-1,0,0,100,0,[0|0|0],1600010,0,0,[0|0|0|0|0|0|0|0|0|0]
1621430,Swift Spear - Attack,0.2,0.3,0.08,0,0.75,0.08,6903,-1,-1,-1,1667,100,100,120,-1,120,-1,130,-1,0,110,110,110,110,100,100,100,100,104,0,0,0,0,0,0,0,0,0,0,0,20,0,0,0,0,0,2,0,0,0,0,0,1,0,0,2,255,2,255,0,255,0,0,0,0,0,0,0,0,0,0,0,1,1,0,0,0,0,0,0,0,0,0,0,-1,-1,2100,2010,-1,-1,-1,-1,-1,-1,-1,-1,-1,-1,-1,-1,-1,-1,-1,-1,-1,-1,-1,-1,-1,-1,-1,-1,-1,-1,-1,-1,0,0,0,0,0,0,0,0,0,0,0,0,-1,-1,-1,-1,-1,-1,-1,-1,-1,-1,-1,-1,-1,-1,-1,-1,-1,-1,-1,-1,-1,-1,-1,-1,0,0,0,0,0,0,0,0,0,0,0,0,0,0,0,0,0,0,0,0,0,0,0,0,255,139,139,110,0,0,0,0,0,0,0,100,100,100,100,0,0,100,-1,0,100,100,0,1,1,-1,0,0,200,0,[0|0|0],1600010,0,0,[0|0|0|0|0|0|0|0|0|0]
2120100,Golem Fist - Bullet,0.4,0,0,0,0.4,0.08,6902,-1,-1,-1,1667,10120,-1,-1,-1,-1,-1,-1,-1,0,105,105,105,105,60,400,100,100,0,0,0,0,0,0,0,0,0,0,0,0,10,0,0,0,0,0,0,0,0,0,0,0,1,0,0,1,255,1,255,0,255,0,0,0,0,0,0,0,0,0,0,0,3,1,0,0,0,0,0,0,0,0,0,0,-1,-1,2100,2010,-1,-1,-1,-1,-1,-1,-1,-1,-1,-1,-1,-1,-1,-1,-1,-1,-1,-1,-1,-1,-1,-1,-1,-1,-1,-1,-1,-1,0,0,0,0,0,0,0,0,0,0,0,0,-1,-1,-1,-1,-1,-1,-1,-1,-1,-1,-1,-1,-1,-1,-1,-1,-1,-1,-1,-1,-1,-1,-1,-1,0,0,0,0,0,0,0,0,0,0,0,0,0,0,0,0,0,0,0,0,0,0,0,0,255,139,139,105,0,0,0,0,0,0,3,100,100,100,100,0,0,100,-1,0,100,130,0,1,1,-1,0,0,100,0,[0|0|0],2100000,0,0,[0|0|0|0|0|0|0|0|0|0]
2120101,Golem Fist - Bullet,0.4,0,0,0,1,0.08,6902,-1,-1,-1,1667,10120,-1,-1,-1,-1,-1,-1,-1,0,50,50,50,50,60,400,100,100,0,0,0,0,0,0,0,0,0,0,0,0,10,0,0,0,0,0,0,0,0,0,0,0,2,0,0,1,255,1,255,0,255,0,0,0,0,0,0,0,0,0,0,0,4,1,0,0,0,0,0,0,0,0,0,0,-1,-1,2100,2010,-1,-1,-1,-1,-1,-1,-1,-1,-1,-1,-1,-1,-1,-1,-1,-1,-1,-1,-1,-1,-1,-1,-1,-1,-1,-1,-1,-1,0,0,0,0,0,0,0,0,0,0,0,0,-1,-1,-1,-1,-1,-1,-1,-1,-1,-1,-1,-1,-1,-1,-1,-1,-1,-1,-1,-1,-1,-1,-1,-1,0,0,0,0,0,0,0,0,0,0,0,0,0,0,0,0,0,0,0,0,0,0,0,0,255,139,139,50,0,0,0,0,0,0,3,50,100,100,100,0,0,100,-1,0,100,50,0,1,1,-1,0,0,100,0,[0|0|0],2100010,0,0,[0|0|0|0|0|0|0|0|0|0]
2120105,Golem Fist - Bullet,0.4,0,0,0,0.9,0.08,6902,-1,-1,-1,1667,10120,-1,-1,-1,-1,-1,-1,-1,0,125,125,125,125,85,400,100,100,0,0,0,0,0,0,0,0,0,0,0,0,10,0,0,0,0,0,0,0,0,0,0,0,1,0,0,1,255,1,255,0,255,0,0,0,0,0,0,0,0,0,0,0,3,1,0,0,0,0,0,0,0,0,0,0,-1,-1,2100,2010,-1,-1,-1,-1,-1,-1,-1,-1,-1,-1,-1,-1,-1,-1,-1,-1,-1,-1,-1,-1,-1,-1,-1,-1,-1,-1,-1,-1,0,0,0,0,0,0,0,0,0,0,0,0,-1,-1,-1,-1,-1,-1,-1,-1,-1,-1,-1,-1,-1,-1,-1,-1,-1,-1,-1,-1,-1,-1,-1,-1,0,0,0,0,0,0,0,0,0,0,0,0,0,0,0,0,0,0,0,0,0,0,0,0,255,139,139,125,0,0,0,0,0,0,3,100,100,100,100,0,0,100,-1,0,100,150,0,1,1,-1,0,0,300,0,[0|0|0],2100010,0,0,[0|0|0|0|0|0|0|0|0|0]
2120106,Golem Fist - Bullet,0.4,0,0,0,0.9,0.08,6902,-1,-1,-1,1667,10120,-1,-1,-1,-1,-1,-1,-1,0,60,60,60,60,85,400,100,100,0,0,0,0,0,0,0,0,0,0,0,0,10,0,0,0,0,0,0,0,0,0,0,0,2,0,0,1,255,1,255,0,255,0,0,0,0,0,0,0,0,0,0,0,4,1,0,0,0,0,0,0,0,0,0,0,-1,-1,2100,2010,-1,-1,-1,-1,-1,-1,-1,-1,-1,-1,-1,-1,-1,-1,-1,-1,-1,-1,-1,-1,-1,-1,-1,-1,-1,-1,-1,-1,0,0,0,0,0,0,0,0,0,0,0,0,-1,-1,-1,-1,-1,-1,-1,-1,-1,-1,-1,-1,-1,-1,-1,-1,-1,-1,-1,-1,-1,-1,-1,-1,0,0,0,0,0,0,0,0,0,0,0,0,0,0,0,0,0,0,0,0,0,0,0,0,255,139,139,60,0,0,0,0,0,0,3,50,100,100,100,0,0,100,-1,0,100,50,0,1,1,-1,0,0,300,0,[0|0|0],2100010,0,0,[0|0|0|0|0|0|0|0|0|0]
2120300,Golem Fist - Bullet,0.4,0,0,0,0.4,0.08,6902,-1,-1,-1,1667,10120,-1,-1,-1,-1,-1,-1,-1,0,105,105,105,105,100,400,100,100,0,0,0,0,0,0,0,0,0,0,0,0,10,0,0,0,0,0,0,0,0,0,0,0,1,0,0,1,255,1,255,0,255,0,0,0,0,0,0,0,0,0,0,0,3,1,0,0,0,0,0,0,0,0,0,0,-1,-1,2100,2010,-1,-1,-1,-1,-1,-1,-1,-1,-1,-1,-1,-1,-1,-1,-1,-1,-1,-1,-1,-1,-1,-1,-1,-1,-1,-1,-1,-1,0,0,0,0,0,0,0,0,0,0,0,0,-1,-1,-1,-1,-1,-1,-1,-1,-1,-1,-1,-1,-1,-1,-1,-1,-1,-1,-1,-1,-1,-1,-1,-1,0,0,0,0,0,0,0,0,0,0,0,0,0,0,0,0,0,0,0,0,0,0,0,0,255,139,139,105,0,0,0,0,0,0,3,100,100,100,100,0,0,100,-1,0,100,130,0,1,1,-1,0,0,100,0,[0|0|0],2100000,0,0,[0|0|0|0|0|0|0|0|0|0]
2120301,Golem Fist - Bullet,0.4,0,0,0,1,0.08,6902,-1,-1,-1,1667,10120,-1,-1,-1,-1,-1,-1,-1,0,50,50,50,50,100,400,100,100,0,0,0,0,0,0,0,0,0,0,0,0,10,0,0,0,0,0,0,0,0,0,0,0,2,0,0,1,255,1,255,0,255,0,0,0,0,0,0,0,0,0,0,0,4,1,0,0,0,0,0,0,0,0,0,0,-1,-1,2100,2010,-1,-1,-1,-1,-1,-1,-1,-1,-1,-1,-1,-1,-1,-1,-1,-1,-1,-1,-1,-1,-1,-1,-1,-1,-1,-1,-1,-1,0,0,0,0,0,0,0,0,0,0,0,0,-1,-1,-1,-1,-1,-1,-1,-1,-1,-1,-1,-1,-1,-1,-1,-1,-1,-1,-1,-1,-1,-1,-1,-1,0,0,0,0,0,0,0,0,0,0,0,0,0,0,0,0,0,0,0,0,0,0,0,0,255,139,139,50,0,0,0,0,0,0,3,50,100,100,100,0,0,100,-1,0,100,50,0,1,1,-1,0,0,100,0,[0|0|0],2100010,0,0,[0|0|0|0|0|0|0|0|0|0]
2120305,Golem Fist - Bullet,0.4,0,0,0,0.9,0.08,6902,-1,-1,-1,1667,10120,-1,-1,-1,-1,-1,-1,-1,0,78,78,78,78,75,400,100,100,0,0,0,0,0,0,0,0,0,0,0,0,10,0,0,0,0,0,0,0,0,0,0,0,1,0,0,1,255,1,255,0,255,0,0,0,0,0,0,0,0,0,0,0,3,1,0,0,0,0,0,0,0,0,0,0,-1,-1,2100,2010,-1,-1,-1,-1,-1,-1,-1,-1,-1,-1,-1,-1,-1,-1,-1,-1,-1,-1,-1,-1,-1,-1,-1,-1,-1,-1,-1,-1,0,0,0,0,0,0,0,0,0,0,0,0,-1,-1,-1,-1,-1,-1,-1,-1,-1,-1,-1,-1,-1,-1,-1,-1,-1,-1,-1,-1,-1,-1,-1,-1,0,0,0,0,0,0,0,0,0,0,0,0,0,0,0,0,0,0,0,0,0,0,0,0,255,139,139,78,0,0,0,0,0,0,3,100,100,100,100,0,0,100,-1,0,100,150,0,1,1,-1,0,0,160,0,[0|0|0],2100010,0,0,[0|0|0|0|0|0|0|0|0|0]
2120306,Golem Fist - Bullet,0.4,0,0,0,0.9,0.08,6902,-1,-1,-1,1667,21120,-1,-1,-1,-1,-1,-1,-1,0,78,78,78,78,75,400,100,100,0,0,0,0,0,0,0,0,0,0,0,0,10,0,0,0,0,0,0,0,0,0,0,0,1,0,0,1,255,1,255,0,255,0,0,0,0,0,0,0,0,0,0,0,4,1,0,0,0,0,0,0,0,0,0,0,-1,-1,2100,2010,-1,-1,-1,-1,-1,-1,-1,-1,-1,-1,-1,-1,-1,-1,-1,-1,-1,-1,-1,-1,-1,-1,-1,-1,-1,-1,-1,-1,0,0,0,0,0,0,0,0,0,0,0,0,-1,-1,-1,-1,-1,-1,-1,-1,-1,-1,-1,-1,-1,-1,-1,-1,-1,-1,-1,-1,-1,-1,-1,-1,0,0,0,0,0,0,0,0,0,0,0,0,0,0,0,0,0,0,0,0,0,0,0,0,255,139,139,78,0,0,0,0,0,0,3,50,100,100,100,0,0,100,-1,0,100,50,0,1,1,-1,0,0,160,0,[0|0|0],2100010,0,0,[0|0|0|0|0|0|0|0|0|0]
2120307,Golem Fist - Bullet,0.4,0,0,0,0.4,0.08,6902,-1,-1,-1,1667,10120,-1,-1,-1,-1,-1,-1,-1,0,43,43,43,43,75,400,100,100,0,0,0,0,0,0,0,0,0,0,0,0,10,0,0,0,0,0,0,0,0,0,0,0,2,0,0,1,255,1,255,0,255,0,0,0,0,0,0,0,0,0,0,0,3,1,0,0,0,0,0,0,0,0,0,0,-1,-1,2100,2010,-1,-1,-1,-1,-1,-1,-1,-1,-1,-1,-1,-1,-1,-1,-1,-1,-1,-1,-1,-1,-1,-1,-1,-1,-1,-1,-1,-1,0,0,0,0,0,0,0,0,0,0,0,0,-1,-1,-1,-1,-1,-1,-1,-1,-1,-1,-1,-1,-1,-1,-1,-1,-1,-1,-1,-1,-1,-1,-1,-1,0,0,0,0,0,0,0,0,0,0,0,0,0,0,0,0,0,0,0,0,0,0,0,0,255,139,139,43,0,0,0,0,0,0,3,100,100,100,100,0,0,100,-1,0,100,100,0,1,1,-1,0,0,160,0,[0|0|0],2100000,0,0,[0|0|0|0|0|0|0|0|0|0]
2120308,Golem Fist - Bullet,0.4,0,0,0,1,0.08,6902,-1,-1,-1,1667,21120,-1,-1,-1,-1,-1,-1,-1,0,43,43,43,43,75,400,100,100,0,0,0,0,0,0,0,0,0,0,0,0,10,0,0,0,0,0,0,0,0,0,0,0,2,0,0,1,255,1,255,0,255,0,0,0,0,0,0,0,0,0,0,0,4,1,0,0,0,0,0,0,0,0,0,0,-1,-1,2100,2010,-1,-1,-1,-1,-1,-1,-1,-1,-1,-1,-1,-1,-1,-1,-1,-1,-1,-1,-1,-1,-1,-1,-1,-1,-1,-1,-1,-1,0,0,0,0,0,0,0,0,0,0,0,0,-1,-1,-1,-1,-1,-1,-1,-1,-1,-1,-1,-1,-1,-1,-1,-1,-1,-1,-1,-1,-1,-1,-1,-1,0,0,0,0,0,0,0,0,0,0,0,0,0,0,0,0,0,0,0,0,0,0,0,0,255,139,139,43,0,0,0,0,0,0,3,50,100,100,100,0,0,100,-1,0,100,100,0,1,1,-1,0,0,160,0,[0|0|0],2100010,0,0,[0|0|0|0|0|0|0|0|0|0]
2122000,Pata - Attack,0.4,0,0,0,0.5,0.08,6902,-1,-1,1665,-1,110,-1,-1,-1,100,-1,-1,-1,0,100,100,100,100,100,100,100,100,0,0,0,0,0,0,0,0,0,0,0,0,10,0,0,0,0,0,0,0,0,0,0,0,8,0,0,3,255,0,255,0,255,0,0,0,0,0,0,0,0,0,0,0,4,1,0,0,0,0,0,0,0,0,0,0,-1,-1,2100,2010,-1,-1,-1,-1,-1,-1,-1,-1,-1,-1,-1,-1,-1,-1,-1,-1,-1,-1,-1,-1,-1,-1,-1,-1,-1,-1,-1,-1,0,0,0,0,0,0,0,0,0,0,0,0,-1,-1,-1,-1,-1,-1,-1,-1,-1,-1,-1,-1,-1,-1,-1,-1,-1,-1,-1,-1,-1,-1,-1,-1,0,0,0,0,0,0,0,0,0,0,0,0,0,0,0,0,0,0,0,0,0,0,0,0,255,139,139,100,0,0,0,0,0,0,0,100,100,100,100,0,0,100,-1,0,100,100,0,1,1,-1,0,0,100,0,[0|0|0],2100000,0,0,[0|0|0|0|0|0|0|0|0|0]
2122010,Pata - Attack,0.5,0,0,0,0.9,0.08,6902,-1,-1,1665,-1,110,-1,-1,-1,100,-1,-1,-1,0,101,101,101,101,100,100,100,100,0,0,0,0,0,0,0,0,0,0,0,0,10,0,0,0,0,0,0,0,0,0,0,0,8,0,0,3,255,0,255,0,255,0,0,0,0,0,0,0,0,0,0,0,3,1,0,0,0,0,0,0,0,0,0,0,-1,-1,2100,2010,-1,-1,-1,-1,-1,-1,-1,-1,-1,-1,-1,-1,-1,-1,-1,-1,-1,-1,-1,-1,-1,-1,-1,-1,-1,-1,-1,-1,0,0,0,0,0,0,0,0,0,0,0,0,-1,-1,-1,-1,-1,-1,-1,-1,-1,-1,-1,-1,-1,-1,-1,-1,-1,-1,-1,-1,-1,-1,-1,-1,0,0,0,0,0,0,0,0,0,0,0,0,0,0,0,0,0,0,0,0,0,0,0,0,255,139,139,101,0,0,0,0,0,0,0,100,100,100,100,0,0,100,-1,0,100,100,0,1,1,-1,0,0,100,0,[0|0|0],2100010,0,0,[0|0|0|0|0|0|0|0|0|0]
2122020,Pata - Attack,0.4,0,0,0,1.1,0.08,6902,-1,-1,1665,-1,110,-1,-1,-1,100,-1,-1,-1,0,102,102,102,102,100,100,100,100,0,0,0,0,0,0,0,0,0,0,0,0,10,0,0,0,0,0,0,0,0,0,0,0,8,0,0,3,255,0,255,0,255,0,0,0,0,0,0,0,0,0,0,0,4,1,0,0,0,0,0,0,0,0,0,0,-1,-1,2100,2010,-1,-1,-1,-1,-1,-1,-1,-1,-1,-1,-1,-1,-1,-1,-1,-1,-1,-1,-1,-1,-1,-1,-1,-1,-1,-1,-1,-1,0,0,0,0,0,0,0,0,0,0,0,0,-1,-1,-1,-1,-1,-1,-1,-1,-1,-1,-1,-1,-1,-1,-1,-1,-1,-1,-1,-1,-1,-1,-1,-1,0,0,0,0,0,0,0,0,0,0,0,0,0,0,0,0,0,0,0,0,0,0,0,0,255,139,139,102,0,0,0,0,0,0,0,100,100,100,100,0,0,100,-1,0,100,105,0,1,1,-1,0,0,100,0,[0|0|0],2100010,0,0,[0|0|0|0|0|0|0|0|0|0]
2122030,Pata - Attack,0.4,0,0,0,0.9,0.08,6902,-1,-1,1665,-1,110,-1,-1,-1,100,-1,-1,-1,0,103,103,103,103,100,100,100,100,0,0,0,0,0,0,0,0,0,0,0,0,10,0,0,0,0,0,0,0,0,0,0,0,8,0,0,3,255,0,255,0,255,0,0,0,0,0,0,0,0,0,0,0,3,1,0,0,0,0,0,0,0,0,0,0,-1,-1,2100,2010,-1,-1,-1,-1,-1,-1,-1,-1,-1,-1,-1,-1,-1,-1,-1,-1,-1,-1,-1,-1,-1,-1,-1,-1,-1,-1,-1,-1,0,0,0,0,0,0,0,0,0,0,0,0,-1,-1,-1,-1,-1,-1,-1,-1,-1,-1,-1,-1,-1,-1,-1,-1,-1,-1,-1,-1,-1,-1,-1,-1,0,0,0,0,0,0,0,0,0,0,0,0,0,0,0,0,0,0,0,0,0,0,0,0,255,139,139,103,0,0,0,0,0,0,0,100,100,100,100,0,0,100,-1,0,100,105,0,1,1,-1,0,0,100,0,[0|0|0],2100010,0,0,[0|0|0|0|0|0|0|0|0|0]
2122040,Pata - Attack,0.4,0,0,0,0.9,0.08,6902,-1,-1,1665,-1,110,-1,-1,-1,100,-1,-1,-1,0,104,104,104,104,100,100,100,100,0,0,0,0,0,0,0,0,0,0,0,0,10,0,0,0,0,0,0,0,0,0,0,0,1,0,0,2,255,2,255,0,255,0,0,0,0,0,0,0,0,0,0,0,2,1,0,0,0,0,0,0,0,0,0,0,-1,-1,2100,2010,-1,-1,-1,-1,-1,-1,-1,-1,-1,-1,-1,-1,-1,-1,-1,-1,-1,-1,-1,-1,-1,-1,-1,-1,-1,-1,-1,-1,0,0,0,0,0,0,0,0,0,0,0,0,-1,-1,-1,-1,-1,-1,-1,-1,-1,-1,-1,-1,-1,-1,-1,-1,-1,-1,-1,-1,-1,-1,-1,-1,0,0,0,0,0,0,0,0,0,0,0,0,0,0,0,0,0,0,0,0,0,0,0,0,255,139,139,104,0,0,0,0,0,0,0,100,100,100,100,0,0,100,-1,0,100,105,0,1,1,-1,0,0,100,0,[0|0|0],2100010,0,0,[0|0|0|0|0|0|0|0|0|0]
2122050,Pata - Attack,0.4,0,0,0,0.8,0.08,6902,-1,-1,1665,-1,110,-1,-1,-1,100,-1,-1,-1,0,110,110,110,110,100,100,100,100,104,0,0,0,0,0,0,0,0,0,0,0,10,0,0,0,0,0,0,0,0,0,0,0,1,0,0,2,255,2,255,0,255,0,0,0,0,0,0,0,0,0,0,0,0,1,0,0,0,0,0,0,0,0,0,0,-1,-1,2100,2010,-1,-1,-1,-1,-1,-1,-1,-1,-1,-1,-1,-1,-1,-1,-1,-1,-1,-1,-1,-1,-1,-1,-1,-1,-1,-1,-1,-1,0,0,0,0,0,0,0,0,0,0,0,0,-1,-1,-1,-1,-1,-1,-1,-1,-1,-1,-1,-1,-1,-1,-1,-1,-1,-1,-1,-1,-1,-1,-1,-1,0,0,0,0,0,0,0,0,0,0,0,0,0,0,0,0,0,0,0,0,0,0,0,0,255,139,139,110,0,0,0,0,0,0,0,100,100,100,100,0,0,100,-1,0,100,110,0,1,1,-1,0,0,200,0,[0|0|0],2100010,0,0,[0|0|0|0|0|0|0|0|0|0]
2122100,Pata - Attack,0.4,0.2,0,0,0.6,0.08,6904,-1,-1,1665,-1,110,120,-1,-1,100,-1,-1,-1,0,120,120,120,120,140,120,100,100,0,0,0,0,0,0,0,0,0,0,0,0,10,0,0,0,0,2,0,0,0,0,0,0,1,0,0,2,255,2,255,0,255,0,0,0,0,0,0,0,0,0,0,0,0,1,0,0,0,0,0,0,0,0,0,0,-1,-1,2100,2010,-1,-1,-1,-1,-1,-1,-1,-1,-1,-1,-1,-1,-1,-1,-1,-1,-1,-1,-1,-1,-1,-1,-1,-1,-1,-1,-1,-1,0,0,0,0,0,0,0,0,0,0,0,0,-1,-1,-1,-1,-1,-1,-1,-1,-1,-1,-1,-1,-1,-1,-1,-1,-1,-1,-1,-1,-1,-1,-1,-1,0,0,0,0,0,0,0,0,0,0,0,0,0,0,0,0,0,0,0,0,0,0,0,0,255,139,139,120,0,0,0,0,0,0,0,100,100,100,100,0,0,100,-1,0,100,130,0,1,1,-1,0,0,200,0,[0|0|0],2100100,0,0,[0|0|0|0|0|0|0|0|0|0]
2122105,Pata - Attack,0.4,0.2,0,0,0.6,0.08,6906,-1,-1,1665,-1,110,120,-1,-1,100,-1,-1,-1,0,150,150,150,150,200,400,100,100,100,0,0,0,0,0,0,0,0,0,0,0,10,0,0,0,0,2,0,0,0,0,0,0,2,0,0,2,255,2,255,0,255,0,0,0,0,0,0,0,0,0,0,0,0,1,0,0,0,0,0,0,0,0,0,0,-1,-1,2100,2010,-1,-1,-1,-1,-1,-1,-1,-1,-1,-1,-1,-1,-1,-1,-1,-1,-1,-1,-1,-1,-1,-1,-1,-1,-1,-1,-1,-1,0,0,0,0,0,0,0,0,0,0,0,0,-1,-1,-1,-1,-1,-1,-1,-1,-1,-1,-1,-1,-1,-1,-1,-1,-1,-1,-1,-1,-1,-1,-1,-1,0,0,0,0,0,0,0,0,0,0,0,0,0,0,0,0,0,0,0,0,0,0,0,0,255,139,139,150,0,0,0,0,0,0,0,100,100,100,100,0,0,100,-1,0,100,150,0,1,1,-1,0,0,600,0,[0|0|0],2100105,0,0,[0|0|0|0|0|0|0|0|0|0]
2122110,Pata - Attack,0.4,0.2,0,0,1,0.08,6904,-1,-1,1665,-1,110,120,-1,-1,100,-1,-1,-1,0,120,120,120,120,140,120,100,100,0,0,0,0,0,0,0,0,0,0,0,0,10,0,0,0,0,2,0,0,0,0,0,0,2,0,0,2,255,2,255,0,255,0,0,0,0,0,0,0,0,0,0,0,2,1,0,0,0,0,0,0,0,0,0,0,-1,-1,2100,2010,-1,-1,-1,-1,-1,-1,-1,-1,-1,-1,-1,-1,-1,-1,-1,-1,-1,-1,-1,-1,-1,-1,-1,-1,-1,-1,-1,-1,0,0,0,0,0,0,0,0,0,0,0,0,-1,-1,-1,-1,-1,-1,-1,-1,-1,-1,-1,-1,-1,-1,-1,-1,-1,-1,-1,-1,-1,-1,-1,-1,0,0,0,0,0,0,0,0,0,0,0,0,0,0,0,0,0,0,0,0,0,0,0,0,255,139,139,120,0,0,0,0,0,0,0,100,100,100,100,0,0,100,-1,0,100,130,0,1,1,-1,0,0,200,0,[0|0|0],2100100,0,0,[0|0|0|0|0|0|0|0|0|0]
2122115,Pata - Attack,0.4,0.2,0,0,1,0.08,6906,-1,-1,1665,-1,110,120,-1,-1,100,-1,-1,-1,0,150,150,150,150,200,400,100,100,100,0,0,0,0,0,0,0,0,0,0,0,10,0,0,0,0,2,0,0,0,0,0,0,2,0,0,2,255,2,255,0,255,0,0,0,0,0,0,0,0,0,0,0,2,1,0,0,0,0,0,0,0,0,0,0,-1,-1,2100,2010,-1,-1,-1,-1,-1,-1,-1,-1,-1,-1,-1,-1,-1,-1,-1,-1,-1,-1,-1,-1,-1,-1,-1,-1,-1,-1,-1,-1,0,0,0,0,0,0,0,0,0,0,0,0,-1,-1,-1,-1,-1,-1,-1,-1,-1,-1,-1,-1,-1,-1,-1,-1,-1,-1,-1,-1,-1,-1,-1,-1,0,0,0,0,0,0,0,0,0,0,0,0,0,0,0,0,0,0,0,0,0,0,0,0,255,139,139,150,0,0,0,0,0,0,0,100,100,100,100,0,0,100,-1,0,100,150,0,1,1,-1,0,0,600,0,[0|0|0],2100105,0,0,[0|0|0|0|0|0|0|0|0|0]
2122120,Pata - Attack,0.5,0,0,0,1.1,0.08,6903,-1,-1,1665,-1,110,-1,-1,-1,100,-1,-1,-1,0,105,105,105,105,120,120,100,100,0,0,0,0,0,0,0,0,0,0,0,0,10,0,0,0,0,0,0,0,0,0,0,0,1,0,0,3,255,0,255,0,255,0,0,0,0,0,0,0,0,0,0,0,3,1,0,0,0,0,0,0,0,0,0,0,-1,-1,2100,2010,-1,-1,-1,-1,-1,-1,-1,-1,-1,-1,-1,-1,-1,-1,-1,-1,-1,-1,-1,-1,-1,-1,-1,-1,-1,-1,-1,-1,0,0,0,0,0,0,0,0,0,0,0,0,-1,-1,-1,-1,-1,-1,-1,-1,-1,-1,-1,-1,-1,-1,-1,-1,-1,-1,-1,-1,-1,-1,-1,-1,0,0,0,0,0,0,0,0,0,0,0,0,0,0,0,0,0,0,0,0,0,0,0,0,255,139,139,105,0,0,0,0,0,0,0,100,100,100,100,0,0,100,-1,0,100,110,0,1,1,-1,0,0,100,0,[0|0|0],2100000,122,0,[0|0|0|0|0|0|0|0|0|0]
2122125,Pata - Attack,0.5,0.2,0,0,0.7,0.08,6903,-1,-1,1665,-1,110,120,-1,-1,100,-1,-1,-1,0,120,120,120,120,150,400,100,100,0,0,0,0,0,0,0,0,0,0,0,0,10,0,0,0,0,2,0,0,0,0,0,0,2,0,0,2,255,2,255,0,255,0,0,0,0,0,0,0,0,0,0,0,2,1,0,0,0,0,0,0,0,0,0,0,-1,-1,2100,2010,-1,-1,-1,-1,-1,-1,-1,-1,-1,-1,-1,-1,-1,-1,-1,-1,-1,-1,-1,-1,-1,-1,-1,-1,-1,-1,-1,-1,0,0,0,0,0,0,0,0,0,0,0,0,-1,-1,-1,-1,-1,-1,-1,-1,-1,-1,-1,-1,-1,-1,-1,-1,-1,-1,-1,-1,-1,-1,-1,-1,0,0,0,0,0,0,0,0,0,0,0,0,0,0,0,0,0,0,0,0,0,0,0,0,255,139,139,120,0,0,0,0,0,0,0,100,100,100,100,0,0,100,-1,0,100,130,0,1,1,-1,0,0,200,0,[0|0|0],2100000,122,0,[0|0|0|0|0|0|0|0|0|0]
2122130,Pata - Attack,0.4,0,0,0,0.7,0.08,6903,-1,-1,1665,-1,110,-1,-1,-1,100,-1,-1,-1,0,90,90,90,90,110,200,100,100,0,0,0,0,0,0,0,0,0,0,0,0,10,0,0,0,0,0,0,0,0,0,0,0,8,0,0,3,255,0,255,0,255,0,0,0,0,0,0,0,0,0,0,0,2,1,0,0,0,0,0,0,0,0,0,0,-1,-1,2100,2010,-1,-1,-1,-1,-1,-1,-1,-1,-1,-1,-1,-1,-1,-1,-1,-1,-1,-1,-1,-1,-1,-1,-1,-1,-1,-1,-1,-1,0,0,0,0,0,0,0,0,0,0,0,0,-1,-1,-1,-1,-1,-1,-1,-1,-1,-1,-1,-1,-1,-1,-1,-1,-1,-1,-1,-1,-1,-1,-1,-1,0,0,0,0,0,0,0,0,0,0,0,0,0,0,0,0,0,0,0,0,0,0,0,0,255,139,139,90,0,0,0,0,0,0,0,100,100,100,100,0,0,100,-1,0,100,90,0,1,1,-1,0,0,100,0,[0|0|0],2100000,121,0,[0|0|0|0|0|0|0|0|0|0]
2122140,Pata - Attack,0.5,0,0,0,0.5,0.08,6903,-1,-1,1665,-1,110,-1,-1,-1,100,-1,-1,-1,0,90,90,90,90,110,200,100,100,0,0,0,0,0,0,0,0,0,0,0,0,10,0,0,0,0,0,0,0,0,0,0,0,1,0,0,2,255,2,255,0,255,0,0,0,0,0,0,0,0,0,0,0,2,1,0,0,0,0,0,0,0,0,0,0,-1,-1,2100,2010,-1,-1,-1,-1,-1,-1,-1,-1,-1,-1,-1,-1,-1,-1,-1,-1,-1,-1,-1,-1,-1,-1,-1,-1,-1,-1,-1,-1,0,0,0,0,0,0,0,0,0,0,0,0,-1,-1,-1,-1,-1,-1,-1,-1,-1,-1,-1,-1,-1,-1,-1,-1,-1,-1,-1,-1,-1,-1,-1,-1,0,0,0,0,0,0,0,0,0,0,0,0,0,0,0,0,0,0,0,0,0,0,0,0,255,139,139,90,0,0,0,0,0,0,0,100,100,100,100,0,0,100,-1,0,100,90,0,1,1,-1,0,0,100,0,[0|0|0],2100000,121,0,[0|0|0|0|0|0|0|0|0|0]
2122150,Pata - Attack,0.5,0,0,0,0.5,0.08,6903,-1,-1,1665,-1,110,-1,-1,-1,100,-1,-1,-1,0,107,107,107,107,100,9900,100,100,102,0,0,0,0,0,0,0,0,0,0,0,10,0,0,0,0,0,0,0,0,0,0,0,1,0,0,3,255,0,255,0,255,0,0,0,0,0,0,0,0,0,0,0,4,1,0,0,0,0,0,0,0,0,0,0,-1,-1,2100,2010,-1,-1,-1,-1,-1,-1,-1,-1,-1,-1,-1,-1,-1,-1,-1,-1,-1,-1,-1,-1,-1,-1,-1,-1,-1,-1,-1,-1,0,0,0,0,0,0,0,0,0,0,0,0,-1,-1,-1,-1,-1,-1,-1,-1,-1,-1,-1,-1,-1,-1,-1,-1,-1,-1,-1,-1,-1,-1,-1,-1,0,0,0,0,0,0,0,0,0,0,0,0,0,0,0,0,0,0,0,0,0,0,0,0,255,139,139,107,0,0,0,0,0,0,0,100,100,100,100,0,0,100,-1,0,100,130,0,1,1,-1,0,0,150,0,[0|0|0],2100000,0,0,[0|0|0|0|0|0|0|0|0|0]
2122155,Pata - Attack,0.5,0,0,0,0.5,0.08,6903,-1,-1,1665,-1,110,-1,-1,-1,100,-1,-1,-1,0,107,107,107,107,100,9900,100,100,102,0,0,0,0,0,0,0,0,0,0,0,10,0,0,0,0,0,0,0,0,0,0,0,1,0,0,3,255,0,255,0,255,0,0,0,0,0,0,0,0,0,0,0,4,1,0,0,0,0,0,0,0,0,0,0,-1,-1,2100,2010,-1,-1,-1,-1,-1,-1,-1,-1,-1,-1,-1,-1,-1,-1,-1,-1,-1,-1,-1,-1,-1,-1,-1,-1,-1,-1,-1,-1,0,0,0,0,0,0,0,0,0,0,0,0,-1,-1,-1,-1,-1,-1,-1,-1,-1,-1,-1,-1,-1,-1,-1,-1,-1,-1,-1,-1,-1,-1,-1,-1,0,0,0,0,0,0,0,0,0,0,0,0,0,0,0,0,0,0,0,0,0,0,0,0,255,139,139,107,0,0,0,0,0,0,0,100,100,100,100,0,0,100,-1,0,100,130,0,1,1,-1,0,0,150,0,[0|0|0],2100000,0,0,[0|0|0|0|0|0|0|0|0|0]
2122160,Pata - Attack,0.5,0.2,0,0,0.4,0.08,6904,-1,-1,1665,-1,110,120,-1,-1,100,-1,-1,-1,0,122,122,122,122,200,9900,100,100,102,0,0,0,0,0,0,0,0,0,0,0,10,0,0,0,0,2,0,0,0,0,0,0,2,0,0,2,255,2,255,0,255,0,0,0,0,0,0,0,0,0,0,0,2,1,0,0,0,0,0,0,0,0,0,0,-1,-1,2100,2010,-1,-1,-1,-1,-1,-1,-1,-1,-1,-1,-1,-1,-1,-1,-1,-1,-1,-1,-1,-1,-1,-1,-1,-1,-1,-1,-1,-1,0,0,0,0,0,0,0,0,0,0,0,0,-1,-1,-1,-1,-1,-1,-1,-1,-1,-1,-1,-1,-1,-1,-1,-1,-1,-1,-1,-1,-1,-1,-1,-1,0,0,0,0,0,0,0,0,0,0,0,0,0,0,0,0,0,0,0,0,0,0,0,0,255,139,139,122,0,0,0,0,0,0,0,100,100,100,100,0,0,100,-1,0,100,140,0,1,1,-1,0,0,400,0,[0|0|0],2100105,0,0,[0|0|0|0|0|0|0|0|0|0]
2122165,Pata - Attack,0.5,0.2,0,0,0.4,0.08,6904,-1,-1,1665,-1,110,120,-1,-1,100,-1,-1,-1,0,122,122,122,122,200,9900,100,100,102,0,0,0,0,0,0,0,0,0,0,0,10,0,0,0,0,2,0,0,0,0,0,0,2,0,0,2,255,2,255,0,255,0,0,0,0,0,0,0,0,0,0,0,2,1,0,0,0,0,0,0,0,0,0,0,-1,-1,2100,2010,-1,-1,-1,-1,-1,-1,-1,-1,-1,-1,-1,-1,-1,-1,-1,-1,-1,-1,-1,-1,-1,-1,-1,-1,-1,-1,-1,-1,0,0,0,0,0,0,0,0,0,0,0,0,-1,-1,-1,-1,-1,-1,-1,-1,-1,-1,-1,-1,-1,-1,-1,-1,-1,-1,-1,-1,-1,-1,-1,-1,0,0,0,0,0,0,0,0,0,0,0,0,0,0,0,0,0,0,0,0,0,0,0,0,255,139,139,122,0,0,0,0,0,0,0,100,100,100,100,0,0,100,-1,0,100,140,0,1,1,-1,0,0,400,0,[0|0|0],2100105,0,0,[0|0|0|0|0|0|0|0|0|0]
2122180,Pata - Attack,0.5,0,0,0,1.2,0.08,-1,-1,-1,1665,-1,110,-1,-1,-1,100,-1,-1,-1,0,130,130,130,130,200,9900,100,60000,103,0,0,0,0,0,0,0,0,0,0,0,10,0,0,0,0,0,0,0,0,0,0,0,2,0,0,2,255,2,255,0,255,0,0,0,0,0,0,0,0,0,0,0,2,1,0,0,0,0,0,0,0,0,0,0,-1,-1,2100,2010,-1,-1,-1,-1,-1,-1,-1,-1,-1,-1,-1,-1,-1,-1,-1,-1,-1,-1,-1,-1,-1,-1,-1,-1,-1,-1,-1,-1,0,0,0,0,0,0,0,0,0,0,0,0,-1,-1,-1,-1,-1,-1,-1,-1,-1,-1,-1,-1,-1,-1,-1,-1,-1,-1,-1,-1,-1,-1,-1,-1,0,0,0,0,0,0,0,0,0,0,0,0,0,0,0,0,0,0,0,0,0,0,0,0,255,139,139,130,0,0,0,0,0,0,0,100,100,100,100,0,0,100,-1,0,100,100,0,1,1,-1,0,0,600,0,[0|0|0],2100000,0,0,[0|0|0|0|0|0|0|0|0|0]
2122200,Pata - Attack,0.4,0,0,0,0.5,0.04,6902,-1,-1,1665,1667,10110,-1,-1,-1,10100,-1,-1,-1,0,92,92,92,92,90,500,100,100,0,0,0,0,0,0,0,0,0,0,0,0,10,0,0,0,0,0,0,0,0,0,0,0,8,0,0,2,255,2,255,0,255,0,0,0,0,0,0,0,0,0,0,0,0,1,0,0,0,0,0,0,0,9,0,0,-1,-1,2100,2010,-1,-1,-1,-1,-1,-1,-1,-1,-1,-1,-1,-1,-1,-1,-1,-1,-1,-1,-1,-1,-1,-1,-1,-1,-1,-1,-1,-1,0,0,0,0,0,0,0,0,0,0,0,0,-1,-1,-1,-1,-1,-1,-1,-1,-1,-1,-1,-1,-1,-1,-1,-1,-1,-1,-1,-1,-1,-1,-1,-1,0,0,0,0,0,0,0,0,0,0,0,0,0,0,0,0,0,0,0,0,0,0,0,0,255,139,139,92,0,0,0,1,0,0,0,65,90,100,100,0,0,100,-1,0,100,90,0,1,1,-1,0,0,60,0,[0|0|0],2100805,0,0,[0|0|0|0|0|0|0|0|0|0]
2122203,Pata - Attack,0.4,0,0,0,0.35,0.04,6902,-1,-1,-1,-1,11110,-1,-1,-1,11100,-1,-1,-1,0,92,92,92,92,90,500,100,100,0,0,0,0,0,0,0,0,0,0,0,0,10,0,0,0,0,0,0,0,0,0,0,0,8,0,0,2,255,2,255,0,255,0,0,0,0,0,0,0,0,0,0,0,0,1,0,0,0,0,0,0,0,0,0,0,-1,-1,2100,2010,-1,-1,-1,-1,-1,-1,-1,-1,-1,-1,-1,-1,-1,-1,-1,-1,-1,-1,-1,-1,-1,-1,-1,-1,-1,-1,-1,-1,0,0,0,0,0,0,0,0,0,0,0,0,-1,-1,-1,-1,-1,-1,-1,-1,-1,-1,-1,-1,-1,-1,-1,-1,-1,-1,-1,-1,-1,-1,-1,-1,0,0,0,0,0,0,0,0,0,0,0,0,0,0,0,0,0,0,0,0,0,0,0,0,255,139,139,92,0,0,0,1,0,0,0,65,90,100,100,0,0,100,-1,0,100,90,0,1,1,-1,0,0,60,0,[0|0|0],2100800,0,0,[0|0|0|0|0|0|0|0|0|0]
2122210,Pata - Attack,0.4,0,0,0,0.35,0.04,6902,-1,-1,-1,-1,10110,-1,-1,-1,10100,-1,-1,-1,0,94,94,94,94,90,500,100,100,0,0,0,0,0,0,0,0,0,0,0,0,10,0,0,0,0,0,0,0,0,0,0,0,8,0,0,3,255,3,255,0,255,0,0,0,0,0,0,0,0,0,0,0,3,1,0,0,0,0,0,0,0,9,0,0,-1,-1,2100,2010,-1,-1,-1,-1,-1,-1,-1,-1,-1,-1,-1,-1,-1,-1,-1,-1,-1,-1,-1,-1,-1,-1,-1,-1,-1,-1,-1,-1,0,0,0,0,0,0,0,0,0,0,0,0,-1,-1,-1,-1,-1,-1,-1,-1,-1,-1,-1,-1,-1,-1,-1,-1,-1,-1,-1,-1,-1,-1,-1,-1,0,0,0,0,0,0,0,0,0,0,0,0,0,0,0,0,0,0,0,0,0,0,0,0,255,139,139,94,0,0,0,1,0,0,0,65,90,100,100,0,0,100,-1,0,100,90,0,1,1,-1,0,0,60,0,[0|0|0],2100800,0,0,[0|0|0|0|0|0|0|0|0|0]
2122213,Pata - Attack,0.4,0,0,0,0.5,0.04,6902,-1,-1,1665,1667,11110,-1,-1,-1,11100,-1,-1,-1,0,94,94,94,94,90,500,100,100,0,0,0,0,0,0,0,0,0,0,0,0,10,0,0,0,0,0,0,0,0,0,0,0,8,0,0,2,255,2,255,0,255,0,0,0,0,0,0,0,0,0,0,0,0,1,0,0,0,0,0,0,0,0,0,0,-1,-1,2100,2010,-1,-1,-1,-1,-1,-1,-1,-1,-1,-1,-1,-1,-1,-1,-1,-1,-1,-1,-1,-1,-1,-1,-1,-1,-1,-1,-1,-1,0,0,0,0,0,0,0,0,0,0,0,0,-1,-1,-1,-1,-1,-1,-1,-1,-1,-1,-1,-1,-1,-1,-1,-1,-1,-1,-1,-1,-1,-1,-1,-1,0,0,0,0,0,0,0,0,0,0,0,0,0,0,0,0,0,0,0,0,0,0,0,0,255,139,139,94,0,0,0,1,0,0,0,65,90,100,100,0,0,100,-1,0,100,90,0,1,1,-1,0,0,60,0,[0|0|0],2100805,0,0,[0|0|0|0|0|0|0|0|0|0]
2122220,Pata - Attack,0.4,0,0,0,1,0.08,6902,-1,-1,1665,1667,10110,-1,-1,-1,10100,-1,-1,-1,0,96,96,96,96,90,500,100,100,0,0,0,0,0,0,0,0,0,0,0,0,10,0,0,0,0,0,0,0,0,0,0,0,1,0,0,3,255,3,255,0,255,0,0,0,0,0,0,0,0,0,0,0,4,1,0,0,0,0,0,0,0,0,0,0,-1,-1,2100,2010,-1,-1,-1,-1,-1,-1,-1,-1,-1,-1,-1,-1,-1,-1,-1,-1,-1,-1,-1,-1,-1,-1,-1,-1,-1,-1,-1,-1,0,0,0,0,0,0,0,0,0,0,0,0,-1,-1,-1,-1,-1,-1,-1,-1,-1,-1,-1,-1,-1,-1,-1,-1,-1,-1,-1,-1,-1,-1,-1,-1,0,0,0,0,0,0,0,0,0,0,0,0,0,0,0,0,0,0,0,0,0,0,0,0,255,139,139,96,0,0,0,1,0,0,0,65,90,100,100,0,0,100,-1,0,100,100,0,1,1,-1,0,0,120,0,[0|0|0],2100010,0,0,[0|0|0|0|0|0|0|0|0|0]
2122230,Pata - Attack,0.4,0,0,0,1,0.04,6902,-1,-1,1665,1667,10110,-1,-1,-1,10100,-1,-1,-1,0,98,98,98,98,90,500,100,100,0,0,0,0,0,0,0,0,0,0,0,0,10,0,0,0,0,0,0,0,0,0,0,0,8,0,0,2,255,2,255,0,255,0,0,0,0,0,0,0,0,0,0,0,2,1,0,0,0,0,0,0,0,9,0,0,-1,-1,2100,2010,-1,-1,-1,-1,-1,-1,-1,-1,-1,-1,-1,-1,-1,-1,-1,-1,-1,-1,-1,-1,-1,-1,-1,-1,-1,-1,-1,-1,0,0,0,0,0,0,0,0,0,0,0,0,-1,-1,-1,-1,-1,-1,-1,-1,-1,-1,-1,-1,-1,-1,-1,-1,-1,-1,-1,-1,-1,-1,-1,-1,0,0,0,0,0,0,0,0,0,0,0,0,0,0,0,0,0,0,0,0,0,0,0,0,255,139,139,98,0,0,0,1,0,0,0,65,90,100,100,0,0,100,-1,0,100,90,0,1,1,-1,0,0,60,0,[0|0|0],2100805,0,0,[0|0|0|0|0|0|0|0|0|0]
2122233,Pata - Attack,0.4,0,0,0,0.35,0.04,6902,-1,-1,-1,-1,11110,-1,-1,-1,11100,-1,-1,-1,0,98,98,98,98,90,500,100,100,0,0,0,0,0,0,0,0,0,0,0,0,10,0,0,0,0,0,0,0,0,0,0,0,8,0,0,2,255,2,255,0,255,0,0,0,0,0,0,0,0,0,0,0,0,1,0,0,0,0,0,0,0,0,0,0,-1,-1,2100,2010,-1,-1,-1,-1,-1,-1,-1,-1,-1,-1,-1,-1,-1,-1,-1,-1,-1,-1,-1,-1,-1,-1,-1,-1,-1,-1,-1,-1,0,0,0,0,0,0,0,0,0,0,0,0,-1,-1,-1,-1,-1,-1,-1,-1,-1,-1,-1,-1,-1,-1,-1,-1,-1,-1,-1,-1,-1,-1,-1,-1,0,0,0,0,0,0,0,0,0,0,0,0,0,0,0,0,0,0,0,0,0,0,0,0,255,139,139,98,0,0,0,1,0,0,0,65,90,100,100,0,0,100,-1,0,100,90,0,1,1,-1,0,0,60,0,[0|0|0],2100800,0,0,[0|0|0|0|0|0|0|0|0|0]
2122240,Pata - Attack,0.4,0,0,0,0.35,0.08,6902,-1,-1,1665,1667,11110,-1,-1,-1,11100,-1,-1,-1,0,100,100,100,100,90,500,100,100,0,0,0,0,0,0,0,0,0,0,0,0,10,0,0,0,0,0,0,0,0,0,0,0,1,0,0,2,255,2,255,0,255,0,0,0,0,0,0,0,0,0,0,0,2,1,0,0,0,0,0,0,0,0,0,0,-1,-1,2100,2010,-1,-1,-1,-1,-1,-1,-1,-1,-1,-1,-1,-1,-1,-1,-1,-1,-1,-1,-1,-1,-1,-1,-1,-1,-1,-1,-1,-1,0,0,0,0,0,0,0,0,0,0,0,0,-1,-1,-1,-1,-1,-1,-1,-1,-1,-1,-1,-1,-1,-1,-1,-1,-1,-1,-1,-1,-1,-1,-1,-1,0,0,0,0,0,0,0,0,0,0,0,0,0,0,0,0,0,0,0,0,0,0,0,0,255,139,139,100,0,0,0,1,0,0,0,65,90,100,100,0,0,100,-1,0,100,105,0,1,1,-1,0,0,120,0,[0|0|0],2100010,0,0,[0|0|0|0|0|0|0|0|0|0]
2122250,Pata - Attack,0.4,0,0,0,1.25,0.08,6902,-1,-1,1665,-1,10110,-1,-1,-1,10100,-1,-1,-1,0,106,106,106,106,90,500,100,100,104,0,0,0,0,0,0,0,0,0,0,0,10,0,0,0,0,0,0,0,0,0,0,0,1,0,0,2,255,2,255,0,255,0,0,0,0,0,0,0,0,0,0,0,0,1,0,0,0,0,0,0,0,9,0,0,-1,-1,2100,2010,-1,-1,-1,-1,-1,-1,-1,-1,-1,-1,-1,-1,-1,-1,-1,-1,-1,-1,-1,-1,-1,-1,-1,-1,-1,-1,-1,-1,0,0,0,0,0,0,0,0,0,0,0,0,-1,-1,-1,-1,-1,-1,-1,-1,-1,-1,-1,-1,-1,-1,-1,-1,-1,-1,-1,-1,-1,-1,-1,-1,0,0,0,0,0,0,0,0,0,0,0,0,0,0,0,0,0,0,0,0,0,0,0,0,255,139,139,106,0,0,0,1,0,0,0,65,90,100,100,0,0,100,-1,0,100,110,0,1,1,-1,0,0,60,0,[0|0|0],2100860,0,0,[0|0|0|0|0|0|0|0|0|0]
2122253,Pata - Attack,0.4,0,0,0,0.1,0,6902,-1,-1,-1,1667,11110,-1,-1,-1,11100,-1,-1,-1,0,106,106,106,106,90,500,100,100,104,0,0,0,0,0,0,0,0,0,0,0,10,0,0,0,0,0,0,0,0,0,0,0,8,0,0,3,255,3,255,0,255,0,0,0,0,0,0,0,0,0,0,0,4,1,0,0,0,0,0,0,0,0,0,0,-1,-1,2100,2010,-1,-1,-1,-1,-1,-1,-1,-1,-1,-1,-1,-1,-1,-1,-1,-1,-1,-1,-1,-1,-1,-1,-1,-1,-1,-1,-1,-1,0,0,0,0,0,0,0,0,0,0,0,0,-1,-1,-1,-1,-1,-1,-1,-1,-1,-1,-1,-1,-1,-1,-1,-1,-1,-1,-1,-1,-1,-1,-1,-1,0,0,0,0,0,0,0,0,0,0,0,0,0,0,0,0,0,0,0,0,0,0,0,0,255,139,139,106,0,0,0,1,0,0,0,65,90,100,100,0,0,100,-1,0,100,110,0,1,1,-1,0,0,60,0,[0|0|0],2100860,0,0,[0|0|0|0|0|0|0|0|0|0]
2122300,Pata - Attack,0.4,0.2,0,0,0.55,0.08,6904,-1,-1,1665,1667,10110,10120,-1,-1,10100,-1,-1,-1,0,150,150,150,150,120,500,100,100,0,0,0,0,0,0,0,0,0,0,0,0,10,0,0,0,0,2,0,0,0,0,0,0,1,0,0,2,255,2,255,0,255,0,0,0,0,0,0,0,0,0,0,0,0,1,0,0,0,0,0,0,0,0,0,0,-1,-1,2100,2010,-1,-1,-1,-1,-1,-1,-1,-1,-1,-1,-1,-1,-1,-1,-1,-1,-1,-1,-1,-1,-1,-1,-1,-1,-1,-1,-1,-1,0,0,0,0,0,0,0,0,0,0,0,0,-1,-1,-1,-1,-1,-1,-1,-1,-1,-1,-1,-1,-1,-1,-1,-1,-1,-1,-1,-1,-1,-1,-1,-1,0,0,0,0,0,0,0,0,0,0,0,0,0,0,0,0,0,0,0,0,0,0,0,0,255,139,139,150,0,0,0,1,0,0,0,65,90,100,100,0,0,100,-1,0,100,130,0,1,1,-1,0,0,150,0,[0|0|0],2100100,0,0,[0|0|0|0|0|0|0|0|0|0]
2122305,Pata - Attack,0.4,0.2,0,0,0.85,0.04,6906,-1,-1,1665,1667,10110,10120,-1,-1,10100,-1,-1,-1,0,130,130,130,130,160,500,100,100,100,0,0,0,0,0,0,0,0,0,0,0,10,0,0,0,0,2,0,0,0,0,0,0,1,0,0,2,255,2,255,0,255,0,0,0,0,0,0,0,0,0,0,0,0,1,0,0,0,0,0,0,0,9,0,0,-1,-1,2100,2010,-1,-1,-1,-1,-1,-1,-1,-1,-1,-1,-1,-1,-1,-1,-1,-1,-1,-1,-1,-1,-1,-1,-1,-1,-1,-1,-1,-1,0,0,0,0,0,0,0,0,0,0,0,0,-1,-1,-1,-1,-1,-1,-1,-1,-1,-1,-1,-1,-1,-1,-1,-1,-1,-1,-1,-1,-1,-1,-1,-1,0,0,0,0,0,0,0,0,0,0,0,0,0,0,0,0,0,0,0,0,0,0,0,0,255,139,139,130,0,0,0,1,0,0,0,65,90,100,100,0,0,100,-1,0,100,150,0,1,1,-1,0,0,150,0,[0|0|0],2100105,0,0,[0|0|0|0|0|0|0|0|0|0]
2122308,Pata - Attack,0.4,0.2,0,0,0.85,0.04,6906,-1,-1,-1,-1,11110,11120,-1,-1,11100,-1,-1,-1,0,130,130,130,130,160,500,100,100,100,0,0,0,0,0,0,0,0,0,0,0,10,0,0,0,0,2,0,0,0,0,0,0,2,0,0,2,255,2,255,0,255,0,0,0,0,0,0,0,0,0,0,0,2,1,0,0,0,0,0,0,0,0,0,0,-1,-1,2100,2010,-1,-1,-1,-1,-1,-1,-1,-1,-1,-1,-1,-1,-1,-1,-1,-1,-1,-1,-1,-1,-1,-1,-1,-1,-1,-1,-1,-1,0,0,0,0,0,0,0,0,0,0,0,0,-1,-1,-1,-1,-1,-1,-1,-1,-1,-1,-1,-1,-1,-1,-1,-1,-1,-1,-1,-1,-1,-1,-1,-1,0,0,0,0,0,0,0,0,0,0,0,0,0,0,0,0,0,0,0,0,0,0,0,0,255,139,139,130,0,0,0,1,0,0,0,65,90,100,100,0,0,100,-1,0,100,150,0,1,1,-1,0,0,150,0,[0|0|0],2100105,0,0,[0|0|0|0|0|0|0|0|0|0]
2122310,Pata - Attack,0.4,0.2,0,0,0.4,0.08,6904,-1,-1,1665,1667,11110,11120,-1,-1,11100,-1,-1,-1,0,150,150,150,150,120,500,100,100,0,0,0,0,0,0,0,0,0,0,0,0,10,0,0,0,0,2,0,0,0,0,0,0,1,0,0,2,255,2,255,0,255,0,0,0,0,0,0,0,0,0,0,0,0,1,0,0,0,0,0,0,0,0,0,0,-1,-1,2100,2010,-1,-1,-1,-1,-1,-1,-1,-1,-1,-1,-1,-1,-1,-1,-1,-1,-1,-1,-1,-1,-1,-1,-1,-1,-1,-1,-1,-1,0,0,0,0,0,0,0,0,0,0,0,0,-1,-1,-1,-1,-1,-1,-1,-1,-1,-1,-1,-1,-1,-1,-1,-1,-1,-1,-1,-1,-1,-1,-1,-1,0,0,0,0,0,0,0,0,0,0,0,0,0,0,0,0,0,0,0,0,0,0,0,0,255,139,139,150,0,0,0,1,0,0,0,65,90,100,100,0,0,100,-1,0,100,130,0,1,1,-1,0,0,150,0,[0|0|0],2100100,0,0,[0|0|0|0|0|0|0|0|0|0]
2122315,Pata - Attack,0.4,0.2,0,0,0.2,0.04,6906,-1,-1,-1,-1,10110,10120,-1,-1,10100,-1,-1,-1,0,130,130,130,130,160,500,100,100,100,0,0,0,0,0,0,0,0,0,0,0,10,0,0,0,0,2,0,0,0,0,0,0,2,0,0,3,255,3,255,0,255,0,0,0,0,0,0,0,0,0,0,0,3,1,0,0,0,0,0,0,0,9,0,0,-1,-1,2100,2010,-1,-1,-1,-1,-1,-1,-1,-1,-1,-1,-1,-1,-1,-1,-1,-1,-1,-1,-1,-1,-1,-1,-1,-1,-1,-1,-1,-1,0,0,0,0,0,0,0,0,0,0,0,0,-1,-1,-1,-1,-1,-1,-1,-1,-1,-1,-1,-1,-1,-1,-1,-1,-1,-1,-1,-1,-1,-1,-1,-1,0,0,0,0,0,0,0,0,0,0,0,0,0,0,0,0,0,0,0,0,0,0,0,0,255,139,139,130,0,0,0,1,0,0,0,65,90,100,100,0,0,100,-1,0,100,150,0,1,1,-1,0,0,150,0,[0|0|0],2100105,0,0,[0|0|0|0|0|0|0|0|0|0]
2122318,Pata - Attack,0.4,0.2,0,0,1,0.04,6906,-1,-1,1665,1667,11110,11120,-1,-1,11100,-1,-1,-1,0,130,130,130,130,160,500,100,100,100,0,0,0,0,0,0,0,0,0,0,0,10,0,0,0,0,2,0,0,0,0,0,0,2,0,0,2,255,2,255,0,255,0,0,0,0,0,0,0,0,0,0,0,2,1,0,0,0,0,0,0,0,0,0,0,-1,-1,2100,2010,-1,-1,-1,-1,-1,-1,-1,-1,-1,-1,-1,-1,-1,-1,-1,-1,-1,-1,-1,-1,-1,-1,-1,-1,-1,-1,-1,-1,0,0,0,0,0,0,0,0,0,0,0,0,-1,-1,-1,-1,-1,-1,-1,-1,-1,-1,-1,-1,-1,-1,-1,-1,-1,-1,-1,-1,-1,-1,-1,-1,0,0,0,0,0,0,0,0,0,0,0,0,0,0,0,0,0,0,0,0,0,0,0,0,255,139,139,130,0,0,0,1,0,0,0,65,90,100,100,0,0,100,-1,0,100,150,0,1,1,-1,0,0,150,0,[0|0|0],2100105,0,0,[0|0|0|0|0|0|0|0|0|0]
2122320,Pata - Attack,0.4,0,0,0,0.4,0.04,6902,-1,-1,1665,-1,10110,-1,-1,-1,10100,-1,-1,-1,0,100,100,100,100,100,500,100,100,0,0,0,0,0,0,0,0,0,0,0,0,10,0,0,0,0,0,0,0,0,0,0,0,1,0,0,2,255,2,255,0,255,0,0,0,0,0,0,0,0,0,0,0,0,1,0,0,0,0,0,0,0,9,0,0,-1,-1,2100,2010,-1,-1,-1,-1,-1,-1,-1,-1,-1,-1,-1,-1,-1,-1,-1,-1,-1,-1,-1,-1,-1,-1,-1,-1,-1,-1,-1,-1,0,0,0,0,0,0,0,0,0,0,0,0,-1,-1,-1,-1,-1,-1,-1,-1,-1,-1,-1,-1,-1,-1,-1,-1,-1,-1,-1,-1,-1,-1,-1,-1,0,0,0,0,0,0,0,0,0,0,0,0,0,0,0,0,0,0,0,0,0,0,0,0,255,139,139,100,0,0,0,1,0,0,0,65,90,100,100,0,0,100,-1,0,100,100,0,1,1,-1,0,0,60,0,[0|0|0],2100805,122,0,[0|0|0|0|0|0|0|0|0|0]
2122323,Pata - Attack,0.4,0,0,0,1,0.04,6902,-1,-1,-1,1667,11110,-1,-1,-1,11100,-1,-1,-1,0,95,95,95,95,100,500,100,100,0,0,0,0,0,0,0,0,0,0,0,0,10,0,0,0,0,0,0,0,0,0,0,0,1,0,0,2,255,2,255,0,255,0,0,0,0,0,0,0,0,0,0,0,3,1,0,0,0,0,0,0,0,0,0,0,-1,-1,2100,2010,-1,-1,-1,-1,-1,-1,-1,-1,-1,-1,-1,-1,-1,-1,-1,-1,-1,-1,-1,-1,-1,-1,-1,-1,-1,-1,-1,-1,0,0,0,0,0,0,0,0,0,0,0,0,-1,-1,-1,-1,-1,-1,-1,-1,-1,-1,-1,-1,-1,-1,-1,-1,-1,-1,-1,-1,-1,-1,-1,-1,0,0,0,0,0,0,0,0,0,0,0,0,0,0,0,0,0,0,0,0,0,0,0,0,255,139,139,95,0,0,0,1,0,0,0,65,90,100,100,0,0,100,-1,0,100,100,0,1,1,-1,0,0,60,0,[0|0|0],2100800,122,0,[0|0|0|0|0|0|0|0|0|0]
2122325,Pata - Attack,0.4,0.2,0,0,0.45,0.04,6903,-1,-1,1665,-1,10110,10120,-1,-1,10100,-1,-1,-1,0,110,110,110,110,130,500,100,100,0,0,0,0,0,0,0,0,0,0,0,0,10,0,0,0,0,2,0,0,0,0,0,0,2,0,0,2,255,2,255,0,255,0,0,0,0,0,0,0,0,0,0,0,0,1,0,0,0,0,0,0,0,9,0,0,-1,-1,2100,2010,-1,-1,-1,-1,-1,-1,-1,-1,-1,-1,-1,-1,-1,-1,-1,-1,-1,-1,-1,-1,-1,-1,-1,-1,-1,-1,-1,-1,0,0,0,0,0,0,0,0,0,0,0,0,-1,-1,-1,-1,-1,-1,-1,-1,-1,-1,-1,-1,-1,-1,-1,-1,-1,-1,-1,-1,-1,-1,-1,-1,0,0,0,0,0,0,0,0,0,0,0,0,0,0,0,0,0,0,0,0,0,0,0,0,255,139,139,110,0,0,0,1,0,0,0,65,90,100,100,0,0,100,-1,0,100,130,0,1,1,-1,0,0,120,0,[0|0|0],2100000,122,0,[0|0|0|0|0|0|0|0|0|0]
2122328,Pata - Attack,0.4,0.2,0,0,0.65,0.04,6903,-1,-1,-1,1667,11110,11120,-1,-1,11100,-1,-1,-1,0,105,105,105,105,130,500,100,100,0,0,0,0,0,0,0,0,0,0,0,0,10,0,0,0,0,2,0,0,0,0,0,0,2,0,0,2,255,2,255,0,255,0,0,0,0,0,0,0,0,0,0,0,0,1,0,0,0,0,0,0,0,0,0,0,-1,-1,2100,2010,-1,-1,-1,-1,-1,-1,-1,-1,-1,-1,-1,-1,-1,-1,-1,-1,-1,-1,-1,-1,-1,-1,-1,-1,-1,-1,-1,-1,0,0,0,0,0,0,0,0,0,0,0,0,-1,-1,-1,-1,-1,-1,-1,-1,-1,-1,-1,-1,-1,-1,-1,-1,-1,-1,-1,-1,-1,-1,-1,-1,0,0,0,0,0,0,0,0,0,0,0,0,0,0,0,0,0,0,0,0,0,0,0,0,255,139,139,105,0,0,0,1,0,0,0,65,90,100,100,0,0,100,-1,0,100,130,0,1,1,-1,0,0,120,0,[0|0|0],2100000,122,0,[0|0|0|0|0|0|0|0|0|0]
2122330,Pata - Attack,0.4,0,0,0,0.8,0.04,6902,-1,-1,1665,-1,10110,-1,-1,-1,10100,-1,-1,-1,0,85,85,85,85,100,500,100,100,0,0,0,0,0,0,0,0,0,0,0,0,10,0,0,0,0,0,0,0,0,0,0,0,8,0,0,2,255,2,255,0,255,0,0,0,0,0,0,0,0,0,0,0,2,1,0,0,0,0,0,0,0,9,0,0,-1,-1,2100,2010,-1,-1,-1,-1,-1,-1,-1,-1,-1,-1,-1,-1,-1,-1,-1,-1,-1,-1,-1,-1,-1,-1,-1,-1,-1,-1,-1,-1,0,0,0,0,0,0,0,0,0,0,0,0,-1,-1,-1,-1,-1,-1,-1,-1,-1,-1,-1,-1,-1,-1,-1,-1,-1,-1,-1,-1,-1,-1,-1,-1,0,0,0,0,0,0,0,0,0,0,0,0,0,0,0,0,0,0,0,0,0,0,0,0,255,139,139,85,0,0,0,1,0,0,0,65,90,100,100,0,0,100,-1,0,100,80,0,1,1,-1,0,0,60,0,[0|0|0],2100805,121,0,[0|0|0|0|0|0|0|0|0|0]
2122333,Pata - Attack,0.4,0,0,0,0.35,0.04,6902,-1,-1,-1,1667,11110,-1,-1,-1,11100,-1,-1,-1,0,85,85,85,85,100,500,100,100,0,0,0,0,0,0,0,0,0,0,0,0,10,0,0,0,0,0,0,0,0,0,0,0,8,0,0,3,255,0,255,0,255,0,0,0,0,0,0,0,0,0,0,0,0,1,0,0,0,0,0,0,0,0,0,0,-1,-1,2100,2010,-1,-1,-1,-1,-1,-1,-1,-1,-1,-1,-1,-1,-1,-1,-1,-1,-1,-1,-1,-1,-1,-1,-1,-1,-1,-1,-1,-1,0,0,0,0,0,0,0,0,0,0,0,0,-1,-1,-1,-1,-1,-1,-1,-1,-1,-1,-1,-1,-1,-1,-1,-1,-1,-1,-1,-1,-1,-1,-1,-1,0,0,0,0,0,0,0,0,0,0,0,0,0,0,0,0,0,0,0,0,0,0,0,0,255,139,139,85,0,0,0,1,0,0,0,65,90,100,100,0,0,100,-1,0,100,80,0,1,1,-1,0,0,60,0,[0|0|0],2100800,121,0,[0|0|0|0|0|0|0|0|0|0]
2122340,Pata - Attack,0.5,0,0,0,0.7,0.08,6903,-1,-1,1665,-1,10110,-1,-1,-1,10100,-1,-1,-1,0,85,85,85,85,100,500,100,100,0,0,0,0,0,0,0,0,0,0,0,0,10,0,0,0,0,0,0,0,0,0,0,0,1,0,0,3,255,0,255,0,255,0,0,0,0,0,0,0,0,0,0,0,2,1,0,0,0,0,0,0,0,9,0,0,-1,-1,2100,2010,-1,-1,-1,-1,-1,-1,-1,-1,-1,-1,-1,-1,-1,-1,-1,-1,-1,-1,-1,-1,-1,-1,-1,-1,-1,-1,-1,-1,0,0,0,0,0,0,0,0,0,0,0,0,-1,-1,-1,-1,-1,-1,-1,-1,-1,-1,-1,-1,-1,-1,-1,-1,-1,-1,-1,-1,-1,-1,-1,-1,0,0,0,0,0,0,0,0,0,0,0,0,0,0,0,0,0,0,0,0,0,0,0,0,255,139,139,85,0,0,0,1,0,0,0,65,90,100,100,0,0,100,-1,0,100,90,0,1,1,-1,0,0,60,0,[0|0|0],2100860,121,0,[0|0|0|0|0|0|0|0|0|0]
2122343,Pata - Attack,0.5,0,0,0,0.2,0,6903,-1,-1,-1,1667,11110,-1,-1,-1,11100,-1,-1,-1,0,85,85,85,85,100,500,100,100,0,0,0,0,0,0,0,0,0,0,0,0,10,0,0,0,0,0,0,0,0,0,0,0,1,0,0,3,255,0,255,0,255,0,0,0,0,0,0,0,0,0,0,0,2,1,0,0,0,0,0,0,0,0,0,0,-1,-1,2100,2010,-1,-1,-1,-1,-1,-1,-1,-1,-1,-1,-1,-1,-1,-1,-1,-1,-1,-1,-1,-1,-1,-1,-1,-1,-1,-1,-1,-1,0,0,0,0,0,0,0,0,0,0,0,0,-1,-1,-1,-1,-1,-1,-1,-1,-1,-1,-1,-1,-1,-1,-1,-1,-1,-1,-1,-1,-1,-1,-1,-1,0,0,0,0,0,0,0,0,0,0,0,0,0,0,0,0,0,0,0,0,0,0,0,0,255,139,139,85,0,0,0,1,0,0,0,65,90,100,100,0,0,100,-1,0,100,90,0,1,1,-1,0,0,60,0,[0|0|0],2100860,121,0,[0|0|0|0|0|0|0|0|0|0]
2122350,Pata - Attack,0.5,0,0,0,0.3,0.08,6903,-1,-1,1665,-1,10110,-1,-1,-1,10100,-1,-1,-1,0,102,102,102,102,90,9900,100,100,102,0,0,0,0,0,0,0,0,0,0,0,10,0,0,0,0,0,0,0,0,0,0,0,1,0,0,3,255,0,255,0,255,0,0,0,0,0,0,0,0,0,0,0,2,1,0,0,0,0,0,0,0,9,0,0,-1,-1,2100,2010,-1,-1,-1,-1,-1,-1,-1,-1,-1,-1,-1,-1,-1,-1,-1,-1,-1,-1,-1,-1,-1,-1,-1,-1,-1,-1,-1,-1,0,0,0,0,0,0,0,0,0,0,0,0,-1,-1,-1,-1,-1,-1,-1,-1,-1,-1,-1,-1,-1,-1,-1,-1,-1,-1,-1,-1,-1,-1,-1,-1,0,0,0,0,0,0,0,0,0,0,0,0,0,0,0,0,0,0,0,0,0,0,0,0,255,139,139,102,0,0,0,1,0,0,0,65,90,100,100,0,0,100,-1,0,100,130,0,1,1,-1,0,0,90,0,[0|0|0],2100860,0,0,[0|0|0|0|0|0|0|0|0|0]
2122353,Pata - Attack,0.5,0,0,0,0.3,0,6903,-1,-1,-1,1667,11110,-1,-1,-1,11100,-1,-1,-1,0,102,102,102,102,90,9900,100,100,102,0,0,0,0,0,0,0,0,0,0,0,10,0,0,0,0,0,0,0,0,0,0,0,1,0,0,3,255,0,255,0,255,0,0,0,0,0,0,0,0,0,0,0,2,1,0,0,0,0,0,0,0,0,0,0,-1,-1,2100,2010,-1,-1,-1,-1,-1,-1,-1,-1,-1,-1,-1,-1,-1,-1,-1,-1,-1,-1,-1,-1,-1,-1,-1,-1,-1,-1,-1,-1,0,0,0,0,0,0,0,0,0,0,0,0,-1,-1,-1,-1,-1,-1,-1,-1,-1,-1,-1,-1,-1,-1,-1,-1,-1,-1,-1,-1,-1,-1,-1,-1,0,0,0,0,0,0,0,0,0,0,0,0,0,0,0,0,0,0,0,0,0,0,0,0,255,139,139,102,0,0,0,1,0,0,0,65,90,100,100,0,0,100,-1,0,100,130,0,1,1,-1,0,0,90,0,[0|0|0],2100860,0,0,[0|0|0|0|0|0|0|0|0|0]
2122355,Pata - Attack,0.5,0,0,0,0.3,0.08,6903,-1,-1,1665,-1,10110,-1,-1,-1,10100,-1,-1,-1,0,102,102,102,102,90,9900,100,100,102,0,0,0,0,0,0,0,0,0,0,0,10,0,0,0,0,0,0,0,0,0,0,0,1,0,0,3,255,0,255,0,255,0,0,0,0,0,0,0,0,0,0,0,2,1,0,0,0,0,0,0,0,9,0,0,-1,-1,2100,2010,-1,-1,-1,-1,-1,-1,-1,-1,-1,-1,-1,-1,-1,-1,-1,-1,-1,-1,-1,-1,-1,-1,-1,-1,-1,-1,-1,-1,0,0,0,0,0,0,0,0,0,0,0,0,-1,-1,-1,-1,-1,-1,-1,-1,-1,-1,-1,-1,-1,-1,-1,-1,-1,-1,-1,-1,-1,-1,-1,-1,0,0,0,0,0,0,0,0,0,0,0,0,0,0,0,0,0,0,0,0,0,0,0,0,255,139,139,102,0,0,0,1,0,0,0,65,90,100,100,0,0,100,-1,0,100,130,0,1,1,-1,0,0,90,0,[0|0|0],2100860,0,0,[0|0|0|0|0|0|0|0|0|0]
2122358,Pata - Attack,0.5,0,0,0,0.3,0,6903,-1,-1,-1,1667,11110,-1,-1,-1,11100,-1,-1,-1,0,102,102,102,102,90,9900,100,100,102,0,0,0,0,0,0,0,0,0,0,0,10,0,0,0,0,0,0,0,0,0,0,0,1,0,0,3,255,0,255,0,255,0,0,0,0,0,0,0,0,0,0,0,2,1,0,0,0,0,0,0,0,0,0,0,-1,-1,2100,2010,-1,-1,-1,-1,-1,-1,-1,-1,-1,-1,-1,-1,-1,-1,-1,-1,-1,-1,-1,-1,-1,-1,-1,-1,-1,-1,-1,-1,0,0,0,0,0,0,0,0,0,0,0,0,-1,-1,-1,-1,-1,-1,-1,-1,-1,-1,-1,-1,-1,-1,-1,-1,-1,-1,-1,-1,-1,-1,-1,-1,0,0,0,0,0,0,0,0,0,0,0,0,0,0,0,0,0,0,0,0,0,0,0,0,255,139,139,102,0,0,0,1,0,0,0,65,90,100,100,0,0,100,-1,0,100,130,0,1,1,-1,0,0,90,0,[0|0|0],2100860,0,0,[0|0|0|0|0|0|0|0|0|0]
2122360,Pata - Attack,0.5,0.2,0,0,0.05,0.08,6904,-1,-1,1665,-1,10110,10120,-1,-1,10100,-1,-1,-1,0,115,115,115,115,150,9900,100,100,102,0,0,0,0,0,0,0,0,0,0,0,20,0,0,0,0,2,0,0,0,0,0,0,2,0,0,2,255,2,255,0,255,0,0,0,0,0,0,0,0,0,0,0,2,1,0,0,0,0,0,0,0,9,0,0,-1,-1,2100,2010,-1,-1,-1,-1,-1,-1,-1,-1,-1,-1,-1,-1,-1,-1,-1,-1,-1,-1,-1,-1,-1,-1,-1,-1,-1,-1,-1,-1,0,0,0,0,0,0,0,0,0,0,0,0,-1,-1,-1,-1,-1,-1,-1,-1,-1,-1,-1,-1,-1,-1,-1,-1,-1,-1,-1,-1,-1,-1,-1,-1,0,0,0,0,0,0,0,0,0,0,0,0,0,0,0,0,0,0,0,0,0,0,0,0,255,139,139,115,0,0,0,1,0,0,0,65,90,100,100,0,0,100,-1,0,100,140,0,1,1,-1,0,0,240,0,[0|0|0],2100890,0,0,[0|0|0|0|0|0|0|0|0|0]
2122363,Pata - Attack,0.5,0.2,0,0,0.05,0.08,6904,-1,-1,-1,1667,11110,11120,-1,-1,11100,-1,-1,-1,0,115,115,115,115,150,9900,100,100,102,0,0,0,0,0,0,0,0,0,0,0,20,0,0,0,0,2,0,0,0,0,0,0,2,0,0,2,255,2,255,0,255,0,0,0,0,0,0,0,0,0,0,0,2,1,0,0,0,0,0,0,0,0,0,0,-1,-1,2100,2010,-1,-1,-1,-1,-1,-1,-1,-1,-1,-1,-1,-1,-1,-1,-1,-1,-1,-1,-1,-1,-1,-1,-1,-1,-1,-1,-1,-1,0,0,0,0,0,0,0,0,0,0,0,0,-1,-1,-1,-1,-1,-1,-1,-1,-1,-1,-1,-1,-1,-1,-1,-1,-1,-1,-1,-1,-1,-1,-1,-1,0,0,0,0,0,0,0,0,0,0,0,0,0,0,0,0,0,0,0,0,0,0,0,0,255,139,139,115,0,0,0,1,0,0,0,65,90,100,100,0,0,100,-1,0,100,140,0,1,1,-1,0,0,240,0,[0|0|0],2100890,0,0,[0|0|0|0|0|0|0|0|0|0]
2122365,Pata - Attack,0.5,0.2,0,0,0.05,0.08,6904,-1,-1,1665,-1,10110,10120,-1,-1,10100,-1,-1,-1,0,115,115,115,115,150,9900,100,100,102,0,0,0,0,0,0,0,0,0,0,0,20,0,0,0,0,2,0,0,0,0,0,0,2,0,0,2,255,2,255,0,255,0,0,0,0,0,0,0,0,0,0,0,2,1,0,0,0,0,0,0,0,9,0,0,-1,-1,2100,2010,-1,-1,-1,-1,-1,-1,-1,-1,-1,-1,-1,-1,-1,-1,-1,-1,-1,-1,-1,-1,-1,-1,-1,-1,-1,-1,-1,-1,0,0,0,0,0,0,0,0,0,0,0,0,-1,-1,-1,-1,-1,-1,-1,-1,-1,-1,-1,-1,-1,-1,-1,-1,-1,-1,-1,-1,-1,-1,-1,-1,0,0,0,0,0,0,0,0,0,0,0,0,0,0,0,0,0,0,0,0,0,0,0,0,255,139,139,115,0,0,0,1,0,0,0,65,90,100,100,0,0,100,-1,0,100,140,0,1,1,-1,0,0,240,0,[0|0|0],2100890,0,0,[0|0|0|0|0|0|0|0|0|0]
2122368,Pata - Attack,0.5,0.2,0,0,0.05,0.08,6904,-1,-1,-1,1667,11110,11120,-1,-1,11100,-1,-1,-1,0,115,115,115,115,150,9900,100,100,102,0,0,0,0,0,0,0,0,0,0,0,20,0,0,0,0,2,0,0,0,0,0,0,2,0,0,2,255,2,255,0,255,0,0,0,0,0,0,0,0,0,0,0,2,1,0,0,0,0,0,0,0,0,0,0,-1,-1,2100,2010,-1,-1,-1,-1,-1,-1,-1,-1,-1,-1,-1,-1,-1,-1,-1,-1,-1,-1,-1,-1,-1,-1,-1,-1,-1,-1,-1,-1,0,0,0,0,0,0,0,0,0,0,0,0,-1,-1,-1,-1,-1,-1,-1,-1,-1,-1,-1,-1,-1,-1,-1,-1,-1,-1,-1,-1,-1,-1,-1,-1,0,0,0,0,0,0,0,0,0,0,0,0,0,0,0,0,0,0,0,0,0,0,0,0,255,139,139,115,0,0,0,1,0,0,0,65,90,100,100,0,0,100,-1,0,100,140,0,1,1,-1,0,0,240,0,[0|0|0],2100890,0,0,[0|0|0|0|0|0|0|0|0|0]
2122380,Pata - Attack,0.4,0,0,0,0.6,0.04,-1,-1,-1,-1,1667,11110,-1,-1,-1,11100,-1,-1,-1,0,100,100,100,100,150,9900,100,60000,103,0,0,0,0,0,0,0,0,0,0,0,10,0,0,0,0,0,0,0,0,0,0,0,8,0,0,3,255,0,255,0,255,0,0,0,0,0,0,0,0,0,0,0,4,1,0,0,0,0,0,0,0,9,0,0,-1,-1,2100,2010,-1,-1,-1,-1,-1,-1,-1,-1,-1,-1,-1,-1,-1,-1,-1,-1,-1,-1,-1,-1,-1,-1,-1,-1,-1,-1,-1,-1,0,0,0,0,0,0,0,0,0,0,0,0,-1,-1,-1,-1,-1,-1,-1,-1,-1,-1,-1,-1,-1,-1,-1,-1,-1,-1,-1,-1,-1,-1,-1,-1,0,0,0,0,0,0,0,0,0,0,0,0,0,0,0,0,0,0,0,0,0,0,0,0,255,139,139,100,0,0,0,1,0,0,0,65,90,100,100,0,0,100,-1,0,100,100,0,1,1,-1,0,0,330,0,[0|0|0],2100000,0,0,[0|0|0|0|0|0|0|0|0|0]
2122381,Pata - Attack,0.4,0,0,0,1.2,0.04,-1,-1,-1,1665,-1,10110,-1,-1,-1,10100,-1,-1,-1,0,125,125,125,125,150,9900,100,60000,103,0,0,0,0,0,0,0,0,0,0,0,10,0,0,0,0,0,0,0,0,0,0,0,2,0,0,3,255,0,255,0,255,0,0,0,0,0,0,0,0,0,0,0,2,1,0,0,0,0,0,0,0,0,0,0,-1,-1,2100,2010,-1,-1,-1,-1,-1,-1,-1,-1,-1,-1,-1,-1,-1,-1,-1,-1,-1,-1,-1,-1,-1,-1,-1,-1,-1,-1,-1,-1,0,0,0,0,0,0,0,0,0,0,0,0,-1,-1,-1,-1,-1,-1,-1,-1,-1,-1,-1,-1,-1,-1,-1,-1,-1,-1,-1,-1,-1,-1,-1,-1,0,0,0,0,0,0,0,0,0,0,0,0,0,0,0,0,0,0,0,0,0,0,0,0,255,139,139,125,0,0,0,1,0,0,0,65,90,100,100,0,0,100,-1,0,100,100,0,1,1,-1,0,0,330,0,[0|0|0],2100000,0,0,[0|0|0|0|0|0|0|0|0|0]
2122400,Pata - Attack,0.4,0,0,0,0.4,0.08,6902,-1,-1,-1,1667,110,-1,-1,-1,100,-1,-1,-1,0,100,100,100,100,100,100,100,100,0,0,0,0,0,0,0,0,0,0,0,0,10,0,0,0,0,0,0,0,0,0,0,0,8,0,0,3,255,0,255,0,255,0,0,0,0,0,0,0,0,0,0,0,3,1,0,0,0,0,0,0,0,0,0,0,-1,-1,2100,2010,-1,-1,-1,-1,-1,-1,-1,-1,-1,-1,-1,-1,-1,-1,-1,-1,-1,-1,-1,-1,-1,-1,-1,-1,-1,-1,-1,-1,0,0,0,0,0,0,0,0,0,0,0,0,-1,-1,-1,-1,-1,-1,-1,-1,-1,-1,-1,-1,-1,-1,-1,-1,-1,-1,-1,-1,-1,-1,-1,-1,0,0,0,0,0,0,0,0,0,0,0,0,0,0,0,0,0,0,0,0,0,0,0,0,255,139,139,100,0,0,0,0,0,0,0,100,100,100,100,0,0,100,-1,0,100,100,0,1,1,-1,0,0,100,0,[0|0|0],2100000,0,0,[0|0|0|0|0|0|0|0|0|0]
2122410,Pata - Attack,0.4,0,0,0,1,0.08,6902,-1,-1,-1,1667,110,-1,-1,-1,100,-1,-1,-1,0,101,101,101,101,100,100,100,100,0,0,0,0,0,0,0,0,0,0,0,0,10,0,0,0,0,0,0,0,0,0,0,0,8,0,0,3,255,0,255,0,255,0,0,0,0,0,0,0,0,0,0,0,4,1,0,0,0,0,0,0,0,0,0,0,-1,-1,2100,2010,-1,-1,-1,-1,-1,-1,-1,-1,-1,-1,-1,-1,-1,-1,-1,-1,-1,-1,-1,-1,-1,-1,-1,-1,-1,-1,-1,-1,0,0,0,0,0,0,0,0,0,0,0,0,-1,-1,-1,-1,-1,-1,-1,-1,-1,-1,-1,-1,-1,-1,-1,-1,-1,-1,-1,-1,-1,-1,-1,-1,0,0,0,0,0,0,0,0,0,0,0,0,0,0,0,0,0,0,0,0,0,0,0,0,255,139,139,101,0,0,0,0,0,0,0,100,100,100,100,0,0,100,-1,0,100,100,0,1,1,-1,0,0,100,0,[0|0|0],2100010,0,0,[0|0|0|0|0|0|0|0|0|0]
2122420,Pata - Attack,0.4,0,0,0,0.9,0.08,6902,-1,-1,-1,1667,110,-1,-1,-1,100,-1,-1,-1,0,102,102,102,102,100,100,100,100,0,0,0,0,0,0,0,0,0,0,0,0,10,0,0,0,0,0,0,0,0,0,0,0,8,0,0,3,255,0,255,0,255,0,0,0,0,0,0,0,0,0,0,0,3,1,0,0,0,0,0,0,0,0,0,0,-1,-1,2100,2010,-1,-1,-1,-1,-1,-1,-1,-1,-1,-1,-1,-1,-1,-1,-1,-1,-1,-1,-1,-1,-1,-1,-1,-1,-1,-1,-1,-1,0,0,0,0,0,0,0,0,0,0,0,0,-1,-1,-1,-1,-1,-1,-1,-1,-1,-1,-1,-1,-1,-1,-1,-1,-1,-1,-1,-1,-1,-1,-1,-1,0,0,0,0,0,0,0,0,0,0,0,0,0,0,0,0,0,0,0,0,0,0,0,0,255,139,139,102,0,0,0,0,0,0,0,100,100,100,100,0,0,100,-1,0,100,105,0,1,1,-1,0,0,100,0,[0|0|0],2100010,0,0,[0|0|0|0|0|0|0|0|0|0]
2122430,Pata - Attack,0.4,0,0,0,0.9,0.08,6902,-1,-1,-1,1667,110,-1,-1,-1,100,-1,-1,-1,0,103,103,103,103,100,100,100,100,0,0,0,0,0,0,0,0,0,0,0,0,10,0,0,0,0,0,0,0,0,0,0,0,8,0,0,3,255,0,255,0,255,0,0,0,0,0,0,0,0,0,0,0,4,1,0,0,0,0,0,0,0,0,0,0,-1,-1,2100,2010,-1,-1,-1,-1,-1,-1,-1,-1,-1,-1,-1,-1,-1,-1,-1,-1,-1,-1,-1,-1,-1,-1,-1,-1,-1,-1,-1,-1,0,0,0,0,0,0,0,0,0,0,0,0,-1,-1,-1,-1,-1,-1,-1,-1,-1,-1,-1,-1,-1,-1,-1,-1,-1,-1,-1,-1,-1,-1,-1,-1,0,0,0,0,0,0,0,0,0,0,0,0,0,0,0,0,0,0,0,0,0,0,0,0,255,139,139,103,0,0,0,0,0,0,0,100,100,100,100,0,0,100,-1,0,100,105,0,1,1,-1,0,0,100,0,[0|0|0],2100010,0,0,[0|0|0|0|0|0|0|0|0|0]
2122440,Pata - Attack,0.4,0,0,0,0.8,0.08,6902,-1,-1,-1,1667,110,-1,-1,-1,100,-1,-1,-1,0,104,104,104,104,100,100,100,100,0,0,0,0,0,0,0,0,0,0,0,0,10,0,0,0,0,0,0,0,0,0,0,0,8,0,0,2,255,2,255,0,255,0,0,0,0,0,0,0,0,0,0,0,2,1,0,0,0,0,0,0,0,0,0,0,-1,-1,2100,2010,-1,-1,-1,-1,-1,-1,-1,-1,-1,-1,-1,-1,-1,-1,-1,-1,-1,-1,-1,-1,-1,-1,-1,-1,-1,-1,-1,-1,0,0,0,0,0,0,0,0,0,0,0,0,-1,-1,-1,-1,-1,-1,-1,-1,-1,-1,-1,-1,-1,-1,-1,-1,-1,-1,-1,-1,-1,-1,-1,-1,0,0,0,0,0,0,0,0,0,0,0,0,0,0,0,0,0,0,0,0,0,0,0,0,255,139,139,104,0,0,0,0,0,0,0,100,100,100,100,0,0,100,-1,0,100,105,0,1,1,-1,0,0,100,0,[0|0|0],2100010,0,0,[0|0|0|0|0|0|0|0|0|0]
2122450,Pata - Attack,0.4,0,0,0,1,0.08,6902,-1,-1,-1,1667,110,-1,-1,-1,100,-1,-1,-1,0,110,110,110,110,100,100,100,100,104,0,0,0,0,0,0,0,0,0,0,0,10,0,0,0,0,0,0,0,0,0,0,0,8,0,0,2,255,2,255,0,255,0,0,0,0,0,0,0,0,0,0,0,0,1,0,0,0,0,0,0,0,0,0,0,-1,-1,2100,2010,-1,-1,-1,-1,-1,-1,-1,-1,-1,-1,-1,-1,-1,-1,-1,-1,-1,-1,-1,-1,-1,-1,-1,-1,-1,-1,-1,-1,0,0,0,0,0,0,0,0,0,0,0,0,-1,-1,-1,-1,-1,-1,-1,-1,-1,-1,-1,-1,-1,-1,-1,-1,-1,-1,-1,-1,-1,-1,-1,-1,0,0,0,0,0,0,0,0,0,0,0,0,0,0,0,0,0,0,0,0,0,0,0,0,255,139,139,110,0,0,0,0,0,0,0,100,100,100,100,0,0,100,-1,0,100,110,0,1,1,-1,0,0,200,0,[0|0|0],2100010,0,0,[0|0|0|0|0|0|0|0|0|0]
2122800,Pata - Attack,0.4,0,0,0,0.5,0.04,6902,-1,-1,1665,-1,110,-1,-1,-1,100,-1,-1,-1,0,92,92,92,92,90,500,100,100,0,0,0,0,0,0,0,0,0,0,0,0,10,0,0,0,0,0,0,0,0,0,0,0,8,0,0,2,255,2,255,0,255,0,0,0,0,0,0,0,0,0,0,0,0,1,0,0,0,0,0,0,0,9,0,0,-1,-1,2100,2010,-1,-1,-1,-1,-1,-1,-1,-1,-1,-1,-1,-1,-1,-1,-1,-1,-1,-1,-1,-1,-1,-1,-1,-1,-1,-1,-1,-1,0,0,0,0,0,0,0,0,0,0,0,0,-1,-1,-1,-1,-1,-1,-1,-1,-1,-1,-1,-1,-1,-1,-1,-1,-1,-1,-1,-1,-1,-1,-1,-1,0,0,0,0,0,0,0,0,0,0,0,0,0,0,0,0,0,0,0,0,0,0,0,0,255,139,139,92,0,0,0,0,0,0,0,65,90,100,100,0,0,100,-1,0,100,90,0,1,1,-1,0,0,60,0,[0|0|0],2100805,0,0,[0|0|0|0|0|0|0|0|0|0]
2122805,Pata - Attack,0.5,0,0,0,0.35,0.04,6902,-1,-1,-1,1667,110,-1,-1,-1,100,-1,-1,-1,0,92,92,92,92,90,500,100,100,0,0,0,0,0,0,0,0,0,0,0,0,10,0,0,0,0,0,0,0,0,0,0,0,8,0,0,2,255,2,255,0,255,0,0,0,0,0,0,0,0,0,0,0,0,1,0,0,0,0,0,0,0,0,0,0,-1,-1,2100,2010,-1,-1,-1,-1,-1,-1,-1,-1,-1,-1,-1,-1,-1,-1,-1,-1,-1,-1,-1,-1,-1,-1,-1,-1,-1,-1,-1,-1,0,0,0,0,0,0,0,0,0,0,0,0,-1,-1,-1,-1,-1,-1,-1,-1,-1,-1,-1,-1,-1,-1,-1,-1,-1,-1,-1,-1,-1,-1,-1,-1,0,0,0,0,0,0,0,0,0,0,0,0,0,0,0,0,0,0,0,0,0,0,0,0,255,139,139,92,0,0,0,0,0,0,0,65,90,100,100,0,0,100,-1,0,100,90,0,1,1,-1,0,0,60,0,[0|0|0],2100800,0,0,[0|0|0|0|0|0|0|0|0|0]
2122810,Pata - Attack,0.4,0,0,0,0.35,0.04,6902,-1,-1,1665,-1,110,-1,-1,-1,100,-1,-1,-1,0,94,94,94,94,90,500,100,100,0,0,0,0,0,0,0,0,0,0,0,0,10,0,0,0,0,0,0,0,0,0,0,0,8,0,0,3,255,0,255,0,255,0,0,0,0,0,0,0,0,0,0,0,3,1,0,0,0,0,0,0,0,9,0,0,-1,-1,2100,2010,-1,-1,-1,-1,-1,-1,-1,-1,-1,-1,-1,-1,-1,-1,-1,-1,-1,-1,-1,-1,-1,-1,-1,-1,-1,-1,-1,-1,0,0,0,0,0,0,0,0,0,0,0,0,-1,-1,-1,-1,-1,-1,-1,-1,-1,-1,-1,-1,-1,-1,-1,-1,-1,-1,-1,-1,-1,-1,-1,-1,0,0,0,0,0,0,0,0,0,0,0,0,0,0,0,0,0,0,0,0,0,0,0,0,255,139,139,94,0,0,0,0,0,0,0,65,90,100,100,0,0,100,-1,0,100,90,0,1,1,-1,0,0,60,0,[0|0|0],2100800,0,0,[0|0|0|0|0|0|0|0|0|0]
2122815,Pata - Attack,0.4,0,0,0,0.5,0.04,6902,-1,-1,-1,1667,110,-1,-1,-1,100,-1,-1,-1,0,94,94,94,94,90,500,100,100,0,0,0,0,0,0,0,0,0,0,0,0,10,0,0,0,0,0,0,0,0,0,0,0,8,0,0,2,255,2,255,0,255,0,0,0,0,0,0,0,0,0,0,0,0,1,0,0,0,0,0,0,0,0,0,0,-1,-1,2100,2010,-1,-1,-1,-1,-1,-1,-1,-1,-1,-1,-1,-1,-1,-1,-1,-1,-1,-1,-1,-1,-1,-1,-1,-1,-1,-1,-1,-1,0,0,0,0,0,0,0,0,0,0,0,0,-1,-1,-1,-1,-1,-1,-1,-1,-1,-1,-1,-1,-1,-1,-1,-1,-1,-1,-1,-1,-1,-1,-1,-1,0,0,0,0,0,0,0,0,0,0,0,0,0,0,0,0,0,0,0,0,0,0,0,0,255,139,139,94,0,0,0,0,0,0,0,65,90,100,100,0,0,100,-1,0,100,90,0,1,1,-1,0,0,60,0,[0|0|0],2100805,0,0,[0|0|0|0|0|0|0|0|0|0]
2122820,Pata - Attack,0.4,0,0,0,0.7,0.08,6902,-1,-1,1665,-1,110,-1,-1,-1,100,-1,-1,-1,0,96,96,96,96,90,500,100,100,0,0,0,0,0,0,0,0,0,0,0,0,10,0,0,0,0,0,0,0,0,0,0,0,1,0,0,3,255,0,255,0,255,0,0,0,0,0,0,0,0,0,0,0,4,1,0,0,0,0,0,0,0,0,0,0,-1,-1,2100,2010,-1,-1,-1,-1,-1,-1,-1,-1,-1,-1,-1,-1,-1,-1,-1,-1,-1,-1,-1,-1,-1,-1,-1,-1,-1,-1,-1,-1,0,0,0,0,0,0,0,0,0,0,0,0,-1,-1,-1,-1,-1,-1,-1,-1,-1,-1,-1,-1,-1,-1,-1,-1,-1,-1,-1,-1,-1,-1,-1,-1,0,0,0,0,0,0,0,0,0,0,0,0,0,0,0,0,0,0,0,0,0,0,0,0,255,139,139,96,0,0,0,0,0,0,0,65,90,100,100,0,0,100,-1,0,100,100,0,1,1,-1,0,0,120,0,[0|0|0],2100010,0,0,[0|0|0|0|0|0|0|0|0|0]
2122830,Pata - Attack,0.4,0,0,0,1,0.04,6902,-1,-1,1665,-1,110,-1,-1,-1,100,-1,-1,-1,0,98,98,98,98,90,500,100,100,0,0,0,0,0,0,0,0,0,0,0,0,10,0,0,0,0,0,0,0,0,0,0,0,8,0,0,2,255,2,255,0,255,0,0,0,0,0,0,0,0,0,0,0,2,1,0,0,0,0,0,0,0,9,0,0,-1,-1,2100,2010,-1,-1,-1,-1,-1,-1,-1,-1,-1,-1,-1,-1,-1,-1,-1,-1,-1,-1,-1,-1,-1,-1,-1,-1,-1,-1,-1,-1,0,0,0,0,0,0,0,0,0,0,0,0,-1,-1,-1,-1,-1,-1,-1,-1,-1,-1,-1,-1,-1,-1,-1,-1,-1,-1,-1,-1,-1,-1,-1,-1,0,0,0,0,0,0,0,0,0,0,0,0,0,0,0,0,0,0,0,0,0,0,0,0,255,139,139,98,0,0,0,0,0,0,0,65,90,100,100,0,0,100,-1,0,100,90,0,1,1,-1,0,0,60,0,[0|0|0],2100805,0,0,[0|0|0|0|0|0|0|0|0|0]
2122835,Pata - Attack,0.4,0,0,0,0.35,0.04,6902,-1,-1,-1,1667,110,-1,-1,-1,100,-1,-1,-1,0,98,98,98,98,90,500,100,100,0,0,0,0,0,0,0,0,0,0,0,0,10,0,0,0,0,0,0,0,0,0,0,0,8,0,0,2,255,2,255,0,255,0,0,0,0,0,0,0,0,0,0,0,0,1,0,0,0,0,0,0,0,0,0,0,-1,-1,2100,2010,-1,-1,-1,-1,-1,-1,-1,-1,-1,-1,-1,-1,-1,-1,-1,-1,-1,-1,-1,-1,-1,-1,-1,-1,-1,-1,-1,-1,0,0,0,0,0,0,0,0,0,0,0,0,-1,-1,-1,-1,-1,-1,-1,-1,-1,-1,-1,-1,-1,-1,-1,-1,-1,-1,-1,-1,-1,-1,-1,-1,0,0,0,0,0,0,0,0,0,0,0,0,0,0,0,0,0,0,0,0,0,0,0,0,255,139,139,98,0,0,0,0,0,0,0,65,90,100,100,0,0,100,-1,0,100,90,0,1,1,-1,0,0,60,0,[0|0|0],2100800,0,0,[0|0|0|0|0|0|0|0|0|0]
2122845,Pata - Attack,0.4,0,0,0,0.6,0.08,6902,-1,-1,-1,1667,110,-1,-1,-1,100,-1,-1,-1,0,100,100,100,100,90,500,100,100,0,0,0,0,0,0,0,0,0,0,0,0,10,0,0,0,0,0,0,0,0,0,0,0,1,0,0,2,255,2,255,0,255,0,0,0,0,0,0,0,0,0,0,0,2,1,0,0,0,0,0,0,0,0,0,0,-1,-1,2100,2010,-1,-1,-1,-1,-1,-1,-1,-1,-1,-1,-1,-1,-1,-1,-1,-1,-1,-1,-1,-1,-1,-1,-1,-1,-1,-1,-1,-1,0,0,0,0,0,0,0,0,0,0,0,0,-1,-1,-1,-1,-1,-1,-1,-1,-1,-1,-1,-1,-1,-1,-1,-1,-1,-1,-1,-1,-1,-1,-1,-1,0,0,0,0,0,0,0,0,0,0,0,0,0,0,0,0,0,0,0,0,0,0,0,0,255,139,139,100,0,0,0,0,0,0,0,65,90,100,100,0,0,100,-1,0,100,105,0,1,1,-1,0,0,120,0,[0|0|0],2100010,0,0,[0|0|0|0|0|0|0|0|0|0]
2122850,Pata - Attack,0.4,0,0,0,1.25,0.08,6902,-1,-1,1665,-1,110,-1,-1,-1,100,-1,-1,-1,0,106,106,106,106,90,500,100,100,104,0,0,0,0,0,0,0,0,0,0,0,10,0,0,0,0,0,0,0,0,0,0,0,1,0,0,2,255,2,255,0,255,0,0,0,0,0,0,0,0,0,0,0,0,1,0,0,0,0,0,0,0,9,0,0,-1,-1,2100,2010,-1,-1,-1,-1,-1,-1,-1,-1,-1,-1,-1,-1,-1,-1,-1,-1,-1,-1,-1,-1,-1,-1,-1,-1,-1,-1,-1,-1,0,0,0,0,0,0,0,0,0,0,0,0,-1,-1,-1,-1,-1,-1,-1,-1,-1,-1,-1,-1,-1,-1,-1,-1,-1,-1,-1,-1,-1,-1,-1,-1,0,0,0,0,0,0,0,0,0,0,0,0,0,0,0,0,0,0,0,0,0,0,0,0,255,139,139,106,0,0,0,0,0,0,0,65,90,100,100,0,0,100,-1,0,100,110,0,1,1,-1,0,0,60,0,[0|0|0],2100805,0,0,[0|0|0|0|0|0|0|0|0|0]
2122855,Pata - Attack,0.4,0,0,0,0.1,0,6902,-1,-1,-1,1667,110,-1,-1,-1,100,-1,-1,-1,0,106,106,106,106,90,500,100,100,104,0,0,0,0,0,0,0,0,0,0,0,10,0,0,0,0,0,0,0,0,0,0,0,8,0,0,3,255,0,255,0,255,0,0,0,0,0,0,0,0,0,0,0,4,1,0,0,0,0,0,0,0,0,0,0,-1,-1,2100,2010,-1,-1,-1,-1,-1,-1,-1,-1,-1,-1,-1,-1,-1,-1,-1,-1,-1,-1,-1,-1,-1,-1,-1,-1,-1,-1,-1,-1,0,0,0,0,0,0,0,0,0,0,0,0,-1,-1,-1,-1,-1,-1,-1,-1,-1,-1,-1,-1,-1,-1,-1,-1,-1,-1,-1,-1,-1,-1,-1,-1,0,0,0,0,0,0,0,0,0,0,0,0,0,0,0,0,0,0,0,0,0,0,0,0,255,139,139,106,0,0,0,0,0,0,0,65,90,100,100,0,0,100,-1,0,100,110,0,1,1,-1,0,0,60,0,[0|0|0],2100800,0,0,[0|0|0|0|0|0|0|0|0|0]
2122860,Pata - Attack,0.4,0,0,0,1,0.04,6903,-1,-1,1665,-1,110,-1,-1,-1,100,-1,-1,-1,0,100,100,100,100,100,500,100,100,0,0,0,0,0,0,0,0,0,0,0,0,10,0,0,0,0,0,0,0,0,0,0,0,1,0,0,2,255,2,255,0,255,0,0,0,0,0,0,0,0,0,0,0,0,1,0,0,0,0,0,0,0,9,0,0,-1,-1,2100,2010,-1,-1,-1,-1,-1,-1,-1,-1,-1,-1,-1,-1,-1,-1,-1,-1,-1,-1,-1,-1,-1,-1,-1,-1,-1,-1,-1,-1,0,0,0,0,0,0,0,0,0,0,0,0,-1,-1,-1,-1,-1,-1,-1,-1,-1,-1,-1,-1,-1,-1,-1,-1,-1,-1,-1,-1,-1,-1,-1,-1,0,0,0,0,0,0,0,0,0,0,0,0,0,0,0,0,0,0,0,0,0,0,0,0,255,139,139,100,0,0,0,0,0,0,0,65,90,100,100,0,0,100,-1,0,100,100,0,1,1,-1,0,0,60,0,[0|0|0],2100805,122,0,[0|0|0|0|0|0|0|0|0|0]
2122865,Pata - Attack,0.4,0,0,0,0.7,0.04,6903,-1,-1,-1,1667,110,-1,-1,-1,100,-1,-1,-1,0,95,95,95,95,100,500,100,100,0,0,0,0,0,0,0,0,0,0,0,0,10,0,0,0,0,0,0,0,0,0,0,0,1,0,0,2,255,2,255,0,255,0,0,0,0,0,0,0,0,0,0,0,3,1,0,0,0,0,0,0,0,0,0,0,-1,-1,2100,2010,-1,-1,-1,-1,-1,-1,-1,-1,-1,-1,-1,-1,-1,-1,-1,-1,-1,-1,-1,-1,-1,-1,-1,-1,-1,-1,-1,-1,0,0,0,0,0,0,0,0,0,0,0,0,-1,-1,-1,-1,-1,-1,-1,-1,-1,-1,-1,-1,-1,-1,-1,-1,-1,-1,-1,-1,-1,-1,-1,-1,0,0,0,0,0,0,0,0,0,0,0,0,0,0,0,0,0,0,0,0,0,0,0,0,255,139,139,95,0,0,0,0,0,0,0,65,90,100,100,0,0,100,-1,0,100,100,0,1,1,-1,0,0,60,0,[0|0|0],2100800,122,0,[0|0|0|0|0|0|0|0|0|0]
2122870,Pata - Attack,0.4,0,0,0,0.8,0.04,6903,-1,-1,1665,-1,110,-1,-1,-1,100,-1,-1,-1,0,85,85,85,85,100,500,100,100,0,0,0,0,0,0,0,0,0,0,0,0,10,0,0,0,0,0,0,0,0,0,0,0,8,0,0,2,255,2,255,0,255,0,0,0,0,0,0,0,0,0,0,0,2,1,0,0,0,0,0,0,0,9,0,0,-1,-1,2100,2010,-1,-1,-1,-1,-1,-1,-1,-1,-1,-1,-1,-1,-1,-1,-1,-1,-1,-1,-1,-1,-1,-1,-1,-1,-1,-1,-1,-1,0,0,0,0,0,0,0,0,0,0,0,0,-1,-1,-1,-1,-1,-1,-1,-1,-1,-1,-1,-1,-1,-1,-1,-1,-1,-1,-1,-1,-1,-1,-1,-1,0,0,0,0,0,0,0,0,0,0,0,0,0,0,0,0,0,0,0,0,0,0,0,0,255,139,139,85,0,0,0,0,0,0,0,65,90,100,100,0,0,100,-1,0,100,80,0,1,1,-1,0,0,60,0,[0|0|0],2100805,121,0,[0|0|0|0|0|0|0|0|0|0]
2122875,Pata - Attack,0.4,0,0,0,0.35,0.04,6903,-1,-1,-1,1667,110,-1,-1,-1,100,-1,-1,-1,0,85,85,85,85,100,500,100,100,0,0,0,0,0,0,0,0,0,0,0,0,10,0,0,0,0,0,0,0,0,0,0,0,8,0,0,3,255,0,255,0,255,0,0,0,0,0,0,0,0,0,0,0,0,1,0,0,0,0,0,0,0,0,0,0,-1,-1,2100,2010,-1,-1,-1,-1,-1,-1,-1,-1,-1,-1,-1,-1,-1,-1,-1,-1,-1,-1,-1,-1,-1,-1,-1,-1,-1,-1,-1,-1,0,0,0,0,0,0,0,0,0,0,0,0,-1,-1,-1,-1,-1,-1,-1,-1,-1,-1,-1,-1,-1,-1,-1,-1,-1,-1,-1,-1,-1,-1,-1,-1,0,0,0,0,0,0,0,0,0,0,0,0,0,0,0,0,0,0,0,0,0,0,0,0,255,139,139,85,0,0,0,0,0,0,0,65,90,100,100,0,0,100,-1,0,100,80,0,1,1,-1,0,0,60,0,[0|0|0],2100800,121,0,[0|0|0|0|0|0|0|0|0|0]
2122880,Pata - Attack,0.4,0,0,0,1,0.08,6903,-1,-1,1665,-1,110,-1,-1,-1,100,-1,-1,-1,0,85,85,85,85,100,500,100,100,0,0,0,0,0,0,0,0,0,0,0,0,10,0,0,0,0,0,0,0,0,0,0,0,1,0,0,3,255,0,255,0,255,0,0,0,0,0,0,0,0,0,0,0,2,1,0,0,0,0,0,0,0,9,0,0,-1,-1,2100,2010,-1,-1,-1,-1,-1,-1,-1,-1,-1,-1,-1,-1,-1,-1,-1,-1,-1,-1,-1,-1,-1,-1,-1,-1,-1,-1,-1,-1,0,0,0,0,0,0,0,0,0,0,0,0,-1,-1,-1,-1,-1,-1,-1,-1,-1,-1,-1,-1,-1,-1,-1,-1,-1,-1,-1,-1,-1,-1,-1,-1,0,0,0,0,0,0,0,0,0,0,0,0,0,0,0,0,0,0,0,0,0,0,0,0,255,139,139,85,0,0,0,0,0,0,0,65,90,100,100,0,0,100,-1,0,100,90,0,1,1,-1,0,0,60,0,[0|0|0],2100860,121,0,[0|0|0|0|0|0|0|0|0|0]
2122885,Pata - Attack,0.4,0,0,0,0.2,0,6903,-1,-1,-1,1667,110,-1,-1,-1,100,-1,-1,-1,0,85,85,85,85,100,500,100,100,0,0,0,0,0,0,0,0,0,0,0,0,10,0,0,0,0,0,0,0,0,0,0,0,1,0,0,3,255,0,255,0,255,0,0,0,0,0,0,0,0,0,0,0,2,1,0,0,0,0,0,0,0,0,0,0,-1,-1,2100,2010,-1,-1,-1,-1,-1,-1,-1,-1,-1,-1,-1,-1,-1,-1,-1,-1,-1,-1,-1,-1,-1,-1,-1,-1,-1,-1,-1,-1,0,0,0,0,0,0,0,0,0,0,0,0,-1,-1,-1,-1,-1,-1,-1,-1,-1,-1,-1,-1,-1,-1,-1,-1,-1,-1,-1,-1,-1,-1,-1,-1,0,0,0,0,0,0,0,0,0,0,0,0,0,0,0,0,0,0,0,0,0,0,0,0,255,139,139,85,0,0,0,0,0,0,0,65,90,100,100,0,0,100,-1,0,100,90,0,1,1,-1,0,0,60,0,[0|0|0],2100860,121,0,[0|0|0|0|0|0|0|0|0|0]
2122890,Pata - Attack,0.5,0.2,0,0,0.4,0.08,6904,-1,-1,1665,-1,110,120,-1,-1,100,-1,-1,-1,0,115,115,115,115,150,9900,100,100,102,0,0,0,0,0,0,0,0,0,0,0,20,0,0,0,0,2,0,0,0,0,0,0,2,0,0,2,255,2,255,0,255,0,0,0,0,0,0,0,0,0,0,0,2,1,0,0,0,0,0,0,0,9,0,0,-1,-1,2100,2010,-1,-1,-1,-1,-1,-1,-1,-1,-1,-1,-1,-1,-1,-1,-1,-1,-1,-1,-1,-1,-1,-1,-1,-1,-1,-1,-1,-1,0,0,0,0,0,0,0,0,0,0,0,0,-1,-1,-1,-1,-1,-1,-1,-1,-1,-1,-1,-1,-1,-1,-1,-1,-1,-1,-1,-1,-1,-1,-1,-1,0,0,0,0,0,0,0,0,0,0,0,0,0,0,0,0,0,0,0,0,0,0,0,0,255,139,139,115,0,0,0,0,0,0,0,65,90,100,100,0,0,100,-1,0,100,140,0,1,1,-1,0,0,100,0,[0|0|0],2100890,0,0,[0|0|0|0|0|0|0|0|0|0]
2122895,Pata - Attack,0.5,0.2,0,0,0.4,0.08,6904,-1,-1,-1,1667,110,120,-1,-1,100,-1,-1,-1,0,115,115,115,115,150,9900,100,100,102,0,0,0,0,0,0,0,0,0,0,0,20,0,0,0,0,2,0,0,0,0,0,0,2,0,0,2,255,2,255,0,255,0,0,0,0,0,0,0,0,0,0,0,2,1,0,0,0,0,0,0,0,0,0,0,-1,-1,2100,2010,-1,-1,-1,-1,-1,-1,-1,-1,-1,-1,-1,-1,-1,-1,-1,-1,-1,-1,-1,-1,-1,-1,-1,-1,-1,-1,-1,-1,0,0,0,0,0,0,0,0,0,0,0,0,-1,-1,-1,-1,-1,-1,-1,-1,-1,-1,-1,-1,-1,-1,-1,-1,-1,-1,-1,-1,-1,-1,-1,-1,0,0,0,0,0,0,0,0,0,0,0,0,0,0,0,0,0,0,0,0,0,0,0,0,255,139,139,115,0,0,0,0,0,0,0,65,90,100,100,0,0,100,-1,0,100,140,0,1,1,-1,0,0,100,0,[0|0|0],2100890,0,0,[0|0|0|0|0|0|0|0|0|0]
2210100,Claws of Night - Bullet,0.4,0,0,0,0.8,0,-1,-1,-1,-1,-1,6,0,-1,-1,940,0,-1,-1,0,105,105,105,105,59,400,90,100,0,0,0,0,0,0,0,0,0,0,0,0,10,0,0,0,0,0,0,0,0,0,0,0,1,1,0,253,255,0,255,0,255,0,0,0,0,0,0,0,0,0,0,0,0,1,0,0,0,0,0,0,0,0,0,0,-1,-1,2100,2010,-1,-1,-1,-1,-1,-1,-1,-1,-1,-1,-1,-1,-1,-1,-1,-1,-1,-1,-1,-1,-1,-1,-1,-1,-1,-1,-1,-1,0,0,0,0,0,0,0,0,0,0,0,0,-1,-1,-1,-1,-1,-1,-1,-1,-1,-1,-1,-1,-1,-1,-1,-1,-1,-1,-1,-1,-1,-1,-1,-1,0,0,0,0,0,0,0,0,0,0,0,0,0,0,0,0,0,0,0,0,0,0,0,0,255,139,139,105,0,0,0,0,0,0,1,50,100,100,100,0,0,100,-1,0,100,130,0,1,1,-1,0,0,100,0,[0|0|0],-1,119,0,[0|0|0|0|0|0|0|0|0|0]
2210101,Claws of Night - Bullet,0.35,0.1,0,0,0.8,0,-1,-1,-1,-1,-1,120,120,-1,-1,100,-1,-1,-1,0,50,50,50,50,59,400,90,100,0,0,0,0,0,0,0,0,0,0,0,0,10,0,0,0,0,2,0,0,0,0,0,0,1,1,0,253,255,0,255,0,255,0,0,0,0,0,0,0,0,0,0,0,0,1,0,0,0,0,0,0,0,0,0,0,-1,-1,2100,2010,-1,-1,-1,-1,-1,-1,-1,-1,-1,-1,-1,-1,-1,-1,-1,-1,-1,-1,-1,-1,-1,-1,-1,-1,-1,-1,-1,-1,0,0,0,0,0,0,0,0,0,0,0,0,-1,-1,-1,-1,-1,-1,-1,-1,-1,-1,-1,-1,-1,-1,-1,-1,-1,-1,-1,-1,-1,-1,-1,-1,0,0,0,0,0,0,0,0,0,0,0,0,0,0,0,0,0,0,0,0,0,0,0,0,255,139,139,50,0,0,0,0,0,0,1,50,100,100,100,0,0,100,-1,0,100,130,0,1,1,-1,0,0,100,0,[0|0|0],-1,119,0,[0|0|0|0|0|0|0|0|0|0]
2210105,Claws of Night - Bullet,0.4,0,0,0,1,0,-1,-1,-1,-1,-1,6,0,-1,-1,940,0,-1,-1,0,125,125,125,125,66,400,90,100,100,0,0,0,0,0,0,0,0,0,0,0,10,0,0,0,0,0,0,0,0,0,0,0,1,1,0,253,255,0,255,0,255,0,0,0,0,0,0,0,0,0,0,0,0,1,0,0,0,0,0,0,0,0,0,0,-1,-1,2100,2010,-1,-1,-1,-1,-1,-1,-1,-1,-1,-1,-1,-1,-1,-1,-1,-1,-1,-1,-1,-1,-1,-1,-1,-1,-1,-1,-1,-1,0,0,0,0,0,0,0,0,0,0,0,0,-1,-1,-1,-1,-1,-1,-1,-1,-1,-1,-1,-1,-1,-1,-1,-1,-1,-1,-1,-1,-1,-1,-1,-1,0,0,0,0,0,0,0,0,0,0,0,0,0,0,0,0,0,0,0,0,0,0,0,0,255,139,139,125,0,0,0,0,0,0,3,50,100,100,100,0,0,100,-1,0,100,150,0,1,1,-1,0,0,150,0,[0|0|0],-1,119,0,[0|0|0|0|0|0|0|0|0|0]
2210106,Claws of Night - Bullet,0.35,0.1,0,0,1,0,-1,-1,-1,-1,-1,120,120,-1,-1,100,-1,-1,-1,0,60,60,60,60,66,400,90,100,100,0,0,0,0,0,0,0,0,0,0,0,10,0,0,0,0,2,0,0,0,0,0,0,1,1,0,253,255,0,255,0,255,0,0,0,0,0,0,0,0,0,0,0,0,1,0,0,0,0,0,0,0,0,0,0,-1,-1,2100,2010,-1,-1,-1,-1,-1,-1,-1,-1,-1,-1,-1,-1,-1,-1,-1,-1,-1,-1,-1,-1,-1,-1,-1,-1,-1,-1,-1,-1,0,0,0,0,0,0,0,0,0,0,0,0,-1,-1,-1,-1,-1,-1,-1,-1,-1,-1,-1,-1,-1,-1,-1,-1,-1,-1,-1,-1,-1,-1,-1,-1,0,0,0,0,0,0,0,0,0,0,0,0,0,0,0,0,0,0,0,0,0,0,0,0,255,139,139,60,0,0,0,0,0,0,3,50,100,100,100,0,0,100,-1,0,100,150,0,1,1,-1,0,0,150,0,[0|0|0],-1,119,0,[0|0|0|0|0|0|0|0|0|0]
2210110,Claws of Night - Bullet,0.4,0.2,0,0,0.8,0,-1,-1,-1,-1,-1,1,1,-1,-1,-1,-1,-1,-1,0,107,107,107,107,62,400,90,100,0,0,0,0,0,0,0,0,0,0,0,0,10,0,0,0,0,2,0,0,0,0,0,0,1,1,0,253,255,0,255,0,255,0,0,0,0,0,0,0,0,0,0,0,0,1,0,0,0,0,0,0,0,0,0,0,-1,-1,2100,2010,-1,-1,-1,-1,-1,-1,-1,-1,-1,-1,-1,-1,-1,-1,-1,-1,-1,-1,-1,-1,-1,-1,-1,-1,-1,-1,-1,-1,0,0,0,0,0,0,0,0,0,0,0,0,-1,-1,-1,-1,-1,-1,-1,-1,-1,-1,-1,-1,-1,-1,-1,-1,-1,-1,-1,-1,-1,-1,-1,-1,0,0,0,0,0,0,0,0,0,0,0,0,0,0,0,0,0,0,0,0,0,0,0,0,255,139,139,107,0,0,0,0,0,0,1,50,100,100,100,0,0,100,-1,0,100,130,0,1,1,-1,0,0,100,0,[0|0|0],-1,119,0,[0|0|0|0|0|0|0|0|0|0]
2210111,Claws of Night - Bullet,0.35,0.1,0,0,0.8,0,-1,-1,-1,-1,-1,120,120,-1,-1,100,-1,-1,-1,0,51,51,51,51,62,400,90,100,0,0,0,0,0,0,0,0,0,0,0,0,10,0,0,0,0,2,0,0,0,0,0,0,1,1,0,253,255,0,255,0,255,0,0,0,0,0,0,0,0,0,0,0,0,1,0,0,0,0,0,0,0,0,0,0,-1,-1,2100,2010,-1,-1,-1,-1,-1,-1,-1,-1,-1,-1,-1,-1,-1,-1,-1,-1,-1,-1,-1,-1,-1,-1,-1,-1,-1,-1,-1,-1,0,0,0,0,0,0,0,0,0,0,0,0,-1,-1,-1,-1,-1,-1,-1,-1,-1,-1,-1,-1,-1,-1,-1,-1,-1,-1,-1,-1,-1,-1,-1,-1,0,0,0,0,0,0,0,0,0,0,0,0,0,0,0,0,0,0,0,0,0,0,0,0,255,139,139,51,0,0,0,0,0,0,1,50,100,100,100,0,0,100,-1,0,100,130,0,1,1,-1,0,0,100,0,[0|0|0],-1,119,0,[0|0|0|0|0|0|0|0|0|0]
2210115,Claws of Night - Bullet,0.4,0.2,0,0,1,0,-1,-1,-1,-1,-1,1,1,-1,-1,-1,-1,-1,-1,0,127,127,127,127,69,400,90,100,100,0,0,0,0,0,0,0,0,0,0,0,10,0,0,0,0,2,0,0,0,0,0,0,1,1,0,253,255,0,255,0,255,0,0,0,0,0,0,0,0,0,0,0,0,1,0,0,0,0,0,0,0,0,0,0,-1,-1,2100,2010,-1,-1,-1,-1,-1,-1,-1,-1,-1,-1,-1,-1,-1,-1,-1,-1,-1,-1,-1,-1,-1,-1,-1,-1,-1,-1,-1,-1,0,0,0,0,0,0,0,0,0,0,0,0,-1,-1,-1,-1,-1,-1,-1,-1,-1,-1,-1,-1,-1,-1,-1,-1,-1,-1,-1,-1,-1,-1,-1,-1,0,0,0,0,0,0,0,0,0,0,0,0,0,0,0,0,0,0,0,0,0,0,0,0,255,139,139,127,0,0,0,0,0,0,3,50,100,100,100,0,0,100,-1,0,100,150,0,1,1,-1,0,0,150,0,[0|0|0],-1,119,0,[0|0|0|0|0|0|0|0|0|0]
2210116,Claws of Night - Bullet,0.35,0.1,0,0,1,0,-1,-1,-1,-1,-1,120,120,-1,-1,100,-1,-1,-1,0,61,61,61,61,69,400,90,100,100,0,0,0,0,0,0,0,0,0,0,0,10,0,0,0,0,2,0,0,0,0,0,0,1,1,0,253,255,0,255,0,255,0,0,0,0,0,0,0,0,0,0,0,0,1,0,0,0,0,0,0,0,0,0,0,-1,-1,2100,2010,-1,-1,-1,-1,-1,-1,-1,-1,-1,-1,-1,-1,-1,-1,-1,-1,-1,-1,-1,-1,-1,-1,-1,-1,-1,-1,-1,-1,0,0,0,0,0,0,0,0,0,0,0,0,-1,-1,-1,-1,-1,-1,-1,-1,-1,-1,-1,-1,-1,-1,-1,-1,-1,-1,-1,-1,-1,-1,-1,-1,0,0,0,0,0,0,0,0,0,0,0,0,0,0,0,0,0,0,0,0,0,0,0,0,255,139,139,61,0,0,0,0,0,0,3,50,100,100,100,0,0,100,-1,0,100,150,0,1,1,-1,0,0,150,0,[0|0|0],-1,119,0,[0|0|0|0|0|0|0|0|0|0]
2210125,Claws of Night - Bullet,0.5,0,0,0,1.2,0,-1,-1,-1,-1,-1,5,0,-1,-1,930,0,-1,-1,0,103,103,103,103,51,400,90,100,122,0,0,0,0,0,0,0,0,0,0,0,10,0,0,0,0,0,0,0,0,0,0,0,1,1,0,253,255,0,255,0,255,0,0,0,0,0,0,0,0,0,0,0,0,1,0,0,0,0,0,0,0,0,0,0,-1,-1,2100,2010,-1,-1,-1,-1,-1,-1,-1,-1,-1,-1,-1,-1,-1,-1,-1,-1,-1,-1,-1,-1,-1,-1,-1,-1,-1,-1,-1,-1,0,0,0,0,0,0,0,0,0,0,0,0,-1,-1,-1,-1,-1,-1,-1,-1,-1,-1,-1,-1,-1,-1,-1,-1,-1,-1,-1,-1,-1,-1,-1,-1,0,0,0,0,0,0,0,0,0,0,0,0,0,0,0,0,0,0,0,0,0,0,0,0,255,139,139,103,0,0,0,0,0,0,1,50,100,100,100,0,0,100,-1,0,100,130,0,1,1,-1,0,0,100,0,[0|0|0],-1,119,0,[0|0|0|0|0|0|0|0|0|0]
2210126,Claws of Night - Bullet,0.35,0.1,0,0,1.2,0,-1,-1,-1,-1,-1,120,120,-1,-1,100,-1,-1,-1,0,52,52,52,52,51,400,90,100,122,0,0,0,0,0,0,0,0,0,0,0,10,0,0,0,0,2,0,0,0,0,0,0,1,1,0,253,255,0,255,0,255,0,0,0,0,0,0,0,0,0,0,0,0,1,0,0,0,0,0,0,0,0,0,0,-1,-1,2100,2010,-1,-1,-1,-1,-1,-1,-1,-1,-1,-1,-1,-1,-1,-1,-1,-1,-1,-1,-1,-1,-1,-1,-1,-1,-1,-1,-1,-1,0,0,0,0,0,0,0,0,0,0,0,0,-1,-1,-1,-1,-1,-1,-1,-1,-1,-1,-1,-1,-1,-1,-1,-1,-1,-1,-1,-1,-1,-1,-1,-1,0,0,0,0,0,0,0,0,0,0,0,0,0,0,0,0,0,0,0,0,0,0,0,0,255,139,139,52,0,0,0,0,0,0,1,50,100,100,100,0,0,100,-1,0,100,130,0,1,1,-1,0,0,100,0,[0|0|0],-1,119,0,[0|0|0|0|0|0|0|0|0|0]
2210160,Claws of Night - Bullet,0.5,0,0,0,0.9,0,-1,-1,-1,-1,-1,5,0,-1,-1,930,0,-1,-1,0,106,106,106,106,51,400,90,100,102,0,0,0,0,0,0,0,0,0,0,0,10,0,0,0,0,0,0,0,0,0,0,0,1,1,0,253,255,0,255,0,255,0,0,0,0,0,0,0,0,0,0,0,0,1,0,0,0,0,0,0,0,0,0,0,-1,-1,2100,2010,-1,-1,-1,-1,-1,-1,-1,-1,-1,-1,-1,-1,-1,-1,-1,-1,-1,-1,-1,-1,-1,-1,-1,-1,-1,-1,-1,-1,0,0,0,0,0,0,0,0,0,0,0,0,-1,-1,-1,-1,-1,-1,-1,-1,-1,-1,-1,-1,-1,-1,-1,-1,-1,-1,-1,-1,-1,-1,-1,-1,0,0,0,0,0,0,0,0,0,0,0,0,0,0,0,0,0,0,0,0,0,0,0,0,255,139,139,106,0,0,0,0,0,0,1,50,100,100,100,0,0,100,-1,0,100,140,0,1,1,-1,0,0,100,0,[0|0|0],-1,119,0,[0|0|0|0|0|0|0|0|0|0]
2210161,Claws of Night - Bullet,0.35,0.1,0,0,0.9,0,-1,-1,-1,-1,-1,120,120,-1,-1,100,-1,-1,-1,0,51,51,51,51,51,400,90,100,102,0,0,0,0,0,0,0,0,0,0,0,10,0,0,0,0,2,0,0,0,0,0,0,1,1,0,253,255,0,255,0,255,0,0,0,0,0,0,0,0,0,0,0,0,1,0,0,0,0,0,0,0,0,0,0,-1,-1,2100,2010,-1,-1,-1,-1,-1,-1,-1,-1,-1,-1,-1,-1,-1,-1,-1,-1,-1,-1,-1,-1,-1,-1,-1,-1,-1,-1,-1,-1,0,0,0,0,0,0,0,0,0,0,0,0,-1,-1,-1,-1,-1,-1,-1,-1,-1,-1,-1,-1,-1,-1,-1,-1,-1,-1,-1,-1,-1,-1,-1,-1,0,0,0,0,0,0,0,0,0,0,0,0,0,0,0,0,0,0,0,0,0,0,0,0,255,139,139,51,0,0,0,0,0,0,1,50,100,100,100,0,0,100,-1,0,100,140,0,1,1,-1,0,0,100,0,[0|0|0],-1,119,0,[0|0|0|0|0|0|0|0|0|0]
2210180,Claws of Night - Bullet,0.5,0,0,0,1.4,0,-1,-1,-1,-1,-1,5,0,-1,-1,930,0,-1,-1,0,115,115,115,115,62,400,90,60000,103,0,0,0,0,0,0,0,0,0,0,0,10,0,0,0,0,0,0,0,0,0,0,0,1,1,0,253,255,0,255,0,255,0,0,0,0,0,0,0,0,0,0,0,0,1,0,0,0,0,0,0,0,0,0,0,-1,-1,2100,2010,-1,-1,-1,-1,-1,-1,-1,-1,-1,-1,-1,-1,-1,-1,-1,-1,-1,-1,-1,-1,-1,-1,-1,-1,-1,-1,-1,-1,0,0,0,0,0,0,0,0,0,0,0,0,-1,-1,-1,-1,-1,-1,-1,-1,-1,-1,-1,-1,-1,-1,-1,-1,-1,-1,-1,-1,-1,-1,-1,-1,0,0,0,0,0,0,0,0,0,0,0,0,0,0,0,0,0,0,0,0,0,0,0,0,255,139,139,115,0,0,0,0,0,0,1,75,100,100,100,0,0,100,-1,0,100,100,0,1,1,-1,0,0,150,0,[0|0|0],-1,119,0,[0|0|0|0|0|0|0|0|0|0]
2210181,Claws of Night - Bullet,0.35,0.1,0,0,1.4,0,-1,-1,-1,-1,-1,120,120,-1,-1,100,-1,-1,-1,0,62,62,62,62,62,400,90,60000,103,0,0,0,0,0,0,0,0,0,0,0,10,0,0,0,0,2,0,0,0,0,0,0,1,1,0,253,255,0,255,0,255,0,0,0,0,0,0,0,0,0,0,0,0,1,0,0,0,0,0,0,0,0,0,0,-1,-1,2100,2010,-1,-1,-1,-1,-1,-1,-1,-1,-1,-1,-1,-1,-1,-1,-1,-1,-1,-1,-1,-1,-1,-1,-1,-1,-1,-1,-1,-1,0,0,0,0,0,0,0,0,0,0,0,0,-1,-1,-1,-1,-1,-1,-1,-1,-1,-1,-1,-1,-1,-1,-1,-1,-1,-1,-1,-1,-1,-1,-1,-1,0,0,0,0,0,0,0,0,0,0,0,0,0,0,0,0,0,0,0,0,0,0,0,0,255,139,139,62,0,0,0,0,0,0,1,75,100,100,100,0,0,100,-1,0,100,100,0,1,1,-1,0,0,150,0,[0|0|0],-1,119,0,[0|0|0|0|0|0|0|0|0|0]
2210300,Claws of Night - Bullet,0.4,0.2,0,0,0.4,0,-1,-1,-1,-1,-1,1,1,-1,-1,-1,-1,-1,-1,0,68,68,68,68,51,400,90,100,0,0,0,0,0,0,0,0,0,0,0,0,20,0,0,0,0,2,0,0,0,0,0,0,1,1,0,253,255,0,255,0,255,0,0,0,0,0,0,0,0,0,0,0,0,1,0,0,0,0,0,0,0,0,0,0,-1,-1,2100,2010,-1,-1,-1,-1,-1,-1,-1,-1,-1,-1,-1,-1,-1,-1,-1,-1,-1,-1,-1,-1,-1,-1,-1,-1,-1,-1,-1,-1,0,0,0,0,0,0,0,0,0,0,0,0,-1,-1,-1,-1,-1,-1,-1,-1,-1,-1,-1,-1,-1,-1,-1,-1,-1,-1,-1,-1,-1,-1,-1,-1,0,0,0,0,0,0,0,0,0,0,0,0,0,0,0,0,0,0,0,0,0,0,0,0,255,139,139,68,0,0,0,1,0,0,1,40,100,100,100,0,0,100,-1,0,100,130,0,1,1,-1,0,0,55,0,[0|0|0],-1,119,0,[0|0|0|0|0|0|0|0|0|0]
2210301,Claws of Night - Bullet,0.35,0.1,0,0,0.4,0,-1,-1,-1,-1,-1,10120,10120,-1,-1,10100,-1,-1,-1,0,41,41,41,41,51,400,90,100,0,0,0,0,0,0,0,0,0,0,0,0,20,0,0,0,0,2,0,0,0,0,0,0,1,1,0,253,255,0,255,0,255,0,0,0,0,0,0,0,0,0,0,0,0,1,0,0,0,0,0,0,0,0,0,0,-1,-1,2100,2010,-1,-1,-1,-1,-1,-1,-1,-1,-1,-1,-1,-1,-1,-1,-1,-1,-1,-1,-1,-1,-1,-1,-1,-1,-1,-1,-1,-1,0,0,0,0,0,0,0,0,0,0,0,0,-1,-1,-1,-1,-1,-1,-1,-1,-1,-1,-1,-1,-1,-1,-1,-1,-1,-1,-1,-1,-1,-1,-1,-1,0,0,0,0,0,0,0,0,0,0,0,0,0,0,0,0,0,0,0,0,0,0,0,0,255,139,139,41,0,0,0,1,0,0,1,40,100,100,100,0,0,100,-1,0,100,130,0,1,1,-1,0,0,55,0,[0|0|0],-1,119,0,[0|0|0|0|0|0|0|0|0|0]
2210303,Claws of Night - Bullet,0.4,0,0,0,0.4,0,-1,-1,-1,-1,-1,6,0,-1,-1,940,-1,-1,-1,0,68,68,68,68,51,400,90,100,0,0,0,0,0,0,0,0,0,0,0,0,20,0,0,0,0,0,0,0,0,0,0,0,1,1,0,253,255,0,255,0,255,0,0,0,0,0,0,0,0,0,0,0,0,1,0,0,0,0,0,0,0,9,0,0,-1,-1,2100,2010,-1,-1,-1,-1,-1,-1,-1,-1,-1,-1,-1,-1,-1,-1,-1,-1,-1,-1,-1,-1,-1,-1,-1,-1,-1,-1,-1,-1,0,0,0,0,0,0,0,0,0,0,0,0,-1,-1,-1,-1,-1,-1,-1,-1,-1,-1,-1,-1,-1,-1,-1,-1,-1,-1,-1,-1,-1,-1,-1,-1,0,0,0,0,0,0,0,0,0,0,0,0,0,0,0,0,0,0,0,0,0,0,0,0,255,139,139,68,0,0,0,1,0,0,1,40,100,100,100,0,0,100,-1,0,100,130,0,1,1,-1,0,0,55,0,[0|0|0],-1,119,0,[0|0|0|0|0|0|0|0|0|0]
2210304,Claws of Night - Bullet,0.35,0.1,0,0,0.4,0,-1,-1,-1,-1,-1,11120,11120,-1,-1,11100,-1,-1,-1,0,41,41,41,41,51,400,90,100,0,0,0,0,0,0,0,0,0,0,0,0,20,0,0,0,0,2,0,0,0,0,0,0,1,1,0,253,255,0,255,0,255,0,0,0,0,0,0,0,0,0,0,0,0,1,0,0,0,0,0,0,0,9,0,0,-1,-1,2100,2010,-1,-1,-1,-1,-1,-1,-1,-1,-1,-1,-1,-1,-1,-1,-1,-1,-1,-1,-1,-1,-1,-1,-1,-1,-1,-1,-1,-1,0,0,0,0,0,0,0,0,0,0,0,0,-1,-1,-1,-1,-1,-1,-1,-1,-1,-1,-1,-1,-1,-1,-1,-1,-1,-1,-1,-1,-1,-1,-1,-1,0,0,0,0,0,0,0,0,0,0,0,0,0,0,0,0,0,0,0,0,0,0,0,0,255,139,139,41,0,0,0,1,0,0,1,40,100,100,100,0,0,100,-1,0,100,130,0,1,1,-1,0,0,55,0,[0|0|0],-1,119,0,[0|0|0|0|0|0|0|0|0|0]
2210305,Claws of Night - Bullet,0.4,0.2,0,0,0.5,0,-1,-1,-1,-1,-1,1,1,-1,-1,-1,-1,-1,-1,0,74,74,74,74,51,400,90,100,100,0,0,0,0,0,0,0,0,0,0,0,20,0,0,0,0,2,0,0,0,0,0,0,1,1,0,253,255,0,255,0,255,0,0,0,0,0,0,0,0,0,0,0,0,1,0,0,0,0,0,0,0,0,0,0,-1,-1,2100,2010,-1,-1,-1,-1,-1,-1,-1,-1,-1,-1,-1,-1,-1,-1,-1,-1,-1,-1,-1,-1,-1,-1,-1,-1,-1,-1,-1,-1,0,0,0,0,0,0,0,0,0,0,0,0,-1,-1,-1,-1,-1,-1,-1,-1,-1,-1,-1,-1,-1,-1,-1,-1,-1,-1,-1,-1,-1,-1,-1,-1,0,0,0,0,0,0,0,0,0,0,0,0,0,0,0,0,0,0,0,0,0,0,0,0,255,139,139,74,0,0,0,1,0,0,3,40,100,100,100,0,0,100,-1,0,100,150,0,1,1,-1,0,0,80,0,[0|0|0],-1,119,0,[0|0|0|0|0|0|0|0|0|0]
2210306,Claws of Night - Bullet,0.35,0.1,0,0,0.5,0,-1,-1,-1,-1,-1,10120,10120,-1,-1,10100,-1,-1,-1,0,55,55,55,55,51,400,90,100,100,0,0,0,0,0,0,0,0,0,0,0,20,0,0,0,0,2,0,0,0,0,0,0,1,1,0,253,255,0,255,0,255,0,0,0,0,0,0,0,0,0,0,0,0,1,0,0,0,0,0,0,0,0,0,0,-1,-1,2100,2010,-1,-1,-1,-1,-1,-1,-1,-1,-1,-1,-1,-1,-1,-1,-1,-1,-1,-1,-1,-1,-1,-1,-1,-1,-1,-1,-1,-1,0,0,0,0,0,0,0,0,0,0,0,0,-1,-1,-1,-1,-1,-1,-1,-1,-1,-1,-1,-1,-1,-1,-1,-1,-1,-1,-1,-1,-1,-1,-1,-1,0,0,0,0,0,0,0,0,0,0,0,0,0,0,0,0,0,0,0,0,0,0,0,0,255,139,139,55,0,0,0,1,0,0,3,40,100,100,100,0,0,100,-1,0,100,150,0,1,1,-1,0,0,80,0,[0|0|0],-1,119,0,[0|0|0|0|0|0|0|0|0|0]
2210308,Claws of Night - Bullet,0.4,0,0,0,0.5,0,-1,-1,-1,-1,-1,6,0,-1,-1,940,-1,-1,-1,0,74,74,74,74,51,400,90,100,100,0,0,0,0,0,0,0,0,0,0,0,20,0,0,0,0,0,0,0,0,0,0,0,1,1,0,253,255,0,255,0,255,0,0,0,0,0,0,0,0,0,0,0,0,1,0,0,0,0,0,0,0,9,0,0,-1,-1,2100,2010,-1,-1,-1,-1,-1,-1,-1,-1,-1,-1,-1,-1,-1,-1,-1,-1,-1,-1,-1,-1,-1,-1,-1,-1,-1,-1,-1,-1,0,0,0,0,0,0,0,0,0,0,0,0,-1,-1,-1,-1,-1,-1,-1,-1,-1,-1,-1,-1,-1,-1,-1,-1,-1,-1,-1,-1,-1,-1,-1,-1,0,0,0,0,0,0,0,0,0,0,0,0,0,0,0,0,0,0,0,0,0,0,0,0,255,139,139,74,0,0,0,1,0,0,3,40,100,100,100,0,0,100,-1,0,100,150,0,1,1,-1,0,0,80,0,[0|0|0],-1,119,0,[0|0|0|0|0|0|0|0|0|0]
2210309,Claws of Night - Bullet,0.35,0.1,0,0,0.5,0,-1,-1,-1,-1,-1,11120,11120,-1,-1,11100,-1,-1,-1,0,55,55,55,55,51,400,90,100,100,0,0,0,0,0,0,0,0,0,0,0,20,0,0,0,0,2,0,0,0,0,0,0,1,1,0,253,255,0,255,0,255,0,0,0,0,0,0,0,0,0,0,0,0,1,0,0,0,0,0,0,0,9,0,0,-1,-1,2100,2010,-1,-1,-1,-1,-1,-1,-1,-1,-1,-1,-1,-1,-1,-1,-1,-1,-1,-1,-1,-1,-1,-1,-1,-1,-1,-1,-1,-1,0,0,0,0,0,0,0,0,0,0,0,0,-1,-1,-1,-1,-1,-1,-1,-1,-1,-1,-1,-1,-1,-1,-1,-1,-1,-1,-1,-1,-1,-1,-1,-1,0,0,0,0,0,0,0,0,0,0,0,0,0,0,0,0,0,0,0,0,0,0,0,0,255,139,139,55,0,0,0,1,0,0,3,40,100,100,100,0,0,100,-1,0,100,150,0,1,1,-1,0,0,80,0,[0|0|0],-1,119,0,[0|0|0|0|0|0|0|0|0|0]
2210310,Claws of Night - Bullet,0.4,0.2,0,0,0.4,0,-1,-1,-1,-1,-1,1,1,-1,-1,-1,-1,-1,-1,0,69,69,69,69,55,400,90,100,0,0,0,0,0,0,0,0,0,0,0,0,20,0,0,0,0,2,0,0,0,0,0,0,1,1,0,253,255,0,255,0,255,0,0,0,0,0,0,0,0,0,0,0,0,1,0,0,0,0,0,0,0,9,0,0,-1,-1,2100,2010,-1,-1,-1,-1,-1,-1,-1,-1,-1,-1,-1,-1,-1,-1,-1,-1,-1,-1,-1,-1,-1,-1,-1,-1,-1,-1,-1,-1,0,0,0,0,0,0,0,0,0,0,0,0,-1,-1,-1,-1,-1,-1,-1,-1,-1,-1,-1,-1,-1,-1,-1,-1,-1,-1,-1,-1,-1,-1,-1,-1,0,0,0,0,0,0,0,0,0,0,0,0,0,0,0,0,0,0,0,0,0,0,0,0,255,139,139,69,0,0,0,1,0,0,1,40,100,100,100,0,0,100,-1,0,100,130,0,1,1,-1,0,0,55,0,[0|0|0],-1,119,0,[0|0|0|0|0|0|0|0|0|0]
2210311,Claws of Night - Bullet,0.35,0.1,0,0,0.4,0,-1,-1,-1,-1,-1,10120,10120,-1,-1,10100,-1,-1,-1,0,41,41,41,41,55,400,90,100,0,0,0,0,0,0,0,0,0,0,0,0,20,0,0,0,0,2,0,0,0,0,0,0,1,1,0,253,255,0,255,0,255,0,0,0,0,0,0,0,0,0,0,0,0,1,0,0,0,0,0,0,0,9,0,0,-1,-1,2100,2010,-1,-1,-1,-1,-1,-1,-1,-1,-1,-1,-1,-1,-1,-1,-1,-1,-1,-1,-1,-1,-1,-1,-1,-1,-1,-1,-1,-1,0,0,0,0,0,0,0,0,0,0,0,0,-1,-1,-1,-1,-1,-1,-1,-1,-1,-1,-1,-1,-1,-1,-1,-1,-1,-1,-1,-1,-1,-1,-1,-1,0,0,0,0,0,0,0,0,0,0,0,0,0,0,0,0,0,0,0,0,0,0,0,0,255,139,139,41,0,0,0,1,0,0,1,40,100,100,100,0,0,100,-1,0,100,130,0,1,1,-1,0,0,55,0,[0|0|0],-1,119,0,[0|0|0|0|0|0|0|0|0|0]
2210313,Claws of Night - Bullet,0.4,0.2,0,0,0.4,0,-1,-1,-1,-1,-1,2,2,-1,-1,-1,-1,-1,-1,0,69,69,69,69,55,400,90,100,0,0,0,0,0,0,0,0,0,0,0,0,20,0,0,0,0,2,0,0,0,0,0,0,1,1,0,253,255,0,255,0,255,0,0,0,0,0,0,0,0,0,0,0,0,1,0,0,0,0,0,0,0,0,0,0,-1,-1,2100,2010,-1,-1,-1,-1,-1,-1,-1,-1,-1,-1,-1,-1,-1,-1,-1,-1,-1,-1,-1,-1,-1,-1,-1,-1,-1,-1,-1,-1,0,0,0,0,0,0,0,0,0,0,0,0,-1,-1,-1,-1,-1,-1,-1,-1,-1,-1,-1,-1,-1,-1,-1,-1,-1,-1,-1,-1,-1,-1,-1,-1,0,0,0,0,0,0,0,0,0,0,0,0,0,0,0,0,0,0,0,0,0,0,0,0,255,139,139,69,0,0,0,1,0,0,1,40,100,100,100,0,0,100,-1,0,100,130,0,1,1,-1,0,0,55,0,[0|0|0],-1,119,0,[0|0|0|0|0|0|0|0|0|0]
2210314,Claws of Night - Bullet,0.35,0.1,0,0,0.4,0,-1,-1,-1,-1,-1,11120,11120,-1,-1,11100,-1,-1,-1,0,41,41,41,41,55,400,90,100,0,0,0,0,0,0,0,0,0,0,0,0,20,0,0,0,0,2,0,0,0,0,0,0,1,1,0,253,255,0,255,0,255,0,0,0,0,0,0,0,0,0,0,0,0,1,0,0,0,0,0,0,0,0,0,0,-1,-1,2100,2010,-1,-1,-1,-1,-1,-1,-1,-1,-1,-1,-1,-1,-1,-1,-1,-1,-1,-1,-1,-1,-1,-1,-1,-1,-1,-1,-1,-1,0,0,0,0,0,0,0,0,0,0,0,0,-1,-1,-1,-1,-1,-1,-1,-1,-1,-1,-1,-1,-1,-1,-1,-1,-1,-1,-1,-1,-1,-1,-1,-1,0,0,0,0,0,0,0,0,0,0,0,0,0,0,0,0,0,0,0,0,0,0,0,0,255,139,139,41,0,0,0,1,0,0,1,40,100,100,100,0,0,100,-1,0,100,130,0,1,1,-1,0,0,55,0,[0|0|0],-1,119,0,[0|0|0|0|0|0|0|0|0|0]
2210315,Claws of Night - Bullet,0.4,0.2,0,0,0.7,0,-1,-1,-1,-1,-1,1,1,-1,-1,-1,-1,-1,-1,0,76,76,76,76,55,400,90,100,100,0,0,0,0,0,0,0,0,0,0,0,20,0,0,0,0,2,0,0,0,0,0,0,1,1,0,253,255,0,255,0,255,0,0,0,0,0,0,0,0,0,0,0,0,1,0,0,0,0,0,0,0,9,0,0,-1,-1,2100,2010,-1,-1,-1,-1,-1,-1,-1,-1,-1,-1,-1,-1,-1,-1,-1,-1,-1,-1,-1,-1,-1,-1,-1,-1,-1,-1,-1,-1,0,0,0,0,0,0,0,0,0,0,0,0,-1,-1,-1,-1,-1,-1,-1,-1,-1,-1,-1,-1,-1,-1,-1,-1,-1,-1,-1,-1,-1,-1,-1,-1,0,0,0,0,0,0,0,0,0,0,0,0,0,0,0,0,0,0,0,0,0,0,0,0,255,139,139,76,0,0,0,1,0,0,3,40,100,100,100,0,0,100,-1,0,100,150,0,1,1,-1,0,0,80,0,[0|0|0],-1,119,0,[0|0|0|0|0|0|0|0|0|0]
2210316,Claws of Night - Bullet,0.35,0.1,0,0,0.7,0,-1,-1,-1,-1,-1,10120,10120,-1,-1,10100,-1,-1,-1,0,57,57,57,57,55,400,90,100,100,0,0,0,0,0,0,0,0,0,0,0,20,0,0,0,0,2,0,0,0,0,0,0,1,1,0,253,255,0,255,0,255,0,0,0,0,0,0,0,0,0,0,0,0,1,0,0,0,0,0,0,0,9,0,0,-1,-1,2100,2010,-1,-1,-1,-1,-1,-1,-1,-1,-1,-1,-1,-1,-1,-1,-1,-1,-1,-1,-1,-1,-1,-1,-1,-1,-1,-1,-1,-1,0,0,0,0,0,0,0,0,0,0,0,0,-1,-1,-1,-1,-1,-1,-1,-1,-1,-1,-1,-1,-1,-1,-1,-1,-1,-1,-1,-1,-1,-1,-1,-1,0,0,0,0,0,0,0,0,0,0,0,0,0,0,0,0,0,0,0,0,0,0,0,0,255,139,139,57,0,0,0,1,0,0,3,40,100,100,100,0,0,100,-1,0,100,150,0,1,1,-1,0,0,80,0,[0|0|0],-1,119,0,[0|0|0|0|0|0|0|0|0|0]
2210318,Claws of Night - Bullet,0.4,0.2,0,0,0.7,0,-1,-1,-1,-1,-1,2,2,-1,-1,-1,-1,-1,-1,0,76,76,76,76,55,400,90,100,100,0,0,0,0,0,0,0,0,0,0,0,20,0,0,0,0,2,0,0,0,0,0,0,1,1,0,253,255,0,255,0,255,0,0,0,0,0,0,0,0,0,0,0,0,1,0,0,0,0,0,0,0,0,0,0,-1,-1,2100,2010,-1,-1,-1,-1,-1,-1,-1,-1,-1,-1,-1,-1,-1,-1,-1,-1,-1,-1,-1,-1,-1,-1,-1,-1,-1,-1,-1,-1,0,0,0,0,0,0,0,0,0,0,0,0,-1,-1,-1,-1,-1,-1,-1,-1,-1,-1,-1,-1,-1,-1,-1,-1,-1,-1,-1,-1,-1,-1,-1,-1,0,0,0,0,0,0,0,0,0,0,0,0,0,0,0,0,0,0,0,0,0,0,0,0,255,139,139,76,0,0,0,1,0,0,3,40,100,100,100,0,0,100,-1,0,100,150,0,1,1,-1,0,0,80,0,[0|0|0],-1,119,0,[0|0|0|0|0|0|0|0|0|0]
2210319,Claws of Night - Bullet,0.35,0.1,0,0,0.7,0,-1,-1,-1,-1,-1,11120,11120,-1,-1,11100,-1,-1,-1,0,57,57,57,57,55,400,90,100,100,0,0,0,0,0,0,0,0,0,0,0,20,0,0,0,0,2,0,0,0,0,0,0,1,1,0,253,255,0,255,0,255,0,0,0,0,0,0,0,0,0,0,0,0,1,0,0,0,0,0,0,0,0,0,0,-1,-1,2100,2010,-1,-1,-1,-1,-1,-1,-1,-1,-1,-1,-1,-1,-1,-1,-1,-1,-1,-1,-1,-1,-1,-1,-1,-1,-1,-1,-1,-1,0,0,0,0,0,0,0,0,0,0,0,0,-1,-1,-1,-1,-1,-1,-1,-1,-1,-1,-1,-1,-1,-1,-1,-1,-1,-1,-1,-1,-1,-1,-1,-1,0,0,0,0,0,0,0,0,0,0,0,0,0,0,0,0,0,0,0,0,0,0,0,0,255,139,139,57,0,0,0,1,0,0,3,40,100,100,100,0,0,100,-1,0,100,150,0,1,1,-1,0,0,80,0,[0|0|0],-1,119,0,[0|0|0|0|0|0|0|0|0|0]
2210325,Claws of Night - Bullet,0.4,0,0,0,0.8,0,-1,-1,-1,-1,-1,5,0,-1,-1,930,-1,-1,-1,0,66,66,66,66,44,400,90,100,122,0,0,0,0,0,0,0,0,0,0,0,10,0,0,0,0,0,0,0,0,0,0,0,1,1,0,253,255,0,255,0,255,0,0,0,0,0,0,0,0,0,0,0,0,1,0,0,0,0,0,0,0,0,0,0,-1,-1,2100,2010,-1,-1,-1,-1,-1,-1,-1,-1,-1,-1,-1,-1,-1,-1,-1,-1,-1,-1,-1,-1,-1,-1,-1,-1,-1,-1,-1,-1,0,0,0,0,0,0,0,0,0,0,0,0,-1,-1,-1,-1,-1,-1,-1,-1,-1,-1,-1,-1,-1,-1,-1,-1,-1,-1,-1,-1,-1,-1,-1,-1,0,0,0,0,0,0,0,0,0,0,0,0,0,0,0,0,0,0,0,0,0,0,0,0,255,139,139,66,0,0,0,1,0,0,1,40,100,100,100,0,0,100,-1,0,100,130,0,1,1,-1,0,0,55,0,[0|0|0],-1,119,0,[0|0|0|0|0|0|0|0|0|0]
2210326,Claws of Night - Bullet,0.35,0.1,0,0,0.8,0,-1,-1,-1,-1,-1,10120,10120,-1,-1,10100,-1,-1,-1,0,37,37,37,37,44,400,90,100,122,0,0,0,0,0,0,0,0,0,0,0,10,0,0,0,0,2,0,0,0,0,0,0,1,1,0,253,255,0,255,0,255,0,0,0,0,0,0,0,0,0,0,0,0,1,0,0,0,0,0,0,0,0,0,0,-1,-1,2100,2010,-1,-1,-1,-1,-1,-1,-1,-1,-1,-1,-1,-1,-1,-1,-1,-1,-1,-1,-1,-1,-1,-1,-1,-1,-1,-1,-1,-1,0,0,0,0,0,0,0,0,0,0,0,0,-1,-1,-1,-1,-1,-1,-1,-1,-1,-1,-1,-1,-1,-1,-1,-1,-1,-1,-1,-1,-1,-1,-1,-1,0,0,0,0,0,0,0,0,0,0,0,0,0,0,0,0,0,0,0,0,0,0,0,0,255,139,139,37,0,0,0,1,0,0,1,40,100,100,100,0,0,100,-1,0,100,130,0,1,1,-1,0,0,55,0,[0|0|0],-1,119,0,[0|0|0|0|0|0|0|0|0|0]
2210328,Claws of Night - Bullet,0.4,0,0,0,0.8,0,-1,-1,-1,-1,-1,6,0,-1,-1,940,-1,-1,-1,0,66,66,66,66,44,400,90,100,122,0,0,0,0,0,0,0,0,0,0,0,10,0,0,0,0,0,0,0,0,0,0,0,1,1,0,253,255,0,255,0,255,0,0,0,0,0,0,0,0,0,0,0,0,1,0,0,0,0,0,0,0,9,0,0,-1,-1,2100,2010,-1,-1,-1,-1,-1,-1,-1,-1,-1,-1,-1,-1,-1,-1,-1,-1,-1,-1,-1,-1,-1,-1,-1,-1,-1,-1,-1,-1,0,0,0,0,0,0,0,0,0,0,0,0,-1,-1,-1,-1,-1,-1,-1,-1,-1,-1,-1,-1,-1,-1,-1,-1,-1,-1,-1,-1,-1,-1,-1,-1,0,0,0,0,0,0,0,0,0,0,0,0,0,0,0,0,0,0,0,0,0,0,0,0,255,139,139,66,0,0,0,1,0,0,1,40,100,100,100,0,0,100,-1,0,100,130,0,1,1,-1,0,0,55,0,[0|0|0],-1,119,0,[0|0|0|0|0|0|0|0|0|0]
2210329,Claws of Night - Bullet,0.35,0.1,0,0,0.8,0,-1,-1,-1,-1,-1,11120,11120,-1,-1,11100,-1,-1,-1,0,37,37,37,37,44,400,90,100,122,0,0,0,0,0,0,0,0,0,0,0,10,0,0,0,0,2,0,0,0,0,0,0,1,1,0,253,255,0,255,0,255,0,0,0,0,0,0,0,0,0,0,0,0,1,0,0,0,0,0,0,0,9,0,0,-1,-1,2100,2010,-1,-1,-1,-1,-1,-1,-1,-1,-1,-1,-1,-1,-1,-1,-1,-1,-1,-1,-1,-1,-1,-1,-1,-1,-1,-1,-1,-1,0,0,0,0,0,0,0,0,0,0,0,0,-1,-1,-1,-1,-1,-1,-1,-1,-1,-1,-1,-1,-1,-1,-1,-1,-1,-1,-1,-1,-1,-1,-1,-1,0,0,0,0,0,0,0,0,0,0,0,0,0,0,0,0,0,0,0,0,0,0,0,0,255,139,139,37,0,0,0,1,0,0,1,40,100,100,100,0,0,100,-1,0,100,130,0,1,1,-1,0,0,55,0,[0|0|0],-1,119,0,[0|0|0|0|0|0|0|0|0|0]
2210360,Claws of Night - Bullet,0.5,0,0,0,0.7,0,-1,-1,-1,-1,-1,5,0,-1,-1,930,-1,-1,-1,0,70,70,70,70,44,400,90,100,102,0,0,0,0,0,0,0,0,0,0,0,20,0,0,0,0,0,0,0,0,0,0,0,1,1,0,253,255,0,255,0,255,0,0,0,0,0,0,0,0,0,0,0,0,1,0,0,0,0,0,0,0,0,0,0,-1,-1,2100,2010,-1,-1,-1,-1,-1,-1,-1,-1,-1,-1,-1,-1,-1,-1,-1,-1,-1,-1,-1,-1,-1,-1,-1,-1,-1,-1,-1,-1,0,0,0,0,0,0,0,0,0,0,0,0,-1,-1,-1,-1,-1,-1,-1,-1,-1,-1,-1,-1,-1,-1,-1,-1,-1,-1,-1,-1,-1,-1,-1,-1,0,0,0,0,0,0,0,0,0,0,0,0,0,0,0,0,0,0,0,0,0,0,0,0,255,139,139,70,0,0,0,1,0,0,1,40,100,100,100,0,0,100,-1,0,100,140,0,1,1,-1,0,0,55,0,[0|0|0],-1,119,0,[0|0|0|0|0|0|0|0|0|0]
2210361,Claws of Night - Bullet,0.35,0.1,0,0,0.7,0,-1,-1,-1,-1,-1,10120,10120,-1,-1,10100,-1,-1,-1,0,44,44,44,44,44,400,90,100,102,0,0,0,0,0,0,0,0,0,0,0,20,0,0,0,0,2,0,0,0,0,0,0,1,1,0,253,255,0,255,0,255,0,0,0,0,0,0,0,0,0,0,0,0,1,0,0,0,0,0,0,0,0,0,0,-1,-1,2100,2010,-1,-1,-1,-1,-1,-1,-1,-1,-1,-1,-1,-1,-1,-1,-1,-1,-1,-1,-1,-1,-1,-1,-1,-1,-1,-1,-1,-1,0,0,0,0,0,0,0,0,0,0,0,0,-1,-1,-1,-1,-1,-1,-1,-1,-1,-1,-1,-1,-1,-1,-1,-1,-1,-1,-1,-1,-1,-1,-1,-1,0,0,0,0,0,0,0,0,0,0,0,0,0,0,0,0,0,0,0,0,0,0,0,0,255,139,139,44,0,0,0,1,0,0,1,40,100,100,100,0,0,100,-1,0,100,140,0,1,1,-1,0,0,55,0,[0|0|0],-1,119,0,[0|0|0|0|0|0|0|0|0|0]
2210363,Claws of Night - Bullet,0.5,0,0,0,0.7,0,-1,-1,-1,-1,-1,6,0,-1,-1,940,-1,-1,-1,0,70,70,70,70,44,400,90,100,102,0,0,0,0,0,0,0,0,0,0,0,20,0,0,0,0,0,0,0,0,0,0,0,1,1,0,253,255,0,255,0,255,0,0,0,0,0,0,0,0,0,0,0,0,1,0,0,0,0,0,0,0,9,0,0,-1,-1,2100,2010,-1,-1,-1,-1,-1,-1,-1,-1,-1,-1,-1,-1,-1,-1,-1,-1,-1,-1,-1,-1,-1,-1,-1,-1,-1,-1,-1,-1,0,0,0,0,0,0,0,0,0,0,0,0,-1,-1,-1,-1,-1,-1,-1,-1,-1,-1,-1,-1,-1,-1,-1,-1,-1,-1,-1,-1,-1,-1,-1,-1,0,0,0,0,0,0,0,0,0,0,0,0,0,0,0,0,0,0,0,0,0,0,0,0,255,139,139,70,0,0,0,1,0,0,1,40,100,100,100,0,0,100,-1,0,100,140,0,1,1,-1,0,0,55,0,[0|0|0],-1,119,0,[0|0|0|0|0|0|0|0|0|0]
2210364,Claws of Night - Bullet,0.35,0.1,0,0,0.7,0,-1,-1,-1,-1,-1,11120,11120,-1,-1,11100,-1,-1,-1,0,44,44,44,44,44,400,90,100,102,0,0,0,0,0,0,0,0,0,0,0,20,0,0,0,0,2,0,0,0,0,0,0,1,1,0,253,255,0,255,0,255,0,0,0,0,0,0,0,0,0,0,0,0,1,0,0,0,0,0,0,0,9,0,0,-1,-1,2100,2010,-1,-1,-1,-1,-1,-1,-1,-1,-1,-1,-1,-1,-1,-1,-1,-1,-1,-1,-1,-1,-1,-1,-1,-1,-1,-1,-1,-1,0,0,0,0,0,0,0,0,0,0,0,0,-1,-1,-1,-1,-1,-1,-1,-1,-1,-1,-1,-1,-1,-1,-1,-1,-1,-1,-1,-1,-1,-1,-1,-1,0,0,0,0,0,0,0,0,0,0,0,0,0,0,0,0,0,0,0,0,0,0,0,0,255,139,139,44,0,0,0,1,0,0,1,40,100,100,100,0,0,100,-1,0,100,140,0,1,1,-1,0,0,55,0,[0|0|0],-1,119,0,[0|0|0|0|0|0|0|0|0|0]
2210380,Claws of Night - Bullet,0.4,0.2,0,0,0.8,0,-1,-1,-1,-1,-1,1,1,-1,-1,-1,-1,-1,-1,0,71,71,71,71,33,400,90,60000,103,0,0,0,0,0,0,0,0,0,0,0,10,0,0,0,0,2,0,0,0,0,0,0,1,1,0,253,255,0,255,0,255,0,0,0,0,0,0,0,0,0,0,0,0,1,0,0,0,0,0,0,0,0,0,0,-1,-1,2100,2010,-1,-1,-1,-1,-1,-1,-1,-1,-1,-1,-1,-1,-1,-1,-1,-1,-1,-1,-1,-1,-1,-1,-1,-1,-1,-1,-1,-1,0,0,0,0,0,0,0,0,0,0,0,0,-1,-1,-1,-1,-1,-1,-1,-1,-1,-1,-1,-1,-1,-1,-1,-1,-1,-1,-1,-1,-1,-1,-1,-1,0,0,0,0,0,0,0,0,0,0,0,0,0,0,0,0,0,0,0,0,0,0,0,0,255,139,139,71,0,0,0,1,0,0,1,40,100,100,100,0,0,100,-1,0,100,100,0,1,1,-1,0,0,80,0,[0|0|0],-1,119,0,[0|0|0|0|0|0|0|0|0|0]
2210381,Claws of Night - Bullet,0.4,0.2,0,0,0.8,0,-1,-1,-1,-1,-1,2,2,-1,-1,-1,-1,-1,-1,0,71,71,71,71,33,400,90,60000,103,0,0,0,0,0,0,0,0,0,0,0,10,0,0,0,0,2,0,0,0,0,0,0,1,1,0,253,255,0,255,0,255,0,0,0,0,0,0,0,0,0,0,0,0,1,0,0,0,0,0,0,0,9,0,0,-1,-1,2100,2010,-1,-1,-1,-1,-1,-1,-1,-1,-1,-1,-1,-1,-1,-1,-1,-1,-1,-1,-1,-1,-1,-1,-1,-1,-1,-1,-1,-1,0,0,0,0,0,0,0,0,0,0,0,0,-1,-1,-1,-1,-1,-1,-1,-1,-1,-1,-1,-1,-1,-1,-1,-1,-1,-1,-1,-1,-1,-1,-1,-1,0,0,0,0,0,0,0,0,0,0,0,0,0,0,0,0,0,0,0,0,0,0,0,0,255,139,139,71,0,0,0,1,0,0,1,40,100,100,100,0,0,100,-1,0,100,100,0,1,1,-1,0,0,80,0,[0|0|0],-1,119,0,[0|0|0|0|0|0|0|0|0|0]
2210382,,0.35,0.1,0,0,0.8,0,-1,-1,-1,-1,-1,10120,10120,-1,-1,10100,-1,-1,-1,0,41,41,41,41,33,400,90,60000,103,0,0,0,0,0,0,0,0,0,0,0,10,0,0,0,0,2,0,0,0,0,0,0,1,1,0,253,255,0,255,0,255,0,0,0,0,0,0,0,0,0,0,0,0,1,0,0,0,0,0,0,0,0,0,0,-1,-1,2100,2010,-1,-1,-1,-1,-1,-1,-1,-1,-1,-1,-1,-1,-1,-1,-1,-1,-1,-1,-1,-1,-1,-1,-1,-1,-1,-1,-1,-1,0,0,0,0,0,0,0,0,0,0,0,0,-1,-1,-1,-1,-1,-1,-1,-1,-1,-1,-1,-1,-1,-1,-1,-1,-1,-1,-1,-1,-1,-1,-1,-1,0,0,0,0,0,0,0,0,0,0,0,0,0,0,0,0,0,0,0,0,0,0,0,0,255,139,139,41,0,0,0,1,0,0,1,40,100,100,100,0,0,100,-1,0,100,100,0,1,1,-1,0,0,80,0,[0|0|0],-1,119,0,[0|0|0|0|0|0|0|0|0|0]
2210383,Claws of Night - Bullet,0.35,0.1,0,0,0.8,0,-1,-1,-1,-1,-1,11120,11120,-1,-1,11100,-1,-1,-1,0,41,41,41,41,33,400,90,60000,103,0,0,0,0,0,0,0,0,0,0,0,10,0,0,0,0,2,0,0,0,0,0,0,1,1,0,253,255,0,255,0,255,0,0,0,0,0,0,0,0,0,0,0,0,1,0,0,0,0,0,0,0,9,0,0,-1,-1,2100,2010,-1,-1,-1,-1,-1,-1,-1,-1,-1,-1,-1,-1,-1,-1,-1,-1,-1,-1,-1,-1,-1,-1,-1,-1,-1,-1,-1,-1,0,0,0,0,0,0,0,0,0,0,0,0,-1,-1,-1,-1,-1,-1,-1,-1,-1,-1,-1,-1,-1,-1,-1,-1,-1,-1,-1,-1,-1,-1,-1,-1,0,0,0,0,0,0,0,0,0,0,0,0,0,0,0,0,0,0,0,0,0,0,0,0,255,139,139,41,0,0,0,1,0,0,1,40,100,100,100,0,0,100,-1,0,100,100,0,1,1,-1,0,0,80,0,[0|0|0],-1,119,0,[0|0|0|0|0|0|0|0|0|0]
2210632,Claws of Night - Bullet,0.55,0.2,0,0,0.6,0,-1,-1,-1,-1,-1,1,1,-1,-1,-1,-1,-1,-1,0,105,105,105,105,59,400,90,100,0,101,0,0,0,0,0,0,0,0,0,0,10,0,0,0,0,2,0,0,0,0,0,0,1,1,0,253,255,0,255,0,255,0,0,0,0,0,0,0,0,0,0,0,0,1,0,0,0,0,0,0,0,0,0,0,-1,-1,2100,2010,-1,-1,-1,-1,-1,-1,-1,-1,-1,-1,-1,-1,-1,-1,-1,-1,-1,-1,-1,-1,-1,-1,-1,-1,-1,-1,-1,-1,0,0,0,0,0,0,0,0,0,0,0,0,-1,-1,-1,-1,-1,-1,-1,-1,-1,-1,-1,-1,-1,-1,-1,-1,-1,-1,-1,-1,-1,-1,-1,-1,0,0,0,0,0,0,0,0,0,0,0,0,0,0,0,0,0,0,0,0,0,0,0,0,255,139,139,105,0,0,0,1,0,0,1,50,100,100,100,0,0,100,-1,0,100,130,0,1,1,-1,0,0,100,0,[0|0|0],-1,119,0,[0|0|0|0|0|0|0|0|0|0]
2210633,Claws of Night - Bullet,0.35,0.1,0,0,0.6,0,-1,-1,-1,-1,-1,120,120,-1,-1,100,-1,-1,-1,0,59,59,59,59,59,400,90,100,0,101,0,0,0,0,0,0,0,0,0,0,10,0,0,0,0,2,0,0,0,0,0,0,1,1,0,253,255,0,255,0,255,0,0,0,0,0,0,0,0,0,0,0,0,1,0,0,0,0,0,0,0,0,0,0,-1,-1,2100,2010,-1,-1,-1,-1,-1,-1,-1,-1,-1,-1,-1,-1,-1,-1,-1,-1,-1,-1,-1,-1,-1,-1,-1,-1,-1,-1,-1,-1,0,0,0,0,0,0,0,0,0,0,0,0,-1,-1,-1,-1,-1,-1,-1,-1,-1,-1,-1,-1,-1,-1,-1,-1,-1,-1,-1,-1,-1,-1,-1,-1,0,0,0,0,0,0,0,0,0,0,0,0,0,0,0,0,0,0,0,0,0,0,0,0,255,139,139,59,0,0,0,1,0,0,1,50,100,100,100,0,0,100,-1,0,100,130,0,1,1,-1,0,0,100,0,[0|0|0],-1,119,0,[0|0|0|0|0|0|0|0|0|0]
2210635,Claws of Night - Bullet,0.55,0.2,0,0,0.7,0,-1,-1,-1,-1,-1,1,1,-1,-1,-1,-1,-1,-1,0,125,125,125,125,66,400,90,100,100,101,0,0,0,0,0,0,0,0,0,0,10,0,0,0,0,2,0,0,0,0,0,0,2,1,0,253,255,0,255,0,255,0,0,0,0,0,0,0,0,0,0,0,0,1,0,0,0,0,0,0,0,0,0,0,-1,-1,2100,2010,-1,-1,-1,-1,-1,-1,-1,-1,-1,-1,-1,-1,-1,-1,-1,-1,-1,-1,-1,-1,-1,-1,-1,-1,-1,-1,-1,-1,0,0,0,0,0,0,0,0,0,0,0,0,-1,-1,-1,-1,-1,-1,-1,-1,-1,-1,-1,-1,-1,-1,-1,-1,-1,-1,-1,-1,-1,-1,-1,-1,0,0,0,0,0,0,0,0,0,0,0,0,0,0,0,0,0,0,0,0,0,0,0,0,255,139,139,125,0,0,0,1,0,0,3,50,100,100,100,0,0,100,-1,0,100,180,0,1,1,-1,0,0,150,0,[0|0|0],-1,119,0,[0|0|0|0|0|0|0|0|0|0]
2210636,Claws of Night - Bullet,0.35,0.1,0,0,0.7,0,-1,-1,-1,-1,-1,120,120,-1,-1,100,-1,-1,-1,0,66,66,66,66,66,400,90,100,100,101,0,0,0,0,0,0,0,0,0,0,10,0,0,0,0,2,0,0,0,0,0,0,2,1,0,253,255,0,255,0,255,0,0,0,0,0,0,0,0,0,0,0,0,1,0,0,0,0,0,0,0,0,0,0,-1,-1,2100,2010,-1,-1,-1,-1,-1,-1,-1,-1,-1,-1,-1,-1,-1,-1,-1,-1,-1,-1,-1,-1,-1,-1,-1,-1,-1,-1,-1,-1,0,0,0,0,0,0,0,0,0,0,0,0,-1,-1,-1,-1,-1,-1,-1,-1,-1,-1,-1,-1,-1,-1,-1,-1,-1,-1,-1,-1,-1,-1,-1,-1,0,0,0,0,0,0,0,0,0,0,0,0,0,0,0,0,0,0,0,0,0,0,0,0,255,139,139,66,0,0,0,1,0,0,3,50,100,100,100,0,0,100,-1,0,100,180,0,1,1,-1,0,0,150,0,[0|0|0],-1,119,0,[0|0|0|0|0|0|0|0|0|0]
2320100,Bloodfiend's Arm - Attack,0.45,0.2,0.15,0,1.25,0.08,6904,-1,-1,1665,-1,100,110,110,-1,130,120,120,-1,0,125,125,125,125,140,120,100,100,0,0,0,0,0,0,0,0,0,0,0,0,60,0,0,0,0,0,2,0,0,0,0,0,3,0,0,1,11,1,2,0,255,0,0,0,0,0,0,0,0,0,0,0,2,1,0,0,0,0,0,0,0,0,0,0,-1,-1,2100,2010,-1,-1,-1,-1,-1,-1,-1,-1,-1,-1,-1,-1,-1,-1,-1,-1,-1,-1,-1,-1,-1,-1,-1,-1,-1,-1,-1,-1,0,0,0,0,0,0,0,0,0,0,0,0,-1,-1,-1,-1,-1,-1,-1,-1,-1,-1,-1,-1,-1,-1,-1,-1,-1,-1,-1,-1,-1,-1,-1,-1,0,0,0,0,0,0,0,0,0,0,0,0,0,0,0,0,0,0,0,0,0,0,0,0,255,139,139,125,0,0,1,0,0,0,0,100,100,100,100,0,0,100,-1,0,100,130,0,1,1,-1,3,0,100,0,[0|0|0],2300100,0,0,[0|0|0|0|0|0|0|0|0|0]
2320101,Bloodfiend's Arm - Bullet,0.45,0.2,0.15,0,1.25,0.08,6904,-1,-1,1665,-1,100,110,110,-1,130,120,120,-1,0,0,0,0,0,0,400,100,100,0,0,0,0,70,0,100,0,0,0,0,0,60,0,0,0,0,0,2,0,0,0,0,0,5,0,0,1,11,1,2,0,255,0,0,0,0,0,0,0,0,0,0,0,2,1,0,0,0,0,1,0,0,0,0,0,-1,-1,2100,2010,-1,-1,-1,-1,-1,-1,-1,-1,-1,-1,-1,-1,-1,-1,-1,-1,-1,-1,-1,-1,-1,-1,-1,-1,-1,-1,-1,-1,0,0,0,0,0,0,0,0,0,0,0,0,-1,-1,-1,-1,-1,-1,-1,-1,-1,-1,-1,-1,-1,-1,-1,-1,-1,-1,-1,-1,-1,-1,-1,-1,0,0,0,0,0,0,0,0,0,0,0,0,0,0,0,0,0,0,0,0,0,0,0,0,255,139,139,0,0,0,1,1,0,0,0,100,100,100,100,0,0,100,-1,0,100,130,0,1,1,-1,3,0,100,0,[0|0|0],2300100,0,0,[0|0|0|0|0|0|0|0|0|0]
2320105,Bloodfiend's Arm - Attack,0.45,0.2,0.15,0,1.35,0.08,6906,-1,-1,1665,-1,100,110,110,-1,130,120,120,-1,0,170,170,170,170,200,400,100,100,100,0,0,0,0,0,0,0,0,0,0,0,60,0,0,0,0,0,2,0,0,0,0,0,3,0,0,1,11,1,2,0,255,0,0,0,0,0,0,0,0,0,0,0,1,1,0,0,0,0,0,0,0,0,0,0,-1,-1,2100,2010,-1,-1,-1,-1,-1,-1,-1,-1,-1,-1,-1,-1,-1,-1,-1,-1,-1,-1,-1,-1,-1,-1,-1,-1,-1,-1,-1,-1,0,0,0,0,0,0,0,0,0,0,0,0,-1,-1,-1,-1,-1,-1,-1,-1,-1,-1,-1,-1,-1,-1,-1,-1,-1,-1,-1,-1,-1,-1,-1,-1,0,0,0,0,0,0,0,0,0,0,0,0,0,0,0,0,0,0,0,0,0,0,0,0,255,139,139,170,0,0,1,0,0,0,0,100,100,100,100,0,0,100,-1,0,100,150,0,1,1,-1,3,0,460,0,[0|0|0],2300105,0,0,[0|0|0|0|0|0|0|0|0|0]
2320106,Bloodfiend's Arm - Bullet,0.45,0.2,0.15,0,1.35,0.08,6906,-1,-1,1665,-1,100,110,110,-1,130,120,120,-1,0,0,0,0,0,0,400,100,100,100,0,0,0,70,0,100,0,0,0,0,0,60,0,0,0,0,0,2,0,0,0,0,0,5,0,0,1,11,1,2,0,255,0,0,0,0,0,0,0,0,0,0,0,1,1,0,0,0,0,1,0,0,0,0,0,-1,-1,2100,2010,-1,-1,-1,-1,-1,-1,-1,-1,-1,-1,-1,-1,-1,-1,-1,-1,-1,-1,-1,-1,-1,-1,-1,-1,-1,-1,-1,-1,0,0,0,0,0,0,0,0,0,0,0,0,-1,-1,-1,-1,-1,-1,-1,-1,-1,-1,-1,-1,-1,-1,-1,-1,-1,-1,-1,-1,-1,-1,-1,-1,0,0,0,0,0,0,0,0,0,0,0,0,0,0,0,0,0,0,0,0,0,0,0,0,255,139,139,0,0,0,1,1,0,0,0,100,100,100,100,0,0,100,-1,0,100,150,0,1,1,-1,3,0,100,0,[0|0|0],2300105,0,0,[0|0|0|0|0|0|0|0|0|0]
2320110,Bloodfiend's Arm - Attack,0.45,0.2,0.15,0,1.5,0.08,6904,-1,-1,1665,-1,100,110,110,-1,130,120,120,-1,0,125,125,125,125,140,120,100,100,0,0,0,0,0,0,0,0,0,0,0,0,60,0,0,0,0,0,2,0,0,0,0,0,3,0,0,1,11,1,2,0,255,0,0,0,0,0,0,0,0,0,0,0,0,1,0,0,0,0,0,0,0,0,0,0,-1,-1,2100,2010,-1,-1,-1,-1,-1,-1,-1,-1,-1,-1,-1,-1,-1,-1,-1,-1,-1,-1,-1,-1,-1,-1,-1,-1,-1,-1,-1,-1,0,0,0,0,0,0,0,0,0,0,0,0,-1,-1,-1,-1,-1,-1,-1,-1,-1,-1,-1,-1,-1,-1,-1,-1,-1,-1,-1,-1,-1,-1,-1,-1,0,0,0,0,0,0,0,0,0,0,0,0,0,0,0,0,0,0,0,0,0,0,0,0,255,139,139,125,0,0,1,0,0,0,0,100,100,100,100,0,0,100,-1,0,100,130,0,1,1,-1,3,0,200,0,[0|0|0],2300100,0,0,[0|0|0|0|0|0|0|0|0|0]
2320115,Bloodfiend's Arm - Attack,0.45,0.2,0.15,0,1.6,0.08,6906,-1,-1,1665,-1,100,110,110,-1,130,120,120,-1,0,170,170,170,170,200,400,100,100,100,0,0,0,0,0,0,0,0,0,0,0,60,0,0,0,0,0,2,0,0,0,0,0,3,0,0,1,11,1,2,0,255,0,0,0,0,0,0,0,0,0,0,0,1,1,0,0,0,0,0,0,0,0,0,0,-1,-1,2100,2010,-1,-1,-1,-1,-1,-1,-1,-1,-1,-1,-1,-1,-1,-1,-1,-1,-1,-1,-1,-1,-1,-1,-1,-1,-1,-1,-1,-1,0,0,0,0,0,0,0,0,0,0,0,0,-1,-1,-1,-1,-1,-1,-1,-1,-1,-1,-1,-1,-1,-1,-1,-1,-1,-1,-1,-1,-1,-1,-1,-1,0,0,0,0,0,0,0,0,0,0,0,0,0,0,0,0,0,0,0,0,0,0,0,0,255,139,139,170,0,0,1,0,0,0,0,100,100,100,100,0,0,100,-1,0,100,150,0,1,1,-1,3,0,560,0,[0|0|0],2300105,0,0,[0|0|0|0|0|0|0|0|0|0]
2320300,Bloodfiend's Arm - Attack,0.45,0.2,0.15,0,1.25,0.08,6904,-1,-1,1665,1667,100,110,110,-1,130,120,120,-1,0,143,143,143,143,170,500,100,100,0,0,0,0,0,0,0,0,0,0,0,0,80,0,0,0,0,0,2,0,0,0,0,0,3,0,0,1,11,1,2,0,255,0,0,0,0,0,0,0,0,0,0,0,2,1,0,0,0,0,0,0,0,0,0,0,-1,-1,2100,2010,-1,-1,-1,-1,-1,-1,-1,-1,-1,-1,-1,-1,-1,-1,-1,-1,-1,-1,-1,-1,-1,-1,-1,-1,-1,-1,-1,-1,0,0,0,0,0,0,0,0,0,0,0,0,-1,-1,-1,-1,-1,-1,-1,-1,-1,-1,-1,-1,-1,-1,-1,-1,-1,-1,-1,-1,-1,-1,-1,-1,0,0,0,0,0,0,0,0,0,0,0,0,0,0,0,0,0,0,0,0,0,0,0,0,255,139,139,143,0,0,1,0,0,0,0,100,100,100,100,0,0,100,-1,0,100,130,0,1,1,-1,3,0,220,0,[0|0|0],2300100,0,120,[0|0|0|0|0|0|0|0|0|0]
2320305,Bloodfiend's Arm - Attack,0.45,0.2,0.15,0,1.35,0.08,6906,-1,-1,1665,1667,100,110,110,-1,130,120,120,-1,0,185,185,185,185,240,500,100,100,100,0,0,0,0,0,0,0,0,0,0,0,80,0,0,0,0,0,2,0,0,0,0,0,3,0,0,1,11,1,2,0,255,0,0,0,0,0,0,0,0,0,0,0,1,1,0,0,0,0,0,0,0,0,0,0,-1,-1,2100,2010,-1,-1,-1,-1,-1,-1,-1,-1,-1,-1,-1,-1,-1,-1,-1,-1,-1,-1,-1,-1,-1,-1,-1,-1,-1,-1,-1,-1,0,0,0,0,0,0,0,0,0,0,0,0,-1,-1,-1,-1,-1,-1,-1,-1,-1,-1,-1,-1,-1,-1,-1,-1,-1,-1,-1,-1,-1,-1,-1,-1,0,0,0,0,0,0,0,0,0,0,0,0,0,0,0,0,0,0,0,0,0,0,0,0,255,139,139,185,0,0,1,0,0,0,0,100,100,100,100,0,0,100,-1,0,100,150,0,1,1,-1,3,0,610,0,[0|0|0],2300105,0,120,[0|0|0|0|0|0|0|0|0|0]
2320310,Bloodfiend's Arm - Attack,0.45,0.2,0.15,0,1.5,0.08,6904,-1,-1,1665,1667,100,110,110,-1,130,120,120,-1,0,143,143,143,143,170,500,100,100,0,0,0,0,0,0,0,0,0,0,0,0,80,0,0,0,0,0,2,0,0,0,0,0,3,0,0,1,11,1,2,0,255,0,0,0,0,0,0,0,0,0,0,0,0,1,0,0,0,0,0,0,0,0,0,0,-1,-1,2100,2010,-1,-1,-1,-1,-1,-1,-1,-1,-1,-1,-1,-1,-1,-1,-1,-1,-1,-1,-1,-1,-1,-1,-1,-1,-1,-1,-1,-1,0,0,0,0,0,0,0,0,0,0,0,0,-1,-1,-1,-1,-1,-1,-1,-1,-1,-1,-1,-1,-1,-1,-1,-1,-1,-1,-1,-1,-1,-1,-1,-1,0,0,0,0,0,0,0,0,0,0,0,0,0,0,0,0,0,0,0,0,0,0,0,0,255,139,139,143,0,0,1,0,0,0,0,100,100,100,100,0,0,100,-1,0,100,130,0,1,1,-1,3,0,220,0,[0|0|0],2300100,0,120,[0|0|0|0|0|0|0|0|0|0]
2320315,Bloodfiend's Arm - Attack,0.45,0.2,0.15,0,1.6,0.08,6906,-1,-1,1665,1667,100,110,110,-1,130,120,120,-1,0,187,187,187,187,240,500,100,100,100,0,0,0,0,0,0,0,0,0,0,0,80,0,0,0,0,0,2,0,0,0,0,0,3,0,0,1,11,1,2,0,255,0,0,0,0,0,0,0,0,0,0,0,1,1,0,0,0,0,0,0,0,0,0,0,-1,-1,2100,2010,-1,-1,-1,-1,-1,-1,-1,-1,-1,-1,-1,-1,-1,-1,-1,-1,-1,-1,-1,-1,-1,-1,-1,-1,-1,-1,-1,-1,0,0,0,0,0,0,0,0,0,0,0,0,-1,-1,-1,-1,-1,-1,-1,-1,-1,-1,-1,-1,-1,-1,-1,-1,-1,-1,-1,-1,-1,-1,-1,-1,0,0,0,0,0,0,0,0,0,0,0,0,0,0,0,0,0,0,0,0,0,0,0,0,255,139,139,187,0,0,1,0,0,0,0,100,100,100,100,0,0,100,-1,0,100,150,0,1,1,-1,3,0,610,0,[0|0|0],2300105,0,120,[0|0|0|0|0|0|0|0|0|0]
5002900,Serpent Arrow - Bullet,0,0,0,0,0.3,0,-1,-1,-1,-1,-1,0,0,0,0,0,0,0,0,0,90,90,90,90,90,100,100,0,105,112,0,0,0,0,0,0,0,0,0,0,10,0,0,0,0,0,0,0,0,0,0,0,1,1,0,2,20,2,255,0,0,0,0,0,0,0,0,0,1,0,0,1,0,1,0,0,0,0,0,0,0,0,0,0,-1,-1,2100,2200,-1,-1,-1,-1,-1,-1,-1,-1,-1,-1,-1,-1,-1,-1,-1,-1,-1,-1,-1,-1,-1,-1,-1,-1,-1,-1,-1,-1,0,0,0,0,0,0,0,0,0,0,0,0,-1,-1,-1,-1,-1,-1,-1,-1,-1,-1,-1,-1,-1,-1,-1,-1,-1,-1,-1,-1,-1,-1,-1,-1,0,0,0,0,0,0,0,0,0,0,0,0,0,0,0,0,0,0,0,0,0,0,0,0,0,139,139,90,0,0,1,0,0,0,0,75,100,100,100,0,0,100,-1,-1,-1,80,0,1,1,-1,0,0,80,0,[0|0|0],-1,0,0,[0|0|0|0|0|0|0|0|0|0]
5004900,St. Trina's Arrow - Bullet,0,0,0,0,0.3,0,-1,-1,-1,-1,-1,0,0,0,0,0,0,0,0,0,90,90,90,90,90,100,100,0,105,112,0,0,0,0,0,0,0,0,0,0,10,0,0,0,0,0,0,0,0,0,0,0,1,1,0,2,24,2,255,0,0,0,0,0,0,0,0,0,1,0,0,1,0,1,0,0,0,0,0,0,0,0,0,0,-1,-1,2100,2200,-1,-1,-1,-1,-1,-1,-1,-1,-1,-1,-1,-1,-1,-1,-1,-1,-1,-1,-1,-1,-1,-1,-1,-1,-1,-1,-1,-1,0,0,0,0,0,0,0,0,0,0,0,0,-1,-1,-1,-1,-1,-1,-1,-1,-1,-1,-1,-1,-1,-1,-1,-1,-1,-1,-1,-1,-1,-1,-1,-1,0,0,0,0,0,0,0,0,0,0,0,0,0,0,0,0,0,0,0,0,0,0,0,0,0,139,139,90,0,0,1,0,0,0,0,75,100,100,100,0,0,100,-1,-1,-1,80,0,1,1,-1,0,0,80,0,[0|0|0],-1,0,0,[0|0|0|0|0|0|0|0|0|0]
5015900,Poisonbone Arrow (Fletched) - Bullet,0,0,0,0,0.3,0,-1,-1,-1,-1,-1,0,0,0,0,0,0,0,0,0,90,90,90,90,90,100,100,0,105,112,0,0,0,0,0,0,0,0,0,0,10,0,0,0,0,0,0,0,0,0,0,0,1,1,0,2,20,2,255,0,0,0,0,0,0,0,0,0,1,0,0,1,0,1,0,0,0,0,0,0,0,0,0,0,-1,-1,2100,2200,-1,-1,-1,-1,-1,-1,-1,-1,-1,-1,-1,-1,-1,-1,-1,-1,-1,-1,-1,-1,-1,-1,-1,-1,-1,-1,-1,-1,0,0,0,0,0,0,0,0,0,0,0,0,-1,-1,-1,-1,-1,-1,-1,-1,-1,-1,-1,-1,-1,-1,-1,-1,-1,-1,-1,-1,-1,-1,-1,-1,0,0,0,0,0,0,0,0,0,0,0,0,0,0,0,0,0,0,0,0,0,0,0,0,0,139,139,90,0,0,1,0,0,0,0,75,100,100,100,0,0,100,-1,-1,-1,80,0,1,1,-1,0,0,80,0,[0|0|0],-1,0,0,[0|0|0|0|0|0|0|0|0|0]
5016900,Poisonbone Arrow - Bullet,0,0,0,0,0.3,0,-1,-1,-1,-1,-1,0,0,0,0,0,0,0,0,0,90,90,90,90,90,100,100,0,105,112,0,0,0,0,0,0,0,0,0,0,10,0,0,0,0,0,0,0,0,0,0,0,1,1,0,2,20,2,255,0,0,0,0,0,0,0,0,0,1,0,0,1,0,1,0,0,0,0,0,0,0,0,0,0,-1,-1,2100,2200,-1,-1,-1,-1,-1,-1,-1,-1,-1,-1,-1,-1,-1,-1,-1,-1,-1,-1,-1,-1,-1,-1,-1,-1,-1,-1,-1,-1,0,0,0,0,0,0,0,0,0,0,0,0,-1,-1,-1,-1,-1,-1,-1,-1,-1,-1,-1,-1,-1,-1,-1,-1,-1,-1,-1,-1,-1,-1,-1,-1,0,0,0,0,0,0,0,0,0,0,0,0,0,0,0,0,0,0,0,0,0,0,0,0,0,139,139,90,0,0,1,0,0,0,0,75,100,100,100,0,0,100,-1,-1,-1,80,0,1,1,-1,0,0,80,0,[0|0|0],-1,0,0,[0|0|0|0|0|0|0|0|0|0]
5017900,Sleepbone Arrow (Fletched) - Bullet,0,0,0,0,0.3,0,-1,-1,-1,-1,-1,0,0,0,0,0,0,0,0,0,90,90,90,90,90,100,100,0,105,112,0,0,0,0,0,0,0,0,0,0,10,0,0,0,0,0,0,0,0,0,0,0,1,1,0,2,24,2,255,0,0,0,0,0,0,0,0,0,1,0,0,1,0,1,0,0,0,0,0,0,0,0,0,0,-1,-1,2100,2200,-1,-1,-1,-1,-1,-1,-1,-1,-1,-1,-1,-1,-1,-1,-1,-1,-1,-1,-1,-1,-1,-1,-1,-1,-1,-1,-1,-1,0,0,0,0,0,0,0,0,0,0,0,0,-1,-1,-1,-1,-1,-1,-1,-1,-1,-1,-1,-1,-1,-1,-1,-1,-1,-1,-1,-1,-1,-1,-1,-1,0,0,0,0,0,0,0,0,0,0,0,0,0,0,0,0,0,0,0,0,0,0,0,0,0,139,139,90,0,0,1,0,0,0,0,75,100,100,100,0,0,100,-1,-1,-1,80,0,1,1,-1,0,0,80,0,[0|0|0],-1,0,0,[0|0|0|0|0|0|0|0|0|0]
5018900,Sleepbone Arrow - Bullet,0,0,0,0,0.3,0,-1,-1,-1,-1,-1,0,0,0,0,0,0,0,0,0,90,90,90,90,90,100,100,0,105,112,0,0,0,0,0,0,0,0,0,0,10,0,0,0,0,0,0,0,0,0,0,0,1,1,0,2,24,2,255,0,0,0,0,0,0,0,0,0,1,0,0,1,0,1,0,0,0,0,0,0,0,0,0,0,-1,-1,2100,2200,-1,-1,-1,-1,-1,-1,-1,-1,-1,-1,-1,-1,-1,-1,-1,-1,-1,-1,-1,-1,-1,-1,-1,-1,-1,-1,-1,-1,0,0,0,0,0,0,0,0,0,0,0,0,-1,-1,-1,-1,-1,-1,-1,-1,-1,-1,-1,-1,-1,-1,-1,-1,-1,-1,-1,-1,-1,-1,-1,-1,0,0,0,0,0,0,0,0,0,0,0,0,0,0,0,0,0,0,0,0,0,0,0,0,0,139,139,90,0,0,1,0,0,0,0,75,100,100,100,0,0,100,-1,-1,-1,80,0,1,1,-1,0,0,80,0,[0|0|0],-1,0,0,[0|0|0|0|0|0|0|0|0|0]
5020890,Lightningbone Arrow (Fletched),0,0,0,0,0.3,0,-1,-1,-1,-1,-1,0,0,0,0,0,0,0,0,0,100,100,100,100,100,100,100,0,105,0,0,0,0,0,0,0,0,0,0,0,10,0,0,0,0,0,0,0,0,0,0,0,1,1,0,2,12,2,255,0,0,0,0,0,0,0,0,0,1,0,0,1,0,1,0,0,0,0,0,0,0,0,0,0,-1,-1,2100,2200,-1,-1,-1,-1,-1,-1,-1,-1,-1,-1,-1,-1,-1,-1,-1,-1,-1,-1,-1,-1,-1,-1,-1,-1,-1,-1,-1,-1,0,0,0,0,0,0,0,0,0,0,0,0,-1,-1,-1,-1,-1,-1,-1,-1,-1,-1,-1,-1,-1,-1,-1,-1,-1,-1,-1,-1,-1,-1,-1,-1,0,0,0,0,0,0,0,0,0,0,0,0,0,0,0,0,0,0,0,0,0,0,0,0,0,139,139,100,0,0,1,0,0,0,0,100,100,100,100,0,0,100,-1,-1,-1,100,0,1,1,-1,0,0,100,0,[0|0|0],-1,0,0,[0|0|0|0|0|0|0|0|0|0]
5020895,Lightningbone Arrow (Fletched),0,0,0,0,0.3,0,-1,-1,-1,-1,-1,0,0,0,0,0,0,0,0,0,20,20,20,20,20,100,100,0,105,0,0,0,0,0,0,0,0,0,0,0,10,0,0,0,0,0,0,0,0,0,0,0,1,1,0,2,12,2,255,0,0,0,0,0,0,0,0,0,1,0,0,1,0,1,0,0,0,0,0,0,0,0,0,0,-1,-1,2100,2200,-1,-1,-1,-1,-1,-1,-1,-1,-1,-1,-1,-1,-1,-1,-1,-1,-1,-1,-1,-1,-1,-1,-1,-1,-1,-1,-1,-1,0,0,0,0,0,0,0,0,0,0,0,0,-1,-1,-1,-1,-1,-1,-1,-1,-1,-1,-1,-1,-1,-1,-1,-1,-1,-1,-1,-1,-1,-1,-1,-1,0,0,0,0,0,0,0,0,0,0,0,0,0,0,0,0,0,0,0,0,0,0,0,0,0,139,139,20,0,0,1,0,0,0,0,100,100,100,100,0,0,100,-1,-1,-1,100,0,1,1,-1,0,0,100,0,[0|0|0],-1,0,0,[0|0|0|0|0|0|0|0|0|0]
5021890,Lightningbone Arrow,0,0,0,0,0.3,0,-1,-1,-1,-1,-1,0,0,0,0,0,0,0,0,0,100,100,100,100,100,100,100,0,105,0,0,0,0,0,0,0,0,0,0,0,10,0,0,0,0,0,0,0,0,0,0,0,1,1,0,2,12,2,255,0,0,0,0,0,0,0,0,0,1,0,0,1,0,1,0,0,0,0,0,0,0,0,0,0,-1,-1,2100,2200,-1,-1,-1,-1,-1,-1,-1,-1,-1,-1,-1,-1,-1,-1,-1,-1,-1,-1,-1,-1,-1,-1,-1,-1,-1,-1,-1,-1,0,0,0,0,0,0,0,0,0,0,0,0,-1,-1,-1,-1,-1,-1,-1,-1,-1,-1,-1,-1,-1,-1,-1,-1,-1,-1,-1,-1,-1,-1,-1,-1,0,0,0,0,0,0,0,0,0,0,0,0,0,0,0,0,0,0,0,0,0,0,0,0,0,139,139,100,0,0,1,0,0,0,0,100,100,100,100,0,0,100,-1,-1,-1,100,0,1,1,-1,0,0,100,0,[0|0|0],-1,0,0,[0|0|0|0|0|0|0|0|0|0]
5021895,Lightningbone Arrow,0,0,0,0,0.3,0,-1,-1,-1,-1,-1,0,0,0,0,0,0,0,0,0,20,20,20,20,20,100,100,0,105,0,0,0,0,0,0,0,0,0,0,0,10,0,0,0,0,0,0,0,0,0,0,0,1,1,0,2,12,2,255,0,0,0,0,0,0,0,0,0,1,0,0,1,0,1,0,0,0,0,0,0,0,0,0,0,-1,-1,2100,2200,-1,-1,-1,-1,-1,-1,-1,-1,-1,-1,-1,-1,-1,-1,-1,-1,-1,-1,-1,-1,-1,-1,-1,-1,-1,-1,-1,-1,0,0,0,0,0,0,0,0,0,0,0,0,-1,-1,-1,-1,-1,-1,-1,-1,-1,-1,-1,-1,-1,-1,-1,-1,-1,-1,-1,-1,-1,-1,-1,-1,0,0,0,0,0,0,0,0,0,0,0,0,0,0,0,0,0,0,0,0,0,0,0,0,0,139,139,20,0,0,1,0,0,0,0,100,100,100,100,0,0,100,-1,-1,-1,100,0,1,1,-1,0,0,100,0,[0|0|0],-1,0,0,[0|0|0|0|0|0|0|0|0|0]
5024900,Spiritflame Arrow - Bullet,0,0,0,0,0.3,0,-1,-1,-1,-1,-1,0,0,0,0,0,0,0,0,0,90,90,90,90,90,100,100,0,105,112,0,0,0,0,0,0,0,0,0,0,10,0,0,0,0,0,0,0,0,0,0,0,1,1,0,2,10,2,255,0,0,0,0,0,0,0,0,0,1,0,0,1,0,1,0,0,0,0,0,0,0,0,0,0,-1,-1,2100,2200,-1,-1,-1,-1,-1,-1,-1,-1,-1,-1,-1,-1,-1,-1,-1,-1,-1,-1,-1,-1,-1,-1,-1,-1,-1,-1,-1,-1,0,0,0,0,0,0,0,0,0,0,0,0,-1,-1,-1,-1,-1,-1,-1,-1,-1,-1,-1,-1,-1,-1,-1,-1,-1,-1,-1,-1,-1,-1,-1,-1,0,0,0,0,0,0,0,0,0,0,0,0,0,0,0,0,0,0,0,0,0,0,0,0,0,139,139,90,0,0,1,0,0,0,0,75,100,100,100,0,0,100,-1,-1,-1,80,0,1,1,-1,1,0,80,0,[0|0|0],-1,0,0,[0|0|0|0|0|0|0|0|0|0]
5030900,Bloodbone Arrow (Fletched) - Bullet,0,0,0,0,0.3,0,-1,-1,-1,-1,-1,0,0,0,0,0,0,0,0,0,90,90,90,90,90,100,100,0,105,112,0,0,0,0,0,0,0,0,0,0,10,0,0,0,0,0,0,0,0,0,0,0,1,1,0,2,22,2,255,0,0,0,0,0,0,0,0,0,1,0,0,1,0,1,0,0,0,0,0,0,0,0,0,0,-1,-1,2100,2200,-1,-1,-1,-1,-1,-1,-1,-1,-1,-1,-1,-1,-1,-1,-1,-1,-1,-1,-1,-1,-1,-1,-1,-1,-1,-1,-1,-1,0,0,0,0,0,0,0,0,0,0,0,0,-1,-1,-1,-1,-1,-1,-1,-1,-1,-1,-1,-1,-1,-1,-1,-1,-1,-1,-1,-1,-1,-1,-1,-1,0,0,0,0,0,0,0,0,0,0,0,0,0,0,0,0,0,0,0,0,0,0,0,0,0,139,139,90,0,0,1,0,0,0,0,75,100,100,100,0,0,100,-1,-1,-1,80,0,1,1,-1,0,0,80,0,[0|0|0],-1,0,0,[0|0|0|0|0|0|0|0|0|0]
5031900,Bloodbone Arrow - Bullet,0,0,0,0,0.3,0,-1,-1,-1,-1,-1,0,0,0,0,0,0,0,0,0,90,90,90,90,90,100,100,0,105,112,0,0,0,0,0,0,0,0,0,0,10,0,0,0,0,0,0,0,0,0,0,0,1,1,0,2,22,2,255,0,0,0,0,0,0,0,0,0,1,0,0,1,0,1,0,0,0,0,0,0,0,0,0,0,-1,-1,2100,2200,-1,-1,-1,-1,-1,-1,-1,-1,-1,-1,-1,-1,-1,-1,-1,-1,-1,-1,-1,-1,-1,-1,-1,-1,-1,-1,-1,-1,0,0,0,0,0,0,0,0,0,0,0,0,-1,-1,-1,-1,-1,-1,-1,-1,-1,-1,-1,-1,-1,-1,-1,-1,-1,-1,-1,-1,-1,-1,-1,-1,0,0,0,0,0,0,0,0,0,0,0,0,0,0,0,0,0,0,0,0,0,0,0,0,0,139,139,90,0,0,1,0,0,0,0,75,100,100,100,0,0,100,-1,-1,-1,80,0,1,1,-1,0,0,80,0,[0|0|0],-1,0,0,[0|0|0|0|0|0|0|0|0|0]
5032900,Coldbone Arrow (Fletched) - Bullet,0,0,0,0,0.3,0,-1,-1,-1,-1,-1,0,0,0,0,0,0,0,0,0,90,90,90,90,90,100,100,0,105,112,0,0,0,0,0,0,0,0,0,0,10,0,0,0,0,0,0,0,0,0,0,0,1,1,0,2,23,2,255,0,0,0,0,0,0,0,0,0,1,0,0,1,0,1,0,0,0,0,0,0,0,0,0,0,-1,-1,2100,2200,-1,-1,-1,-1,-1,-1,-1,-1,-1,-1,-1,-1,-1,-1,-1,-1,-1,-1,-1,-1,-1,-1,-1,-1,-1,-1,-1,-1,0,0,0,0,0,0,0,0,0,0,0,0,-1,-1,-1,-1,-1,-1,-1,-1,-1,-1,-1,-1,-1,-1,-1,-1,-1,-1,-1,-1,-1,-1,-1,-1,0,0,0,0,0,0,0,0,0,0,0,0,0,0,0,0,0,0,0,0,0,0,0,0,0,139,139,90,0,0,1,0,0,0,0,75,100,100,100,0,0,100,-1,-1,-1,80,0,1,1,-1,0,0,80,0,[0|0|0],-1,0,0,[0|0|0|0|0|0|0|0|0|0]
5033900,Coldbone Arrow - Bullet,0,0,0,0,0.3,0,-1,-1,-1,-1,-1,0,0,0,0,0,0,0,0,0,90,90,90,90,90,100,100,0,105,112,0,0,0,0,0,0,0,0,0,0,10,0,0,0,0,0,0,0,0,0,0,0,1,1,0,2,23,2,255,0,0,0,0,0,0,0,0,0,1,0,0,1,0,1,0,0,0,0,0,0,0,0,0,0,-1,-1,2100,2200,-1,-1,-1,-1,-1,-1,-1,-1,-1,-1,-1,-1,-1,-1,-1,-1,-1,-1,-1,-1,-1,-1,-1,-1,-1,-1,-1,-1,0,0,0,0,0,0,0,0,0,0,0,0,-1,-1,-1,-1,-1,-1,-1,-1,-1,-1,-1,-1,-1,-1,-1,-1,-1,-1,-1,-1,-1,-1,-1,-1,0,0,0,0,0,0,0,0,0,0,0,0,0,0,0,0,0,0,0,0,0,0,0,0,0,139,139,90,0,0,1,0,0,0,0,75,100,100,100,0,0,100,-1,-1,-1,80,0,1,1,-1,0,0,80,0,[0|0|0],-1,0,0,[0|0|0|0|0|0|0|0|0|0]
5034900,Rotbone Arrow (Fletched) - Bullet,0,0,0,0,0.3,0,-1,-1,-1,-1,-1,0,0,0,0,0,0,0,0,0,90,90,90,90,90,100,100,0,105,112,0,0,0,0,0,0,0,0,0,0,10,0,0,0,0,0,0,0,0,0,0,0,1,1,0,2,21,2,255,0,0,0,0,0,0,0,0,0,1,0,0,1,0,1,0,0,0,0,0,0,0,0,0,0,-1,-1,2100,2200,-1,-1,-1,-1,-1,-1,-1,-1,-1,-1,-1,-1,-1,-1,-1,-1,-1,-1,-1,-1,-1,-1,-1,-1,-1,-1,-1,-1,0,0,0,0,0,0,0,0,0,0,0,0,-1,-1,-1,-1,-1,-1,-1,-1,-1,-1,-1,-1,-1,-1,-1,-1,-1,-1,-1,-1,-1,-1,-1,-1,0,0,0,0,0,0,0,0,0,0,0,0,0,0,0,0,0,0,0,0,0,0,0,0,0,139,139,90,0,0,1,0,0,0,0,75,100,100,100,0,0,100,-1,-1,-1,80,0,1,1,-1,0,0,80,0,[0|0|0],-1,0,0,[0|0|0|0|0|0|0|0|0|0]
5035900,Rotbone Arrow - Bullet,0,0,0,0,0.3,0,-1,-1,-1,-1,-1,0,0,0,0,0,0,0,0,0,90,90,90,90,90,100,100,0,105,112,0,0,0,0,0,0,0,0,0,0,10,0,0,0,0,0,0,0,0,0,0,0,1,1,0,2,21,2,255,0,0,0,0,0,0,0,0,0,1,0,0,1,0,1,0,0,0,0,0,0,0,0,0,0,-1,-1,2100,2200,-1,-1,-1,-1,-1,-1,-1,-1,-1,-1,-1,-1,-1,-1,-1,-1,-1,-1,-1,-1,-1,-1,-1,-1,-1,-1,-1,-1,0,0,0,0,0,0,0,0,0,0,0,0,-1,-1,-1,-1,-1,-1,-1,-1,-1,-1,-1,-1,-1,-1,-1,-1,-1,-1,-1,-1,-1,-1,-1,-1,0,0,0,0,0,0,0,0,0,0,0,0,0,0,0,0,0,0,0,0,0,0,0,0,0,139,139,90,0,0,1,0,0,0,0,75,100,100,100,0,0,100,-1,-1,-1,80,0,1,1,-1,0,0,80,0,[0|0|0],-1,0,0,[0|0|0|0|0|0|0|0|0|0]
5101301,Golem's Great Arrow,0,0,0,0,1.5,0,-1,-1,-1,-1,-1,0,0,0,0,0,0,0,0,0,100,100,100,100,100,100,100,0,105,0,0,0,0,0,0,0,0,0,0,0,10,0,0,0,0,0,0,0,0,0,0,0,7,1,0,2,254,2,255,1,0,0,0,0,0,0,0,0,1,0,0,1,0,1,0,0,0,0,0,0,0,0,0,0,-1,-1,2130,2030,-1,-1,-1,-1,-1,-1,-1,-1,-1,-1,-1,-1,-1,-1,-1,-1,-1,-1,-1,-1,-1,-1,-1,-1,-1,-1,-1,-1,0,0,0,0,0,0,0,0,0,0,0,0,-1,-1,-1,-1,-1,-1,-1,-1,-1,-1,-1,-1,-1,-1,-1,-1,-1,-1,-1,-1,-1,-1,-1,-1,0,0,0,0,0,0,0,0,0,0,0,0,0,0,0,0,0,0,0,0,0,0,0,0,0,139,139,100,0,0,1,0,0,0,0,100,100,100,100,0,0,100,-1,-1,-1,100,0,1,1,-1,0,0,100,0,[0|0|0],-1,0,0,[0|0|0|0|0|0|0|0|0|0]
5101302,Golem's Great Arrow,0,0,0,0,1.5,0,-1,-1,-1,-1,-1,0,0,0,0,0,0,0,0,0,61,61,61,61,36,100,100,0,105,0,0,0,0,0,0,0,0,0,0,0,10,0,0,0,0,0,0,0,0,0,0,0,3,1,0,2,254,2,255,1,0,0,0,0,0,0,0,0,1,0,0,1,0,1,0,0,0,0,0,0,0,0,0,0,-1,-1,2130,2030,-1,-1,-1,-1,-1,-1,-1,-1,-1,-1,-1,-1,-1,-1,-1,-1,-1,-1,-1,-1,-1,-1,-1,-1,-1,-1,-1,-1,0,0,0,0,0,0,0,0,0,0,0,0,-1,-1,-1,-1,-1,-1,-1,-1,-1,-1,-1,-1,-1,-1,-1,-1,-1,-1,-1,-1,-1,-1,-1,-1,0,0,0,0,0,0,0,0,0,0,0,0,0,0,0,0,0,0,0,0,0,0,0,0,0,139,139,61,0,0,1,0,0,0,1,100,100,100,100,0,0,100,-1,-1,-1,100,0,1,1,-1,0,0,35,0,[0|0|0],10002,0,0,[0|0|0|0|0|0|0|0|0|0]
5101303,Golem's Great Arrow,0,0,0,0,1.5,0,-1,-1,-1,-1,-1,0,0,0,0,0,0,0,0,0,44,44,44,44,44,100,100,0,105,0,0,0,0,0,0,0,0,0,0,0,10,0,0,0,0,0,0,0,0,0,0,0,3,1,0,2,254,2,255,1,0,0,0,0,0,0,0,0,1,0,0,1,0,1,0,0,0,0,0,0,0,0,0,0,-1,-1,2130,2030,-1,-1,-1,-1,-1,-1,-1,-1,-1,-1,-1,-1,-1,-1,-1,-1,-1,-1,-1,-1,-1,-1,-1,-1,-1,-1,-1,-1,0,0,0,0,0,0,0,0,0,0,0,0,-1,-1,-1,-1,-1,-1,-1,-1,-1,-1,-1,-1,-1,-1,-1,-1,-1,-1,-1,-1,-1,-1,-1,-1,0,0,0,0,0,0,0,0,0,0,0,0,0,0,0,0,0,0,0,0,0,0,0,0,0,139,139,44,0,0,1,0,0,0,1,100,100,100,100,0,0,100,-1,-1,-1,100,0,1,1,-1,0,0,25,0,[0|0|0],10002,0,0,[0|0|0|0|0|0|0|0|0|0]
5101304,Golem's Great Arrow,0,0,0,0,1.5,0,-1,-1,-1,-1,-1,0,0,0,0,0,0,0,0,0,130,130,130,130,130,100,100,0,105,0,0,0,0,0,0,0,0,0,0,0,10,0,0,0,0,0,0,0,0,0,0,0,7,1,0,2,254,2,255,1,0,0,0,0,0,0,0,0,1,0,0,1,0,1,0,0,0,0,0,0,0,0,0,0,-1,-1,2130,2030,-1,-1,-1,-1,-1,-1,-1,-1,-1,-1,-1,-1,-1,-1,-1,-1,-1,-1,-1,-1,-1,-1,-1,-1,-1,-1,-1,-1,0,0,0,0,0,0,0,0,0,0,0,0,-1,-1,-1,-1,-1,-1,-1,-1,-1,-1,-1,-1,-1,-1,-1,-1,-1,-1,-1,-1,-1,-1,-1,-1,0,0,0,0,0,0,0,0,0,0,0,0,0,0,0,0,0,0,0,0,0,0,0,0,0,139,139,130,0,0,1,0,0,0,1,100,100,100,100,0,0,100,-1,-1,-1,100,0,1,1,-1,0,0,25,0,[0|0|0],-1,0,0,[0|0|0|0|0|0|0|0|0|0]
5101305,Golem's Great Arrow,0,0,0,0,1.5,0,-1,-1,-1,-1,-1,0,0,0,0,0,0,0,0,0,30,30,30,30,30,100,100,0,105,0,0,0,0,0,0,0,0,0,0,0,10,0,0,0,0,0,0,0,0,0,0,0,3,1,0,2,254,2,255,1,0,0,0,0,0,0,0,0,1,0,0,1,0,1,0,0,0,0,0,0,0,0,0,0,-1,-1,2130,2030,-1,-1,-1,-1,-1,-1,-1,-1,-1,-1,-1,-1,-1,-1,-1,-1,-1,-1,-1,-1,-1,-1,-1,-1,-1,-1,-1,-1,0,0,0,0,0,0,0,0,0,0,0,0,-1,-1,-1,-1,-1,-1,-1,-1,-1,-1,-1,-1,-1,-1,-1,-1,-1,-1,-1,-1,-1,-1,-1,-1,0,0,0,0,0,0,0,0,0,0,0,0,0,0,0,0,0,0,0,0,0,0,0,0,0,139,139,30,0,0,1,0,0,0,0,100,100,100,100,0,0,100,-1,-1,-1,100,0,1,1,-1,0,0,25,0,[0|0|0],10002,0,0,[0|0|0|0|0|0|0|0|0|0]
5101306,Golem's Great Arrow,0,0,0,0,1.5,0,-1,-1,-1,-1,-1,0,0,0,0,0,0,0,0,0,70,70,70,70,70,100,100,0,105,0,0,0,0,0,0,0,0,0,0,0,10,0,0,0,0,0,0,0,0,0,0,0,7,1,0,2,254,2,255,1,0,0,0,0,0,0,0,0,1,0,0,1,0,1,0,0,0,0,0,0,0,0,0,0,-1,-1,2130,2030,-1,-1,-1,-1,-1,-1,-1,-1,-1,-1,-1,-1,-1,-1,-1,-1,-1,-1,-1,-1,-1,-1,-1,-1,-1,-1,-1,-1,0,0,0,0,0,0,0,0,0,0,0,0,-1,-1,-1,-1,-1,-1,-1,-1,-1,-1,-1,-1,-1,-1,-1,-1,-1,-1,-1,-1,-1,-1,-1,-1,0,0,0,0,0,0,0,0,0,0,0,0,0,0,0,0,0,0,0,0,0,0,0,0,0,139,139,70,0,0,1,0,0,0,0,100,100,100,100,0,0,100,-1,-1,-1,100,0,1,1,-1,0,0,25,0,[0|0|0],-1,0,0,[0|0|0|0|0|0|0|0|0|0]
5200640,Bolt - Bullet,0,0,0,0,0.3,0,-1,-1,-1,-1,-1,0,0,0,0,0,0,0,0,0,100,100,100,100,100,100,100,0,105,0,0,0,0,0,0,0,0,0,0,0,10,0,0,0,0,0,0,0,0,0,0,0,8,1,0,2,254,2,255,0,0,0,0,0,0,0,0,0,1,0,0,1,0,1,0,0,0,0,0,0,0,0,0,0,-1,-1,2100,2000,-1,-1,-1,-1,-1,-1,-1,-1,-1,-1,-1,-1,-1,-1,-1,-1,-1,-1,-1,-1,-1,-1,-1,-1,-1,-1,-1,-1,0,0,0,0,0,0,0,0,0,0,0,0,-1,-1,-1,-1,-1,-1,-1,-1,-1,-1,-1,-1,-1,-1,-1,-1,-1,-1,-1,-1,-1,-1,-1,-1,0,0,0,0,0,0,0,0,0,0,0,0,0,0,0,0,0,0,0,0,0,0,0,0,0,139,139,100,0,0,1,0,0,0,0,100,100,100,100,0,0,100,-1,-1,-1,100,0,1,1,-1,0,0,100,0,[0|0|0],-1,0,0,[0|0|0|0|0|0|0|0|0|0]
5200650,Bolt - Bullet,0,0,0,0,0.3,0,-1,-1,-1,-1,-1,0,0,0,0,0,0,0,0,0,78,110,110,110,100,100,100,0,105,0,0,0,0,0,0,0,0,0,0,0,10,0,0,0,0,0,0,0,0,0,0,0,8,1,0,2,254,2,255,0,0,0,0,0,0,0,0,0,1,0,0,1,0,1,0,0,0,0,0,0,0,0,0,0,-1,-1,2100,2000,-1,-1,-1,-1,-1,-1,-1,-1,-1,-1,-1,-1,-1,-1,-1,-1,-1,-1,-1,-1,-1,-1,-1,-1,-1,-1,-1,-1,0,0,0,0,0,0,0,0,0,0,0,0,-1,-1,-1,-1,-1,-1,-1,-1,-1,-1,-1,-1,-1,-1,-1,-1,-1,-1,-1,-1,-1,-1,-1,-1,0,0,0,0,0,0,0,0,0,0,0,0,0,0,0,0,0,0,0,0,0,0,0,0,0,139,139,110,0,0,1,0,0,0,0,55,100,100,100,0,0,100,-1,-1,-1,100,0,1,1,-1,0,0,50,0,[0|0|0],-1,0,0,[0|0|0|0|0|0|0|0|0|0]
5201301,Lightning Bolt,0,0,0,0,0.3,0,-1,-1,-1,-1,-1,0,0,0,0,0,0,0,0,0,100,100,100,100,100,100,100,0,105,0,0,0,0,0,0,0,0,0,0,0,10,0,0,0,0,0,0,0,0,0,0,0,8,1,0,2,12,2,255,0,0,0,0,0,0,0,0,0,1,0,0,1,0,1,0,0,0,0,0,0,0,0,0,0,-1,-1,2100,2000,-1,-1,-1,-1,-1,-1,-1,-1,-1,-1,-1,-1,-1,-1,-1,-1,-1,-1,-1,-1,-1,-1,-1,-1,-1,-1,-1,-1,0,0,0,0,0,0,0,0,0,0,0,0,-1,-1,-1,-1,-1,-1,-1,-1,-1,-1,-1,-1,-1,-1,-1,-1,-1,-1,-1,-1,-1,-1,-1,-1,0,0,0,0,0,0,0,0,0,0,0,0,0,0,0,0,0,0,0,0,0,0,0,0,0,139,139,100,0,0,1,0,0,0,0,100,100,100,100,0,0,100,-1,-1,-1,100,0,1,1,-1,0,0,100,0,[0|0|0],-1,0,0,[0|0|0|0|0|0|0|0|0|0]
5201601,Lightning Bolt,0,0,0,0,0.3,0,-1,-1,-1,-1,-1,0,0,0,0,0,0,0,0,0,100,100,100,100,100,100,100,0,105,0,0,0,0,0,0,0,0,0,0,0,10,0,0,0,0,0,0,0,0,0,0,0,8,1,0,2,12,2,255,0,0,0,0,0,0,0,0,0,1,0,0,1,0,1,0,0,0,0,0,0,0,0,0,0,-1,-1,2100,2000,-1,-1,-1,-1,-1,-1,-1,-1,-1,-1,-1,-1,-1,-1,-1,-1,-1,-1,-1,-1,-1,-1,-1,-1,-1,-1,-1,-1,0,0,0,0,0,0,0,0,0,0,0,0,-1,-1,-1,-1,-1,-1,-1,-1,-1,-1,-1,-1,-1,-1,-1,-1,-1,-1,-1,-1,-1,-1,-1,-1,0,0,0,0,0,0,0,0,0,0,0,0,0,0,0,0,0,0,0,0,0,0,0,0,0,139,139,100,0,0,1,0,0,0,0,100,100,100,100,0,0,100,-1,-1,-1,100,0,1,1,-1,0,0,100,0,[0|0|0],-1,0,0,[0|0|0|0|0|0|0|0|0|0]
5201640,Lightning Bolt - Bullet,0,0,0,0,0.3,0,-1,-1,-1,-1,-1,0,0,0,0,0,0,0,0,0,100,100,100,100,100,100,100,0,105,0,0,0,0,0,0,0,0,0,0,0,10,0,0,0,0,0,0,0,0,0,0,0,8,1,0,2,12,2,255,0,0,0,0,0,0,0,0,0,1,0,0,1,0,1,0,0,0,0,0,0,0,0,0,0,-1,-1,2100,2000,-1,-1,-1,-1,-1,-1,-1,-1,-1,-1,-1,-1,-1,-1,-1,-1,-1,-1,-1,-1,-1,-1,-1,-1,-1,-1,-1,-1,0,0,0,0,0,0,0,0,0,0,0,0,-1,-1,-1,-1,-1,-1,-1,-1,-1,-1,-1,-1,-1,-1,-1,-1,-1,-1,-1,-1,-1,-1,-1,-1,0,0,0,0,0,0,0,0,0,0,0,0,0,0,0,0,0,0,0,0,0,0,0,0,0,139,139,100,0,0,1,0,0,0,0,100,100,100,100,0,0,100,-1,-1,-1,100,0,1,1,-1,0,0,100,0,[0|0|0],-1,0,0,[0|0|0|0|0|0|0|0|0|0]
5201641,Lightning Bolt - Bullet,0,0,0,0,0.3,0,-1,-1,-1,-1,-1,0,0,0,0,0,0,0,0,0,100,100,100,100,100,100,100,0,105,0,0,0,0,0,0,0,0,0,0,0,10,0,0,0,0,0,0,0,0,0,0,0,8,1,0,2,12,2,255,0,0,0,0,0,0,0,0,0,1,0,0,1,0,1,0,0,0,0,0,0,0,0,0,0,-1,-1,2100,2000,-1,-1,-1,-1,-1,-1,-1,-1,-1,-1,-1,-1,-1,-1,-1,-1,-1,-1,-1,-1,-1,-1,-1,-1,-1,-1,-1,-1,0,0,0,0,0,0,0,0,0,0,0,0,-1,-1,-1,-1,-1,-1,-1,-1,-1,-1,-1,-1,-1,-1,-1,-1,-1,-1,-1,-1,-1,-1,-1,-1,0,0,0,0,0,0,0,0,0,0,0,0,0,0,0,0,0,0,0,0,0,0,0,0,0,139,139,100,0,0,1,0,0,0,0,100,100,100,100,0,0,100,-1,-1,-1,100,0,1,1,-1,0,0,100,0,[0|0|0],-1,0,0,[0|0|0|0|0|0|0|0|0|0]
5201650,Lightning Bolt - Bullet,0,0,0,0,0.3,0,-1,-1,-1,-1,-1,0,0,0,0,0,0,0,0,0,78,110,110,110,100,100,100,0,105,0,0,0,0,0,0,0,0,0,0,0,10,0,0,0,0,0,0,0,0,0,0,0,8,1,0,2,12,2,255,0,0,0,0,0,0,0,0,0,1,0,0,1,0,1,0,0,0,0,0,0,0,0,0,0,-1,-1,2100,2000,-1,-1,-1,-1,-1,-1,-1,-1,-1,-1,-1,-1,-1,-1,-1,-1,-1,-1,-1,-1,-1,-1,-1,-1,-1,-1,-1,-1,0,0,0,0,0,0,0,0,0,0,0,0,-1,-1,-1,-1,-1,-1,-1,-1,-1,-1,-1,-1,-1,-1,-1,-1,-1,-1,-1,-1,-1,-1,-1,-1,0,0,0,0,0,0,0,0,0,0,0,0,0,0,0,0,0,0,0,0,0,0,0,0,0,139,139,110,0,0,1,0,0,0,0,55,100,100,100,0,0,100,-1,-1,-1,100,0,1,1,-1,0,0,50,0,[0|0|0],-1,0,0,[0|0|0|0|0|0|0|0|0|0]
5201651,Lightning Bolt - Bullet,0,0,0,0,0.3,0,-1,-1,-1,-1,-1,0,0,0,0,0,0,0,0,0,78,110,110,110,100,100,100,0,105,0,0,0,0,0,0,0,0,0,0,0,10,0,0,0,0,0,0,0,0,0,0,0,8,1,0,2,12,2,255,0,0,0,0,0,0,0,0,0,1,0,0,1,0,1,0,0,0,0,0,0,0,0,0,0,-1,-1,2100,2000,-1,-1,-1,-1,-1,-1,-1,-1,-1,-1,-1,-1,-1,-1,-1,-1,-1,-1,-1,-1,-1,-1,-1,-1,-1,-1,-1,-1,0,0,0,0,0,0,0,0,0,0,0,0,-1,-1,-1,-1,-1,-1,-1,-1,-1,-1,-1,-1,-1,-1,-1,-1,-1,-1,-1,-1,-1,-1,-1,-1,0,0,0,0,0,0,0,0,0,0,0,0,0,0,0,0,0,0,0,0,0,0,0,0,0,139,139,110,0,0,1,0,0,0,0,55,100,100,100,0,0,100,-1,-1,-1,100,0,1,1,-1,0,0,50,0,[0|0|0],-1,0,0,[0|0|0|0|0|0|0|0|0|0]
5201656,Lightning Bolt - Bullet,0,0,0,0,0.3,0,-1,-1,-1,-1,-1,0,0,0,0,0,0,0,0,0,35,35,35,35,70,100,100,0,105,0,0,0,0,0,0,0,0,0,0,0,10,0,0,0,0,0,0,0,0,0,0,0,8,1,0,2,12,2,255,0,0,0,0,0,0,0,0,0,1,0,0,1,0,1,0,0,0,0,0,0,0,0,0,0,-1,-1,2100,2000,-1,-1,-1,-1,-1,-1,-1,-1,-1,-1,-1,-1,-1,-1,-1,-1,-1,-1,-1,-1,-1,-1,-1,-1,-1,-1,-1,-1,0,0,0,0,0,0,0,0,0,0,0,0,-1,-1,-1,-1,-1,-1,-1,-1,-1,-1,-1,-1,-1,-1,-1,-1,-1,-1,-1,-1,-1,-1,-1,-1,0,0,0,0,0,0,0,0,0,0,0,0,0,0,0,0,0,0,0,0,0,0,0,0,0,139,139,35,0,0,1,0,0,0,0,20,100,100,100,0,0,100,-1,-1,-1,100,0,1,1,-1,0,0,35,0,[0|0|0],-1,0,0,[0|0|0|0|0|0|0|0|0|0]
5201690,Lightning Bolt,0,0,0,0,0.3,0,-1,-1,-1,-1,-1,0,0,0,0,0,0,0,0,0,100,100,100,100,100,100,100,0,105,0,0,0,0,0,0,0,0,0,0,0,10,0,0,0,0,0,0,0,0,0,0,0,1,1,0,2,12,2,255,0,0,0,0,0,0,0,0,0,1,0,0,1,0,1,0,0,0,0,0,0,0,0,0,0,-1,-1,2100,2000,-1,-1,-1,-1,-1,-1,-1,-1,-1,-1,-1,-1,-1,-1,-1,-1,-1,-1,-1,-1,-1,-1,-1,-1,-1,-1,-1,-1,0,0,0,0,0,0,0,0,0,0,0,0,-1,-1,-1,-1,-1,-1,-1,-1,-1,-1,-1,-1,-1,-1,-1,-1,-1,-1,-1,-1,-1,-1,-1,-1,0,0,0,0,0,0,0,0,0,0,0,0,0,0,0,0,0,0,0,0,0,0,0,0,0,139,139,100,0,0,1,0,0,0,0,100,100,100,100,0,0,100,-1,-1,-1,100,0,1,1,-1,0,0,100,0,[0|0|0],-1,0,0,[0|0|0|0|0|0|0|0|0|0]
5201695,Lightning Bolt,0,0,0,0,0.3,0,-1,-1,-1,-1,-1,0,0,0,0,0,0,0,0,0,50,50,50,50,100,100,100,0,105,0,0,0,0,0,0,0,0,0,0,0,10,0,0,0,0,0,0,0,0,0,0,0,1,1,0,2,12,2,255,0,0,0,0,0,0,0,0,0,1,0,0,1,0,1,0,0,0,0,0,0,0,0,0,0,-1,-1,2100,2000,-1,-1,-1,-1,-1,-1,-1,-1,-1,-1,-1,-1,-1,-1,-1,-1,-1,-1,-1,-1,-1,-1,-1,-1,-1,-1,-1,-1,0,0,0,0,0,0,0,0,0,0,0,0,-1,-1,-1,-1,-1,-1,-1,-1,-1,-1,-1,-1,-1,-1,-1,-1,-1,-1,-1,-1,-1,-1,-1,-1,0,0,0,0,0,0,0,0,0,0,0,0,0,0,0,0,0,0,0,0,0,0,0,0,0,139,139,50,0,0,1,0,0,0,0,100,100,100,100,0,0,100,-1,-1,-1,100,0,1,1,-1,0,0,50,0,[0|0|0],-1,0,0,[0|0|0|0|0|0|0|0|0|0]
5202640,Perfumer's Bolt - Bullet,0,0,0,0,0.3,0,-1,-1,-1,-1,-1,0,0,0,0,0,0,0,0,0,100,100,100,100,100,100,100,0,105,109,0,0,0,0,0,0,0,0,0,0,10,0,0,0,0,0,0,0,0,0,0,0,8,1,0,2,11,2,255,0,0,0,0,0,0,0,0,0,1,0,0,1,0,1,0,0,0,0,0,0,0,0,0,0,-1,-1,2100,2000,-1,-1,-1,-1,-1,-1,-1,-1,-1,-1,-1,-1,-1,-1,-1,-1,-1,-1,-1,-1,-1,-1,-1,-1,-1,-1,-1,-1,0,0,0,0,0,0,0,0,0,0,0,0,-1,-1,-1,-1,-1,-1,-1,-1,-1,-1,-1,-1,-1,-1,-1,-1,-1,-1,-1,-1,-1,-1,-1,-1,0,0,0,0,0,0,0,0,0,0,0,0,0,0,0,0,0,0,0,0,0,0,0,0,0,139,139,100,0,0,1,0,0,0,0,100,100,100,100,0,0,100,-1,-1,-1,100,0,1,1,-1,0,0,100,0,[0|0|0],-1,0,0,[0|0|0|0|0|0|0|0|0|0]
5202641,Perfumer's Bolt - Bullet,0,0,0,0,0.6,0,-1,-1,-1,-1,-1,0,0,0,0,0,0,0,0,0,100,100,100,100,100,100,100,0,105,109,0,0,50,0,0,0,0,0,0,0,10,0,0,0,0,0,0,0,0,0,0,0,1,0,0,3,11,3,6,0,0,0,0,0,0,0,0,0,1,0,0,1,2,1,0,0,0,0,0,0,0,0,0,0,-1,-1,2100,2000,-1,-1,-1,-1,-1,-1,-1,-1,-1,-1,-1,-1,-1,-1,-1,-1,-1,-1,-1,-1,-1,-1,-1,-1,-1,-1,-1,-1,0,0,0,0,0,0,0,0,0,0,0,0,-1,-1,-1,-1,-1,-1,-1,-1,-1,-1,-1,-1,-1,-1,-1,-1,-1,-1,-1,-1,-1,-1,-1,-1,0,0,0,0,0,0,0,0,0,0,0,0,0,0,0,0,0,0,0,0,0,0,0,0,0,139,139,100,0,0,1,0,0,0,0,100,100,100,100,0,0,100,-1,-1,-1,100,0,1,1,-1,0,0,100,0,[0|0|0],-1,0,0,[0|0|0|0|0|0|0|0|0|0]
5202650,Perfumer's Bolt - Bullet,0,0,0,0,0.3,0,-1,-1,-1,-1,-1,0,0,0,0,0,0,0,0,0,78,110,110,110,100,100,100,0,105,109,0,0,0,0,0,0,0,0,0,0,10,0,0,0,0,0,0,0,0,0,0,0,8,1,0,2,11,2,255,0,0,0,0,0,0,0,0,0,1,0,0,1,0,1,0,0,0,0,0,0,0,0,0,0,-1,-1,2100,2000,-1,-1,-1,-1,-1,-1,-1,-1,-1,-1,-1,-1,-1,-1,-1,-1,-1,-1,-1,-1,-1,-1,-1,-1,-1,-1,-1,-1,0,0,0,0,0,0,0,0,0,0,0,0,-1,-1,-1,-1,-1,-1,-1,-1,-1,-1,-1,-1,-1,-1,-1,-1,-1,-1,-1,-1,-1,-1,-1,-1,0,0,0,0,0,0,0,0,0,0,0,0,0,0,0,0,0,0,0,0,0,0,0,0,0,139,139,110,0,0,1,0,0,0,0,55,100,100,100,0,0,100,-1,-1,-1,100,0,1,1,-1,0,0,50,0,[0|0|0],-1,0,0,[0|0|0|0|0|0|0|0|0|0]
5202651,Perfumer's Bolt - Bullet,0,0,0,0,0.6,0,-1,-1,-1,-1,-1,0,0,0,0,0,0,0,0,0,78,110,110,110,100,100,100,0,105,109,0,0,50,0,0,0,0,0,0,0,10,0,0,0,0,0,0,0,0,0,0,0,1,0,0,3,11,3,6,0,0,0,0,0,0,0,0,0,1,0,0,1,2,1,0,0,0,0,0,0,0,0,0,0,-1,-1,2100,2000,-1,-1,-1,-1,-1,-1,-1,-1,-1,-1,-1,-1,-1,-1,-1,-1,-1,-1,-1,-1,-1,-1,-1,-1,-1,-1,-1,-1,0,0,0,0,0,0,0,0,0,0,0,0,-1,-1,-1,-1,-1,-1,-1,-1,-1,-1,-1,-1,-1,-1,-1,-1,-1,-1,-1,-1,-1,-1,-1,-1,0,0,0,0,0,0,0,0,0,0,0,0,0,0,0,0,0,0,0,0,0,0,0,0,0,139,139,110,0,0,1,0,0,0,0,55,100,100,100,0,0,100,-1,-1,-1,100,0,1,1,-1,0,0,50,0,[0|0|0],-1,0,0,[0|0|0|0|0|0|0|0|0|0]
5203640,Black-Key Bolt - Bullet,0,0,0,0,0.3,0,-1,-1,-1,-1,-1,0,0,0,0,0,0,0,0,0,100,100,100,100,100,100,100,0,105,0,0,0,0,0,0,0,0,0,0,0,10,0,0,0,0,0,0,0,0,0,0,0,8,1,0,2,21,2,255,0,0,0,0,0,0,0,0,0,1,0,0,1,0,1,0,0,0,0,0,0,0,0,0,0,-1,-1,2100,2000,-1,-1,-1,-1,-1,-1,-1,-1,-1,-1,-1,-1,-1,-1,-1,-1,-1,-1,-1,-1,-1,-1,-1,-1,-1,-1,-1,-1,0,0,0,0,0,0,0,0,0,0,0,0,-1,-1,-1,-1,-1,-1,-1,-1,-1,-1,-1,-1,-1,-1,-1,-1,-1,-1,-1,-1,-1,-1,-1,-1,0,0,0,0,0,0,0,0,0,0,0,0,0,0,0,0,0,0,0,0,0,0,0,0,0,139,139,100,0,0,1,0,0,0,0,100,100,100,100,0,0,100,-1,-1,-1,100,0,1,1,-1,0,0,100,0,[0|0|0],-1,0,0,[0|0|0|0|0|0|0|0|0|0]
5203650,Black-Key Bolt - Bullet,0,0,0,0,0.3,0,-1,-1,-1,-1,-1,0,0,0,0,0,0,0,0,0,78,110,110,110,100,100,100,0,105,0,0,0,0,0,0,0,0,0,0,0,10,0,0,0,0,0,0,0,0,0,0,0,8,1,0,2,21,2,255,0,0,0,0,0,0,0,0,0,1,0,0,1,0,1,0,0,0,0,0,0,0,0,0,0,-1,-1,2100,2000,-1,-1,-1,-1,-1,-1,-1,-1,-1,-1,-1,-1,-1,-1,-1,-1,-1,-1,-1,-1,-1,-1,-1,-1,-1,-1,-1,-1,0,0,0,0,0,0,0,0,0,0,0,0,-1,-1,-1,-1,-1,-1,-1,-1,-1,-1,-1,-1,-1,-1,-1,-1,-1,-1,-1,-1,-1,-1,-1,-1,0,0,0,0,0,0,0,0,0,0,0,0,0,0,0,0,0,0,0,0,0,0,0,0,0,139,139,110,0,0,1,0,0,0,0,55,100,100,100,0,0,100,-1,-1,-1,100,0,1,1,-1,0,0,50,0,[0|0|0],-1,0,0,[0|0|0|0|0|0|0|0|0|0]
5204640,Burred Bolt - Bullet,0,0,0,0,0.3,0,-1,-1,-1,-1,-1,0,0,0,0,0,0,0,0,0,100,100,100,100,100,100,100,0,105,0,0,0,0,0,0,0,0,0,0,0,10,0,0,0,0,0,0,0,0,0,0,0,8,1,0,2,22,2,255,0,0,0,0,0,0,0,0,0,1,0,0,1,0,1,0,0,0,0,0,0,0,0,0,0,-1,-1,2100,2000,-1,-1,-1,-1,-1,-1,-1,-1,-1,-1,-1,-1,-1,-1,-1,-1,-1,-1,-1,-1,-1,-1,-1,-1,-1,-1,-1,-1,0,0,0,0,0,0,0,0,0,0,0,0,-1,-1,-1,-1,-1,-1,-1,-1,-1,-1,-1,-1,-1,-1,-1,-1,-1,-1,-1,-1,-1,-1,-1,-1,0,0,0,0,0,0,0,0,0,0,0,0,0,0,0,0,0,0,0,0,0,0,0,0,0,139,139,100,0,0,1,0,0,0,0,100,100,100,100,0,0,100,-1,-1,-1,100,0,1,1,-1,0,0,100,0,[0|0|0],-1,0,0,[0|0|0|0|0|0|0|0|0|0]
5204650,Burred Bolt - Bullet,0,0,0,0,0.3,0,-1,-1,-1,-1,-1,0,0,0,0,0,0,0,0,0,78,110,110,110,100,100,100,0,105,0,0,0,0,0,0,0,0,0,0,0,10,0,0,0,0,0,0,0,0,0,0,0,8,1,0,2,22,2,255,0,0,0,0,0,0,0,0,0,1,0,0,1,0,1,0,0,0,0,0,0,0,0,0,0,-1,-1,2100,2000,-1,-1,-1,-1,-1,-1,-1,-1,-1,-1,-1,-1,-1,-1,-1,-1,-1,-1,-1,-1,-1,-1,-1,-1,-1,-1,-1,-1,0,0,0,0,0,0,0,0,0,0,0,0,-1,-1,-1,-1,-1,-1,-1,-1,-1,-1,-1,-1,-1,-1,-1,-1,-1,-1,-1,-1,-1,-1,-1,-1,0,0,0,0,0,0,0,0,0,0,0,0,0,0,0,0,0,0,0,0,0,0,0,0,0,139,139,110,0,0,1,0,0,0,0,55,100,100,100,0,0,100,-1,-1,-1,100,0,1,1,-1,0,0,50,0,[0|0|0],-1,0,0,[0|0|0|0|0|0|0|0|0|0]
5205640,Meteor Bolt - Bullet,0,0,0,0,0.3,0,-1,-1,-1,-1,-1,0,0,0,0,0,0,0,0,0,100,100,100,100,100,100,100,0,105,0,0,0,0,0,0,0,0,0,0,0,10,0,0,0,0,0,0,0,0,0,0,0,8,1,0,2,10,2,255,0,0,0,0,0,0,0,0,0,1,0,0,1,0,1,0,0,0,0,0,0,0,0,0,0,-1,-1,2100,2000,-1,-1,-1,-1,-1,-1,-1,-1,-1,-1,-1,-1,-1,-1,-1,-1,-1,-1,-1,-1,-1,-1,-1,-1,-1,-1,-1,-1,0,0,0,0,0,0,0,0,0,0,0,0,-1,-1,-1,-1,-1,-1,-1,-1,-1,-1,-1,-1,-1,-1,-1,-1,-1,-1,-1,-1,-1,-1,-1,-1,0,0,0,0,0,0,0,0,0,0,0,0,0,0,0,0,0,0,0,0,0,0,0,0,0,139,139,100,0,0,1,0,0,0,0,100,100,100,100,0,0,100,-1,-1,-1,100,0,1,1,-1,0,0,100,0,[0|0|0],-1,0,0,[0|0|0|0|0|0|0|0|0|0]
5205650,Meteor Bolt - Bullet,0,0,0,0,0.3,0,-1,-1,-1,-1,-1,0,0,0,0,0,0,0,0,0,78,110,110,110,100,100,100,0,105,0,0,0,0,0,0,0,0,0,0,0,10,0,0,0,0,0,0,0,0,0,0,0,8,1,0,2,10,2,255,0,0,0,0,0,0,0,0,0,1,0,0,1,0,1,0,0,0,0,0,0,0,0,0,0,-1,-1,2100,2000,-1,-1,-1,-1,-1,-1,-1,-1,-1,-1,-1,-1,-1,-1,-1,-1,-1,-1,-1,-1,-1,-1,-1,-1,-1,-1,-1,-1,0,0,0,0,0,0,0,0,0,0,0,0,-1,-1,-1,-1,-1,-1,-1,-1,-1,-1,-1,-1,-1,-1,-1,-1,-1,-1,-1,-1,-1,-1,-1,-1,0,0,0,0,0,0,0,0,0,0,0,0,0,0,0,0,0,0,0,0,0,0,0,0,0,139,139,110,0,0,1,0,0,0,0,55,100,100,100,0,0,100,-1,-1,-1,100,0,1,1,-1,0,0,50,0,[0|0|0],-1,0,0,[0|0|0|0|0|0|0|0|0|0]
5206640,Explosive Bolt - Bullet,0,0,0,0,0.3,0,-1,-1,-1,-1,-1,0,0,0,0,0,0,0,0,0,100,100,100,100,100,100,100,0,105,0,0,0,0,0,0,0,0,0,0,0,10,0,0,0,0,0,0,0,0,0,0,0,8,1,0,2,11,2,255,0,0,0,0,0,0,0,0,0,1,0,0,1,0,1,0,0,0,0,0,0,0,0,0,0,-1,-1,2100,2000,-1,-1,-1,-1,-1,-1,-1,-1,-1,-1,-1,-1,-1,-1,-1,-1,-1,-1,-1,-1,-1,-1,-1,-1,-1,-1,-1,-1,0,0,0,0,0,0,0,0,0,0,0,0,-1,-1,-1,-1,-1,-1,-1,-1,-1,-1,-1,-1,-1,-1,-1,-1,-1,-1,-1,-1,-1,-1,-1,-1,0,0,0,0,0,0,0,0,0,0,0,0,0,0,0,0,0,0,0,0,0,0,0,0,0,139,139,100,0,0,1,0,0,0,0,100,100,100,100,0,0,100,-1,-1,-1,100,0,1,1,-1,0,0,100,0,[0|0|0],-1,0,0,[0|0|0|0|0|0|0|0|0|0]
5206641,Explosive Bolt - Bullet,0,0,0,0,0.6,0,-1,-1,-1,-1,-1,0,0,0,0,0,0,0,0,0,100,100,100,100,100,100,100,0,105,0,0,0,100,0,0,0,0,0,0,0,10,0,0,0,0,0,0,0,0,0,0,0,2,0,0,3,11,3,6,0,0,0,0,0,0,0,0,0,1,0,0,1,2,1,0,0,0,0,0,0,0,0,0,0,-1,-1,2100,2000,-1,-1,-1,-1,-1,-1,-1,-1,-1,-1,-1,-1,-1,-1,-1,-1,-1,-1,-1,-1,-1,-1,-1,-1,-1,-1,-1,-1,0,0,0,0,0,0,0,0,0,0,0,0,-1,-1,-1,-1,-1,-1,-1,-1,-1,-1,-1,-1,-1,-1,-1,-1,-1,-1,-1,-1,-1,-1,-1,-1,0,0,0,0,0,0,0,0,0,0,0,0,0,0,0,0,0,0,0,0,0,0,0,0,0,139,139,100,0,0,1,0,0,0,0,100,100,100,100,0,0,100,-1,-1,-1,100,0,1,1,-1,0,0,100,0,[0|0|0],-1,0,0,[0|0|0|0|0|0|0|0|0|0]
5206650,Explosive Bolt - Bullet,0,0,0,0,0.3,0,-1,-1,-1,-1,-1,0,0,0,0,0,0,0,0,0,78,110,110,110,100,100,100,0,105,0,0,0,0,0,0,0,0,0,0,0,10,0,0,0,0,0,0,0,0,0,0,0,8,1,0,2,11,2,255,0,0,0,0,0,0,0,0,0,1,0,0,1,0,1,0,0,0,0,0,0,0,0,0,0,-1,-1,2100,2000,-1,-1,-1,-1,-1,-1,-1,-1,-1,-1,-1,-1,-1,-1,-1,-1,-1,-1,-1,-1,-1,-1,-1,-1,-1,-1,-1,-1,0,0,0,0,0,0,0,0,0,0,0,0,-1,-1,-1,-1,-1,-1,-1,-1,-1,-1,-1,-1,-1,-1,-1,-1,-1,-1,-1,-1,-1,-1,-1,-1,0,0,0,0,0,0,0,0,0,0,0,0,0,0,0,0,0,0,0,0,0,0,0,0,0,139,139,110,0,0,1,0,0,0,0,55,100,100,100,0,0,100,-1,-1,-1,100,0,1,1,-1,0,0,50,0,[0|0|0],-1,0,0,[0|0|0|0|0|0|0|0|0|0]
5206651,Explosive Bolt - Bullet,0,0,0,0,0.6,0,-1,-1,-1,-1,-1,0,0,0,0,0,0,0,0,0,78,110,110,110,100,100,100,0,105,0,0,0,100,0,0,0,0,0,0,0,10,0,0,0,0,0,0,0,0,0,0,0,2,0,0,3,11,3,6,0,0,0,0,0,0,0,0,0,1,0,0,1,2,1,0,0,0,0,0,0,0,0,0,0,-1,-1,2100,2000,-1,-1,-1,-1,-1,-1,-1,-1,-1,-1,-1,-1,-1,-1,-1,-1,-1,-1,-1,-1,-1,-1,-1,-1,-1,-1,-1,-1,0,0,0,0,0,0,0,0,0,0,0,0,-1,-1,-1,-1,-1,-1,-1,-1,-1,-1,-1,-1,-1,-1,-1,-1,-1,-1,-1,-1,-1,-1,-1,-1,0,0,0,0,0,0,0,0,0,0,0,0,0,0,0,0,0,0,0,0,0,0,0,0,0,139,139,110,0,0,1,0,0,0,0,55,100,100,100,0,0,100,-1,-1,-1,100,0,1,1,-1,0,0,50,0,[0|0|0],-1,0,0,[0|0|0|0|0|0|0|0|0|0]
5207640,Golden Bolt - Bullet,0,0,0,0,0.3,0,-1,-1,-1,-1,-1,0,0,0,0,0,0,0,0,0,100,100,100,100,100,100,100,0,105,0,0,0,0,0,0,0,0,0,0,0,10,0,0,0,0,0,0,0,0,0,0,0,8,1,0,2,13,2,255,0,0,0,0,0,0,0,0,0,1,0,0,1,0,1,0,0,0,0,0,0,0,0,0,0,-1,-1,2100,2000,-1,-1,-1,-1,-1,-1,-1,-1,-1,-1,-1,-1,-1,-1,-1,-1,-1,-1,-1,-1,-1,-1,-1,-1,-1,-1,-1,-1,0,0,0,0,0,0,0,0,0,0,0,0,-1,-1,-1,-1,-1,-1,-1,-1,-1,-1,-1,-1,-1,-1,-1,-1,-1,-1,-1,-1,-1,-1,-1,-1,0,0,0,0,0,0,0,0,0,0,0,0,0,0,0,0,0,0,0,0,0,0,0,0,0,139,139,100,0,0,1,0,0,0,0,100,100,100,100,0,0,100,-1,-1,-1,100,0,1,1,-1,0,0,100,0,[0|0|0],-1,0,0,[0|0|0|0|0|0|0|0|0|0]
5207650,Golden Bolt - Bullet,0,0,0,0,0.3,0,-1,-1,-1,-1,-1,0,0,0,0,0,0,0,0,0,78,110,110,110,100,100,100,0,105,0,0,0,0,0,0,0,0,0,0,0,10,0,0,0,0,0,0,0,0,0,0,0,8,1,0,2,13,2,255,0,0,0,0,0,0,0,0,0,1,0,0,1,0,1,0,0,0,0,0,0,0,0,0,0,-1,-1,2100,2000,-1,-1,-1,-1,-1,-1,-1,-1,-1,-1,-1,-1,-1,-1,-1,-1,-1,-1,-1,-1,-1,-1,-1,-1,-1,-1,-1,-1,0,0,0,0,0,0,0,0,0,0,0,0,-1,-1,-1,-1,-1,-1,-1,-1,-1,-1,-1,-1,-1,-1,-1,-1,-1,-1,-1,-1,-1,-1,-1,-1,0,0,0,0,0,0,0,0,0,0,0,0,0,0,0,0,0,0,0,0,0,0,0,0,0,139,139,110,0,0,1,0,0,0,0,55,100,100,100,0,0,100,-1,-1,-1,100,0,1,1,-1,0,0,50,0,[0|0|0],-1,0,0,[0|0|0|0|0|0|0|0|0|0]
5208640,Lordsworn's Bolt - Bullet,0,0,0,0,0.3,0,-1,-1,-1,-1,-1,0,0,0,0,0,0,0,0,0,100,100,100,100,100,100,100,0,105,0,0,0,0,0,0,0,0,0,0,0,10,0,0,0,0,0,0,0,0,0,0,0,8,1,0,2,254,2,255,0,0,0,0,0,0,0,0,0,1,0,0,1,0,1,0,0,0,0,0,0,0,0,0,0,-1,-1,2100,2000,-1,-1,-1,-1,-1,-1,-1,-1,-1,-1,-1,-1,-1,-1,-1,-1,-1,-1,-1,-1,-1,-1,-1,-1,-1,-1,-1,-1,0,0,0,0,0,0,0,0,0,0,0,0,-1,-1,-1,-1,-1,-1,-1,-1,-1,-1,-1,-1,-1,-1,-1,-1,-1,-1,-1,-1,-1,-1,-1,-1,0,0,0,0,0,0,0,0,0,0,0,0,0,0,0,0,0,0,0,0,0,0,0,0,0,139,139,100,0,0,1,0,0,0,0,100,100,100,100,0,0,100,-1,-1,-1,100,0,1,1,-1,0,0,100,0,[0|0|0],-1,0,0,[0|0|0|0|0|0|0|0|0|0]
5208650,Lordsworn's Bolt - Bullet,0,0,0,0,0.3,0,-1,-1,-1,-1,-1,0,0,0,0,0,0,0,0,0,78,110,110,110,100,100,100,0,105,0,0,0,0,0,0,0,0,0,0,0,10,0,0,0,0,0,0,0,0,0,0,0,8,1,0,2,254,2,255,0,0,0,0,0,0,0,0,0,1,0,0,1,0,1,0,0,0,0,0,0,0,0,0,0,-1,-1,2100,2000,-1,-1,-1,-1,-1,-1,-1,-1,-1,-1,-1,-1,-1,-1,-1,-1,-1,-1,-1,-1,-1,-1,-1,-1,-1,-1,-1,-1,0,0,0,0,0,0,0,0,0,0,0,0,-1,-1,-1,-1,-1,-1,-1,-1,-1,-1,-1,-1,-1,-1,-1,-1,-1,-1,-1,-1,-1,-1,-1,-1,0,0,0,0,0,0,0,0,0,0,0,0,0,0,0,0,0,0,0,0,0,0,0,0,0,139,139,110,0,0,1,0,0,0,0,55,100,100,100,0,0,100,-1,-1,-1,100,0,1,1,-1,0,0,50,0,[0|0|0],-1,0,0,[0|0|0|0|0|0|0|0|0|0]
5209640,Bone Bolt - Bullet,0,0,0,0,0.3,0,-1,-1,-1,-1,-1,0,0,0,0,0,0,0,0,0,100,100,100,100,100,100,100,0,105,0,0,0,0,0,0,0,0,0,0,0,10,0,0,0,0,0,0,0,0,0,0,0,8,1,0,2,254,2,255,0,0,0,0,0,0,0,0,0,1,0,0,1,0,1,0,0,0,0,0,0,0,0,0,0,-1,-1,2100,2000,-1,-1,-1,-1,-1,-1,-1,-1,-1,-1,-1,-1,-1,-1,-1,-1,-1,-1,-1,-1,-1,-1,-1,-1,-1,-1,-1,-1,0,0,0,0,0,0,0,0,0,0,0,0,-1,-1,-1,-1,-1,-1,-1,-1,-1,-1,-1,-1,-1,-1,-1,-1,-1,-1,-1,-1,-1,-1,-1,-1,0,0,0,0,0,0,0,0,0,0,0,0,0,0,0,0,0,0,0,0,0,0,0,0,0,139,139,100,0,0,1,0,0,0,0,100,100,100,100,0,0,100,-1,-1,-1,100,0,1,1,-1,0,0,100,0,[0|0|0],-1,0,0,[0|0|0|0|0|0|0|0|0|0]
5209650,Bone Bolt - Bullet,0,0,0,0,0.3,0,-1,-1,-1,-1,-1,0,0,0,0,0,0,0,0,0,78,110,110,110,100,100,100,0,105,0,0,0,0,0,0,0,0,0,0,0,10,0,0,0,0,0,0,0,0,0,0,0,8,1,0,2,254,2,255,0,0,0,0,0,0,0,0,0,1,0,0,1,0,1,0,0,0,0,0,0,0,0,0,0,-1,-1,2100,2000,-1,-1,-1,-1,-1,-1,-1,-1,-1,-1,-1,-1,-1,-1,-1,-1,-1,-1,-1,-1,-1,-1,-1,-1,-1,-1,-1,-1,0,0,0,0,0,0,0,0,0,0,0,0,-1,-1,-1,-1,-1,-1,-1,-1,-1,-1,-1,-1,-1,-1,-1,-1,-1,-1,-1,-1,-1,-1,-1,-1,0,0,0,0,0,0,0,0,0,0,0,0,0,0,0,0,0,0,0,0,0,0,0,0,0,139,139,110,0,0,1,0,0,0,0,55,100,100,100,0,0,100,-1,-1,-1,100,0,1,1,-1,0,0,50,0,[0|0|0],-1,0,0,[0|0|0|0|0|0|0|0|0|0]
5210640,Firebone Bolt - Bullet,0,0,0,0,0.3,0,-1,-1,-1,-1,-1,0,0,0,0,0,0,0,0,0,100,100,100,100,100,100,100,0,105,0,0,0,0,0,0,0,0,0,0,0,10,0,0,0,0,0,0,0,0,0,0,0,8,1,0,2,11,2,255,0,0,0,0,0,0,0,0,0,1,0,0,1,0,1,0,0,0,0,0,0,0,0,0,0,-1,-1,2100,2000,-1,-1,-1,-1,-1,-1,-1,-1,-1,-1,-1,-1,-1,-1,-1,-1,-1,-1,-1,-1,-1,-1,-1,-1,-1,-1,-1,-1,0,0,0,0,0,0,0,0,0,0,0,0,-1,-1,-1,-1,-1,-1,-1,-1,-1,-1,-1,-1,-1,-1,-1,-1,-1,-1,-1,-1,-1,-1,-1,-1,0,0,0,0,0,0,0,0,0,0,0,0,0,0,0,0,0,0,0,0,0,0,0,0,0,139,139,100,0,0,1,0,0,0,0,100,100,100,100,0,0,100,-1,-1,-1,100,0,1,1,-1,0,0,100,0,[0|0|0],-1,0,0,[0|0|0|0|0|0|0|0|0|0]
5210650,Firebone Bolt - Bullet,0,0,0,0,0.3,0,-1,-1,-1,-1,-1,0,0,0,0,0,0,0,0,0,78,110,110,110,100,100,100,0,105,0,0,0,0,0,0,0,0,0,0,0,10,0,0,0,0,0,0,0,0,0,0,0,8,1,0,2,11,2,255,0,0,0,0,0,0,0,0,0,1,0,0,1,0,1,0,0,0,0,0,0,0,0,0,0,-1,-1,2100,2000,-1,-1,-1,-1,-1,-1,-1,-1,-1,-1,-1,-1,-1,-1,-1,-1,-1,-1,-1,-1,-1,-1,-1,-1,-1,-1,-1,-1,0,0,0,0,0,0,0,0,0,0,0,0,-1,-1,-1,-1,-1,-1,-1,-1,-1,-1,-1,-1,-1,-1,-1,-1,-1,-1,-1,-1,-1,-1,-1,-1,0,0,0,0,0,0,0,0,0,0,0,0,0,0,0,0,0,0,0,0,0,0,0,0,0,139,139,110,0,0,1,0,0,0,0,55,100,100,100,0,0,100,-1,-1,-1,100,0,1,1,-1,0,0,50,0,[0|0|0],-1,0,0,[0|0|0|0|0|0|0|0|0|0]
5211640,Lightningbone Bolt - Bullet,0,0,0,0,0.3,0,-1,-1,-1,-1,-1,0,0,0,0,0,0,0,0,0,100,100,100,100,100,100,100,0,105,0,0,0,0,0,0,0,0,0,0,0,10,0,0,0,0,0,0,0,0,0,0,0,8,1,0,2,12,2,255,0,0,0,0,0,0,0,0,0,1,0,0,1,0,1,0,0,0,0,0,0,0,0,0,0,-1,-1,2100,2000,-1,-1,-1,-1,-1,-1,-1,-1,-1,-1,-1,-1,-1,-1,-1,-1,-1,-1,-1,-1,-1,-1,-1,-1,-1,-1,-1,-1,0,0,0,0,0,0,0,0,0,0,0,0,-1,-1,-1,-1,-1,-1,-1,-1,-1,-1,-1,-1,-1,-1,-1,-1,-1,-1,-1,-1,-1,-1,-1,-1,0,0,0,0,0,0,0,0,0,0,0,0,0,0,0,0,0,0,0,0,0,0,0,0,0,139,139,100,0,0,1,0,0,0,0,100,100,100,100,0,0,100,-1,-1,-1,100,0,1,1,-1,0,0,100,0,[0|0|0],-1,0,0,[0|0|0|0|0|0|0|0|0|0]
5211650,Lightningbone Bolt - Bullet,0,0,0,0,0.3,0,-1,-1,-1,-1,-1,0,0,0,0,0,0,0,0,0,78,110,110,110,100,100,100,0,105,0,0,0,0,0,0,0,0,0,0,0,10,0,0,0,0,0,0,0,0,0,0,0,8,1,0,2,12,2,255,0,0,0,0,0,0,0,0,0,1,0,0,1,0,1,0,0,0,0,0,0,0,0,0,0,-1,-1,2100,2000,-1,-1,-1,-1,-1,-1,-1,-1,-1,-1,-1,-1,-1,-1,-1,-1,-1,-1,-1,-1,-1,-1,-1,-1,-1,-1,-1,-1,0,0,0,0,0,0,0,0,0,0,0,0,-1,-1,-1,-1,-1,-1,-1,-1,-1,-1,-1,-1,-1,-1,-1,-1,-1,-1,-1,-1,-1,-1,-1,-1,0,0,0,0,0,0,0,0,0,0,0,0,0,0,0,0,0,0,0,0,0,0,0,0,0,139,139,110,0,0,1,0,0,0,0,55,100,100,100,0,0,100,-1,-1,-1,100,0,1,1,-1,0,0,50,0,[0|0|0],-1,0,0,[0|0|0|0|0|0|0|0|0|0]
5211690,Lightningbone Bolt,0,0,0,0,0.3,0,-1,-1,-1,-1,-1,0,0,0,0,0,0,0,0,0,100,100,100,100,100,100,100,0,105,0,0,0,0,0,0,0,0,0,0,0,10,0,0,0,0,0,0,0,0,0,0,0,1,1,0,2,12,2,255,0,0,0,0,0,0,0,0,0,1,0,0,1,0,1,0,0,0,0,0,0,0,0,0,0,-1,-1,2100,2000,-1,-1,-1,-1,-1,-1,-1,-1,-1,-1,-1,-1,-1,-1,-1,-1,-1,-1,-1,-1,-1,-1,-1,-1,-1,-1,-1,-1,0,0,0,0,0,0,0,0,0,0,0,0,-1,-1,-1,-1,-1,-1,-1,-1,-1,-1,-1,-1,-1,-1,-1,-1,-1,-1,-1,-1,-1,-1,-1,-1,0,0,0,0,0,0,0,0,0,0,0,0,0,0,0,0,0,0,0,0,0,0,0,0,0,139,139,100,0,0,1,0,0,0,0,100,100,100,100,0,0,100,-1,-1,-1,100,0,1,1,-1,0,0,100,0,[0|0|0],-1,0,0,[0|0|0|0|0|0|0|0|0|0]
5211695,Lightningbone Bolt,0,0,0,0,0.3,0,-1,-1,-1,-1,-1,0,0,0,0,0,0,0,0,0,50,50,50,50,100,100,100,0,105,0,0,0,0,0,0,0,0,0,0,0,10,0,0,0,0,0,0,0,0,0,0,0,1,1,0,2,12,2,255,0,0,0,0,0,0,0,0,0,1,0,0,1,0,1,0,0,0,0,0,0,0,0,0,0,-1,-1,2100,2000,-1,-1,-1,-1,-1,-1,-1,-1,-1,-1,-1,-1,-1,-1,-1,-1,-1,-1,-1,-1,-1,-1,-1,-1,-1,-1,-1,-1,0,0,0,0,0,0,0,0,0,0,0,0,-1,-1,-1,-1,-1,-1,-1,-1,-1,-1,-1,-1,-1,-1,-1,-1,-1,-1,-1,-1,-1,-1,-1,-1,0,0,0,0,0,0,0,0,0,0,0,0,0,0,0,0,0,0,0,0,0,0,0,0,0,139,139,50,0,0,1,0,0,0,0,100,100,100,100,0,0,100,-1,-1,-1,100,0,1,1,-1,0,0,50,0,[0|0|0],-1,0,0,[0|0|0|0|0|0|0|0|0|0]
5212640,Magicbone Bolt - Bullet,0,0,0,0,0.3,0,-1,-1,-1,-1,-1,0,0,0,0,0,0,0,0,0,100,100,100,100,100,100,100,0,105,0,0,0,0,0,0,0,0,0,0,0,10,0,0,0,0,0,0,0,0,0,0,0,8,1,0,2,10,2,255,0,0,0,0,0,0,0,0,0,1,0,0,1,0,1,0,0,0,0,0,0,0,0,0,0,-1,-1,2100,2000,-1,-1,-1,-1,-1,-1,-1,-1,-1,-1,-1,-1,-1,-1,-1,-1,-1,-1,-1,-1,-1,-1,-1,-1,-1,-1,-1,-1,0,0,0,0,0,0,0,0,0,0,0,0,-1,-1,-1,-1,-1,-1,-1,-1,-1,-1,-1,-1,-1,-1,-1,-1,-1,-1,-1,-1,-1,-1,-1,-1,0,0,0,0,0,0,0,0,0,0,0,0,0,0,0,0,0,0,0,0,0,0,0,0,0,139,139,100,0,0,1,0,0,0,0,100,100,100,100,0,0,100,-1,-1,-1,100,0,1,1,-1,0,0,100,0,[0|0|0],-1,0,0,[0|0|0|0|0|0|0|0|0|0]
5212650,Magicbone Bolt - Bullet,0,0,0,0,0.3,0,-1,-1,-1,-1,-1,0,0,0,0,0,0,0,0,0,78,110,110,110,100,100,100,0,105,0,0,0,0,0,0,0,0,0,0,0,10,0,0,0,0,0,0,0,0,0,0,0,8,1,0,2,10,2,255,0,0,0,0,0,0,0,0,0,1,0,0,1,0,1,0,0,0,0,0,0,0,0,0,0,-1,-1,2100,2000,-1,-1,-1,-1,-1,-1,-1,-1,-1,-1,-1,-1,-1,-1,-1,-1,-1,-1,-1,-1,-1,-1,-1,-1,-1,-1,-1,-1,0,0,0,0,0,0,0,0,0,0,0,0,-1,-1,-1,-1,-1,-1,-1,-1,-1,-1,-1,-1,-1,-1,-1,-1,-1,-1,-1,-1,-1,-1,-1,-1,0,0,0,0,0,0,0,0,0,0,0,0,0,0,0,0,0,0,0,0,0,0,0,0,0,139,139,110,0,0,1,0,0,0,0,55,100,100,100,0,0,100,-1,-1,-1,100,0,1,1,-1,0,0,50,0,[0|0|0],-1,0,0,[0|0|0|0|0|0|0|0|0|0]
5213640,Haligbone Bolt - Bullet,0,0,0,0,0.3,0,-1,-1,-1,-1,-1,0,0,0,0,0,0,0,0,0,100,100,100,100,100,100,100,0,105,0,0,0,0,0,0,0,0,0,0,0,10,0,0,0,0,0,0,0,0,0,0,0,8,1,0,2,13,2,255,0,0,0,0,0,0,0,0,0,1,0,0,1,0,1,0,0,0,0,0,0,0,0,0,0,-1,-1,2100,2000,-1,-1,-1,-1,-1,-1,-1,-1,-1,-1,-1,-1,-1,-1,-1,-1,-1,-1,-1,-1,-1,-1,-1,-1,-1,-1,-1,-1,0,0,0,0,0,0,0,0,0,0,0,0,-1,-1,-1,-1,-1,-1,-1,-1,-1,-1,-1,-1,-1,-1,-1,-1,-1,-1,-1,-1,-1,-1,-1,-1,0,0,0,0,0,0,0,0,0,0,0,0,0,0,0,0,0,0,0,0,0,0,0,0,0,139,139,100,0,0,1,0,0,0,0,100,100,100,100,0,0,100,-1,-1,-1,100,0,1,1,-1,0,0,100,0,[0|0|0],-1,0,0,[0|0|0|0|0|0|0|0|0|0]
5213650,Haligbone Bolt - Bullet,0,0,0,0,0.3,0,-1,-1,-1,-1,-1,0,0,0,0,0,0,0,0,0,78,110,110,110,100,100,100,0,105,0,0,0,0,0,0,0,0,0,0,0,10,0,0,0,0,0,0,0,0,0,0,0,8,1,0,2,13,2,255,0,0,0,0,0,0,0,0,0,1,0,0,1,0,1,0,0,0,0,0,0,0,0,0,0,-1,-1,2100,2000,-1,-1,-1,-1,-1,-1,-1,-1,-1,-1,-1,-1,-1,-1,-1,-1,-1,-1,-1,-1,-1,-1,-1,-1,-1,-1,-1,-1,0,0,0,0,0,0,0,0,0,0,0,0,-1,-1,-1,-1,-1,-1,-1,-1,-1,-1,-1,-1,-1,-1,-1,-1,-1,-1,-1,-1,-1,-1,-1,-1,0,0,0,0,0,0,0,0,0,0,0,0,0,0,0,0,0,0,0,0,0,0,0,0,0,139,139,110,0,0,1,0,0,0,0,55,100,100,100,0,0,100,-1,-1,-1,100,0,1,1,-1,0,0,50,0,[0|0|0],-1,0,0,[0|0|0|0|0|0|0|0|0|0]
5214640,Poisonbone Bolt - Bullet,0,0,0,0,0.3,0,-1,-1,-1,-1,-1,0,0,0,0,0,0,0,0,0,100,100,100,100,100,100,100,0,105,0,0,0,0,0,0,0,0,0,0,0,10,0,0,0,0,0,0,0,0,0,0,0,8,1,0,2,20,2,255,0,0,0,0,0,0,0,0,0,1,0,0,1,0,1,0,0,0,0,0,0,0,0,0,0,-1,-1,2100,2000,-1,-1,-1,-1,-1,-1,-1,-1,-1,-1,-1,-1,-1,-1,-1,-1,-1,-1,-1,-1,-1,-1,-1,-1,-1,-1,-1,-1,0,0,0,0,0,0,0,0,0,0,0,0,-1,-1,-1,-1,-1,-1,-1,-1,-1,-1,-1,-1,-1,-1,-1,-1,-1,-1,-1,-1,-1,-1,-1,-1,0,0,0,0,0,0,0,0,0,0,0,0,0,0,0,0,0,0,0,0,0,0,0,0,0,139,139,100,0,0,1,0,0,0,0,100,100,100,100,0,0,100,-1,-1,-1,100,0,1,1,-1,0,0,100,0,[0|0|0],-1,0,0,[0|0|0|0|0|0|0|0|0|0]
5214650,Poisonbone Bolt - Bullet,0,0,0,0,0.3,0,-1,-1,-1,-1,-1,0,0,0,0,0,0,0,0,0,78,110,110,110,100,100,100,0,105,0,0,0,0,0,0,0,0,0,0,0,10,0,0,0,0,0,0,0,0,0,0,0,8,1,0,2,20,2,255,0,0,0,0,0,0,0,0,0,1,0,0,1,0,1,0,0,0,0,0,0,0,0,0,0,-1,-1,2100,2000,-1,-1,-1,-1,-1,-1,-1,-1,-1,-1,-1,-1,-1,-1,-1,-1,-1,-1,-1,-1,-1,-1,-1,-1,-1,-1,-1,-1,0,0,0,0,0,0,0,0,0,0,0,0,-1,-1,-1,-1,-1,-1,-1,-1,-1,-1,-1,-1,-1,-1,-1,-1,-1,-1,-1,-1,-1,-1,-1,-1,0,0,0,0,0,0,0,0,0,0,0,0,0,0,0,0,0,0,0,0,0,0,0,0,0,139,139,110,0,0,1,0,0,0,0,55,100,100,100,0,0,100,-1,-1,-1,100,0,1,1,-1,0,0,50,0,[0|0|0],-1,0,0,[0|0|0|0|0|0|0|0|0|0]
5215640,Bloodbone Bolt - Bullet,0,0,0,0,0.3,0,-1,-1,-1,-1,-1,0,0,0,0,0,0,0,0,0,100,100,100,100,100,100,100,0,105,0,0,0,0,0,0,0,0,0,0,0,10,0,0,0,0,0,0,0,0,0,0,0,8,1,0,2,22,2,255,0,0,0,0,0,0,0,0,0,1,0,0,1,0,1,0,0,0,0,0,0,0,0,0,0,-1,-1,2100,2000,-1,-1,-1,-1,-1,-1,-1,-1,-1,-1,-1,-1,-1,-1,-1,-1,-1,-1,-1,-1,-1,-1,-1,-1,-1,-1,-1,-1,0,0,0,0,0,0,0,0,0,0,0,0,-1,-1,-1,-1,-1,-1,-1,-1,-1,-1,-1,-1,-1,-1,-1,-1,-1,-1,-1,-1,-1,-1,-1,-1,0,0,0,0,0,0,0,0,0,0,0,0,0,0,0,0,0,0,0,0,0,0,0,0,0,139,139,100,0,0,1,0,0,0,0,100,100,100,100,0,0,100,-1,-1,-1,100,0,1,1,-1,0,0,100,0,[0|0|0],-1,0,0,[0|0|0|0|0|0|0|0|0|0]
5215650,Bloodbone Bolt - Bullet,0,0,0,0,0.3,0,-1,-1,-1,-1,-1,0,0,0,0,0,0,0,0,0,78,110,110,110,100,100,100,0,105,0,0,0,0,0,0,0,0,0,0,0,10,0,0,0,0,0,0,0,0,0,0,0,8,1,0,2,22,2,255,0,0,0,0,0,0,0,0,0,1,0,0,1,0,1,0,0,0,0,0,0,0,0,0,0,-1,-1,2100,2000,-1,-1,-1,-1,-1,-1,-1,-1,-1,-1,-1,-1,-1,-1,-1,-1,-1,-1,-1,-1,-1,-1,-1,-1,-1,-1,-1,-1,0,0,0,0,0,0,0,0,0,0,0,0,-1,-1,-1,-1,-1,-1,-1,-1,-1,-1,-1,-1,-1,-1,-1,-1,-1,-1,-1,-1,-1,-1,-1,-1,0,0,0,0,0,0,0,0,0,0,0,0,0,0,0,0,0,0,0,0,0,0,0,0,0,139,139,110,0,0,1,0,0,0,0,55,100,100,100,0,0,100,-1,-1,-1,100,0,1,1,-1,0,0,50,0,[0|0|0],-1,0,0,[0|0|0|0|0|0|0|0|0|0]
5216640,Coldbone Bolt - Bullet,0,0,0,0,0.3,0,-1,-1,-1,-1,-1,0,0,0,0,0,0,0,0,0,100,100,100,100,100,100,100,0,105,0,0,0,0,0,0,0,0,0,0,0,10,0,0,0,0,0,0,0,0,0,0,0,8,1,0,2,23,2,255,0,0,0,0,0,0,0,0,0,1,0,0,1,0,1,0,0,0,0,0,0,0,0,0,0,-1,-1,2100,2000,-1,-1,-1,-1,-1,-1,-1,-1,-1,-1,-1,-1,-1,-1,-1,-1,-1,-1,-1,-1,-1,-1,-1,-1,-1,-1,-1,-1,0,0,0,0,0,0,0,0,0,0,0,0,-1,-1,-1,-1,-1,-1,-1,-1,-1,-1,-1,-1,-1,-1,-1,-1,-1,-1,-1,-1,-1,-1,-1,-1,0,0,0,0,0,0,0,0,0,0,0,0,0,0,0,0,0,0,0,0,0,0,0,0,0,139,139,100,0,0,1,0,0,0,0,100,100,100,100,0,0,100,-1,-1,-1,100,0,1,1,-1,0,0,100,0,[0|0|0],-1,0,0,[0|0|0|0|0|0|0|0|0|0]
5216650,Coldbone Bolt - Bullet,0,0,0,0,0.3,0,-1,-1,-1,-1,-1,0,0,0,0,0,0,0,0,0,78,110,110,110,100,100,100,0,105,0,0,0,0,0,0,0,0,0,0,0,10,0,0,0,0,0,0,0,0,0,0,0,8,1,0,2,23,2,255,0,0,0,0,0,0,0,0,0,1,0,0,1,0,1,0,0,0,0,0,0,0,0,0,0,-1,-1,2100,2000,-1,-1,-1,-1,-1,-1,-1,-1,-1,-1,-1,-1,-1,-1,-1,-1,-1,-1,-1,-1,-1,-1,-1,-1,-1,-1,-1,-1,0,0,0,0,0,0,0,0,0,0,0,0,-1,-1,-1,-1,-1,-1,-1,-1,-1,-1,-1,-1,-1,-1,-1,-1,-1,-1,-1,-1,-1,-1,-1,-1,0,0,0,0,0,0,0,0,0,0,0,0,0,0,0,0,0,0,0,0,0,0,0,0,0,139,139,110,0,0,1,0,0,0,0,55,100,100,100,0,0,100,-1,-1,-1,100,0,1,1,-1,0,0,50,0,[0|0|0],-1,0,0,[0|0|0|0|0|0|0|0|0|0]
5217640,Rotbone Bolt - Bullet,0,0,0,0,0.3,0,-1,-1,-1,-1,-1,0,0,0,0,0,0,0,0,0,100,100,100,100,100,100,100,0,105,0,0,0,0,0,0,0,0,0,0,0,10,0,0,0,0,0,0,0,0,0,0,0,8,1,0,2,21,2,255,0,0,0,0,0,0,0,0,0,1,0,0,1,0,1,0,0,0,0,0,0,0,0,0,0,-1,-1,2100,2000,-1,-1,-1,-1,-1,-1,-1,-1,-1,-1,-1,-1,-1,-1,-1,-1,-1,-1,-1,-1,-1,-1,-1,-1,-1,-1,-1,-1,0,0,0,0,0,0,0,0,0,0,0,0,-1,-1,-1,-1,-1,-1,-1,-1,-1,-1,-1,-1,-1,-1,-1,-1,-1,-1,-1,-1,-1,-1,-1,-1,0,0,0,0,0,0,0,0,0,0,0,0,0,0,0,0,0,0,0,0,0,0,0,0,0,139,139,100,0,0,1,0,0,0,0,100,100,100,100,0,0,100,-1,-1,-1,100,0,1,1,-1,0,0,100,0,[0|0|0],-1,0,0,[0|0|0|0|0|0|0|0|0|0]
5217650,Rotbone Bolt - Bullet,0,0,0,0,0.3,0,-1,-1,-1,-1,-1,0,0,0,0,0,0,0,0,0,78,110,110,110,100,100,100,0,105,0,0,0,0,0,0,0,0,0,0,0,10,0,0,0,0,0,0,0,0,0,0,0,8,1,0,2,21,2,255,0,0,0,0,0,0,0,0,0,1,0,0,1,0,1,0,0,0,0,0,0,0,0,0,0,-1,-1,2100,2000,-1,-1,-1,-1,-1,-1,-1,-1,-1,-1,-1,-1,-1,-1,-1,-1,-1,-1,-1,-1,-1,-1,-1,-1,-1,-1,-1,-1,0,0,0,0,0,0,0,0,0,0,0,0,-1,-1,-1,-1,-1,-1,-1,-1,-1,-1,-1,-1,-1,-1,-1,-1,-1,-1,-1,-1,-1,-1,-1,-1,0,0,0,0,0,0,0,0,0,0,0,0,0,0,0,0,0,0,0,0,0,0,0,0,0,139,139,110,0,0,1,0,0,0,0,55,100,100,100,0,0,100,-1,-1,-1,100,0,1,1,-1,0,0,50,0,[0|0|0],-1,0,0,[0|0|0|0|0|0|0|0|0|0]
5218640,Sleepbone Bolt - Bullet,0,0,0,0,0.3,0,-1,-1,-1,-1,-1,0,0,0,0,0,0,0,0,0,100,100,100,100,100,100,100,0,105,0,0,0,0,0,0,0,0,0,0,0,10,0,0,0,0,0,0,0,0,0,0,0,8,1,0,2,24,2,255,0,0,0,0,0,0,0,0,0,1,0,0,1,0,1,0,0,0,0,0,0,0,0,0,0,-1,-1,2100,2000,-1,-1,-1,-1,-1,-1,-1,-1,-1,-1,-1,-1,-1,-1,-1,-1,-1,-1,-1,-1,-1,-1,-1,-1,-1,-1,-1,-1,0,0,0,0,0,0,0,0,0,0,0,0,-1,-1,-1,-1,-1,-1,-1,-1,-1,-1,-1,-1,-1,-1,-1,-1,-1,-1,-1,-1,-1,-1,-1,-1,0,0,0,0,0,0,0,0,0,0,0,0,0,0,0,0,0,0,0,0,0,0,0,0,0,139,139,100,0,0,1,0,0,0,0,100,100,100,100,0,0,100,-1,-1,-1,100,0,1,1,-1,0,0,100,0,[0|0|0],-1,0,0,[0|0|0|0|0|0|0|0|0|0]
5218650,Sleepbone Bolt - Bullet,0,0,0,0,0.3,0,-1,-1,-1,-1,-1,0,0,0,0,0,0,0,0,0,78,110,110,110,100,100,100,0,105,0,0,0,0,0,0,0,0,0,0,0,10,0,0,0,0,0,0,0,0,0,0,0,8,1,0,2,24,2,255,0,0,0,0,0,0,0,0,0,1,0,0,1,0,1,0,0,0,0,0,0,0,0,0,0,-1,-1,2100,2000,-1,-1,-1,-1,-1,-1,-1,-1,-1,-1,-1,-1,-1,-1,-1,-1,-1,-1,-1,-1,-1,-1,-1,-1,-1,-1,-1,-1,0,0,0,0,0,0,0,0,0,0,0,0,-1,-1,-1,-1,-1,-1,-1,-1,-1,-1,-1,-1,-1,-1,-1,-1,-1,-1,-1,-1,-1,-1,-1,-1,0,0,0,0,0,0,0,0,0,0,0,0,0,0,0,0,0,0,0,0,0,0,0,0,0,139,139,110,0,0,1,0,0,0,0,55,100,100,100,0,0,100,-1,-1,-1,100,0,1,1,-1,0,0,50,0,[0|0|0],-1,0,0,[0|0|0|0|0|0|0|0|0|0]
5219640,Flaming Bolt - Bullet,0,0,0,0,0.3,0,-1,-1,-1,-1,-1,0,0,0,0,0,0,0,0,0,100,100,100,100,100,100,100,0,105,0,0,0,0,0,0,0,0,0,0,0,10,0,0,0,0,0,0,0,0,0,0,0,8,1,0,2,11,2,255,0,0,0,0,0,0,0,0,0,1,0,0,1,0,1,0,0,0,0,0,0,0,0,0,0,-1,-1,2100,2000,-1,-1,-1,-1,-1,-1,-1,-1,-1,-1,-1,-1,-1,-1,-1,-1,-1,-1,-1,-1,-1,-1,-1,-1,-1,-1,-1,-1,0,0,0,0,0,0,0,0,0,0,0,0,-1,-1,-1,-1,-1,-1,-1,-1,-1,-1,-1,-1,-1,-1,-1,-1,-1,-1,-1,-1,-1,-1,-1,-1,0,0,0,0,0,0,0,0,0,0,0,0,0,0,0,0,0,0,0,0,0,0,0,0,0,139,139,100,0,0,1,0,0,0,0,100,100,100,100,0,0,100,-1,-1,-1,100,0,1,1,-1,0,0,100,0,[0|0|0],-1,0,0,[0|0|0|0|0|0|0|0|0|0]
5219650,Flaming Bolt - Bullet,0,0,0,0,0.3,0,-1,-1,-1,-1,-1,0,0,0,0,0,0,0,0,0,78,110,110,110,100,100,100,0,105,0,0,0,0,0,0,0,0,0,0,0,10,0,0,0,0,0,0,0,0,0,0,0,8,1,0,2,11,2,255,0,0,0,0,0,0,0,0,0,1,0,0,1,0,1,0,0,0,0,0,0,0,0,0,0,-1,-1,2100,2000,-1,-1,-1,-1,-1,-1,-1,-1,-1,-1,-1,-1,-1,-1,-1,-1,-1,-1,-1,-1,-1,-1,-1,-1,-1,-1,-1,-1,0,0,0,0,0,0,0,0,0,0,0,0,-1,-1,-1,-1,-1,-1,-1,-1,-1,-1,-1,-1,-1,-1,-1,-1,-1,-1,-1,-1,-1,-1,-1,-1,0,0,0,0,0,0,0,0,0,0,0,0,0,0,0,0,0,0,0,0,0,0,0,0,0,139,139,110,0,0,1,0,0,0,0,55,100,100,100,0,0,100,-1,-1,-1,100,0,1,1,-1,0,0,50,0,[0|0|0],-1,0,0,[0|0|0|0|0|0|0|0|0|0]
5220640,Piquebone Bolt - Bullet,0,0,0,0,0.3,0,-1,-1,-1,-1,-1,0,0,0,0,0,0,0,0,0,100,100,100,100,100,100,100,0,105,0,0,0,0,0,0,0,0,0,0,0,10,0,0,0,0,0,0,0,0,0,0,0,8,1,0,2,254,2,255,0,0,0,0,0,0,0,0,0,1,0,0,1,0,1,0,0,0,0,0,0,0,0,0,0,-1,-1,2100,1530,-1,-1,-1,-1,-1,-1,-1,-1,-1,-1,-1,-1,-1,-1,-1,-1,-1,-1,-1,-1,-1,-1,-1,-1,-1,-1,-1,-1,0,0,0,0,0,0,0,0,0,0,0,0,-1,-1,-1,-1,-1,-1,-1,-1,-1,-1,-1,-1,-1,-1,-1,-1,-1,-1,-1,-1,-1,-1,-1,-1,0,0,0,0,0,0,0,0,0,0,0,0,0,0,0,0,0,0,0,0,0,0,0,0,0,139,139,100,0,0,1,0,0,0,0,100,100,100,100,0,0,100,-1,-1,-1,100,0,1,1,-1,0,0,100,0,[0|0|0],-1,0,0,[0|0|0|0|0|0|0|0|0|0]
5220650,Piquebone Bolt - Bullet,0,0,0,0,0.3,0,-1,-1,-1,-1,-1,0,0,0,0,0,0,0,0,0,78,110,110,110,100,100,100,0,105,0,0,0,0,0,0,0,0,0,0,0,10,0,0,0,0,0,0,0,0,0,0,0,8,1,0,2,254,2,255,0,0,0,0,0,0,0,0,0,1,0,0,1,0,1,0,0,0,0,0,0,0,0,0,0,-1,-1,2100,1530,-1,-1,-1,-1,-1,-1,-1,-1,-1,-1,-1,-1,-1,-1,-1,-1,-1,-1,-1,-1,-1,-1,-1,-1,-1,-1,-1,-1,0,0,0,0,0,0,0,0,0,0,0,0,-1,-1,-1,-1,-1,-1,-1,-1,-1,-1,-1,-1,-1,-1,-1,-1,-1,-1,-1,-1,-1,-1,-1,-1,0,0,0,0,0,0,0,0,0,0,0,0,0,0,0,0,0,0,0,0,0,0,0,0,0,139,139,110,0,0,1,0,0,0,0,55,100,100,100,0,0,100,-1,-1,-1,100,0,1,1,-1,0,0,50,0,[0|0|0],-1,0,0,[0|0|0|0|0|0|0|0|0|0]
5301301,Lightning Greatbolt,0,0,0,0,1.5,0,-1,-1,-1,-1,-1,0,0,0,0,0,0,0,0,0,100,100,100,100,100,100,100,0,105,0,0,0,0,0,0,0,0,0,0,0,10,0,0,0,0,0,0,0,0,0,0,0,7,1,0,2,12,2,255,0,0,0,0,0,0,0,0,0,1,0,0,1,0,1,0,0,0,0,0,0,0,0,0,0,-1,-1,0,2100,-1,-1,-1,-1,-1,-1,-1,-1,-1,-1,-1,-1,-1,-1,-1,-1,-1,-1,-1,-1,-1,-1,-1,-1,-1,-1,-1,-1,0,0,0,0,0,0,0,0,0,0,0,0,-1,-1,-1,-1,-1,-1,-1,-1,-1,-1,-1,-1,-1,-1,-1,-1,-1,-1,-1,-1,-1,-1,-1,-1,0,0,0,0,0,0,0,0,0,0,0,0,0,0,0,0,0,0,0,0,0,0,0,0,0,139,139,100,0,0,1,0,0,0,0,100,100,100,100,0,0,100,-1,-1,-1,100,0,1,1,-1,0,0,100,0,[0|0|0],-1,0,0,[0|0|0|0|0|0|0|0|0|0]
5301701,Lightning Greatbolt,0,0,0,0,1.5,0,-1,-1,-1,-1,-1,0,0,0,0,0,0,0,0,0,100,100,100,100,100,100,100,0,105,0,0,0,0,0,0,0,0,0,0,0,10,0,0,0,0,0,0,0,0,0,0,0,7,1,0,2,12,2,255,0,0,0,0,0,0,0,0,0,1,0,0,1,0,1,0,0,0,0,0,0,0,0,0,0,-1,-1,0,2100,-1,-1,-1,-1,-1,-1,-1,-1,-1,-1,-1,-1,-1,-1,-1,-1,-1,-1,-1,-1,-1,-1,-1,-1,-1,-1,-1,-1,0,0,0,0,0,0,0,0,0,0,0,0,-1,-1,-1,-1,-1,-1,-1,-1,-1,-1,-1,-1,-1,-1,-1,-1,-1,-1,-1,-1,-1,-1,-1,-1,0,0,0,0,0,0,0,0,0,0,0,0,0,0,0,0,0,0,0,0,0,0,0,0,0,139,139,100,0,0,1,0,0,0,0,100,100,100,100,0,0,100,-1,-1,-1,100,0,1,1,-1,0,0,100,0,[0|0|0],-1,0,0,[0|0|0|0|0|0|0|0|0|0]
5301721,,0,0,0,0,1.5,0,-1,-1,-1,-1,-1,0,0,0,0,0,0,0,0,0,100,100,100,100,100,100,100,0,105,0,0,0,0,0,0,0,0,0,0,0,10,0,0,0,0,0,0,0,0,0,0,0,7,2,0,2,12,2,255,0,0,0,0,0,0,0,0,0,1,0,0,1,0,1,0,0,0,0,0,0,0,0,0,0,-1,-1,0,2100,-1,-1,-1,-1,-1,-1,-1,-1,-1,-1,-1,-1,-1,-1,-1,-1,-1,-1,-1,-1,-1,-1,-1,-1,-1,-1,-1,-1,0,0,0,0,0,0,0,0,0,0,0,0,-1,-1,-1,-1,-1,-1,-1,-1,-1,-1,-1,-1,-1,-1,-1,-1,-1,-1,-1,-1,-1,-1,-1,-1,0,0,0,0,0,0,0,0,0,0,0,0,0,0,0,0,0,0,0,0,0,0,0,0,0,139,139,100,0,0,1,0,0,0,0,100,100,100,100,0,0,100,-1,-1,-1,100,0,1,1,-1,0,0,100,0,[0|0|0],-1,0,0,[0|0|0|0|0|0|0|0|0|0]
5301790,Lightning Greatbolt,0,0,0,0,0.3,0,-1,-1,-1,-1,-1,0,0,0,0,0,0,0,0,0,30,30,30,30,30,100,100,0,105,0,0,0,0,0,0,0,0,0,0,0,10,0,0,0,0,0,0,0,0,0,0,0,1,1,0,2,12,2,255,0,0,0,0,0,0,0,0,0,1,0,0,1,0,1,0,0,0,0,0,0,0,0,0,0,-1,-1,0,2100,-1,-1,-1,-1,-1,-1,-1,-1,-1,-1,-1,-1,-1,-1,-1,-1,-1,-1,-1,-1,-1,-1,-1,-1,-1,-1,-1,-1,0,0,0,0,0,0,0,0,0,0,0,0,-1,-1,-1,-1,-1,-1,-1,-1,-1,-1,-1,-1,-1,-1,-1,-1,-1,-1,-1,-1,-1,-1,-1,-1,0,0,0,0,0,0,0,0,0,0,0,0,0,0,0,0,0,0,0,0,0,0,0,0,0,139,139,30,0,0,1,0,0,0,0,100,100,100,100,0,0,100,-1,-1,-1,100,0,1,1,-1,0,0,30,0,[0|0|0],-1,0,0,[0|0|0|0|0|0|0|0|0|0]
5304301,Rabbath's Greatbolt - Bullet,0,0,0,0,1.5,0,-1,-1,-1,-1,-1,0,0,0,0,0,0,0,0,0,100,100,100,100,100,100,100,0,105,0,0,0,0,0,0,0,0,0,0,0,10,0,0,0,0,0,0,0,0,0,0,0,7,2,0,2,10,2,255,0,0,0,0,0,0,0,0,0,1,0,0,1,0,1,0,0,0,0,0,0,0,0,0,0,-1,-1,0,2100,-1,-1,-1,-1,-1,-1,-1,-1,-1,-1,-1,-1,-1,-1,-1,-1,-1,-1,-1,-1,-1,-1,-1,-1,-1,-1,-1,-1,0,0,0,0,0,0,0,0,0,0,0,0,-1,-1,-1,-1,-1,-1,-1,-1,-1,-1,-1,-1,-1,-1,-1,-1,-1,-1,-1,-1,-1,-1,-1,-1,0,0,0,0,0,0,0,0,0,0,0,0,0,0,0,0,0,0,0,0,0,0,0,0,0,139,139,100,0,0,1,0,0,0,0,100,100,100,100,0,0,100,-1,-1,-1,100,0,1,1,-1,0,0,100,0,[0|0|0],-1,0,0,[0|0|0|0|0|0|0|0|0|0]
5304701,Rabbath's Greatbolt - Bullet,0,0,0,0,1.5,0,-1,-1,-1,-1,-1,0,0,0,0,0,0,0,0,0,100,100,100,100,100,100,100,0,105,0,0,0,0,0,0,0,0,0,0,0,10,0,0,0,0,0,0,0,0,0,0,0,7,2,0,2,10,2,255,0,0,0,0,0,0,0,0,0,1,0,0,1,0,1,0,0,0,0,0,0,0,0,0,0,-1,-1,0,2100,-1,-1,-1,-1,-1,-1,-1,-1,-1,-1,-1,-1,-1,-1,-1,-1,-1,-1,-1,-1,-1,-1,-1,-1,-1,-1,-1,-1,0,0,0,0,0,0,0,0,0,0,0,0,-1,-1,-1,-1,-1,-1,-1,-1,-1,-1,-1,-1,-1,-1,-1,-1,-1,-1,-1,-1,-1,-1,-1,-1,0,0,0,0,0,0,0,0,0,0,0,0,0,0,0,0,0,0,0,0,0,0,0,0,0,139,139,100,0,0,1,0,0,0,0,100,100,100,100,0,0,100,-1,-1,-1,100,0,1,1,-1,0,0,100,0,[0|0|0],-1,0,0,[0|0|0|0|0|0|0|0|0|0]
5304721,Rabbath's Greatbolt - Bullet,0,0,0,0,1.5,0,-1,-1,-1,-1,-1,0,0,0,0,0,0,0,0,0,100,100,100,100,100,100,100,0,105,0,0,0,0,0,0,0,0,0,0,0,10,0,0,0,0,0,0,0,0,0,0,0,7,2,0,2,10,2,255,0,0,0,0,0,0,0,0,0,1,0,0,1,0,1,0,0,0,0,0,0,0,0,0,0,-1,-1,0,2100,-1,-1,-1,-1,-1,-1,-1,-1,-1,-1,-1,-1,-1,-1,-1,-1,-1,-1,-1,-1,-1,-1,-1,-1,-1,-1,-1,-1,0,0,0,0,0,0,0,0,0,0,0,0,-1,-1,-1,-1,-1,-1,-1,-1,-1,-1,-1,-1,-1,-1,-1,-1,-1,-1,-1,-1,-1,-1,-1,-1,0,0,0,0,0,0,0,0,0,0,0,0,0,0,0,0,0,0,0,0,0,0,0,0,0,139,139,100,0,0,1,0,0,0,0,100,100,100,100,0,0,100,-1,-1,-1,100,0,1,1,-1,0,0,100,0,[0|0|0],-1,0,0,[0|0|0|0|0|0|0|0|0|0]
6100125,Thrusting Shield - Default Attack,0.37,0.2,0.2,0,2,0.08,6904,-1,-1,1665,-1,122,120,300,-1,130,130,310,-1,0,130,130,130,130,170,400,100,100,122,0,0,0,0,0,0,0,0,0,0,0,10,0,0,0,0,0,2,0,0,0,0,0,2,0,0,2,255,0,255,0,255,0,0,0,0,0,0,0,0,0,0,0,3,1,0,0,0,0,0,0,0,0,0,0,-1,-1,2100,2010,-1,-1,-1,-1,-1,-1,-1,-1,-1,-1,-1,-1,-1,-1,-1,-1,-1,-1,-1,-1,-1,-1,-1,-1,-1,-1,-1,-1,0,0,0,0,0,0,0,0,0,0,0,0,-1,-1,-1,-1,-1,-1,-1,-1,-1,-1,-1,-1,-1,-1,-1,-1,-1,-1,-1,-1,-1,-1,-1,-1,0,0,0,0,0,0,0,0,0,0,0,0,0,0,0,0,0,0,0,0,0,0,0,0,255,139,139,130,0,0,0,0,0,0,0,100,100,100,100,0,0,100,-1,-1,100,130,0,1,1,-1,0,0,200,0,[0|0|0],0,0,0,[0|0|0|0|0|0|0|0|0|0]
6100127,Thrusting Shield - Default Attack,0.2,0.37,0,0,0.85,0.08,6904,-1,-1,1665,-1,100,110,0,-1,110,-1,0,-1,0,130,130,130,130,170,400,100,100,122,0,0,0,0,0,0,0,0,0,0,0,10,0,0,0,0,0,0,0,0,0,0,0,2,0,0,2,255,0,255,0,255,0,0,0,0,0,0,0,0,0,0,0,3,1,0,0,0,0,0,0,0,0,0,0,-1,-1,2100,2010,-1,-1,-1,-1,-1,-1,-1,-1,-1,-1,-1,-1,-1,-1,-1,-1,-1,-1,-1,-1,-1,-1,-1,-1,-1,-1,-1,-1,0,0,0,0,0,0,0,0,0,0,0,0,-1,-1,-1,-1,-1,-1,-1,-1,-1,-1,-1,-1,-1,-1,-1,-1,-1,-1,-1,-1,-1,-1,-1,-1,0,0,0,0,0,0,0,0,0,0,0,0,0,0,0,0,0,0,0,0,0,0,0,0,255,139,139,130,0,0,0,0,0,0,0,100,100,100,100,0,0,100,-1,-1,100,130,0,1,1,-1,0,0,200,0,[0|0|0],0,0,0,[0|0|0|0|0|0|0|0|0|0]
6100325,Thrusting Shield - Default Attack,0.37,0.2,0.2,0,2,0.08,6904,-1,-1,1665,1667,122,120,300,-1,130,130,310,-1,0,135,135,135,135,180,500,100,100,122,120,0,0,0,0,0,0,0,0,0,0,10,0,0,0,0,0,2,0,0,0,0,0,2,0,0,2,255,0,255,0,255,0,0,0,0,0,0,0,0,0,0,0,3,1,0,0,0,0,0,0,0,0,0,0,-1,-1,2100,2010,-1,-1,-1,-1,-1,-1,-1,-1,-1,-1,-1,-1,-1,-1,-1,-1,-1,-1,-1,-1,-1,-1,-1,-1,-1,-1,-1,-1,0,0,0,0,0,0,0,0,0,0,0,0,-1,-1,-1,-1,-1,-1,-1,-1,-1,-1,-1,-1,-1,-1,-1,-1,-1,-1,-1,-1,-1,-1,-1,-1,0,0,0,0,0,0,0,0,0,0,0,0,0,0,0,0,0,0,0,0,0,0,0,0,255,139,139,145,0,0,0,0,0,0,0,100,100,100,100,0,0,100,-1,-1,100,130,0,1,1,-1,0,0,220,0,[0|0|0],0,0,0,[0|0|0|0|0|0|0|0|0|0]
6100327,Thrusting Shield - Default Attack,0.2,0.37,0,0,1.3,0.08,6904,-1,-1,1665,1667,100,110,0,-1,110,-1,0,-1,0,135,135,135,135,180,500,100,100,122,120,0,0,0,0,0,0,0,0,0,0,10,0,0,0,0,0,0,0,0,0,0,0,2,0,0,2,255,0,255,0,255,0,0,0,0,0,0,0,0,0,0,0,3,1,0,0,0,0,0,0,0,0,0,0,-1,-1,2100,2010,-1,-1,-1,-1,-1,-1,-1,-1,-1,-1,-1,-1,-1,-1,-1,-1,-1,-1,-1,-1,-1,-1,-1,-1,-1,-1,-1,-1,0,0,0,0,0,0,0,0,0,0,0,0,-1,-1,-1,-1,-1,-1,-1,-1,-1,-1,-1,-1,-1,-1,-1,-1,-1,-1,-1,-1,-1,-1,-1,-1,0,0,0,0,0,0,0,0,0,0,0,0,0,0,0,0,0,0,0,0,0,0,0,0,255,139,139,145,0,0,0,0,0,0,0,100,100,100,100,0,0,100,-1,-1,100,130,0,1,1,-1,0,0,220,0,[0|0|0],0,0,0,[0|0|0|0|0|0|0|0|0|0]
6100461,Thrusting Shield - Default Attack,0,0,0,0,0,0,-1,-1,-1,-1,-1,-1,-1,-1,-1,-1,-1,-1,-1,0,0,0,0,0,0,100,100,100,0,0,0,0,0,0,0,0,0,0,0,0,0,36,0,0,0,0,0,0,0,0,0,0,0,0,0,3,0,0,255,0,255,0,0,0,0,0,0,0,0,0,0,0,0,1,0,0,0,0,0,0,0,0,0,0,-1,-1,2100,2010,-1,-1,-1,-1,-1,-1,-1,-1,-1,-1,-1,-1,-1,-1,-1,-1,-1,-1,-1,-1,-1,-1,-1,-1,-1,-1,-1,-1,0,0,0,0,0,0,0,0,0,0,0,0,-1,-1,-1,-1,-1,-1,-1,-1,-1,-1,-1,-1,-1,-1,-1,-1,-1,-1,-1,-1,-1,-1,-1,-1,0,0,0,0,0,0,0,0,0,0,0,0,0,0,0,0,0,0,0,0,0,0,0,0,255,139,139,0,0,0,1,0,0,0,0,100,100,100,100,0,0,100,-1,-1,-1,0,0,1,1,-1,0,0,0,0,[0|0|0],0,0,0,[0|0|0|0|0|0|0|0|0|0]
6100471,Thrusting Shield - Default Attack,0,0,0,0,0,0,-1,-1,-1,-1,-1,-1,-1,-1,-1,-1,-1,-1,-1,0,0,0,0,0,0,100,100,100,0,0,0,0,0,0,0,0,0,0,0,0,0,36,0,0,0,0,0,0,0,0,0,0,0,0,0,3,0,0,255,0,255,0,0,0,0,0,0,0,0,0,0,0,0,1,0,0,0,0,0,0,0,0,0,0,-1,-1,2100,2010,-1,-1,-1,-1,-1,-1,-1,-1,-1,-1,-1,-1,-1,-1,-1,-1,-1,-1,-1,-1,-1,-1,-1,-1,-1,-1,-1,-1,0,0,0,0,0,0,0,0,0,0,0,0,-1,-1,-1,-1,-1,-1,-1,-1,-1,-1,-1,-1,-1,-1,-1,-1,-1,-1,-1,-1,-1,-1,-1,-1,0,0,0,0,0,0,0,0,0,0,0,0,0,0,0,0,0,0,0,0,0,0,0,0,255,139,139,0,0,0,1,0,0,0,0,100,100,100,100,0,0,100,-1,-1,-1,0,0,1,1,-1,0,0,0,0,[0|0|0],0,0,0,[0|0|0|0|0|0|0|0|0|0]
6150430,Firespark Perfume Bottle - Bullet,0.4,0,0,0,0.6,0,6902,-1,-1,-1,1667,5,0,-1,-1,930,0,-1,-1,0,103,103,103,103,100,100,100,100,0,0,0,0,0,0,0,0,0,0,0,0,10,0,0,0,0,0,0,0,0,0,0,0,1,0,0,253,255,3,255,0,255,0,0,0,0,0,0,0,0,0,0,0,0,1,0,0,0,0,0,0,0,0,0,0,-1,-1,2100,2010,-1,-1,-1,-1,-1,-1,-1,-1,-1,-1,-1,-1,-1,-1,-1,-1,-1,-1,-1,-1,-1,-1,-1,-1,-1,-1,-1,-1,0,0,0,0,0,0,0,0,0,0,0,0,-1,-1,-1,-1,-1,-1,-1,-1,-1,-1,-1,-1,-1,-1,-1,-1,-1,-1,-1,-1,-1,-1,-1,-1,0,0,0,0,0,0,0,0,0,0,0,0,0,0,0,0,0,0,0,0,0,0,0,0,255,139,139,103,0,0,0,0,0,0,0,100,100,100,100,0,0,100,-1,0,100,105,0,1,1,-1,0,0,100,0,[0|0|0],-1,109,0,[0|0|0|0|0|0|0|0|0|0]
6300000,Hand-to-Hand - Default Attack,0.4,0.2,0,0,1,0.08,6902,-1,-1,1665,-1,1,1,-1,-1,-1,-1,-1,-1,0,100,100,100,100,100,100,100,100,0,0,0,0,0,0,0,0,0,0,0,0,10,0,0,0,0,2,0,0,0,0,0,0,1,0,0,1,255,1,255,0,255,0,0,0,0,0,0,0,0,0,0,0,4,1,0,0,0,0,0,0,0,0,0,0,-1,-1,2100,2010,-1,-1,-1,-1,-1,-1,-1,-1,-1,-1,-1,-1,-1,-1,-1,-1,-1,-1,-1,-1,-1,-1,-1,-1,-1,-1,-1,-1,0,0,0,0,0,0,0,0,0,0,0,0,-1,-1,-1,-1,-1,-1,-1,-1,-1,-1,-1,-1,-1,-1,-1,-1,-1,-1,-1,-1,-1,-1,-1,-1,0,0,0,0,0,0,0,0,0,0,0,0,0,0,0,0,0,0,0,0,0,0,0,0,255,139,139,100,0,0,0,0,0,0,0,100,100,100,100,0,0,100,-1,0,100,100,0,1,1,-1,0,0,100,0,[0|0|0],-1,0,0,[0|0|0|0|0|0|0|0|0|0]
6300010,Hand-to-Hand - Default Attack,0.5,0.2,0,0,1,0.08,6902,-1,-1,1665,-1,830,830,-1,-1,-1,-1,-1,-1,0,101,101,101,101,100,100,100,100,0,0,0,0,0,0,0,0,0,0,0,0,10,0,0,0,0,2,0,0,0,0,0,0,1,0,0,1,255,1,255,0,255,0,0,0,0,0,0,0,0,0,0,0,3,1,0,0,0,0,0,0,0,0,0,0,-1,-1,2100,2010,-1,-1,-1,-1,-1,-1,-1,-1,-1,-1,-1,-1,-1,-1,-1,-1,-1,-1,-1,-1,-1,-1,-1,-1,-1,-1,-1,-1,0,0,0,0,0,0,0,0,0,0,0,0,-1,-1,-1,-1,-1,-1,-1,-1,-1,-1,-1,-1,-1,-1,-1,-1,-1,-1,-1,-1,-1,-1,-1,-1,0,0,0,0,0,0,0,0,0,0,0,0,0,0,0,0,0,0,0,0,0,0,0,0,255,139,139,101,0,0,0,0,0,0,0,100,100,100,100,0,0,100,-1,0,100,100,0,1,1,-1,0,0,100,0,[0|0|0],-1,0,0,[0|0|0|0|0|0|0|0|0|0]
6300020,Hand-to-Hand - Default Attack,0.4,0,0,0,1.15,0.08,6902,-1,-1,1665,-1,6,0,-1,-1,940,0,-1,-1,0,102,102,102,102,150,100,100,100,0,0,0,0,0,0,0,0,0,0,0,0,10,0,0,0,0,0,0,0,0,0,0,0,1,0,0,1,255,1,255,0,255,0,0,0,0,0,0,0,0,0,0,0,3,1,0,0,0,0,0,0,0,0,0,0,-1,-1,2100,2010,-1,-1,-1,-1,-1,-1,-1,-1,-1,-1,-1,-1,-1,-1,-1,-1,-1,-1,-1,-1,-1,-1,-1,-1,-1,-1,-1,-1,0,0,0,0,0,0,0,0,0,0,0,0,-1,-1,-1,-1,-1,-1,-1,-1,-1,-1,-1,-1,-1,-1,-1,-1,-1,-1,-1,-1,-1,-1,-1,-1,0,0,0,0,0,0,0,0,0,0,0,0,0,0,0,0,0,0,0,0,0,0,0,0,255,139,139,102,0,0,0,0,0,0,0,100,100,100,100,0,0,100,-1,0,100,105,0,1,1,-1,0,0,150,0,[0|0|0],-1,127,0,[0|0|0|0|0|0|0|0|0|0]
6300021,Hand-to-Hand - Default Attack,0.4,0,0,0,1.15,0.08,6902,-1,-1,1665,-1,6,0,-1,-1,240,0,-1,-1,0,102,102,102,102,150,100,100,100,0,0,0,0,0,0,0,0,0,0,0,0,10,0,0,0,0,0,0,0,0,0,0,0,1,2,0,1,255,1,255,0,255,0,0,0,0,0,0,0,0,0,0,0,3,1,0,0,0,0,0,0,0,0,0,0,-1,-1,2100,2010,-1,-1,-1,-1,-1,-1,-1,-1,-1,-1,-1,-1,-1,-1,-1,-1,-1,-1,-1,-1,-1,-1,-1,-1,-1,-1,-1,-1,0,0,0,0,0,0,0,0,0,0,0,0,-1,-1,-1,-1,-1,-1,-1,-1,-1,-1,-1,-1,-1,-1,-1,-1,-1,-1,-1,-1,-1,-1,-1,-1,0,0,0,0,0,0,0,0,0,0,0,0,0,0,0,0,0,0,0,0,0,0,0,0,255,139,139,102,0,0,0,0,0,0,0,100,100,100,100,0,0,100,-1,0,100,105,0,1,1,-1,0,0,150,0,[0|0|0],-1,127,0,[0|0|0|0|0|0|0|0|0|0]
6300030,Hand-to-Hand - Default Attack,0.4,0,0,0,1.3,0.08,6902,-1,-1,1665,-1,5,0,-1,-1,930,0,-1,-1,0,103,103,103,103,150,100,100,100,0,0,0,0,0,0,0,0,0,0,0,0,10,0,0,0,0,0,0,0,0,0,0,0,1,0,0,1,255,1,255,0,255,0,0,0,0,0,0,0,0,0,0,0,0,1,0,0,0,0,0,0,0,0,0,0,-1,-1,2100,2010,-1,-1,-1,-1,-1,-1,-1,-1,-1,-1,-1,-1,-1,-1,-1,-1,-1,-1,-1,-1,-1,-1,-1,-1,-1,-1,-1,-1,0,0,0,0,0,0,0,0,0,0,0,0,-1,-1,-1,-1,-1,-1,-1,-1,-1,-1,-1,-1,-1,-1,-1,-1,-1,-1,-1,-1,-1,-1,-1,-1,0,0,0,0,0,0,0,0,0,0,0,0,0,0,0,0,0,0,0,0,0,0,0,0,255,139,139,103,0,0,0,0,0,0,0,100,100,100,100,0,0,100,-1,0,100,105,0,1,1,-1,0,0,150,0,[0|0|0],-1,127,0,[0|0|0|0|0|0|0|0|0|0]
6300031,Hand-to-Hand - Default Attack,0.4,0,0,0,1.3,0.08,6902,-1,-1,1665,-1,5,0,-1,-1,240,0,-1,-1,0,103,103,103,103,150,100,100,100,0,0,0,0,0,0,0,0,0,0,0,0,10,0,0,0,0,0,0,0,0,0,0,0,1,2,0,1,255,1,255,0,255,0,0,0,0,0,0,0,0,0,0,0,0,1,0,0,0,0,0,0,0,0,0,0,-1,-1,2100,2010,-1,-1,-1,-1,-1,-1,-1,-1,-1,-1,-1,-1,-1,-1,-1,-1,-1,-1,-1,-1,-1,-1,-1,-1,-1,-1,-1,-1,0,0,0,0,0,0,0,0,0,0,0,0,-1,-1,-1,-1,-1,-1,-1,-1,-1,-1,-1,-1,-1,-1,-1,-1,-1,-1,-1,-1,-1,-1,-1,-1,0,0,0,0,0,0,0,0,0,0,0,0,0,0,0,0,0,0,0,0,0,0,0,0,255,139,139,103,0,0,0,0,0,0,0,100,100,100,100,0,0,100,-1,0,100,105,0,1,1,-1,0,0,150,0,[0|0|0],-1,127,0,[0|0|0|0|0|0|0|0|0|0]
6300040,Hand-to-Hand - Default Attack,0.4,0.2,0,0,1,0.08,6902,-1,-1,1665,-1,1,1,-1,-1,-1,-1,-1,-1,0,104,104,104,104,100,100,100,100,0,0,0,0,0,0,0,0,0,0,0,0,10,0,0,0,0,2,0,0,0,0,0,0,1,0,0,1,255,1,255,0,255,0,0,0,0,0,0,0,0,0,0,0,3,1,0,0,0,0,0,0,0,0,0,0,-1,-1,2100,2010,-1,-1,-1,-1,-1,-1,-1,-1,-1,-1,-1,-1,-1,-1,-1,-1,-1,-1,-1,-1,-1,-1,-1,-1,-1,-1,-1,-1,0,0,0,0,0,0,0,0,0,0,0,0,-1,-1,-1,-1,-1,-1,-1,-1,-1,-1,-1,-1,-1,-1,-1,-1,-1,-1,-1,-1,-1,-1,-1,-1,0,0,0,0,0,0,0,0,0,0,0,0,0,0,0,0,0,0,0,0,0,0,0,0,255,139,139,104,0,0,0,0,0,0,0,100,100,100,100,0,0,100,-1,0,100,105,0,1,1,-1,0,0,100,0,[0|0|0],-1,0,0,[0|0|0|0|0|0|0|0|0|0]
6300050,Hand-to-Hand - Default Attack,0.4,0,0,0,1.3,0.08,6902,-1,-1,1665,-1,6,0,-1,-1,940,0,-1,-1,0,110,110,110,110,150,100,100,100,104,0,0,0,0,0,0,0,0,0,0,0,10,0,0,0,0,0,0,0,0,0,0,0,1,0,0,1,255,1,255,0,255,0,0,0,0,0,0,0,0,0,0,0,0,1,0,0,0,0,0,0,0,0,0,0,-1,-1,2100,2010,-1,-1,-1,-1,-1,-1,-1,-1,-1,-1,-1,-1,-1,-1,-1,-1,-1,-1,-1,-1,-1,-1,-1,-1,-1,-1,-1,-1,0,0,0,0,0,0,0,0,0,0,0,0,-1,-1,-1,-1,-1,-1,-1,-1,-1,-1,-1,-1,-1,-1,-1,-1,-1,-1,-1,-1,-1,-1,-1,-1,0,0,0,0,0,0,0,0,0,0,0,0,0,0,0,0,0,0,0,0,0,0,0,0,255,139,139,110,0,0,0,0,0,0,0,100,100,100,100,0,0,100,-1,0,100,110,0,1,1,-1,0,0,300,0,[0|0|0],-1,127,0,[0|0|0|0|0|0|0|0|0|0]
6300051,Hand-to-Hand - Default Attack,0.4,0,0,0,1.3,0.08,6902,-1,-1,1665,-1,6,0,-1,-1,240,0,-1,-1,0,110,110,110,110,150,100,100,100,104,0,0,0,0,0,0,0,0,0,0,0,10,0,0,0,0,0,0,0,0,0,0,0,1,2,0,1,255,1,255,0,255,0,0,0,0,0,0,0,0,0,0,0,0,1,0,0,0,0,0,0,0,0,0,0,-1,-1,2100,2010,-1,-1,-1,-1,-1,-1,-1,-1,-1,-1,-1,-1,-1,-1,-1,-1,-1,-1,-1,-1,-1,-1,-1,-1,-1,-1,-1,-1,0,0,0,0,0,0,0,0,0,0,0,0,-1,-1,-1,-1,-1,-1,-1,-1,-1,-1,-1,-1,-1,-1,-1,-1,-1,-1,-1,-1,-1,-1,-1,-1,0,0,0,0,0,0,0,0,0,0,0,0,0,0,0,0,0,0,0,0,0,0,0,0,255,139,139,110,0,0,0,0,0,0,0,100,100,100,100,0,0,100,-1,0,100,110,0,1,1,-1,0,0,300,0,[0|0|0],-1,127,0,[0|0|0|0|0|0|0|0|0|0]
6300060,Hand-to-Hand - Default Bullet,0.4,0.2,0,0,0.3,0.04,6904,-1,-1,-1,1667,2,2,-1,-1,-1,-1,-1,-1,0,94,94,94,94,120,500,100,100,0,0,0,0,0,0,0,0,0,0,0,0,20,0,0,0,0,2,0,0,0,0,0,0,1,0,0,1,255,1,255,0,255,0,0,0,0,0,0,0,0,0,0,0,0,1,0,0,0,0,0,0,0,0,0,0,-1,-1,2100,2010,-1,-1,-1,-1,-1,-1,-1,-1,-1,-1,-1,-1,-1,-1,-1,-1,-1,-1,-1,-1,-1,-1,-1,-1,-1,-1,-1,-1,0,0,0,0,0,0,0,0,0,0,0,0,-1,-1,-1,-1,-1,-1,-1,-1,-1,-1,-1,-1,-1,-1,-1,-1,-1,-1,-1,-1,-1,-1,-1,-1,0,0,0,0,0,0,0,0,0,0,0,0,0,0,0,0,0,0,0,0,0,0,0,0,255,139,139,94,0,0,0,1,0,0,0,65,90,100,100,0,0,100,-1,0,100,130,0,1,1,-1,0,0,120,0,[0|0|0],-1,0,0,[0|0|0|0|0|0|0|0|0|0]
6300061,Hand-to-Hand - Default Bullet,0.4,0.2,0,0,0.3,0.04,6906,-1,-1,-1,1667,2,2,-1,-1,-1,-1,-1,-1,0,115,115,115,115,160,500,100,100,100,0,0,0,0,0,0,0,0,0,0,0,20,0,0,0,0,2,0,0,0,0,0,0,2,0,0,1,255,1,255,0,255,0,0,0,0,0,0,0,0,0,0,0,0,1,0,0,0,0,0,0,0,0,0,0,-1,-1,2100,2010,-1,-1,-1,-1,-1,-1,-1,-1,-1,-1,-1,-1,-1,-1,-1,-1,-1,-1,-1,-1,-1,-1,-1,-1,-1,-1,-1,-1,0,0,0,0,0,0,0,0,0,0,0,0,-1,-1,-1,-1,-1,-1,-1,-1,-1,-1,-1,-1,-1,-1,-1,-1,-1,-1,-1,-1,-1,-1,-1,-1,0,0,0,0,0,0,0,0,0,0,0,0,0,0,0,0,0,0,0,0,0,0,0,0,255,139,139,115,0,0,0,1,0,0,0,65,90,100,100,0,0,100,-1,0,100,150,0,1,1,-1,0,0,330,0,[0|0|0],-1,127,0,[0|0|0|0|0|0|0|0|0|0]
6300062,Hand-to-Hand - Default Bullet,0.4,0,0,0,0.3,0.04,6903,-1,-1,-1,1667,6,0,-1,-1,940,0,-1,-1,0,97,97,97,97,195,500,100,100,122,0,0,0,0,0,0,0,0,0,0,0,10,0,0,0,0,0,0,0,0,0,0,0,2,0,0,1,255,1,255,0,255,0,0,0,0,0,0,0,0,0,0,0,0,1,0,0,0,0,0,0,0,0,0,0,-1,-1,2100,2010,-1,-1,-1,-1,-1,-1,-1,-1,-1,-1,-1,-1,-1,-1,-1,-1,-1,-1,-1,-1,-1,-1,-1,-1,-1,-1,-1,-1,0,0,0,0,0,0,0,0,0,0,0,0,-1,-1,-1,-1,-1,-1,-1,-1,-1,-1,-1,-1,-1,-1,-1,-1,-1,-1,-1,-1,-1,-1,-1,-1,0,0,0,0,0,0,0,0,0,0,0,0,0,0,0,0,0,0,0,0,0,0,0,0,255,139,139,97,0,0,0,1,0,0,0,65,90,100,100,0,0,100,-1,0,100,130,0,1,1,-1,0,0,180,0,[0|0|0],-1,127,0,[0|0|0|0|0|0|0|0|0|0]
6300100,Hand-to-Hand - Default Attack,0.4,0,0,0,1.3,0.08,6904,-1,-1,1665,-1,6,0,-1,-1,940,0,-1,-1,0,120,120,120,120,315,120,100,100,0,0,0,0,0,0,0,0,0,0,0,0,10,0,0,0,0,0,0,0,0,0,0,0,1,0,0,1,255,1,255,0,255,0,0,0,0,0,0,0,0,0,0,0,2,1,0,0,0,0,0,0,0,0,0,0,-1,-1,2100,2010,-1,-1,-1,-1,-1,-1,-1,-1,-1,-1,-1,-1,-1,-1,-1,-1,-1,-1,-1,-1,-1,-1,-1,-1,-1,-1,-1,-1,0,0,0,0,0,0,0,0,0,0,0,0,-1,-1,-1,-1,-1,-1,-1,-1,-1,-1,-1,-1,-1,-1,-1,-1,-1,-1,-1,-1,-1,-1,-1,-1,0,0,0,0,0,0,0,0,0,0,0,0,0,0,0,0,0,0,0,0,0,0,0,0,255,139,139,120,0,0,0,0,0,0,0,100,100,100,100,0,0,100,-1,0,100,130,0,1,1,-1,0,0,300,0,[0|0|0],-1,127,0,[0|0|0|0|0|0|0|0|0|0]
6300101,Hand-to-Hand - Default Attack,0.4,0,0,0,1.3,0.08,6904,-1,-1,1665,-1,6,0,-1,-1,240,0,-1,-1,0,120,120,120,120,315,120,100,100,0,0,0,0,0,0,0,0,0,0,0,0,10,0,0,0,0,0,0,0,0,0,0,0,1,2,0,1,255,1,255,0,255,0,0,0,0,0,0,0,0,0,0,0,2,1,0,0,0,0,0,0,0,0,0,0,-1,-1,2100,2010,-1,-1,-1,-1,-1,-1,-1,-1,-1,-1,-1,-1,-1,-1,-1,-1,-1,-1,-1,-1,-1,-1,-1,-1,-1,-1,-1,-1,0,0,0,0,0,0,0,0,0,0,0,0,-1,-1,-1,-1,-1,-1,-1,-1,-1,-1,-1,-1,-1,-1,-1,-1,-1,-1,-1,-1,-1,-1,-1,-1,0,0,0,0,0,0,0,0,0,0,0,0,0,0,0,0,0,0,0,0,0,0,0,0,255,139,139,120,0,0,0,0,0,0,0,100,100,100,100,0,0,100,-1,0,100,130,0,1,1,-1,0,0,300,0,[0|0|0],-1,127,0,[0|0|0|0|0|0|0|0|0|0]
6300102,Hand-to-Hand - Default Bullet,0.4,0,0,0,0.3,0.08,6904,-1,-1,1665,-1,6,0,-1,-1,240,0,-1,-1,0,105,105,105,105,315,120,100,100,0,0,0,0,0,0,0,0,0,0,0,0,10,0,0,0,0,0,0,0,0,0,0,0,1,2,0,1,255,1,255,0,255,0,0,0,0,0,0,0,0,0,0,0,2,1,0,0,0,0,0,0,0,0,0,0,-1,-1,2100,2010,-1,-1,-1,-1,-1,-1,-1,-1,-1,-1,-1,-1,-1,-1,-1,-1,-1,-1,-1,-1,-1,-1,-1,-1,-1,-1,-1,-1,0,0,0,0,0,0,0,0,0,0,0,0,-1,-1,-1,-1,-1,-1,-1,-1,-1,-1,-1,-1,-1,-1,-1,-1,-1,-1,-1,-1,-1,-1,-1,-1,0,0,0,0,0,0,0,0,0,0,0,0,0,0,0,0,0,0,0,0,0,0,0,0,255,139,139,105,0,0,0,0,0,0,0,100,100,100,100,0,0,100,-1,0,100,130,0,1,1,-1,0,0,300,0,[0|0|0],-1,127,0,[0|0|0|0|0|0|0|0|0|0]
6300105,Hand-to-Hand - Default Attack,0.4,0,0,0,1.5,0.08,6906,-1,-1,1665,-1,6,0,-1,-1,940,0,-1,-1,0,150,150,150,150,200,400,100,100,100,0,0,0,0,0,0,0,0,0,0,0,10,0,0,0,0,0,0,0,0,0,0,0,2,0,0,1,255,1,255,0,255,0,0,0,0,0,0,0,0,0,0,0,2,1,0,0,0,0,0,0,0,0,0,0,-1,-1,2100,2010,-1,-1,-1,-1,-1,-1,-1,-1,-1,-1,-1,-1,-1,-1,-1,-1,-1,-1,-1,-1,-1,-1,-1,-1,-1,-1,-1,-1,0,0,0,0,0,0,0,0,0,0,0,0,-1,-1,-1,-1,-1,-1,-1,-1,-1,-1,-1,-1,-1,-1,-1,-1,-1,-1,-1,-1,-1,-1,-1,-1,0,0,0,0,0,0,0,0,0,0,0,0,0,0,0,0,0,0,0,0,0,0,0,0,255,139,139,150,0,0,0,0,0,0,0,100,100,100,100,0,0,100,-1,0,100,150,0,1,1,-1,0,0,700,0,[0|0|0],-1,127,0,[0|0|0|0|0|0|0|0|0|0]
6300106,Hand-to-Hand - Default Attack,0.4,0,0,0,1.5,0.08,6906,-1,-1,1665,-1,6,0,-1,-1,240,0,-1,-1,0,150,150,150,150,200,400,100,100,100,0,0,0,0,0,0,0,0,0,0,0,10,0,0,0,0,0,0,0,0,0,0,0,2,2,0,1,255,1,255,0,255,0,0,0,0,0,0,0,0,0,0,0,2,1,0,0,0,0,0,0,0,0,0,0,-1,-1,2100,2010,-1,-1,-1,-1,-1,-1,-1,-1,-1,-1,-1,-1,-1,-1,-1,-1,-1,-1,-1,-1,-1,-1,-1,-1,-1,-1,-1,-1,0,0,0,0,0,0,0,0,0,0,0,0,-1,-1,-1,-1,-1,-1,-1,-1,-1,-1,-1,-1,-1,-1,-1,-1,-1,-1,-1,-1,-1,-1,-1,-1,0,0,0,0,0,0,0,0,0,0,0,0,0,0,0,0,0,0,0,0,0,0,0,0,255,139,139,150,0,0,0,0,0,0,0,100,100,100,100,0,0,100,-1,0,100,150,0,1,1,-1,0,0,700,0,[0|0|0],-1,127,0,[0|0|0|0|0|0|0|0|0|0]
6300107,Hand-to-Hand - Default Bullet,0.4,0,0,0,0.3,0.08,6906,-1,-1,1665,-1,6,0,-1,-1,240,0,-1,-1,0,135,135,135,135,200,400,100,100,100,0,0,0,0,0,0,0,0,0,0,0,10,0,0,0,0,0,0,0,0,0,0,0,2,2,0,1,255,1,255,0,255,0,0,0,0,0,0,0,0,0,0,0,2,1,0,0,0,0,0,0,0,0,0,0,-1,-1,2100,2010,-1,-1,-1,-1,-1,-1,-1,-1,-1,-1,-1,-1,-1,-1,-1,-1,-1,-1,-1,-1,-1,-1,-1,-1,-1,-1,-1,-1,0,0,0,0,0,0,0,0,0,0,0,0,-1,-1,-1,-1,-1,-1,-1,-1,-1,-1,-1,-1,-1,-1,-1,-1,-1,-1,-1,-1,-1,-1,-1,-1,0,0,0,0,0,0,0,0,0,0,0,0,0,0,0,0,0,0,0,0,0,0,0,0,255,139,139,135,0,0,0,0,0,0,0,100,100,100,100,0,0,100,-1,0,100,150,0,1,1,-1,0,0,700,0,[0|0|0],-1,127,0,[0|0|0|0|0|0|0|0|0|0]
6300110,Hand-to-Hand - Default Attack,0.4,0.2,0,0,1.4,0.08,6904,-1,-1,1665,-1,1,1,-1,-1,-1,-1,-1,-1,0,120,120,120,120,140,120,100,100,0,0,0,0,0,0,0,0,0,0,0,0,10,0,0,0,0,2,0,0,0,0,0,0,1,0,0,1,255,1,255,0,255,0,0,0,0,0,0,0,0,0,0,0,0,1,0,0,0,0,0,0,0,0,0,0,-1,-1,2100,2010,-1,-1,-1,-1,-1,-1,-1,-1,-1,-1,-1,-1,-1,-1,-1,-1,-1,-1,-1,-1,-1,-1,-1,-1,-1,-1,-1,-1,0,0,0,0,0,0,0,0,0,0,0,0,-1,-1,-1,-1,-1,-1,-1,-1,-1,-1,-1,-1,-1,-1,-1,-1,-1,-1,-1,-1,-1,-1,-1,-1,0,0,0,0,0,0,0,0,0,0,0,0,0,0,0,0,0,0,0,0,0,0,0,0,255,139,139,120,0,0,0,0,0,0,0,100,100,100,100,0,0,100,-1,0,100,130,0,1,1,-1,0,0,200,0,[0|0|0],-1,0,0,[0|0|0|0|0|0|0|0|0|0]
6300112,Hand-to-Hand - Default Bullet,0.4,0.2,0,0,0.3,0.08,6904,-1,-1,1665,-1,1,1,-1,-1,-1,-1,-1,-1,0,105,105,105,105,140,120,100,100,0,0,0,0,0,0,0,0,0,0,0,0,10,0,0,0,0,2,0,0,0,0,0,0,1,0,0,1,255,1,255,0,255,0,0,0,0,0,0,0,0,0,0,0,0,1,0,0,0,0,0,0,0,0,0,0,-1,-1,2100,2010,-1,-1,-1,-1,-1,-1,-1,-1,-1,-1,-1,-1,-1,-1,-1,-1,-1,-1,-1,-1,-1,-1,-1,-1,-1,-1,-1,-1,0,0,0,0,0,0,0,0,0,0,0,0,-1,-1,-1,-1,-1,-1,-1,-1,-1,-1,-1,-1,-1,-1,-1,-1,-1,-1,-1,-1,-1,-1,-1,-1,0,0,0,0,0,0,0,0,0,0,0,0,0,0,0,0,0,0,0,0,0,0,0,0,255,139,139,105,0,0,0,0,0,0,0,100,100,100,100,0,0,100,-1,0,100,130,0,1,1,-1,0,0,200,0,[0|0|0],-1,0,0,[0|0|0|0|0|0|0|0|0|0]
6300115,Hand-to-Hand - Default Attack,0.4,0.2,0,0,1.5,0.08,6906,-1,-1,1665,-1,1,1,-1,-1,-1,-1,-1,-1,0,150,150,150,150,200,400,100,100,100,0,0,0,0,0,0,0,0,0,0,0,10,0,0,0,0,2,0,0,0,0,0,0,2,0,0,1,255,1,255,0,255,0,0,0,0,0,0,0,0,0,0,0,0,1,0,0,0,0,0,0,0,0,0,0,-1,-1,2100,2010,-1,-1,-1,-1,-1,-1,-1,-1,-1,-1,-1,-1,-1,-1,-1,-1,-1,-1,-1,-1,-1,-1,-1,-1,-1,-1,-1,-1,0,0,0,0,0,0,0,0,0,0,0,0,-1,-1,-1,-1,-1,-1,-1,-1,-1,-1,-1,-1,-1,-1,-1,-1,-1,-1,-1,-1,-1,-1,-1,-1,0,0,0,0,0,0,0,0,0,0,0,0,0,0,0,0,0,0,0,0,0,0,0,0,255,139,139,150,0,0,0,0,0,0,0,100,100,100,100,0,0,100,-1,0,100,150,0,1,1,-1,0,0,600,0,[0|0|0],-1,0,0,[0|0|0|0|0|0|0|0|0|0]
6300117,Hand-to-Hand - Default Bullet,0.4,0.2,0,0,0.3,0.08,6906,-1,-1,1665,-1,1,1,-1,-1,-1,-1,-1,-1,0,135,135,135,135,200,400,100,100,100,0,0,0,0,0,0,0,0,0,0,0,10,0,0,0,0,2,0,0,0,0,0,0,2,0,0,1,255,1,255,0,255,0,0,0,0,0,0,0,0,0,0,0,0,1,0,0,0,0,0,0,0,0,0,0,-1,-1,2100,2010,-1,-1,-1,-1,-1,-1,-1,-1,-1,-1,-1,-1,-1,-1,-1,-1,-1,-1,-1,-1,-1,-1,-1,-1,-1,-1,-1,-1,0,0,0,0,0,0,0,0,0,0,0,0,-1,-1,-1,-1,-1,-1,-1,-1,-1,-1,-1,-1,-1,-1,-1,-1,-1,-1,-1,-1,-1,-1,-1,-1,0,0,0,0,0,0,0,0,0,0,0,0,0,0,0,0,0,0,0,0,0,0,0,0,255,139,139,135,0,0,0,0,0,0,0,100,100,100,100,0,0,100,-1,0,100,150,0,1,1,-1,0,0,600,0,[0|0|0],-1,0,0,[0|0|0|0|0|0|0|0|0|0]
6300120,Hand-to-Hand - Default Attack,0.5,0.2,0,0,1.3,0.08,6903,-1,-1,1665,-1,1,1,-1,-1,-1,-1,-1,-1,0,105,105,105,105,120,120,100,100,122,0,0,0,0,0,0,0,0,0,0,0,10,0,0,0,0,2,0,0,0,0,0,0,1,0,0,1,255,1,255,0,255,0,0,0,0,0,0,0,0,0,0,0,0,1,0,0,0,0,0,0,0,0,0,0,-1,-1,2100,2010,-1,-1,-1,-1,-1,-1,-1,-1,-1,-1,-1,-1,-1,-1,-1,-1,-1,-1,-1,-1,-1,-1,-1,-1,-1,-1,-1,-1,0,0,0,0,0,0,0,0,0,0,0,0,-1,-1,-1,-1,-1,-1,-1,-1,-1,-1,-1,-1,-1,-1,-1,-1,-1,-1,-1,-1,-1,-1,-1,-1,0,0,0,0,0,0,0,0,0,0,0,0,0,0,0,0,0,0,0,0,0,0,0,0,255,139,139,105,0,0,0,0,0,0,0,100,100,100,100,0,0,100,-1,0,100,110,0,1,1,-1,0,0,100,0,[0|0|0],-1,0,0,[0|0|0|0|0|0|0|0|0|0]
6300125,Hand-to-Hand - Default Attack,0.5,0,0,0,1.95,0.08,6903,-1,-1,1665,-1,5,0,-1,-1,930,0,-1,-1,0,120,120,120,120,225,400,100,100,122,0,0,0,0,0,0,0,0,0,0,0,10,0,0,0,0,0,0,0,0,0,0,0,2,0,0,1,255,1,255,0,255,0,0,0,0,0,0,0,0,0,0,0,0,1,0,0,0,0,0,0,0,0,0,0,-1,-1,2100,2010,-1,-1,-1,-1,-1,-1,-1,-1,-1,-1,-1,-1,-1,-1,-1,-1,-1,-1,-1,-1,-1,-1,-1,-1,-1,-1,-1,-1,0,0,0,0,0,0,0,0,0,0,0,0,-1,-1,-1,-1,-1,-1,-1,-1,-1,-1,-1,-1,-1,-1,-1,-1,-1,-1,-1,-1,-1,-1,-1,-1,0,0,0,0,0,0,0,0,0,0,0,0,0,0,0,0,0,0,0,0,0,0,0,0,255,139,139,120,0,0,0,0,0,0,0,100,100,100,100,0,0,100,-1,0,100,130,0,1,1,-1,0,0,300,0,[0|0|0],-1,127,0,[0|0|0|0|0|0|0|0|0|0]
6300126,Hand-to-Hand - Default Attack,0.4,0,0,0,1.95,0.08,6903,-1,-1,1665,-1,5,0,-1,-1,240,0,-1,-1,0,120,120,120,120,225,400,100,100,122,0,0,0,0,0,0,0,0,0,0,0,10,0,0,0,0,0,0,0,0,0,0,0,2,2,0,1,255,1,255,0,255,0,0,0,0,0,0,0,0,0,0,0,0,1,0,0,0,0,0,0,0,0,0,0,-1,-1,2100,2010,-1,-1,-1,-1,-1,-1,-1,-1,-1,-1,-1,-1,-1,-1,-1,-1,-1,-1,-1,-1,-1,-1,-1,-1,-1,-1,-1,-1,0,0,0,0,0,0,0,0,0,0,0,0,-1,-1,-1,-1,-1,-1,-1,-1,-1,-1,-1,-1,-1,-1,-1,-1,-1,-1,-1,-1,-1,-1,-1,-1,0,0,0,0,0,0,0,0,0,0,0,0,0,0,0,0,0,0,0,0,0,0,0,0,255,139,139,120,0,0,0,0,0,0,0,100,100,100,100,0,0,100,-1,0,100,130,0,1,1,-1,0,0,300,0,[0|0|0],-1,127,0,[0|0|0|0|0|0|0|0|0|0]
6300128,Hand-to-Hand - Default Bullet,0.4,0,0,0,0.3,0.08,6903,-1,-1,1665,-1,5,0,-1,-1,240,0,-1,-1,0,105,105,105,105,225,400,100,100,122,0,0,0,0,0,0,0,0,0,0,0,10,0,0,0,0,0,0,0,0,0,0,0,2,2,0,1,255,1,255,0,255,0,0,0,0,0,0,0,0,0,0,0,0,1,0,0,0,0,0,0,0,0,0,0,-1,-1,2100,2010,-1,-1,-1,-1,-1,-1,-1,-1,-1,-1,-1,-1,-1,-1,-1,-1,-1,-1,-1,-1,-1,-1,-1,-1,-1,-1,-1,-1,0,0,0,0,0,0,0,0,0,0,0,0,-1,-1,-1,-1,-1,-1,-1,-1,-1,-1,-1,-1,-1,-1,-1,-1,-1,-1,-1,-1,-1,-1,-1,-1,0,0,0,0,0,0,0,0,0,0,0,0,0,0,0,0,0,0,0,0,0,0,0,0,255,139,139,105,0,0,0,0,0,0,0,100,100,100,100,0,0,100,-1,0,100,130,0,1,1,-1,0,0,300,0,[0|0|0],-1,127,0,[0|0|0|0|0|0|0|0|0|0]
6300130,Hand-to-Hand - Default Attack,0.5,0,0,0,1.2,0.08,6903,-1,-1,1665,-1,5,0,-1,-1,930,0,-1,-1,0,90,90,90,90,110,200,100,100,121,0,0,0,0,0,0,0,0,0,0,0,10,0,0,0,0,0,0,0,0,0,0,0,1,0,0,1,255,1,255,0,255,0,0,0,0,0,0,0,0,0,0,0,1,1,0,0,0,0,0,0,0,0,0,0,-1,-1,2100,2010,-1,-1,-1,-1,-1,-1,-1,-1,-1,-1,-1,-1,-1,-1,-1,-1,-1,-1,-1,-1,-1,-1,-1,-1,-1,-1,-1,-1,0,0,0,0,0,0,0,0,0,0,0,0,-1,-1,-1,-1,-1,-1,-1,-1,-1,-1,-1,-1,-1,-1,-1,-1,-1,-1,-1,-1,-1,-1,-1,-1,0,0,0,0,0,0,0,0,0,0,0,0,0,0,0,0,0,0,0,0,0,0,0,0,255,139,139,90,0,0,0,0,0,0,0,100,100,100,100,0,0,100,-1,0,100,90,0,1,1,-1,0,0,100,0,[0|0|0],-1,127,0,[0|0|0|0|0|0|0|0|0|0]
6300131,Hand-to-Hand - Default Attack,0.4,0,0,0,1.2,0.08,6903,-1,-1,1665,-1,5,0,-1,-1,240,0,-1,-1,0,90,90,90,90,110,200,100,100,121,0,0,0,0,0,0,0,0,0,0,0,10,0,0,0,0,0,0,0,0,0,0,0,1,2,0,1,255,1,255,0,255,0,0,0,0,0,0,0,0,0,0,0,1,1,0,0,0,0,0,0,0,0,0,0,-1,-1,2100,2010,-1,-1,-1,-1,-1,-1,-1,-1,-1,-1,-1,-1,-1,-1,-1,-1,-1,-1,-1,-1,-1,-1,-1,-1,-1,-1,-1,-1,0,0,0,0,0,0,0,0,0,0,0,0,-1,-1,-1,-1,-1,-1,-1,-1,-1,-1,-1,-1,-1,-1,-1,-1,-1,-1,-1,-1,-1,-1,-1,-1,0,0,0,0,0,0,0,0,0,0,0,0,0,0,0,0,0,0,0,0,0,0,0,0,255,139,139,90,0,0,0,0,0,0,0,100,100,100,100,0,0,100,-1,0,100,90,0,1,1,-1,0,0,100,0,[0|0|0],-1,127,0,[0|0|0|0|0|0|0|0|0|0]
6300140,Hand-to-Hand - Default Attack,0.55,0,0,0,1.4,0.08,6903,-1,-1,1665,-1,5,0,-1,-1,930,0,-1,-1,0,90,90,90,90,165,200,100,100,121,0,0,0,0,0,0,0,0,0,0,0,10,0,0,0,0,0,0,0,0,0,0,0,1,0,0,1,255,1,255,0,255,0,0,0,0,0,0,0,0,0,0,0,3,1,0,0,0,0,0,0,0,0,0,0,-1,-1,2100,2010,-1,-1,-1,-1,-1,-1,-1,-1,-1,-1,-1,-1,-1,-1,-1,-1,-1,-1,-1,-1,-1,-1,-1,-1,-1,-1,-1,-1,0,0,0,0,0,0,0,0,0,0,0,0,-1,-1,-1,-1,-1,-1,-1,-1,-1,-1,-1,-1,-1,-1,-1,-1,-1,-1,-1,-1,-1,-1,-1,-1,0,0,0,0,0,0,0,0,0,0,0,0,0,0,0,0,0,0,0,0,0,0,0,0,255,139,139,90,0,0,0,0,0,0,0,100,100,100,100,0,0,100,-1,0,100,90,0,1,1,-1,0,0,150,0,[0|0|0],-1,127,0,[0|0|0|0|0|0|0|0|0|0]
6300141,Hand-to-Hand - Default Attack,0.4,0,0,0,1.4,0.08,6903,-1,-1,1665,-1,5,0,-1,-1,240,0,-1,-1,0,90,90,90,90,165,200,100,100,121,0,0,0,0,0,0,0,0,0,0,0,10,0,0,0,0,0,0,0,0,0,0,0,1,2,0,1,255,1,255,0,255,0,0,0,0,0,0,0,0,0,0,0,3,1,0,0,0,0,0,0,0,0,0,0,-1,-1,2100,2010,-1,-1,-1,-1,-1,-1,-1,-1,-1,-1,-1,-1,-1,-1,-1,-1,-1,-1,-1,-1,-1,-1,-1,-1,-1,-1,-1,-1,0,0,0,0,0,0,0,0,0,0,0,0,-1,-1,-1,-1,-1,-1,-1,-1,-1,-1,-1,-1,-1,-1,-1,-1,-1,-1,-1,-1,-1,-1,-1,-1,0,0,0,0,0,0,0,0,0,0,0,0,0,0,0,0,0,0,0,0,0,0,0,0,255,139,139,90,0,0,0,0,0,0,0,100,100,100,100,0,0,100,-1,0,100,90,0,1,1,-1,0,0,150,0,[0|0|0],-1,127,0,[0|0|0|0|0|0|0|0|0|0]
6300150,Hand-to-Hand - Default Attack,0.5,0.2,0,0,0.85,0.08,6903,-1,-1,1665,-1,1,1,-1,-1,-1,-1,-1,-1,0,107,107,107,107,100,9900,100,100,102,0,0,0,0,0,0,0,0,0,0,0,10,0,0,0,0,2,0,0,0,0,0,0,1,0,0,1,255,1,255,0,255,0,0,0,0,0,0,0,0,0,0,0,1,1,0,0,0,0,0,0,0,0,0,0,-1,-1,2100,2010,-1,-1,-1,-1,-1,-1,-1,-1,-1,-1,-1,-1,-1,-1,-1,-1,-1,-1,-1,-1,-1,-1,-1,-1,-1,-1,-1,-1,0,0,0,0,0,0,0,0,0,0,0,0,-1,-1,-1,-1,-1,-1,-1,-1,-1,-1,-1,-1,-1,-1,-1,-1,-1,-1,-1,-1,-1,-1,-1,-1,0,0,0,0,0,0,0,0,0,0,0,0,0,0,0,0,0,0,0,0,0,0,0,0,255,139,139,107,0,0,0,0,0,0,0,100,100,100,100,0,0,100,-1,0,100,130,0,1,1,-1,0,0,150,0,[0|0|0],-1,0,0,[0|0|0|0|0|0|0|0|0|0]
6300160,Hand-to-Hand - Default Attack,0.5,0,0,0,0.9,0.08,6904,-1,-1,1665,-1,5,0,-1,-1,930,0,-1,-1,0,122,122,122,122,200,9900,100,100,102,0,0,0,0,0,0,0,0,0,0,0,10,0,0,0,0,0,0,0,0,0,0,0,2,0,0,1,255,1,255,0,255,0,0,0,0,0,0,0,0,0,0,0,1,1,0,0,0,0,0,0,0,0,0,0,-1,-1,2100,2010,-1,-1,-1,-1,-1,-1,-1,-1,-1,-1,-1,-1,-1,-1,-1,-1,-1,-1,-1,-1,-1,-1,-1,-1,-1,-1,-1,-1,0,0,0,0,0,0,0,0,0,0,0,0,-1,-1,-1,-1,-1,-1,-1,-1,-1,-1,-1,-1,-1,-1,-1,-1,-1,-1,-1,-1,-1,-1,-1,-1,0,0,0,0,0,0,0,0,0,0,0,0,0,0,0,0,0,0,0,0,0,0,0,0,255,139,139,122,0,0,0,0,0,0,0,100,100,100,100,0,0,100,-1,0,100,140,0,1,1,-1,0,0,400,0,[0|0|0],-1,127,0,[0|0|0|0|0|0|0|0|0|0]
6300162,Hand-to-Hand - Default Bullet,0.5,0,0,0,0.3,0.08,6904,-1,-1,1665,-1,5,0,-1,-1,930,0,-1,-1,0,106,106,106,106,200,9900,100,100,102,0,0,0,0,0,0,0,0,0,0,0,10,0,0,0,0,0,0,0,0,0,0,0,2,0,0,1,255,1,255,0,255,0,0,0,0,0,0,0,0,0,0,0,1,1,0,0,0,0,0,0,0,0,0,0,-1,-1,2100,2010,-1,-1,-1,-1,-1,-1,-1,-1,-1,-1,-1,-1,-1,-1,-1,-1,-1,-1,-1,-1,-1,-1,-1,-1,-1,-1,-1,-1,0,0,0,0,0,0,0,0,0,0,0,0,-1,-1,-1,-1,-1,-1,-1,-1,-1,-1,-1,-1,-1,-1,-1,-1,-1,-1,-1,-1,-1,-1,-1,-1,0,0,0,0,0,0,0,0,0,0,0,0,0,0,0,0,0,0,0,0,0,0,0,0,255,139,139,106,0,0,0,0,0,0,0,100,100,100,100,0,0,100,-1,0,100,140,0,1,1,-1,0,0,400,0,[0|0|0],-1,127,0,[0|0|0|0|0|0|0|0|0|0]
6300180,Hand-to-Hand - Default Attack,0.5,0,0,0,1.35,0.08,-1,-1,-1,1665,-1,5,0,-1,-1,930,0,-1,-1,0,130,130,130,130,300,9900,100,60000,103,0,0,0,0,0,0,0,0,0,0,0,10,0,0,0,0,0,0,0,0,0,0,0,2,0,0,1,255,1,255,0,255,0,0,0,0,0,0,0,0,0,0,0,0,1,0,0,0,0,0,0,0,0,0,0,-1,-1,2100,2010,-1,-1,-1,-1,-1,-1,-1,-1,-1,-1,-1,-1,-1,-1,-1,-1,-1,-1,-1,-1,-1,-1,-1,-1,-1,-1,-1,-1,0,0,0,0,0,0,0,0,0,0,0,0,-1,-1,-1,-1,-1,-1,-1,-1,-1,-1,-1,-1,-1,-1,-1,-1,-1,-1,-1,-1,-1,-1,-1,-1,0,0,0,0,0,0,0,0,0,0,0,0,0,0,0,0,0,0,0,0,0,0,0,0,255,139,139,130,0,0,0,0,0,0,0,100,100,100,100,0,0,100,-1,0,100,100,0,1,1,-1,0,0,700,0,[0|0|0],-1,127,0,[0|0|0|0|0|0|0|0|0|0]
6300181,Hand-to-Hand - Default Attack,0.4,0,0,0,1.35,0.08,-1,-1,-1,1665,-1,5,0,-1,-1,240,0,-1,-1,0,130,130,130,130,300,9900,100,60000,103,0,0,0,0,0,0,0,0,0,0,0,10,0,0,0,0,0,0,0,0,0,0,0,2,2,0,1,255,1,255,0,255,0,0,0,0,0,0,0,0,0,0,0,0,1,0,0,0,0,0,0,0,0,0,0,-1,-1,2100,2010,-1,-1,-1,-1,-1,-1,-1,-1,-1,-1,-1,-1,-1,-1,-1,-1,-1,-1,-1,-1,-1,-1,-1,-1,-1,-1,-1,-1,0,0,0,0,0,0,0,0,0,0,0,0,-1,-1,-1,-1,-1,-1,-1,-1,-1,-1,-1,-1,-1,-1,-1,-1,-1,-1,-1,-1,-1,-1,-1,-1,0,0,0,0,0,0,0,0,0,0,0,0,0,0,0,0,0,0,0,0,0,0,0,0,255,139,139,130,0,0,0,0,0,0,0,100,100,100,100,0,0,100,-1,0,100,100,0,1,1,-1,0,0,700,0,[0|0|0],-1,127,0,[0|0|0|0|0|0|0|0|0|0]
6300182,Hand-to-Hand - Default Bullet,0.4,0,0,0,0.3,0.08,-1,-1,-1,1665,-1,5,0,-1,-1,240,0,-1,-1,0,115,115,115,115,300,9900,100,60000,103,0,0,0,0,0,0,0,0,0,0,0,10,0,0,0,0,0,0,0,0,0,0,0,2,2,0,1,255,1,255,0,255,0,0,0,0,0,0,0,0,0,0,0,0,1,0,0,0,0,0,0,0,0,0,0,-1,-1,2100,2010,-1,-1,-1,-1,-1,-1,-1,-1,-1,-1,-1,-1,-1,-1,-1,-1,-1,-1,-1,-1,-1,-1,-1,-1,-1,-1,-1,-1,0,0,0,0,0,0,0,0,0,0,0,0,-1,-1,-1,-1,-1,-1,-1,-1,-1,-1,-1,-1,-1,-1,-1,-1,-1,-1,-1,-1,-1,-1,-1,-1,0,0,0,0,0,0,0,0,0,0,0,0,0,0,0,0,0,0,0,0,0,0,0,0,255,139,139,115,0,0,0,0,0,0,0,100,100,100,100,0,0,100,-1,0,100,100,0,1,1,-1,0,0,700,0,[0|0|0],-1,127,0,[0|0|0|0|0|0|0|0|0|0]
6300200,Hand-to-Hand - Default Attack,0.4,0.2,0,0,1,0.04,6902,-1,-1,1665,1667,1,1,-1,-1,-1,-1,-1,-1,0,92,92,92,92,90,500,100,100,0,0,0,0,0,0,0,0,0,0,0,0,10,0,0,0,0,2,0,0,0,0,0,0,1,0,0,1,255,1,255,0,255,0,0,0,0,0,0,0,0,0,0,0,4,1,0,0,0,0,0,0,0,0,0,0,-1,-1,2100,2010,-1,-1,-1,-1,-1,-1,-1,-1,-1,-1,-1,-1,-1,-1,-1,-1,-1,-1,-1,-1,-1,-1,-1,-1,-1,-1,-1,-1,0,0,0,0,0,0,0,0,0,0,0,0,-1,-1,-1,-1,-1,-1,-1,-1,-1,-1,-1,-1,-1,-1,-1,-1,-1,-1,-1,-1,-1,-1,-1,-1,0,0,0,0,0,0,0,0,0,0,0,0,0,0,0,0,0,0,0,0,0,0,0,0,255,139,139,92,0,0,0,1,0,0,0,65,90,100,100,0,0,100,-1,0,100,100,0,1,1,-1,0,0,60,0,[0|0|0],-1,0,0,[0|0|0|0|0|0|0|0|0|0]
6300203,Hand-to-Hand - Default Attack,0.5,0.2,0,0,0.5,0.04,6902,-1,-1,-1,1667,2,2,-1,-1,-1,-1,-1,-1,0,92,92,92,92,90,500,100,100,0,0,0,0,0,0,0,0,0,0,0,0,10,0,0,0,0,2,0,0,0,0,0,0,1,0,0,1,255,1,255,0,255,0,0,0,0,0,0,0,0,0,0,0,3,1,0,0,0,0,0,0,0,9,0,0,-1,-1,2100,2010,-1,-1,-1,-1,-1,-1,-1,-1,-1,-1,-1,-1,-1,-1,-1,-1,-1,-1,-1,-1,-1,-1,-1,-1,-1,-1,-1,-1,0,0,0,0,0,0,0,0,0,0,0,0,-1,-1,-1,-1,-1,-1,-1,-1,-1,-1,-1,-1,-1,-1,-1,-1,-1,-1,-1,-1,-1,-1,-1,-1,0,0,0,0,0,0,0,0,0,0,0,0,0,0,0,0,0,0,0,0,0,0,0,0,255,139,139,92,0,0,0,1,0,0,0,65,90,100,100,0,0,100,-1,0,100,100,0,1,1,-1,0,0,60,0,[0|0|0],-1,0,0,[0|0|0|0|0|0|0|0|0|0]
6300210,Hand-to-Hand - Default Attack,0.5,0,0,0,0.5,0.04,6902,-1,-1,1665,-1,5,0,-1,-1,930,0,-1,-1,0,94,94,94,94,135,500,100,100,0,0,0,0,0,0,0,0,0,0,0,0,10,0,0,0,0,0,0,0,0,0,0,0,1,0,0,1,255,1,255,0,255,0,0,0,0,0,0,0,0,0,0,0,4,1,0,0,0,0,0,0,0,9,0,0,-1,-1,2100,2010,-1,-1,-1,-1,-1,-1,-1,-1,-1,-1,-1,-1,-1,-1,-1,-1,-1,-1,-1,-1,-1,-1,-1,-1,-1,-1,-1,-1,0,0,0,0,0,0,0,0,0,0,0,0,-1,-1,-1,-1,-1,-1,-1,-1,-1,-1,-1,-1,-1,-1,-1,-1,-1,-1,-1,-1,-1,-1,-1,-1,0,0,0,0,0,0,0,0,0,0,0,0,0,0,0,0,0,0,0,0,0,0,0,0,255,139,139,94,0,0,0,1,0,0,0,65,90,100,100,0,0,100,-1,0,100,100,0,1,1,-1,0,0,90,0,[0|0|0],-1,127,0,[0|0|0|0|0|0|0|0|0|0]
6300211,Hand-to-Hand - Default Attack,0.4,0,0,0,0.5,0.04,6902,-1,-1,1665,-1,5,0,-1,-1,240,0,-1,-1,0,94,94,94,94,135,500,100,100,0,0,0,0,0,0,0,0,0,0,0,0,10,0,0,0,0,0,0,0,0,0,0,0,1,2,0,1,255,1,255,0,255,0,0,0,0,0,0,0,0,0,0,0,4,1,0,0,0,0,0,0,0,9,0,0,-1,-1,2100,2010,-1,-1,-1,-1,-1,-1,-1,-1,-1,-1,-1,-1,-1,-1,-1,-1,-1,-1,-1,-1,-1,-1,-1,-1,-1,-1,-1,-1,0,0,0,0,0,0,0,0,0,0,0,0,-1,-1,-1,-1,-1,-1,-1,-1,-1,-1,-1,-1,-1,-1,-1,-1,-1,-1,-1,-1,-1,-1,-1,-1,0,0,0,0,0,0,0,0,0,0,0,0,0,0,0,0,0,0,0,0,0,0,0,0,255,139,139,94,0,0,0,1,0,0,0,65,90,100,100,0,0,100,-1,0,100,100,0,1,1,-1,0,0,90,0,[0|0|0],-1,127,0,[0|0|0|0|0|0|0|0|0|0]
6300213,Hand-to-Hand - Default Attack,0.4,0,0,0,1.5,0.04,6902,-1,-1,1665,1667,5,0,-1,-1,930,0,-1,-1,0,94,94,94,94,135,500,100,100,0,0,0,0,0,0,0,0,0,0,0,0,10,0,0,0,0,0,0,0,0,0,0,0,1,0,0,1,255,1,255,0,255,0,0,0,0,0,0,0,0,0,0,0,4,1,0,0,0,0,0,0,0,0,0,0,-1,-1,2100,2010,-1,-1,-1,-1,-1,-1,-1,-1,-1,-1,-1,-1,-1,-1,-1,-1,-1,-1,-1,-1,-1,-1,-1,-1,-1,-1,-1,-1,0,0,0,0,0,0,0,0,0,0,0,0,-1,-1,-1,-1,-1,-1,-1,-1,-1,-1,-1,-1,-1,-1,-1,-1,-1,-1,-1,-1,-1,-1,-1,-1,0,0,0,0,0,0,0,0,0,0,0,0,0,0,0,0,0,0,0,0,0,0,0,0,255,139,139,94,0,0,0,1,0,0,0,65,90,100,100,0,0,100,-1,0,100,100,0,1,1,-1,0,0,90,0,[0|0|0],-1,127,0,[0|0|0|0|0|0|0|0|0|0]
6300214,Hand-to-Hand - Default Attack,0.4,0,0,0,1.5,0.04,6902,-1,-1,1665,1667,5,0,-1,-1,240,0,-1,-1,0,94,94,94,94,135,500,100,100,0,0,0,0,0,0,0,0,0,0,0,0,10,0,0,0,0,0,0,0,0,0,0,0,1,2,0,1,255,1,255,0,255,0,0,0,0,0,0,0,0,0,0,0,4,1,0,0,0,0,0,0,0,0,0,0,-1,-1,2100,2010,-1,-1,-1,-1,-1,-1,-1,-1,-1,-1,-1,-1,-1,-1,-1,-1,-1,-1,-1,-1,-1,-1,-1,-1,-1,-1,-1,-1,0,0,0,0,0,0,0,0,0,0,0,0,-1,-1,-1,-1,-1,-1,-1,-1,-1,-1,-1,-1,-1,-1,-1,-1,-1,-1,-1,-1,-1,-1,-1,-1,0,0,0,0,0,0,0,0,0,0,0,0,0,0,0,0,0,0,0,0,0,0,0,0,255,139,139,94,0,0,0,1,0,0,0,65,90,100,100,0,0,100,-1,0,100,100,0,1,1,-1,0,0,90,0,[0|0|0],-1,127,0,[0|0|0|0|0|0|0|0|0|0]
6300220,Hand-to-Hand - Default Attack,0.4,0.2,0,0,1.3,0.04,6902,-1,-1,1665,1667,1,1,-1,-1,-1,-1,-1,-1,0,96,96,96,96,90,500,100,100,0,0,0,0,0,0,0,0,0,0,0,0,20,0,0,0,0,2,0,0,0,0,0,0,1,0,0,1,255,1,255,0,255,0,0,0,0,0,0,0,0,0,0,0,0,1,0,0,0,0,0,0,0,9,0,0,-1,-1,2100,2010,-1,-1,-1,-1,-1,-1,-1,-1,-1,-1,-1,-1,-1,-1,-1,-1,-1,-1,-1,-1,-1,-1,-1,-1,-1,-1,-1,-1,0,0,0,0,0,0,0,0,0,0,0,0,-1,-1,-1,-1,-1,-1,-1,-1,-1,-1,-1,-1,-1,-1,-1,-1,-1,-1,-1,-1,-1,-1,-1,-1,0,0,0,0,0,0,0,0,0,0,0,0,0,0,0,0,0,0,0,0,0,0,0,0,255,139,139,96,0,0,0,1,0,0,0,100,100,100,100,0,0,100,-1,0,100,105,0,1,1,-1,0,0,120,0,[0|0|0],-1,0,0,[0|0|0|0|0|0|0|0|0|0]
6300223,Hand-to-Hand - Default Attack,0.4,0,0,0,1,0.04,6902,-1,-1,1665,1667,6,0,-1,-1,940,0,-1,-1,0,96,96,96,96,135,500,100,100,0,0,0,0,0,0,0,0,0,0,0,0,20,0,0,0,0,0,0,0,0,0,0,0,1,0,0,1,255,1,255,0,255,0,0,0,0,0,0,0,0,0,0,0,3,1,0,0,0,0,0,0,0,0,0,0,-1,-1,2100,2010,-1,-1,-1,-1,-1,-1,-1,-1,-1,-1,-1,-1,-1,-1,-1,-1,-1,-1,-1,-1,-1,-1,-1,-1,-1,-1,-1,-1,0,0,0,0,0,0,0,0,0,0,0,0,-1,-1,-1,-1,-1,-1,-1,-1,-1,-1,-1,-1,-1,-1,-1,-1,-1,-1,-1,-1,-1,-1,-1,-1,0,0,0,0,0,0,0,0,0,0,0,0,0,0,0,0,0,0,0,0,0,0,0,0,255,139,139,96,0,0,0,1,0,0,0,100,100,100,100,0,0,100,-1,0,100,105,0,1,1,-1,0,0,180,0,[0|0|0],-1,127,0,[0|0|0|0|0|0|0|0|0|0]
6300224,Hand-to-Hand - Default Attack,0.4,0,0,0,1,0.04,6902,-1,-1,1665,1667,6,0,-1,-1,240,0,-1,-1,0,96,96,96,96,135,500,100,100,0,0,0,0,0,0,0,0,0,0,0,0,20,0,0,0,0,0,0,0,0,0,0,0,1,2,0,1,255,1,255,0,255,0,0,0,0,0,0,0,0,0,0,0,3,1,0,0,0,0,0,0,0,0,0,0,-1,-1,2100,2010,-1,-1,-1,-1,-1,-1,-1,-1,-1,-1,-1,-1,-1,-1,-1,-1,-1,-1,-1,-1,-1,-1,-1,-1,-1,-1,-1,-1,0,0,0,0,0,0,0,0,0,0,0,0,-1,-1,-1,-1,-1,-1,-1,-1,-1,-1,-1,-1,-1,-1,-1,-1,-1,-1,-1,-1,-1,-1,-1,-1,0,0,0,0,0,0,0,0,0,0,0,0,0,0,0,0,0,0,0,0,0,0,0,0,255,139,139,96,0,0,0,1,0,0,0,100,100,100,100,0,0,100,-1,0,100,105,0,1,1,-1,0,0,180,0,[0|0|0],-1,127,0,[0|0|0|0|0|0|0|0|0|0]
6300230,Hand-to-Hand - Default Attack,0.4,0.2,0,0,1,0.04,6902,-1,-1,1665,1667,1,1,-1,-1,-1,-1,-1,-1,0,98,98,98,98,90,500,100,100,0,0,0,0,0,0,0,0,0,0,0,0,10,0,0,0,0,2,0,0,0,0,0,0,1,0,0,1,255,1,255,0,255,0,0,0,0,0,0,0,0,0,0,0,4,1,0,0,0,0,0,0,0,0,0,0,-1,-1,2100,2010,-1,-1,-1,-1,-1,-1,-1,-1,-1,-1,-1,-1,-1,-1,-1,-1,-1,-1,-1,-1,-1,-1,-1,-1,-1,-1,-1,-1,0,0,0,0,0,0,0,0,0,0,0,0,-1,-1,-1,-1,-1,-1,-1,-1,-1,-1,-1,-1,-1,-1,-1,-1,-1,-1,-1,-1,-1,-1,-1,-1,0,0,0,0,0,0,0,0,0,0,0,0,0,0,0,0,0,0,0,0,0,0,0,0,255,139,139,98,0,0,0,1,0,0,0,65,90,100,100,0,0,100,-1,0,100,105,0,1,1,-1,0,0,60,0,[0|0|0],-1,0,0,[0|0|0|0|0|0|0|0|0|0]
6300233,Hand-to-Hand - Default Attack,0.4,0.2,0,0,1.2,0.04,6902,-1,-1,-1,1667,831,831,-1,-1,-1,-1,-1,-1,0,98,98,98,98,90,500,100,100,0,0,0,0,0,0,0,0,0,0,0,0,10,0,0,0,0,2,0,0,0,0,0,0,1,0,0,1,255,1,255,0,255,0,0,0,0,0,0,0,0,0,0,0,0,1,0,0,0,0,0,0,0,9,0,0,-1,-1,2100,2010,-1,-1,-1,-1,-1,-1,-1,-1,-1,-1,-1,-1,-1,-1,-1,-1,-1,-1,-1,-1,-1,-1,-1,-1,-1,-1,-1,-1,0,0,0,0,0,0,0,0,0,0,0,0,-1,-1,-1,-1,-1,-1,-1,-1,-1,-1,-1,-1,-1,-1,-1,-1,-1,-1,-1,-1,-1,-1,-1,-1,0,0,0,0,0,0,0,0,0,0,0,0,0,0,0,0,0,0,0,0,0,0,0,0,255,139,139,98,0,0,0,1,0,0,0,65,90,100,100,0,0,100,-1,0,100,105,0,1,1,-1,0,0,60,0,[0|0|0],-1,0,0,[0|0|0|0|0|0|0|0|0|0]
6300240,Hand-to-Hand - Default Attack,0.4,0,0,0,0.8,0.04,6902,-1,-1,1665,-1,5,0,-1,-1,930,0,-1,-1,0,100,100,100,100,135,500,100,100,0,0,0,0,0,0,0,0,0,0,0,0,20,0,0,0,0,0,0,0,0,0,0,0,1,0,0,1,255,1,255,0,255,0,0,0,0,0,0,0,0,0,0,0,3,1,0,0,0,0,0,0,0,9,0,0,-1,-1,2100,2010,-1,-1,-1,-1,-1,-1,-1,-1,-1,-1,-1,-1,-1,-1,-1,-1,-1,-1,-1,-1,-1,-1,-1,-1,-1,-1,-1,-1,0,0,0,0,0,0,0,0,0,0,0,0,-1,-1,-1,-1,-1,-1,-1,-1,-1,-1,-1,-1,-1,-1,-1,-1,-1,-1,-1,-1,-1,-1,-1,-1,0,0,0,0,0,0,0,0,0,0,0,0,0,0,0,0,0,0,0,0,0,0,0,0,255,139,139,100,0,0,0,1,0,0,0,100,100,100,100,0,0,100,-1,0,100,105,0,1,1,-1,0,0,180,0,[0|0|0],-1,127,0,[0|0|0|0|0|0|0|0|0|0]
6300241,Hand-to-Hand - Default Attack,0.4,0,0,0,0.8,0.04,6902,-1,-1,1665,-1,5,0,-1,-1,240,0,-1,-1,0,100,100,100,100,135,500,100,100,0,0,0,0,0,0,0,0,0,0,0,0,20,0,0,0,0,0,0,0,0,0,0,0,1,2,0,1,255,1,255,0,255,0,0,0,0,0,0,0,0,0,0,0,3,1,0,0,0,0,0,0,0,9,0,0,-1,-1,2100,2010,-1,-1,-1,-1,-1,-1,-1,-1,-1,-1,-1,-1,-1,-1,-1,-1,-1,-1,-1,-1,-1,-1,-1,-1,-1,-1,-1,-1,0,0,0,0,0,0,0,0,0,0,0,0,-1,-1,-1,-1,-1,-1,-1,-1,-1,-1,-1,-1,-1,-1,-1,-1,-1,-1,-1,-1,-1,-1,-1,-1,0,0,0,0,0,0,0,0,0,0,0,0,0,0,0,0,0,0,0,0,0,0,0,0,255,139,139,100,0,0,0,1,0,0,0,100,100,100,100,0,0,100,-1,0,100,105,0,1,1,-1,0,0,180,0,[0|0|0],-1,127,0,[0|0|0|0|0|0|0|0|0|0]
6300243,Hand-to-Hand - Default Attack,0.4,0.2,0,0,1.4,0.04,6902,-1,-1,1665,-1,2,2,-1,-1,-1,-1,-1,-1,0,100,100,100,100,90,500,100,100,0,0,0,0,0,0,0,0,0,0,0,0,20,0,0,0,0,2,0,0,0,0,0,0,1,0,0,1,255,1,255,0,255,0,0,0,0,0,0,0,0,0,0,0,0,1,0,0,0,0,0,0,0,0,0,0,-1,-1,2100,2010,-1,-1,-1,-1,-1,-1,-1,-1,-1,-1,-1,-1,-1,-1,-1,-1,-1,-1,-1,-1,-1,-1,-1,-1,-1,-1,-1,-1,0,0,0,0,0,0,0,0,0,0,0,0,-1,-1,-1,-1,-1,-1,-1,-1,-1,-1,-1,-1,-1,-1,-1,-1,-1,-1,-1,-1,-1,-1,-1,-1,0,0,0,0,0,0,0,0,0,0,0,0,0,0,0,0,0,0,0,0,0,0,0,0,255,139,139,100,0,0,0,1,0,0,0,100,100,100,100,0,0,100,-1,0,100,105,0,1,1,-1,0,0,120,0,[0|0|0],-1,0,0,[0|0|0|0|0|0|0|0|0|0]
6300250,Hand-to-Hand - Default Attack,0.4,0.2,0,0,1.4,0.04,6902,-1,-1,1665,-1,1,1,-1,-1,-1,-1,-1,-1,0,106,106,106,106,90,500,100,100,104,0,0,0,0,0,0,0,0,0,0,0,10,0,0,0,0,2,0,0,0,0,0,0,1,0,0,1,255,1,255,0,255,0,0,0,0,0,0,0,0,0,0,0,0,1,0,0,0,0,0,0,0,0,0,0,-1,-1,2100,2010,-1,-1,-1,-1,-1,-1,-1,-1,-1,-1,-1,-1,-1,-1,-1,-1,-1,-1,-1,-1,-1,-1,-1,-1,-1,-1,-1,-1,0,0,0,0,0,0,0,0,0,0,0,0,-1,-1,-1,-1,-1,-1,-1,-1,-1,-1,-1,-1,-1,-1,-1,-1,-1,-1,-1,-1,-1,-1,-1,-1,0,0,0,0,0,0,0,0,0,0,0,0,0,0,0,0,0,0,0,0,0,0,0,0,255,139,139,106,0,0,0,1,0,0,0,65,90,100,100,0,0,100,-1,0,100,110,0,1,1,-1,0,0,120,0,[0|0|0],-1,0,0,[0|0|0|0|0|0|0|0|0|0]
6300253,Hand-to-Hand - Default Attack,0.4,0.2,0,0,1.4,0.04,6902,-1,-1,-1,1667,2,2,-1,-1,-1,-1,-1,-1,0,106,106,106,106,90,500,100,100,104,0,0,0,0,0,0,0,0,0,0,0,10,0,0,0,0,2,0,0,0,0,0,0,1,0,0,1,255,1,255,0,255,0,0,0,0,0,0,0,0,0,0,0,0,1,0,0,0,0,0,0,0,9,0,0,-1,-1,2100,2010,-1,-1,-1,-1,-1,-1,-1,-1,-1,-1,-1,-1,-1,-1,-1,-1,-1,-1,-1,-1,-1,-1,-1,-1,-1,-1,-1,-1,0,0,0,0,0,0,0,0,0,0,0,0,-1,-1,-1,-1,-1,-1,-1,-1,-1,-1,-1,-1,-1,-1,-1,-1,-1,-1,-1,-1,-1,-1,-1,-1,0,0,0,0,0,0,0,0,0,0,0,0,0,0,0,0,0,0,0,0,0,0,0,0,255,139,139,106,0,0,0,1,0,0,0,65,90,100,100,0,0,100,-1,0,100,110,0,1,1,-1,0,0,120,0,[0|0|0],-1,0,0,[0|0|0|0|0|0|0|0|0|0]
6300300,Hand-to-Hand - Default Attack,0.4,0.2,0,0,1.1,0.04,6904,-1,-1,1665,-1,1,1,-1,-1,-1,-1,-1,-1,0,105,105,105,105,100,500,100,100,0,0,0,0,0,0,0,0,0,0,0,0,20,0,0,0,0,2,0,0,0,0,0,0,1,0,0,1,255,1,255,0,255,0,0,0,0,0,0,0,0,0,0,0,4,1,0,0,0,0,0,0,0,9,0,0,-1,-1,2100,2010,-1,-1,-1,-1,-1,-1,-1,-1,-1,-1,-1,-1,-1,-1,-1,-1,-1,-1,-1,-1,-1,-1,-1,-1,-1,-1,-1,-1,0,0,0,0,0,0,0,0,0,0,0,0,-1,-1,-1,-1,-1,-1,-1,-1,-1,-1,-1,-1,-1,-1,-1,-1,-1,-1,-1,-1,-1,-1,-1,-1,0,0,0,0,0,0,0,0,0,0,0,0,0,0,0,0,0,0,0,0,0,0,0,0,255,139,139,105,0,0,0,1,0,0,0,65,90,100,100,0,0,100,-1,0,100,130,0,1,1,-1,0,0,100,0,[0|0|0],-1,0,0,[0|0|0|0|0|0|0|0|0|0]
6300302,Hand-to-Hand - Default Bullet,0.4,0.2,0,0,0.3,0.04,6904,-1,-1,1665,-1,1,1,-1,-1,-1,-1,-1,-1,0,94,94,94,94,100,500,100,100,0,0,0,0,0,0,0,0,0,0,0,0,20,0,0,0,0,2,0,0,0,0,0,0,1,0,0,1,255,1,255,0,255,0,0,0,0,0,0,0,0,0,0,0,4,1,0,0,0,0,0,0,0,9,0,0,-1,-1,2100,2010,-1,-1,-1,-1,-1,-1,-1,-1,-1,-1,-1,-1,-1,-1,-1,-1,-1,-1,-1,-1,-1,-1,-1,-1,-1,-1,-1,-1,0,0,0,0,0,0,0,0,0,0,0,0,-1,-1,-1,-1,-1,-1,-1,-1,-1,-1,-1,-1,-1,-1,-1,-1,-1,-1,-1,-1,-1,-1,-1,-1,0,0,0,0,0,0,0,0,0,0,0,0,0,0,0,0,0,0,0,0,0,0,0,0,255,139,139,94,0,0,0,1,0,0,0,65,90,100,100,0,0,100,-1,0,100,130,0,1,1,-1,0,0,100,0,[0|0|0],-1,0,0,[0|0|0|0|0|0|0|0|0|0]
6300303,Hand-to-Hand - Default Attack,0.4,0,0,0,1.4,0.04,6904,-1,-1,-1,1667,6,0,-1,-1,940,0,-1,-1,0,126,126,126,126,315,500,100,100,0,0,0,0,0,0,0,0,0,0,0,0,20,0,0,0,0,0,0,0,0,0,0,0,1,0,0,1,255,1,255,0,255,0,0,0,0,0,0,0,0,0,0,0,0,1,0,0,0,0,0,0,0,0,0,0,-1,-1,2100,2010,-1,-1,-1,-1,-1,-1,-1,-1,-1,-1,-1,-1,-1,-1,-1,-1,-1,-1,-1,-1,-1,-1,-1,-1,-1,-1,-1,-1,0,0,0,0,0,0,0,0,0,0,0,0,-1,-1,-1,-1,-1,-1,-1,-1,-1,-1,-1,-1,-1,-1,-1,-1,-1,-1,-1,-1,-1,-1,-1,-1,0,0,0,0,0,0,0,0,0,0,0,0,0,0,0,0,0,0,0,0,0,0,0,0,255,139,139,126,0,0,0,1,0,0,0,65,90,100,100,0,0,100,-1,0,100,130,0,1,1,-1,0,0,210,0,[0|0|0],-1,127,0,[0|0|0|0|0|0|0|0|0|0]
6300304,Hand-to-Hand - Default Attack,0.4,0,0,0,1.4,0.04,6904,-1,-1,-1,1667,6,0,-1,-1,240,0,-1,-1,0,126,126,126,126,315,500,100,100,0,0,0,0,0,0,0,0,0,0,0,0,20,0,0,0,0,0,0,0,0,0,0,0,1,2,0,1,255,1,255,0,255,0,0,0,0,0,0,0,0,0,0,0,0,1,0,0,0,0,0,0,0,0,0,0,-1,-1,2100,2010,-1,-1,-1,-1,-1,-1,-1,-1,-1,-1,-1,-1,-1,-1,-1,-1,-1,-1,-1,-1,-1,-1,-1,-1,-1,-1,-1,-1,0,0,0,0,0,0,0,0,0,0,0,0,-1,-1,-1,-1,-1,-1,-1,-1,-1,-1,-1,-1,-1,-1,-1,-1,-1,-1,-1,-1,-1,-1,-1,-1,0,0,0,0,0,0,0,0,0,0,0,0,0,0,0,0,0,0,0,0,0,0,0,0,255,139,139,126,0,0,0,1,0,0,0,65,90,100,100,0,0,100,-1,0,100,130,0,1,1,-1,0,0,210,0,[0|0|0],-1,127,0,[0|0|0|0|0|0|0|0|0|0]
6300305,Hand-to-Hand - Default Attack,0.4,0.2,0,0,1.1,0.04,6906,-1,-1,1665,-1,1,1,-1,-1,-1,-1,-1,-1,0,130,130,130,130,135,500,100,100,100,0,0,0,0,0,0,0,0,0,0,0,20,0,0,0,0,2,0,0,0,0,0,0,2,0,0,1,255,1,255,0,255,0,0,0,0,0,0,0,0,0,0,0,4,1,0,0,0,0,0,0,0,9,0,0,-1,-1,2100,2010,-1,-1,-1,-1,-1,-1,-1,-1,-1,-1,-1,-1,-1,-1,-1,-1,-1,-1,-1,-1,-1,-1,-1,-1,-1,-1,-1,-1,0,0,0,0,0,0,0,0,0,0,0,0,-1,-1,-1,-1,-1,-1,-1,-1,-1,-1,-1,-1,-1,-1,-1,-1,-1,-1,-1,-1,-1,-1,-1,-1,0,0,0,0,0,0,0,0,0,0,0,0,0,0,0,0,0,0,0,0,0,0,0,0,255,139,139,130,0,0,0,1,0,0,0,65,90,100,100,0,0,100,-1,0,100,150,0,1,1,-1,0,0,280,0,[0|0|0],-1,0,0,[0|0|0|0|0|0|0|0|0|0]
6300307,Hand-to-Hand - Default Bullet,0.4,0.2,0,0,0.3,0.04,6906,-1,-1,1665,-1,1,1,-1,-1,-1,-1,-1,-1,0,115,115,115,115,135,500,100,100,100,0,0,0,0,0,0,0,0,0,0,0,20,0,0,0,0,2,0,0,0,0,0,0,2,0,0,1,255,1,255,0,255,0,0,0,0,0,0,0,0,0,0,0,4,1,0,0,0,0,0,0,0,9,0,0,-1,-1,2100,2010,-1,-1,-1,-1,-1,-1,-1,-1,-1,-1,-1,-1,-1,-1,-1,-1,-1,-1,-1,-1,-1,-1,-1,-1,-1,-1,-1,-1,0,0,0,0,0,0,0,0,0,0,0,0,-1,-1,-1,-1,-1,-1,-1,-1,-1,-1,-1,-1,-1,-1,-1,-1,-1,-1,-1,-1,-1,-1,-1,-1,0,0,0,0,0,0,0,0,0,0,0,0,0,0,0,0,0,0,0,0,0,0,0,0,255,139,139,115,0,0,0,1,0,0,0,65,90,100,100,0,0,100,-1,0,100,150,0,1,1,-1,0,0,280,0,[0|0|0],-1,0,0,[0|0|0|0|0|0|0|0|0|0]
6300308,Hand-to-Hand - Default Attack,0.4,0,0,0,1.4,0.04,6906,-1,-1,-1,1667,6,0,-1,-1,940,0,-1,-1,0,150,150,150,150,285,500,100,100,100,0,0,0,0,0,0,0,0,0,0,0,20,0,0,0,0,0,0,0,0,0,0,0,2,0,0,1,255,1,255,0,255,0,0,0,0,0,0,0,0,0,0,0,0,1,0,0,0,0,0,0,0,0,0,0,-1,-1,2100,2010,-1,-1,-1,-1,-1,-1,-1,-1,-1,-1,-1,-1,-1,-1,-1,-1,-1,-1,-1,-1,-1,-1,-1,-1,-1,-1,-1,-1,0,0,0,0,0,0,0,0,0,0,0,0,-1,-1,-1,-1,-1,-1,-1,-1,-1,-1,-1,-1,-1,-1,-1,-1,-1,-1,-1,-1,-1,-1,-1,-1,0,0,0,0,0,0,0,0,0,0,0,0,0,0,0,0,0,0,0,0,0,0,0,0,255,139,139,150,0,0,0,1,0,0,0,65,90,100,100,0,0,100,-1,0,100,150,0,1,1,-1,0,0,495,0,[0|0|0],-1,127,0,[0|0|0|0|0|0|0|0|0|0]
6300309,Hand-to-Hand - Default Attack,0.4,0,0,0,1.4,0.04,6906,-1,-1,-1,1667,6,0,-1,-1,240,0,-1,-1,0,150,150,150,150,285,500,100,100,100,0,0,0,0,0,0,0,0,0,0,0,20,0,0,0,0,0,0,0,0,0,0,0,2,2,0,1,255,1,255,0,255,0,0,0,0,0,0,0,0,0,0,0,0,1,0,0,0,0,0,0,0,0,0,0,-1,-1,2100,2010,-1,-1,-1,-1,-1,-1,-1,-1,-1,-1,-1,-1,-1,-1,-1,-1,-1,-1,-1,-1,-1,-1,-1,-1,-1,-1,-1,-1,0,0,0,0,0,0,0,0,0,0,0,0,-1,-1,-1,-1,-1,-1,-1,-1,-1,-1,-1,-1,-1,-1,-1,-1,-1,-1,-1,-1,-1,-1,-1,-1,0,0,0,0,0,0,0,0,0,0,0,0,0,0,0,0,0,0,0,0,0,0,0,0,255,139,139,150,0,0,0,1,0,0,0,65,90,100,100,0,0,100,-1,0,100,150,0,1,1,-1,0,0,495,0,[0|0|0],-1,127,0,[0|0|0|0|0|0|0|0|0|0]
6300310,Hand-to-Hand - Default Attack,0.4,0.2,0,0,1.1,0.04,6904,-1,-1,1665,-1,1,1,-1,-1,-1,-1,-1,-1,0,115,115,115,115,120,500,100,100,0,0,0,0,0,0,0,0,0,0,0,0,20,0,0,0,0,2,0,0,0,0,0,0,1,0,0,1,255,1,255,0,255,0,0,0,0,0,0,0,0,0,0,0,0,1,0,0,0,0,0,0,0,9,0,0,-1,-1,2100,2010,-1,-1,-1,-1,-1,-1,-1,-1,-1,-1,-1,-1,-1,-1,-1,-1,-1,-1,-1,-1,-1,-1,-1,-1,-1,-1,-1,-1,0,0,0,0,0,0,0,0,0,0,0,0,-1,-1,-1,-1,-1,-1,-1,-1,-1,-1,-1,-1,-1,-1,-1,-1,-1,-1,-1,-1,-1,-1,-1,-1,0,0,0,0,0,0,0,0,0,0,0,0,0,0,0,0,0,0,0,0,0,0,0,0,255,139,139,115,0,0,0,1,0,0,0,65,90,100,100,0,0,100,-1,0,100,130,0,1,1,-1,0,0,120,0,[0|0|0],-1,0,0,[0|0|0|0|0|0|0|0|0|0]
6300311,Hand-to-Hand - Default Attack,0.4,0.2,0,0,1.1,0.04,6904,-1,-1,1665,-1,1,1,-1,-1,-1,-1,-1,-1,0,0,0,0,0,0,0,0,100,0,0,0,0,0,0,0,0,0,0,0,0,20,0,0,0,0,2,0,0,0,0,0,0,0,2,0,1,255,1,255,0,255,0,0,0,0,0,0,0,0,0,0,0,0,1,0,0,0,0,0,0,0,9,0,0,-1,-1,2100,2010,-1,-1,-1,-1,-1,-1,-1,-1,-1,-1,-1,-1,-1,-1,-1,-1,-1,-1,-1,-1,-1,-1,-1,-1,-1,-1,-1,-1,0,0,0,0,0,0,0,0,0,0,0,0,-1,-1,-1,-1,-1,-1,-1,-1,-1,-1,-1,-1,-1,-1,-1,-1,-1,-1,-1,-1,-1,-1,-1,-1,0,0,0,0,0,0,0,0,0,0,0,0,0,0,0,0,0,0,0,0,0,0,0,0,255,139,139,0,0,0,0,1,0,0,0,0,0,0,0,0,0,0,-1,0,100,0,0,1,1,-1,0,0,0,0,[0|0|0],-1,0,0,[0|0|0|0|0|0|0|0|0|0]
6300312,Hand-to-Hand - Default Bullet,0.4,0.2,0,0,0.3,0.04,6904,-1,-1,1665,-1,1,1,-1,-1,-1,-1,-1,-1,0,155,155,155,155,120,500,100,100,0,0,0,0,0,0,0,0,0,0,0,0,20,0,0,0,0,2,0,0,0,0,0,0,1,0,0,1,255,1,255,0,255,0,0,0,0,0,0,0,0,0,0,0,0,1,0,0,0,0,0,0,0,9,0,0,-1,-1,2100,2010,-1,-1,-1,-1,-1,-1,-1,-1,-1,-1,-1,-1,-1,-1,-1,-1,-1,-1,-1,-1,-1,-1,-1,-1,-1,-1,-1,-1,0,0,0,0,0,0,0,0,0,0,0,0,-1,-1,-1,-1,-1,-1,-1,-1,-1,-1,-1,-1,-1,-1,-1,-1,-1,-1,-1,-1,-1,-1,-1,-1,0,0,0,0,0,0,0,0,0,0,0,0,0,0,0,0,0,0,0,0,0,0,0,0,255,139,139,155,0,0,0,1,0,0,0,65,90,100,100,0,0,100,-1,0,100,130,0,1,1,-1,0,0,120,0,[0|0|0],-1,0,0,[0|0|0|0|0|0|0|0|0|0]
6300313,Hand-to-Hand - Default Attack,0.4,0.2,0,0,1.1,0.04,6904,-1,-1,-1,1667,2,2,-1,-1,-1,-1,-1,-1,0,115,115,115,115,120,500,100,100,0,0,0,0,0,0,0,0,0,0,0,0,20,0,0,0,0,2,0,0,0,0,0,0,1,0,0,1,255,1,255,0,255,0,0,0,0,0,0,0,0,0,0,0,0,1,0,0,0,0,0,0,0,0,0,0,-1,-1,2100,2010,-1,-1,-1,-1,-1,-1,-1,-1,-1,-1,-1,-1,-1,-1,-1,-1,-1,-1,-1,-1,-1,-1,-1,-1,-1,-1,-1,-1,0,0,0,0,0,0,0,0,0,0,0,0,-1,-1,-1,-1,-1,-1,-1,-1,-1,-1,-1,-1,-1,-1,-1,-1,-1,-1,-1,-1,-1,-1,-1,-1,0,0,0,0,0,0,0,0,0,0,0,0,0,0,0,0,0,0,0,0,0,0,0,0,255,139,139,115,0,0,0,1,0,0,0,65,90,100,100,0,0,100,-1,0,100,130,0,1,1,-1,0,0,120,0,[0|0|0],-1,0,0,[0|0|0|0|0|0|0|0|0|0]
6300314,Hand-to-Hand - Default Attack,0.4,0.2,0,0,1.1,0.04,6904,-1,-1,-1,1667,2,2,-1,-1,-1,-1,-1,-1,0,0,0,0,0,0,0,0,100,0,0,0,0,0,0,0,0,0,0,0,0,20,0,0,0,0,2,0,0,0,0,0,0,0,2,0,1,255,1,255,0,255,0,0,0,0,0,0,0,0,0,0,0,0,1,0,0,0,0,0,0,0,0,0,0,-1,-1,2100,2010,-1,-1,-1,-1,-1,-1,-1,-1,-1,-1,-1,-1,-1,-1,-1,-1,-1,-1,-1,-1,-1,-1,-1,-1,-1,-1,-1,-1,0,0,0,0,0,0,0,0,0,0,0,0,-1,-1,-1,-1,-1,-1,-1,-1,-1,-1,-1,-1,-1,-1,-1,-1,-1,-1,-1,-1,-1,-1,-1,-1,0,0,0,0,0,0,0,0,0,0,0,0,0,0,0,0,0,0,0,0,0,0,0,0,255,139,139,0,0,0,0,1,0,0,0,0,0,0,0,0,0,0,-1,0,100,0,0,1,1,-1,0,0,0,0,[0|0|0],-1,0,0,[0|0|0|0|0|0|0|0|0|0]
6300315,Hand-to-Hand - Default Attack,0.4,0.2,0,0,1.3,0.04,6906,-1,-1,1665,-1,1,1,-1,-1,-1,-1,-1,-1,0,145,145,145,145,160,500,100,100,100,0,0,0,0,0,0,0,0,0,0,0,20,0,0,0,0,2,0,0,0,0,0,0,2,0,0,1,255,1,255,0,255,0,0,0,0,0,0,0,0,0,0,0,0,1,0,0,0,0,0,0,0,9,0,0,-1,-1,2100,2010,-1,-1,-1,-1,-1,-1,-1,-1,-1,-1,-1,-1,-1,-1,-1,-1,-1,-1,-1,-1,-1,-1,-1,-1,-1,-1,-1,-1,0,0,0,0,0,0,0,0,0,0,0,0,-1,-1,-1,-1,-1,-1,-1,-1,-1,-1,-1,-1,-1,-1,-1,-1,-1,-1,-1,-1,-1,-1,-1,-1,0,0,0,0,0,0,0,0,0,0,0,0,0,0,0,0,0,0,0,0,0,0,0,0,255,139,139,145,0,0,0,1,0,0,0,65,90,100,100,0,0,100,-1,0,100,150,0,1,1,-1,0,0,330,0,[0|0|0],-1,0,0,[0|0|0|0|0|0|0|0|0|0]
6300316,Hand-to-Hand - Default Attack,0.4,0.2,0,0,0,0.04,6906,-1,-1,1665,-1,1,1,-1,-1,-1,-1,-1,-1,0,0,0,0,0,0,0,0,100,0,0,0,0,0,0,0,0,0,0,0,0,20,0,0,0,0,2,0,0,0,0,0,0,0,2,0,1,255,1,255,0,255,0,0,0,0,0,0,0,0,0,0,0,0,1,0,0,0,0,0,0,0,0,0,0,-1,-1,2100,2010,-1,-1,-1,-1,-1,-1,-1,-1,-1,-1,-1,-1,-1,-1,-1,-1,-1,-1,-1,-1,-1,-1,-1,-1,-1,-1,-1,-1,0,0,0,0,0,0,0,0,0,0,0,0,-1,-1,-1,-1,-1,-1,-1,-1,-1,-1,-1,-1,-1,-1,-1,-1,-1,-1,-1,-1,-1,-1,-1,-1,0,0,0,0,0,0,0,0,0,0,0,0,0,0,0,0,0,0,0,0,0,0,0,0,255,139,139,0,0,0,0,1,0,0,0,0,0,0,0,0,0,0,-1,0,100,0,0,1,1,-1,0,0,0,0,[0|0|0],-1,0,0,[0|0|0|0|0|0|0|0|0|0]
6300317,Hand-to-Hand - Default Bullet,0.4,0.2,0,0,0.3,0.04,6906,-1,-1,1665,-1,1,1,-1,-1,-1,-1,-1,-1,0,160,160,160,160,160,500,100,100,100,0,0,0,0,0,0,0,0,0,0,0,20,0,0,0,0,2,0,0,0,0,0,0,2,0,0,1,255,1,255,0,255,0,0,0,0,0,0,0,0,0,0,0,0,1,0,0,0,0,0,0,0,9,0,0,-1,-1,2100,2010,-1,-1,-1,-1,-1,-1,-1,-1,-1,-1,-1,-1,-1,-1,-1,-1,-1,-1,-1,-1,-1,-1,-1,-1,-1,-1,-1,-1,0,0,0,0,0,0,0,0,0,0,0,0,-1,-1,-1,-1,-1,-1,-1,-1,-1,-1,-1,-1,-1,-1,-1,-1,-1,-1,-1,-1,-1,-1,-1,-1,0,0,0,0,0,0,0,0,0,0,0,0,0,0,0,0,0,0,0,0,0,0,0,0,255,139,139,160,0,0,0,1,0,0,0,65,90,100,100,0,0,100,-1,0,100,150,0,1,1,-1,0,0,330,0,[0|0|0],-1,0,0,[0|0|0|0|0|0|0|0|0|0]
6300318,Hand-to-Hand - Default Attack,0.4,0.2,0,0,1.3,0.04,6906,-1,-1,-1,1667,2,2,-1,-1,-1,-1,-1,-1,0,145,145,145,145,160,500,100,100,100,0,0,0,0,0,0,0,0,0,0,0,20,0,0,0,0,2,0,0,0,0,0,0,2,0,0,1,255,1,255,0,255,0,0,0,0,0,0,0,0,0,0,0,0,1,0,0,0,0,0,0,0,0,0,0,-1,-1,2100,2010,-1,-1,-1,-1,-1,-1,-1,-1,-1,-1,-1,-1,-1,-1,-1,-1,-1,-1,-1,-1,-1,-1,-1,-1,-1,-1,-1,-1,0,0,0,0,0,0,0,0,0,0,0,0,-1,-1,-1,-1,-1,-1,-1,-1,-1,-1,-1,-1,-1,-1,-1,-1,-1,-1,-1,-1,-1,-1,-1,-1,0,0,0,0,0,0,0,0,0,0,0,0,0,0,0,0,0,0,0,0,0,0,0,0,255,139,139,145,0,0,0,1,0,0,0,65,90,100,100,0,0,100,-1,0,100,150,0,1,1,-1,0,0,330,0,[0|0|0],-1,0,0,[0|0|0|0|0|0|0|0|0|0]
6300319,Hand-to-Hand - Default Attack,0.4,0.2,0,0,0,0.04,6906,-1,-1,-1,1667,2,2,-1,-1,-1,-1,-1,-1,0,0,0,0,0,0,0,0,100,0,0,0,0,0,0,0,0,0,0,0,0,20,0,0,0,0,2,0,0,0,0,0,0,0,2,0,1,255,1,255,0,255,0,0,0,0,0,0,0,0,0,0,0,0,1,0,0,0,0,0,0,0,0,0,0,-1,-1,2100,2010,-1,-1,-1,-1,-1,-1,-1,-1,-1,-1,-1,-1,-1,-1,-1,-1,-1,-1,-1,-1,-1,-1,-1,-1,-1,-1,-1,-1,0,0,0,0,0,0,0,0,0,0,0,0,-1,-1,-1,-1,-1,-1,-1,-1,-1,-1,-1,-1,-1,-1,-1,-1,-1,-1,-1,-1,-1,-1,-1,-1,0,0,0,0,0,0,0,0,0,0,0,0,0,0,0,0,0,0,0,0,0,0,0,0,255,139,139,0,0,0,0,1,0,0,0,0,0,0,0,0,0,0,-1,0,100,0,0,1,1,-1,0,0,0,0,[0|0|0],-1,0,0,[0|0|0|0|0|0|0|0|0|0]
6300320,Hand-to-Hand - Default Attack,0.4,0.2,0,0,1.3,0.04,6903,-1,-1,1665,1667,1,1,-1,-1,-1,-1,-1,-1,0,100,100,100,100,100,500,100,100,122,0,0,0,0,0,0,0,0,0,0,0,10,0,0,0,0,2,0,0,0,0,0,0,1,0,0,1,255,1,255,0,255,0,0,0,0,0,0,0,0,0,0,0,4,1,0,0,0,0,0,0,0,9,0,0,-1,-1,2100,2010,-1,-1,-1,-1,-1,-1,-1,-1,-1,-1,-1,-1,-1,-1,-1,-1,-1,-1,-1,-1,-1,-1,-1,-1,-1,-1,-1,-1,0,0,0,0,0,0,0,0,0,0,0,0,-1,-1,-1,-1,-1,-1,-1,-1,-1,-1,-1,-1,-1,-1,-1,-1,-1,-1,-1,-1,-1,-1,-1,-1,0,0,0,0,0,0,0,0,0,0,0,0,0,0,0,0,0,0,0,0,0,0,0,0,255,139,139,100,0,0,0,1,0,0,0,65,90,100,100,0,0,100,-1,0,100,110,0,1,1,-1,0,0,60,0,[0|0|0],-1,0,0,[0|0|0|0|0|0|0|0|0|0]
6300323,Hand-to-Hand - Default Attack,0.4,0.2,0,0,1,0.04,6903,-1,-1,-1,1667,2,2,-1,-1,-1,-1,-1,-1,0,100,100,100,100,100,500,100,100,122,0,0,0,0,0,0,0,0,0,0,0,10,0,0,0,0,2,0,0,0,0,0,0,1,0,0,1,255,1,255,0,255,0,0,0,0,0,0,0,0,0,0,0,3,1,0,0,0,0,0,0,0,0,0,0,-1,-1,2100,2010,-1,-1,-1,-1,-1,-1,-1,-1,-1,-1,-1,-1,-1,-1,-1,-1,-1,-1,-1,-1,-1,-1,-1,-1,-1,-1,-1,-1,0,0,0,0,0,0,0,0,0,0,0,0,-1,-1,-1,-1,-1,-1,-1,-1,-1,-1,-1,-1,-1,-1,-1,-1,-1,-1,-1,-1,-1,-1,-1,-1,0,0,0,0,0,0,0,0,0,0,0,0,0,0,0,0,0,0,0,0,0,0,0,0,255,139,139,100,0,0,0,1,0,0,0,65,90,100,100,0,0,100,-1,0,100,110,0,1,1,-1,0,0,60,0,[0|0|0],-1,0,0,[0|0|0|0|0|0|0|0|0|0]
6300325,Hand-to-Hand - Default Attack,0.4,0,0,0,2,0.04,6903,-1,-1,1665,1667,5,0,-1,-1,930,0,-1,-1,0,115,115,115,115,195,500,100,100,122,0,0,0,0,0,0,0,0,0,0,0,10,0,0,0,0,0,0,0,0,0,0,0,2,0,0,1,255,1,255,0,255,0,0,0,0,0,0,0,0,0,0,0,4,1,0,0,0,0,0,0,0,9,0,0,-1,-1,2100,2010,-1,-1,-1,-1,-1,-1,-1,-1,-1,-1,-1,-1,-1,-1,-1,-1,-1,-1,-1,-1,-1,-1,-1,-1,-1,-1,-1,-1,0,0,0,0,0,0,0,0,0,0,0,0,-1,-1,-1,-1,-1,-1,-1,-1,-1,-1,-1,-1,-1,-1,-1,-1,-1,-1,-1,-1,-1,-1,-1,-1,0,0,0,0,0,0,0,0,0,0,0,0,0,0,0,0,0,0,0,0,0,0,0,0,255,139,139,115,0,0,0,1,0,0,0,65,90,100,100,0,0,100,-1,0,100,130,0,1,1,-1,0,0,180,0,[0|0|0],-1,127,0,[0|0|0|0|0|0|0|0|0|0]
6300326,Hand-to-Hand - Default Attack,0.4,0,0,0,2,0.04,6903,-1,-1,1665,1667,5,0,-1,-1,240,0,-1,-1,0,115,115,115,115,195,500,100,100,122,0,0,0,0,0,0,0,0,0,0,0,10,0,0,0,0,0,0,0,0,0,0,0,2,2,0,1,255,1,255,0,255,0,0,0,0,0,0,0,0,0,0,0,4,1,0,0,0,0,0,0,0,9,0,0,-1,-1,2100,2010,-1,-1,-1,-1,-1,-1,-1,-1,-1,-1,-1,-1,-1,-1,-1,-1,-1,-1,-1,-1,-1,-1,-1,-1,-1,-1,-1,-1,0,0,0,0,0,0,0,0,0,0,0,0,-1,-1,-1,-1,-1,-1,-1,-1,-1,-1,-1,-1,-1,-1,-1,-1,-1,-1,-1,-1,-1,-1,-1,-1,0,0,0,0,0,0,0,0,0,0,0,0,0,0,0,0,0,0,0,0,0,0,0,0,255,139,139,115,0,0,0,1,0,0,0,65,90,100,100,0,0,100,-1,0,100,130,0,1,1,-1,0,0,180,0,[0|0|0],-1,127,0,[0|0|0|0|0|0|0|0|0|0]
6300327,Hand-to-Hand - Default Bullet,0.4,0,0,0,0.3,0.04,6903,-1,-1,1665,1667,5,0,-1,-1,240,0,-1,-1,0,97,97,97,97,195,500,100,100,122,0,0,0,0,0,0,0,0,0,0,0,10,0,0,0,0,0,0,0,0,0,0,0,2,2,0,1,255,1,255,0,255,0,0,0,0,0,0,0,0,0,0,0,4,1,0,0,0,0,0,0,0,9,0,0,-1,-1,2100,2010,-1,-1,-1,-1,-1,-1,-1,-1,-1,-1,-1,-1,-1,-1,-1,-1,-1,-1,-1,-1,-1,-1,-1,-1,-1,-1,-1,-1,0,0,0,0,0,0,0,0,0,0,0,0,-1,-1,-1,-1,-1,-1,-1,-1,-1,-1,-1,-1,-1,-1,-1,-1,-1,-1,-1,-1,-1,-1,-1,-1,0,0,0,0,0,0,0,0,0,0,0,0,0,0,0,0,0,0,0,0,0,0,0,0,255,139,139,97,0,0,0,1,0,0,0,65,90,100,100,0,0,100,-1,0,100,130,0,1,1,-1,0,0,180,0,[0|0|0],-1,127,0,[0|0|0|0|0|0|0|0|0|0]
6300328,Hand-to-Hand - Default Attack,0.4,0,0,0,1.75,0.04,6903,-1,-1,-1,1667,6,0,-1,-1,940,0,-1,-1,0,115,115,115,115,195,500,100,100,122,0,0,0,0,0,0,0,0,0,0,0,10,0,0,0,0,0,0,0,0,0,0,0,2,0,0,1,255,1,255,0,255,0,0,0,0,0,0,0,0,0,0,0,0,1,0,0,0,0,0,0,0,0,0,0,-1,-1,2100,2010,-1,-1,-1,-1,-1,-1,-1,-1,-1,-1,-1,-1,-1,-1,-1,-1,-1,-1,-1,-1,-1,-1,-1,-1,-1,-1,-1,-1,0,0,0,0,0,0,0,0,0,0,0,0,-1,-1,-1,-1,-1,-1,-1,-1,-1,-1,-1,-1,-1,-1,-1,-1,-1,-1,-1,-1,-1,-1,-1,-1,0,0,0,0,0,0,0,0,0,0,0,0,0,0,0,0,0,0,0,0,0,0,0,0,255,139,139,115,0,0,0,1,0,0,0,65,90,100,100,0,0,100,-1,0,100,130,0,1,1,-1,0,0,180,0,[0|0|0],-1,127,0,[0|0|0|0|0|0|0|0|0|0]
6300329,Hand-to-Hand - Default Attack,0.4,0,0,0,1.75,0.04,6903,-1,-1,-1,1667,6,0,-1,-1,240,0,-1,-1,0,115,115,115,115,195,500,100,100,122,0,0,0,0,0,0,0,0,0,0,0,10,0,0,0,0,0,0,0,0,0,0,0,2,2,0,1,255,1,255,0,255,0,0,0,0,0,0,0,0,0,0,0,0,1,0,0,0,0,0,0,0,0,0,0,-1,-1,2100,2010,-1,-1,-1,-1,-1,-1,-1,-1,-1,-1,-1,-1,-1,-1,-1,-1,-1,-1,-1,-1,-1,-1,-1,-1,-1,-1,-1,-1,0,0,0,0,0,0,0,0,0,0,0,0,-1,-1,-1,-1,-1,-1,-1,-1,-1,-1,-1,-1,-1,-1,-1,-1,-1,-1,-1,-1,-1,-1,-1,-1,0,0,0,0,0,0,0,0,0,0,0,0,0,0,0,0,0,0,0,0,0,0,0,0,255,139,139,115,0,0,0,1,0,0,0,65,90,100,100,0,0,100,-1,0,100,130,0,1,1,-1,0,0,180,0,[0|0|0],-1,127,0,[0|0|0|0|0|0|0|0|0|0]
6300330,Hand-to-Hand - Default Attack,0.4,0.2,0,0,1,0.04,6903,-1,-1,1665,1667,1,1,-1,-1,-1,-1,-1,-1,0,85,85,85,85,100,500,100,100,121,0,0,0,0,0,0,0,0,0,0,0,10,0,0,0,0,2,0,0,0,0,0,0,1,0,0,1,255,1,255,0,255,0,0,0,0,0,0,0,0,0,0,0,0,1,0,0,0,0,0,0,0,9,0,0,-1,-1,2100,2010,-1,-1,-1,-1,-1,-1,-1,-1,-1,-1,-1,-1,-1,-1,-1,-1,-1,-1,-1,-1,-1,-1,-1,-1,-1,-1,-1,-1,0,0,0,0,0,0,0,0,0,0,0,0,-1,-1,-1,-1,-1,-1,-1,-1,-1,-1,-1,-1,-1,-1,-1,-1,-1,-1,-1,-1,-1,-1,-1,-1,0,0,0,0,0,0,0,0,0,0,0,0,0,0,0,0,0,0,0,0,0,0,0,0,255,139,139,85,0,0,0,1,0,0,0,65,90,100,100,0,0,100,-1,0,100,90,0,1,1,-1,0,0,60,0,[0|0|0],-1,0,0,[0|0|0|0|0|0|0|0|0|0]
6300333,Hand-to-Hand - Default Attack,0.4,0,0,0,1,0.04,6903,-1,-1,-1,1667,6,0,-1,-1,940,0,-1,-1,0,85,85,85,85,100,500,100,100,121,0,0,0,0,0,0,0,0,0,0,0,10,0,0,0,0,0,0,0,0,0,0,0,1,0,0,1,255,1,255,0,255,0,0,0,0,0,0,0,0,0,0,0,4,1,0,0,0,0,0,0,0,0,0,0,-1,-1,2100,2010,-1,-1,-1,-1,-1,-1,-1,-1,-1,-1,-1,-1,-1,-1,-1,-1,-1,-1,-1,-1,-1,-1,-1,-1,-1,-1,-1,-1,0,0,0,0,0,0,0,0,0,0,0,0,-1,-1,-1,-1,-1,-1,-1,-1,-1,-1,-1,-1,-1,-1,-1,-1,-1,-1,-1,-1,-1,-1,-1,-1,0,0,0,0,0,0,0,0,0,0,0,0,0,0,0,0,0,0,0,0,0,0,0,0,255,139,139,85,0,0,0,1,0,0,0,65,90,100,100,0,0,100,-1,0,100,90,0,1,1,-1,0,0,60,0,[0|0|0],-1,127,0,[0|0|0|0|0|0|0|0|0|0]
6300334,Hand-to-Hand - Default Attack,0.4,0,0,0,1,0.04,6903,-1,-1,-1,1667,6,0,-1,-1,240,0,-1,-1,0,85,85,85,85,100,500,100,100,121,0,0,0,0,0,0,0,0,0,0,0,10,0,0,0,0,0,0,0,0,0,0,0,1,2,0,1,255,1,255,0,255,0,0,0,0,0,0,0,0,0,0,0,4,1,0,0,0,0,0,0,0,0,0,0,-1,-1,2100,2010,-1,-1,-1,-1,-1,-1,-1,-1,-1,-1,-1,-1,-1,-1,-1,-1,-1,-1,-1,-1,-1,-1,-1,-1,-1,-1,-1,-1,0,0,0,0,0,0,0,0,0,0,0,0,-1,-1,-1,-1,-1,-1,-1,-1,-1,-1,-1,-1,-1,-1,-1,-1,-1,-1,-1,-1,-1,-1,-1,-1,0,0,0,0,0,0,0,0,0,0,0,0,0,0,0,0,0,0,0,0,0,0,0,0,255,139,139,85,0,0,0,1,0,0,0,65,90,100,100,0,0,100,-1,0,100,90,0,1,1,-1,0,0,60,0,[0|0|0],-1,127,0,[0|0|0|0|0|0|0|0|0|0]
6300340,Hand-to-Hand - Default Attack,0.4,0,0,0,1.1,0.04,6903,-1,-1,1665,-1,5,0,-1,-1,930,0,-1,-1,0,94,94,94,94,180,500,100,100,121,0,0,0,0,0,0,0,0,0,0,0,20,0,0,0,0,0,0,0,0,0,0,0,1,0,0,1,255,1,255,0,255,0,0,0,0,0,0,0,0,0,0,0,3,1,0,0,0,0,0,0,0,9,0,0,-1,-1,2100,2010,-1,-1,-1,-1,-1,-1,-1,-1,-1,-1,-1,-1,-1,-1,-1,-1,-1,-1,-1,-1,-1,-1,-1,-1,-1,-1,-1,-1,0,0,0,0,0,0,0,0,0,0,0,0,-1,-1,-1,-1,-1,-1,-1,-1,-1,-1,-1,-1,-1,-1,-1,-1,-1,-1,-1,-1,-1,-1,-1,-1,0,0,0,0,0,0,0,0,0,0,0,0,0,0,0,0,0,0,0,0,0,0,0,0,255,139,139,94,0,0,0,1,0,0,0,65,90,100,100,0,0,100,-1,0,100,90,0,1,1,-1,0,0,120,0,[0|0|0],-1,127,0,[0|0|0|0|0|0|0|0|0|0]
6300341,Hand-to-Hand - Default Attack,0.4,0,0,0,1.1,0.04,6903,-1,-1,1665,-1,5,0,-1,-1,240,0,-1,-1,0,94,94,94,94,180,500,100,100,121,0,0,0,0,0,0,0,0,0,0,0,20,0,0,0,0,0,0,0,0,0,0,0,1,2,0,1,255,1,255,0,255,0,0,0,0,0,0,0,0,0,0,0,3,1,0,0,0,0,0,0,0,9,0,0,-1,-1,2100,2010,-1,-1,-1,-1,-1,-1,-1,-1,-1,-1,-1,-1,-1,-1,-1,-1,-1,-1,-1,-1,-1,-1,-1,-1,-1,-1,-1,-1,0,0,0,0,0,0,0,0,0,0,0,0,-1,-1,-1,-1,-1,-1,-1,-1,-1,-1,-1,-1,-1,-1,-1,-1,-1,-1,-1,-1,-1,-1,-1,-1,0,0,0,0,0,0,0,0,0,0,0,0,0,0,0,0,0,0,0,0,0,0,0,0,255,139,139,94,0,0,0,1,0,0,0,65,90,100,100,0,0,100,-1,0,100,90,0,1,1,-1,0,0,120,0,[0|0|0],-1,127,0,[0|0|0|0|0|0|0|0|0|0]
6300343,Hand-to-Hand - Default Attack,0.4,0.2,0,0,1,0.04,6903,-1,-1,-1,1667,2,2,-1,-1,-1,-1,-1,-1,0,79,79,79,79,80,500,100,100,121,0,0,0,0,0,0,0,0,0,0,0,20,0,0,0,0,2,0,0,0,0,0,0,1,0,0,1,255,1,255,0,255,0,0,0,0,0,0,0,0,0,0,0,4,1,0,0,0,0,0,0,0,0,0,0,-1,-1,2100,2010,-1,-1,-1,-1,-1,-1,-1,-1,-1,-1,-1,-1,-1,-1,-1,-1,-1,-1,-1,-1,-1,-1,-1,-1,-1,-1,-1,-1,0,0,0,0,0,0,0,0,0,0,0,0,-1,-1,-1,-1,-1,-1,-1,-1,-1,-1,-1,-1,-1,-1,-1,-1,-1,-1,-1,-1,-1,-1,-1,-1,0,0,0,0,0,0,0,0,0,0,0,0,0,0,0,0,0,0,0,0,0,0,0,0,255,139,139,79,0,0,0,1,0,0,0,65,90,100,100,0,0,100,-1,0,100,90,0,1,1,-1,0,0,40,0,[0|0|0],-1,0,0,[0|0|0|0|0|0|0|0|0|0]
6300350,Hand-to-Hand - Default Attack,0.5,0.2,0,0,0.4,0.04,6903,-1,-1,1665,-1,1,1,-1,-1,-1,-1,-1,-1,0,102,102,102,102,90,9900,100,100,102,0,0,0,0,0,0,0,0,0,0,0,20,0,0,0,0,2,0,0,0,0,0,0,1,0,0,1,255,1,255,0,255,0,0,0,0,0,0,0,0,0,0,0,1,1,0,0,0,0,0,0,0,9,0,0,-1,-1,2100,2010,-1,-1,-1,-1,-1,-1,-1,-1,-1,-1,-1,-1,-1,-1,-1,-1,-1,-1,-1,-1,-1,-1,-1,-1,-1,-1,-1,-1,0,0,0,0,0,0,0,0,0,0,0,0,-1,-1,-1,-1,-1,-1,-1,-1,-1,-1,-1,-1,-1,-1,-1,-1,-1,-1,-1,-1,-1,-1,-1,-1,0,0,0,0,0,0,0,0,0,0,0,0,0,0,0,0,0,0,0,0,0,0,0,0,255,139,139,102,0,0,0,1,0,0,0,65,90,100,100,0,0,100,-1,0,100,130,0,1,1,-1,0,0,90,0,[0|0|0],-1,0,0,[0|0|0|0|0|0|0|0|0|0]
6300353,Hand-to-Hand - Default Attack,0.5,0.2,0,0,1.2,0.04,6903,-1,-1,-1,1667,2,2,-1,-1,-1,-1,-1,-1,0,102,102,102,102,90,9900,100,100,102,0,0,0,0,0,0,0,0,0,0,0,20,0,0,0,0,2,0,0,0,0,0,0,1,0,0,1,255,1,255,0,255,0,0,0,0,0,0,0,0,0,0,0,3,1,0,0,0,0,0,0,0,0,0,0,-1,-1,2100,2010,-1,-1,-1,-1,-1,-1,-1,-1,-1,-1,-1,-1,-1,-1,-1,-1,-1,-1,-1,-1,-1,-1,-1,-1,-1,-1,-1,-1,0,0,0,0,0,0,0,0,0,0,0,0,-1,-1,-1,-1,-1,-1,-1,-1,-1,-1,-1,-1,-1,-1,-1,-1,-1,-1,-1,-1,-1,-1,-1,-1,0,0,0,0,0,0,0,0,0,0,0,0,0,0,0,0,0,0,0,0,0,0,0,0,255,139,139,102,0,0,0,1,0,0,0,65,90,100,100,0,0,100,-1,0,100,130,0,1,1,-1,0,0,90,0,[0|0|0],-1,0,0,[0|0|0|0|0|0|0|0|0|0]
6300360,Hand-to-Hand - Default Attack,0.5,0,0,0,0.7,0.04,6904,-1,-1,1665,-1,5,0,-1,-1,930,0,-1,-1,0,123,123,123,123,170,9900,100,100,102,0,0,0,0,0,0,0,0,0,0,0,20,0,0,0,0,0,0,0,0,0,0,0,2,0,0,1,255,1,255,0,255,0,0,0,0,0,0,0,0,0,0,0,1,1,0,0,0,0,0,0,0,0,0,0,-1,-1,2100,2010,-1,-1,-1,-1,-1,-1,-1,-1,-1,-1,-1,-1,-1,-1,-1,-1,-1,-1,-1,-1,-1,-1,-1,-1,-1,-1,-1,-1,0,0,0,0,0,0,0,0,0,0,0,0,-1,-1,-1,-1,-1,-1,-1,-1,-1,-1,-1,-1,-1,-1,-1,-1,-1,-1,-1,-1,-1,-1,-1,-1,0,0,0,0,0,0,0,0,0,0,0,0,0,0,0,0,0,0,0,0,0,0,0,0,255,139,139,123,0,0,0,1,0,0,0,65,90,100,100,0,0,100,-1,0,100,140,0,1,1,-1,0,0,280,0,[0|0|0],-1,127,0,[0|0|0|0|0|0|0|0|0|0]
6300362,Hand-to-Hand - Default Bullet,0.5,0,0,0,0.3,0.04,6904,-1,-1,1665,-1,5,0,-1,-1,930,0,-1,-1,0,107,107,107,107,170,9900,100,100,102,0,0,0,0,0,0,0,0,0,0,0,20,0,0,0,0,0,0,0,0,0,0,0,2,0,0,1,255,1,255,0,255,0,0,0,0,0,0,0,0,0,0,0,1,1,0,0,0,0,0,0,0,0,0,0,-1,-1,2100,2010,-1,-1,-1,-1,-1,-1,-1,-1,-1,-1,-1,-1,-1,-1,-1,-1,-1,-1,-1,-1,-1,-1,-1,-1,-1,-1,-1,-1,0,0,0,0,0,0,0,0,0,0,0,0,-1,-1,-1,-1,-1,-1,-1,-1,-1,-1,-1,-1,-1,-1,-1,-1,-1,-1,-1,-1,-1,-1,-1,-1,0,0,0,0,0,0,0,0,0,0,0,0,0,0,0,0,0,0,0,0,0,0,0,0,255,139,139,107,0,0,0,1,0,0,0,65,90,100,100,0,0,100,-1,0,100,140,0,1,1,-1,0,0,280,0,[0|0|0],-1,127,0,[0|0|0|0|0|0|0|0|0|0]
6300363,Hand-to-Hand - Default Attack,0.5,0,0,0,0.4,0.04,6904,-1,-1,-1,1667,6,0,-1,-1,940,0,-1,-1,0,110,110,110,110,130,9900,100,100,102,0,0,0,0,0,0,0,0,0,0,0,20,0,0,0,0,0,0,0,0,0,0,0,2,0,0,1,255,1,255,0,255,0,0,0,0,0,0,0,0,0,0,0,4,1,0,0,0,0,0,0,0,9,0,0,-1,-1,2100,2010,-1,-1,-1,-1,-1,-1,-1,-1,-1,-1,-1,-1,-1,-1,-1,-1,-1,-1,-1,-1,-1,-1,-1,-1,-1,-1,-1,-1,0,0,0,0,0,0,0,0,0,0,0,0,-1,-1,-1,-1,-1,-1,-1,-1,-1,-1,-1,-1,-1,-1,-1,-1,-1,-1,-1,-1,-1,-1,-1,-1,0,0,0,0,0,0,0,0,0,0,0,0,0,0,0,0,0,0,0,0,0,0,0,0,255,139,139,110,0,0,0,1,0,0,0,65,90,100,100,0,0,100,-1,0,100,140,0,1,1,-1,0,0,200,0,[0|0|0],-1,127,0,[0|0|0|0|0|0|0|0|0|0]
6300364,Hand-to-Hand - Default Bullet,0.5,0,0,0,0.3,0.04,6904,-1,-1,-1,1667,6,0,-1,-1,940,0,-1,-1,0,100,100,100,100,130,9900,100,100,102,0,0,0,0,0,0,0,0,0,0,0,20,0,0,0,0,0,0,0,0,0,0,0,2,0,0,1,255,1,255,0,255,0,0,0,0,0,0,0,0,0,0,0,4,1,0,0,0,0,0,0,0,9,0,0,-1,-1,2100,2010,-1,-1,-1,-1,-1,-1,-1,-1,-1,-1,-1,-1,-1,-1,-1,-1,-1,-1,-1,-1,-1,-1,-1,-1,-1,-1,-1,-1,0,0,0,0,0,0,0,0,0,0,0,0,-1,-1,-1,-1,-1,-1,-1,-1,-1,-1,-1,-1,-1,-1,-1,-1,-1,-1,-1,-1,-1,-1,-1,-1,0,0,0,0,0,0,0,0,0,0,0,0,0,0,0,0,0,0,0,0,0,0,0,0,255,139,139,100,0,0,0,1,0,0,0,65,90,100,100,0,0,100,-1,0,100,140,0,1,1,-1,0,0,200,0,[0|0|0],-1,127,0,[0|0|0|0|0|0|0|0|0|0]
6300380,Hand-to-Hand - Default Attack,0.4,0.2,0,0,1.2,0.04,-1,-1,-1,-1,-1,1,1,-1,-1,-1,-1,-1,-1,0,113,113,113,113,150,9900,100,60000,103,0,0,0,0,0,0,0,0,0,0,0,10,0,0,0,0,2,0,0,0,0,0,0,2,0,0,1,255,1,255,0,255,0,0,0,0,0,0,0,0,0,0,0,0,1,0,0,0,0,0,0,0,9,0,0,-1,-1,2100,2010,-1,-1,-1,-1,-1,-1,-1,-1,-1,-1,-1,-1,-1,-1,-1,-1,-1,-1,-1,-1,-1,-1,-1,-1,-1,-1,-1,-1,0,0,0,0,0,0,0,0,0,0,0,0,-1,-1,-1,-1,-1,-1,-1,-1,-1,-1,-1,-1,-1,-1,-1,-1,-1,-1,-1,-1,-1,-1,-1,-1,0,0,0,0,0,0,0,0,0,0,0,0,0,0,0,0,0,0,0,0,0,0,0,0,255,139,139,113,0,0,0,1,0,0,0,65,90,100,100,0,0,100,-1,0,100,100,0,1,1,-1,0,0,330,0,[0|0|0],-1,0,0,[0|0|0|0|0|0|0|0|0|0]
6300381,Hand-to-Hand - Default Attack,0.4,0.2,0,0,1.2,0.04,-1,-1,-1,1665,1667,2,2,-1,-1,-1,-1,-1,-1,0,113,113,113,113,150,9900,100,60000,103,0,0,0,0,0,0,0,0,0,0,0,10,0,0,0,0,2,0,0,0,0,0,0,2,0,0,1,255,1,255,0,255,0,0,0,0,0,0,0,0,0,0,0,0,1,0,0,0,0,0,0,0,0,0,0,-1,-1,2100,2010,-1,-1,-1,-1,-1,-1,-1,-1,-1,-1,-1,-1,-1,-1,-1,-1,-1,-1,-1,-1,-1,-1,-1,-1,-1,-1,-1,-1,0,0,0,0,0,0,0,0,0,0,0,0,-1,-1,-1,-1,-1,-1,-1,-1,-1,-1,-1,-1,-1,-1,-1,-1,-1,-1,-1,-1,-1,-1,-1,-1,0,0,0,0,0,0,0,0,0,0,0,0,0,0,0,0,0,0,0,0,0,0,0,0,255,139,139,113,0,0,0,1,0,0,0,65,90,100,100,0,0,100,-1,0,100,100,0,1,1,-1,0,0,330,0,[0|0|0],-1,0,0,[0|0|0|0|0|0|0|0|0|0]
6300382,Hand-to-Hand - Default Bullet,0.4,0.2,0,0,0.3,0.04,-1,-1,-1,-1,-1,1,1,-1,-1,-1,-1,-1,-1,0,160,160,160,160,150,9900,100,60000,103,0,0,0,0,0,0,0,0,0,0,0,10,0,0,0,0,2,0,0,0,0,0,0,2,0,0,1,255,1,255,0,255,0,0,0,0,0,0,0,0,0,0,0,0,1,0,0,0,0,0,0,0,9,0,0,-1,-1,2100,2010,-1,-1,-1,-1,-1,-1,-1,-1,-1,-1,-1,-1,-1,-1,-1,-1,-1,-1,-1,-1,-1,-1,-1,-1,-1,-1,-1,-1,0,0,0,0,0,0,0,0,0,0,0,0,-1,-1,-1,-1,-1,-1,-1,-1,-1,-1,-1,-1,-1,-1,-1,-1,-1,-1,-1,-1,-1,-1,-1,-1,0,0,0,0,0,0,0,0,0,0,0,0,0,0,0,0,0,0,0,0,0,0,0,0,255,139,139,160,0,0,0,1,0,0,0,65,90,100,100,0,0,100,-1,0,100,100,0,1,1,-1,0,0,330,0,[0|0|0],-1,0,0,[0|0|0|0|0|0|0|0|0|0]
6300383,Hand-to-Hand - Default Bullet,0.4,0.2,0,0,0.3,0.04,-1,-1,-1,1665,1667,2,2,-1,-1,-1,-1,-1,-1,0,160,160,160,160,150,9900,100,60000,103,0,0,0,0,0,0,0,0,0,0,0,10,0,0,0,0,2,0,0,0,0,0,0,2,0,0,1,255,1,255,0,255,0,0,0,0,0,0,0,0,0,0,0,0,1,0,0,0,0,0,0,0,0,0,0,-1,-1,2100,2010,-1,-1,-1,-1,-1,-1,-1,-1,-1,-1,-1,-1,-1,-1,-1,-1,-1,-1,-1,-1,-1,-1,-1,-1,-1,-1,-1,-1,0,0,0,0,0,0,0,0,0,0,0,0,-1,-1,-1,-1,-1,-1,-1,-1,-1,-1,-1,-1,-1,-1,-1,-1,-1,-1,-1,-1,-1,-1,-1,-1,0,0,0,0,0,0,0,0,0,0,0,0,0,0,0,0,0,0,0,0,0,0,0,0,255,139,139,160,0,0,0,1,0,0,0,65,90,100,100,0,0,100,-1,0,100,100,0,1,1,-1,0,0,330,0,[0|0|0],-1,0,0,[0|0|0|0|0|0|0|0|0|0]
6300400,Hand-to-Hand - Default Attack,0.4,0.2,0,0,1,0.08,6902,-1,-1,-1,1667,2,2,-1,-1,-1,-1,-1,-1,0,100,100,100,100,100,100,100,100,0,0,0,0,0,0,0,0,0,0,0,0,10,0,0,0,0,2,0,0,0,0,0,0,1,0,0,1,255,1,255,0,255,0,0,0,0,0,0,0,0,0,0,0,2,1,0,0,0,0,0,0,0,0,0,0,-1,-1,2100,2010,-1,-1,-1,-1,-1,-1,-1,-1,-1,-1,-1,-1,-1,-1,-1,-1,-1,-1,-1,-1,-1,-1,-1,-1,-1,-1,-1,-1,0,0,0,0,0,0,0,0,0,0,0,0,-1,-1,-1,-1,-1,-1,-1,-1,-1,-1,-1,-1,-1,-1,-1,-1,-1,-1,-1,-1,-1,-1,-1,-1,0,0,0,0,0,0,0,0,0,0,0,0,0,0,0,0,0,0,0,0,0,0,0,0,255,139,139,100,0,0,0,0,0,0,0,100,100,100,100,0,0,100,-1,0,100,100,0,1,1,-1,0,0,100,0,[0|0|0],-1,0,0,[0|0|0|0|0|0|0|0|0|0]
6300410,Hand-to-Hand - Default Attack,0.4,0.2,0,0,1,0.08,6902,-1,-1,-1,1667,831,831,-1,-1,-1,-1,-1,-1,0,101,101,101,101,100,100,100,100,0,0,0,0,0,0,0,0,0,0,0,0,10,0,0,0,0,2,0,0,0,0,0,0,1,0,0,1,255,1,255,0,255,0,0,0,0,0,0,0,0,0,0,0,4,1,0,0,0,0,0,0,0,0,0,0,-1,-1,2100,2010,-1,-1,-1,-1,-1,-1,-1,-1,-1,-1,-1,-1,-1,-1,-1,-1,-1,-1,-1,-1,-1,-1,-1,-1,-1,-1,-1,-1,0,0,0,0,0,0,0,0,0,0,0,0,-1,-1,-1,-1,-1,-1,-1,-1,-1,-1,-1,-1,-1,-1,-1,-1,-1,-1,-1,-1,-1,-1,-1,-1,0,0,0,0,0,0,0,0,0,0,0,0,0,0,0,0,0,0,0,0,0,0,0,0,255,139,139,101,0,0,0,0,0,0,0,100,100,100,100,0,0,100,-1,0,100,100,0,1,1,-1,0,0,100,0,[0|0|0],-1,0,0,[0|0|0|0|0|0|0|0|0|0]
6300420,Hand-to-Hand - Default Attack,0.4,0,0,0,1.15,0.08,6902,-1,-1,-1,1667,5,0,-1,-1,930,0,-1,-1,0,102,102,102,102,150,100,100,100,0,0,0,0,0,0,0,0,0,0,0,0,10,0,0,0,0,0,0,0,0,0,0,0,1,0,0,1,255,1,255,0,255,0,0,0,0,0,0,0,0,0,0,0,4,1,0,0,0,0,0,0,0,0,0,0,-1,-1,2100,2010,-1,-1,-1,-1,-1,-1,-1,-1,-1,-1,-1,-1,-1,-1,-1,-1,-1,-1,-1,-1,-1,-1,-1,-1,-1,-1,-1,-1,0,0,0,0,0,0,0,0,0,0,0,0,-1,-1,-1,-1,-1,-1,-1,-1,-1,-1,-1,-1,-1,-1,-1,-1,-1,-1,-1,-1,-1,-1,-1,-1,0,0,0,0,0,0,0,0,0,0,0,0,0,0,0,0,0,0,0,0,0,0,0,0,255,139,139,102,0,0,0,0,0,0,0,100,100,100,100,0,0,100,-1,0,100,105,0,1,1,-1,0,0,150,0,[0|0|0],-1,127,0,[0|0|0|0|0|0|0|0|0|0]
6300421,Hand-to-Hand - Default Attack,0.4,0,0,0,1.15,0.08,6902,-1,-1,-1,1667,5,0,-1,-1,240,0,-1,-1,0,102,102,102,102,150,100,100,100,0,0,0,0,0,0,0,0,0,0,0,0,10,0,0,0,0,0,0,0,0,0,0,0,1,2,0,1,255,1,255,0,255,0,0,0,0,0,0,0,0,0,0,0,4,1,0,0,0,0,0,0,0,0,0,0,-1,-1,2100,2010,-1,-1,-1,-1,-1,-1,-1,-1,-1,-1,-1,-1,-1,-1,-1,-1,-1,-1,-1,-1,-1,-1,-1,-1,-1,-1,-1,-1,0,0,0,0,0,0,0,0,0,0,0,0,-1,-1,-1,-1,-1,-1,-1,-1,-1,-1,-1,-1,-1,-1,-1,-1,-1,-1,-1,-1,-1,-1,-1,-1,0,0,0,0,0,0,0,0,0,0,0,0,0,0,0,0,0,0,0,0,0,0,0,0,255,139,139,102,0,0,0,0,0,0,0,100,100,100,100,0,0,100,-1,0,100,105,0,1,1,-1,0,0,150,0,[0|0|0],-1,127,0,[0|0|0|0|0|0|0|0|0|0]
6300430,Hand-to-Hand - Default Attack,0.4,0,0,0,1.3,0.08,6902,-1,-1,-1,1667,6,0,-1,-1,940,0,-1,-1,0,103,103,103,103,150,100,100,100,0,0,0,0,0,0,0,0,0,0,0,0,10,0,0,0,0,0,0,0,0,0,0,0,1,0,0,1,255,1,255,0,255,0,0,0,0,0,0,0,0,0,0,0,0,1,0,0,0,0,0,0,0,0,0,0,-1,-1,2100,2010,-1,-1,-1,-1,-1,-1,-1,-1,-1,-1,-1,-1,-1,-1,-1,-1,-1,-1,-1,-1,-1,-1,-1,-1,-1,-1,-1,-1,0,0,0,0,0,0,0,0,0,0,0,0,-1,-1,-1,-1,-1,-1,-1,-1,-1,-1,-1,-1,-1,-1,-1,-1,-1,-1,-1,-1,-1,-1,-1,-1,0,0,0,0,0,0,0,0,0,0,0,0,0,0,0,0,0,0,0,0,0,0,0,0,255,139,139,103,0,0,0,0,0,0,0,100,100,100,100,0,0,100,-1,0,100,105,0,1,1,-1,0,0,150,0,[0|0|0],-1,127,0,[0|0|0|0|0|0|0|0|0|0]
6300431,Hand-to-Hand - Default Attack,0.4,0,0,0,1.3,0.08,6902,-1,-1,-1,1667,6,0,-1,-1,240,0,-1,-1,0,103,103,103,103,150,100,100,100,0,0,0,0,0,0,0,0,0,0,0,0,10,0,0,0,0,0,0,0,0,0,0,0,1,2,0,1,255,1,255,0,255,0,0,0,0,0,0,0,0,0,0,0,0,1,0,0,0,0,0,0,0,0,0,0,-1,-1,2100,2010,-1,-1,-1,-1,-1,-1,-1,-1,-1,-1,-1,-1,-1,-1,-1,-1,-1,-1,-1,-1,-1,-1,-1,-1,-1,-1,-1,-1,0,0,0,0,0,0,0,0,0,0,0,0,-1,-1,-1,-1,-1,-1,-1,-1,-1,-1,-1,-1,-1,-1,-1,-1,-1,-1,-1,-1,-1,-1,-1,-1,0,0,0,0,0,0,0,0,0,0,0,0,0,0,0,0,0,0,0,0,0,0,0,0,255,139,139,103,0,0,0,0,0,0,0,100,100,100,100,0,0,100,-1,0,100,105,0,1,1,-1,0,0,150,0,[0|0|0],-1,127,0,[0|0|0|0|0|0|0|0|0|0]
6300440,Hand-to-Hand - Default Attack,0.4,0.2,0,0,1,0.08,6902,-1,-1,-1,1667,2,2,-1,-1,-1,-1,-1,-1,0,104,104,104,104,100,100,100,100,0,0,0,0,0,0,0,0,0,0,0,0,10,0,0,0,0,2,0,0,0,0,0,0,1,0,0,1,255,1,255,0,255,0,0,0,0,0,0,0,0,0,0,0,3,1,0,0,0,0,0,0,0,0,0,0,-1,-1,2100,2010,-1,-1,-1,-1,-1,-1,-1,-1,-1,-1,-1,-1,-1,-1,-1,-1,-1,-1,-1,-1,-1,-1,-1,-1,-1,-1,-1,-1,0,0,0,0,0,0,0,0,0,0,0,0,-1,-1,-1,-1,-1,-1,-1,-1,-1,-1,-1,-1,-1,-1,-1,-1,-1,-1,-1,-1,-1,-1,-1,-1,0,0,0,0,0,0,0,0,0,0,0,0,0,0,0,0,0,0,0,0,0,0,0,0,255,139,139,104,0,0,0,0,0,0,0,100,100,100,100,0,0,100,-1,0,100,105,0,1,1,-1,0,0,100,0,[0|0|0],-1,0,0,[0|0|0|0|0|0|0|0|0|0]
6300450,Hand-to-Hand - Default Attack,0.4,0,0,0,1.3,0.08,6902,-1,-1,-1,1667,5,0,-1,-1,-1,0,-1,-1,0,110,110,110,110,150,100,100,100,104,0,0,0,0,0,0,0,0,0,0,0,10,0,0,0,0,0,0,0,0,0,0,0,1,0,0,1,255,1,255,0,255,0,0,0,0,0,0,0,0,0,0,0,0,1,0,0,0,0,0,0,0,0,0,0,-1,-1,2100,2010,-1,-1,-1,-1,-1,-1,-1,-1,-1,-1,-1,-1,-1,-1,-1,-1,-1,-1,-1,-1,-1,-1,-1,-1,-1,-1,-1,-1,0,0,0,0,0,0,0,0,0,0,0,0,-1,-1,-1,-1,-1,-1,-1,-1,-1,-1,-1,-1,-1,-1,-1,-1,-1,-1,-1,-1,-1,-1,-1,-1,0,0,0,0,0,0,0,0,0,0,0,0,0,0,0,0,0,0,0,0,0,0,0,0,255,139,139,110,0,0,0,0,0,0,0,100,100,100,100,0,0,100,-1,0,100,110,0,1,1,-1,0,0,300,0,[0|0|0],-1,127,0,[0|0|0|0|0|0|0|0|0|0]
6300451,Hand-to-Hand - Default Attack,0.4,0,0,0,1.3,0.08,6902,-1,-1,-1,1667,5,0,-1,-1,240,0,-1,-1,0,110,110,110,110,150,100,100,100,104,0,0,0,0,0,0,0,0,0,0,0,10,0,0,0,0,0,0,0,0,0,0,0,1,2,0,1,255,1,255,0,255,0,0,0,0,0,0,0,0,0,0,0,0,1,0,0,0,0,0,0,0,0,0,0,-1,-1,2100,2010,-1,-1,-1,-1,-1,-1,-1,-1,-1,-1,-1,-1,-1,-1,-1,-1,-1,-1,-1,-1,-1,-1,-1,-1,-1,-1,-1,-1,0,0,0,0,0,0,0,0,0,0,0,0,-1,-1,-1,-1,-1,-1,-1,-1,-1,-1,-1,-1,-1,-1,-1,-1,-1,-1,-1,-1,-1,-1,-1,-1,0,0,0,0,0,0,0,0,0,0,0,0,0,0,0,0,0,0,0,0,0,0,0,0,255,139,139,110,0,0,0,0,0,0,0,100,100,100,100,0,0,100,-1,0,100,110,0,1,1,-1,0,0,300,0,[0|0|0],-1,127,0,[0|0|0|0|0|0|0|0|0|0]
6300509,Hand-to-Hand - Default Attack,0.4,0,0,0,0.6,0.08,-1,-1,-1,1665,1667,1,1,-1,-1,-1,-1,-1,-1,0,100,100,100,100,100,100,100,100,0,0,0,0,0,0,0,0,0,0,0,0,10,0,0,0,0,0,0,0,0,0,0,0,8,0,0,1,255,1,255,0,255,0,0,0,0,0,0,0,0,0,0,0,0,1,0,0,0,0,0,0,0,0,0,0,-1,-1,2100,2010,-1,-1,-1,-1,-1,-1,-1,-1,-1,-1,-1,-1,-1,-1,-1,-1,-1,-1,-1,-1,-1,-1,-1,-1,-1,-1,-1,-1,0,0,0,0,0,0,0,0,0,0,0,0,-1,-1,-1,-1,-1,-1,-1,-1,-1,-1,-1,-1,-1,-1,-1,-1,-1,-1,-1,-1,-1,-1,-1,-1,0,0,0,0,0,0,0,0,0,0,0,0,0,0,0,0,0,0,0,0,0,0,0,0,255,139,139,100,0,0,1,1,0,0,0,100,100,100,100,0,0,100,-1,0,100,0,0,1,1,-1,0,0,0,0,[0|0|0],-1,0,0,[0|0|0|0|0|0|0|0|0|0]
6300800,Hand-to-Hand - Default Attack,0.4,0.2,0,0,1,0.04,6902,-1,-1,1665,-1,1,1,-1,-1,-1,-1,-1,-1,0,92,92,92,92,90,500,100,100,0,0,0,0,0,0,0,0,0,0,0,0,10,0,0,0,0,2,0,0,0,0,0,0,1,0,0,1,255,1,255,0,255,0,0,0,0,0,0,0,0,0,0,0,4,1,0,0,0,0,0,0,0,0,0,0,-1,-1,2100,2010,-1,-1,-1,-1,-1,-1,-1,-1,-1,-1,-1,-1,-1,-1,-1,-1,-1,-1,-1,-1,-1,-1,-1,-1,-1,-1,-1,-1,0,0,0,0,0,0,0,0,0,0,0,0,-1,-1,-1,-1,-1,-1,-1,-1,-1,-1,-1,-1,-1,-1,-1,-1,-1,-1,-1,-1,-1,-1,-1,-1,0,0,0,0,0,0,0,0,0,0,0,0,0,0,0,0,0,0,0,0,0,0,0,0,255,139,139,92,0,0,0,0,0,0,0,65,90,100,100,0,0,100,-1,0,100,100,0,1,1,-1,0,0,60,0,[0|0|0],-1,0,0,[0|0|0|0|0|0|0|0|0|0]
6300805,Hand-to-Hand - Default Attack,0.5,0.2,0,0,0.5,0.04,6902,-1,-1,-1,1667,2,2,-1,-1,-1,-1,-1,-1,0,92,92,92,92,90,500,100,100,0,0,0,0,0,0,0,0,0,0,0,0,10,0,0,0,0,2,0,0,0,0,0,0,1,0,0,1,255,1,255,0,255,0,0,0,0,0,0,0,0,0,0,0,3,1,0,0,0,0,0,0,0,9,0,0,-1,-1,2100,2010,-1,-1,-1,-1,-1,-1,-1,-1,-1,-1,-1,-1,-1,-1,-1,-1,-1,-1,-1,-1,-1,-1,-1,-1,-1,-1,-1,-1,0,0,0,0,0,0,0,0,0,0,0,0,-1,-1,-1,-1,-1,-1,-1,-1,-1,-1,-1,-1,-1,-1,-1,-1,-1,-1,-1,-1,-1,-1,-1,-1,0,0,0,0,0,0,0,0,0,0,0,0,0,0,0,0,0,0,0,0,0,0,0,0,255,139,139,92,0,0,0,0,0,0,0,65,90,100,100,0,0,100,-1,0,100,100,0,1,1,-1,0,0,60,0,[0|0|0],-1,0,0,[0|0|0|0|0|0|0|0|0|0]
6300810,Hand-to-Hand - Default Attack,0.5,0,0,0,0.5,0.04,6902,-1,-1,1665,-1,5,0,-1,-1,930,0,-1,-1,0,94,94,94,94,135,500,100,100,0,0,0,0,0,0,0,0,0,0,0,0,10,0,0,0,0,0,0,0,0,0,0,0,1,0,0,1,255,1,255,0,255,0,0,0,0,0,0,0,0,0,0,0,4,1,0,0,0,0,0,0,0,9,0,0,-1,-1,2100,2010,-1,-1,-1,-1,-1,-1,-1,-1,-1,-1,-1,-1,-1,-1,-1,-1,-1,-1,-1,-1,-1,-1,-1,-1,-1,-1,-1,-1,0,0,0,0,0,0,0,0,0,0,0,0,-1,-1,-1,-1,-1,-1,-1,-1,-1,-1,-1,-1,-1,-1,-1,-1,-1,-1,-1,-1,-1,-1,-1,-1,0,0,0,0,0,0,0,0,0,0,0,0,0,0,0,0,0,0,0,0,0,0,0,0,255,139,139,94,0,0,0,0,0,0,0,65,90,100,100,0,0,100,-1,0,100,100,0,1,1,-1,0,0,90,0,[0|0|0],-1,127,0,[0|0|0|0|0|0|0|0|0|0]
6300811,Hand-to-Hand - Default Attack,0.4,0,0,0,0.5,0.04,6902,-1,-1,1665,-1,5,0,-1,-1,240,0,-1,-1,0,94,94,94,94,135,500,100,100,0,0,0,0,0,0,0,0,0,0,0,0,10,0,0,0,0,0,0,0,0,0,0,0,1,2,0,1,255,1,255,0,255,0,0,0,0,0,0,0,0,0,0,0,4,1,0,0,0,0,0,0,0,9,0,0,-1,-1,2100,2010,-1,-1,-1,-1,-1,-1,-1,-1,-1,-1,-1,-1,-1,-1,-1,-1,-1,-1,-1,-1,-1,-1,-1,-1,-1,-1,-1,-1,0,0,0,0,0,0,0,0,0,0,0,0,-1,-1,-1,-1,-1,-1,-1,-1,-1,-1,-1,-1,-1,-1,-1,-1,-1,-1,-1,-1,-1,-1,-1,-1,0,0,0,0,0,0,0,0,0,0,0,0,0,0,0,0,0,0,0,0,0,0,0,0,255,139,139,94,0,0,0,0,0,0,0,65,90,100,100,0,0,100,-1,0,100,100,0,1,1,-1,0,0,90,0,[0|0|0],-1,127,0,[0|0|0|0|0|0|0|0|0|0]
6300815,Hand-to-Hand - Default Attack,0.4,0,0,0,1.5,0.04,6902,-1,-1,-1,1667,5,0,-1,-1,930,0,-1,-1,0,94,94,94,94,135,500,100,100,0,0,0,0,0,0,0,0,0,0,0,0,10,0,0,0,0,0,0,0,0,0,0,0,1,0,0,1,255,1,255,0,255,0,0,0,0,0,0,0,0,0,0,0,4,1,0,0,0,0,0,0,0,0,0,0,-1,-1,2100,2010,-1,-1,-1,-1,-1,-1,-1,-1,-1,-1,-1,-1,-1,-1,-1,-1,-1,-1,-1,-1,-1,-1,-1,-1,-1,-1,-1,-1,0,0,0,0,0,0,0,0,0,0,0,0,-1,-1,-1,-1,-1,-1,-1,-1,-1,-1,-1,-1,-1,-1,-1,-1,-1,-1,-1,-1,-1,-1,-1,-1,0,0,0,0,0,0,0,0,0,0,0,0,0,0,0,0,0,0,0,0,0,0,0,0,255,139,139,94,0,0,0,0,0,0,0,65,90,100,100,0,0,100,-1,0,100,100,0,1,1,-1,0,0,90,0,[0|0|0],-1,127,0,[0|0|0|0|0|0|0|0|0|0]
6300816,Hand-to-Hand - Default Attack,0.4,0,0,0,1.5,0.04,6902,-1,-1,-1,1667,5,0,-1,-1,240,0,-1,-1,0,94,94,94,94,135,500,100,100,0,0,0,0,0,0,0,0,0,0,0,0,10,0,0,0,0,0,0,0,0,0,0,0,1,2,0,1,255,1,255,0,255,0,0,0,0,0,0,0,0,0,0,0,4,1,0,0,0,0,0,0,0,0,0,0,-1,-1,2100,2010,-1,-1,-1,-1,-1,-1,-1,-1,-1,-1,-1,-1,-1,-1,-1,-1,-1,-1,-1,-1,-1,-1,-1,-1,-1,-1,-1,-1,0,0,0,0,0,0,0,0,0,0,0,0,-1,-1,-1,-1,-1,-1,-1,-1,-1,-1,-1,-1,-1,-1,-1,-1,-1,-1,-1,-1,-1,-1,-1,-1,0,0,0,0,0,0,0,0,0,0,0,0,0,0,0,0,0,0,0,0,0,0,0,0,255,139,139,94,0,0,0,0,0,0,0,65,90,100,100,0,0,100,-1,0,100,100,0,1,1,-1,0,0,90,0,[0|0|0],-1,127,0,[0|0|0|0|0|0|0|0|0|0]
6300820,Hand-to-Hand - Default Attack,0.4,0.2,0,0,1.3,0.04,6902,-1,-1,1665,-1,1,1,-1,-1,-1,-1,-1,-1,0,96,96,96,96,90,500,100,100,0,0,0,0,0,0,0,0,0,0,0,0,20,0,0,0,0,2,0,0,0,0,0,0,1,0,0,1,255,1,255,0,255,0,0,0,0,0,0,0,0,0,0,0,0,1,0,0,0,0,0,0,0,9,0,0,-1,-1,2100,2010,-1,-1,-1,-1,-1,-1,-1,-1,-1,-1,-1,-1,-1,-1,-1,-1,-1,-1,-1,-1,-1,-1,-1,-1,-1,-1,-1,-1,0,0,0,0,0,0,0,0,0,0,0,0,-1,-1,-1,-1,-1,-1,-1,-1,-1,-1,-1,-1,-1,-1,-1,-1,-1,-1,-1,-1,-1,-1,-1,-1,0,0,0,0,0,0,0,0,0,0,0,0,0,0,0,0,0,0,0,0,0,0,0,0,255,139,139,96,0,0,0,0,0,0,0,100,100,100,100,0,0,100,-1,0,100,105,0,1,1,-1,0,0,120,0,[0|0|0],-1,0,0,[0|0|0|0|0|0|0|0|0|0]
6300825,Hand-to-Hand - Default Attack,0.4,0,0,0,1,0.04,6902,-1,-1,-1,1667,6,0,-1,-1,940,0,-1,-1,0,96,96,96,96,135,500,100,100,0,0,0,0,0,0,0,0,0,0,0,0,10,0,0,0,0,0,0,0,0,0,0,0,1,0,0,1,255,1,255,0,255,0,0,0,0,0,0,0,0,0,0,0,3,1,0,0,0,0,0,0,0,0,0,0,-1,-1,2100,2010,-1,-1,-1,-1,-1,-1,-1,-1,-1,-1,-1,-1,-1,-1,-1,-1,-1,-1,-1,-1,-1,-1,-1,-1,-1,-1,-1,-1,0,0,0,0,0,0,0,0,0,0,0,0,-1,-1,-1,-1,-1,-1,-1,-1,-1,-1,-1,-1,-1,-1,-1,-1,-1,-1,-1,-1,-1,-1,-1,-1,0,0,0,0,0,0,0,0,0,0,0,0,0,0,0,0,0,0,0,0,0,0,0,0,255,139,139,96,0,0,0,0,0,0,0,65,90,100,100,0,0,100,-1,0,100,105,0,1,1,-1,0,0,90,0,[0|0|0],-1,127,0,[0|0|0|0|0|0|0|0|0|0]
6300826,Hand-to-Hand - Default Attack,0.4,0,0,0,1,0.04,6902,-1,-1,-1,1667,6,0,-1,-1,240,0,-1,-1,0,96,96,96,96,135,500,100,100,0,0,0,0,0,0,0,0,0,0,0,0,10,0,0,0,0,0,0,0,0,0,0,0,1,2,0,1,255,1,255,0,255,0,0,0,0,0,0,0,0,0,0,0,3,1,0,0,0,0,0,0,0,0,0,0,-1,-1,2100,2010,-1,-1,-1,-1,-1,-1,-1,-1,-1,-1,-1,-1,-1,-1,-1,-1,-1,-1,-1,-1,-1,-1,-1,-1,-1,-1,-1,-1,0,0,0,0,0,0,0,0,0,0,0,0,-1,-1,-1,-1,-1,-1,-1,-1,-1,-1,-1,-1,-1,-1,-1,-1,-1,-1,-1,-1,-1,-1,-1,-1,0,0,0,0,0,0,0,0,0,0,0,0,0,0,0,0,0,0,0,0,0,0,0,0,255,139,139,96,0,0,0,0,0,0,0,65,90,100,100,0,0,100,-1,0,100,105,0,1,1,-1,0,0,90,0,[0|0|0],-1,127,0,[0|0|0|0|0|0|0|0|0|0]
6300830,Hand-to-Hand - Default Attack,0.4,0.2,0,0,1,0.04,6902,-1,-1,1665,-1,1,1,-1,-1,-1,-1,-1,-1,0,98,98,98,98,90,500,100,100,0,0,0,0,0,0,0,0,0,0,0,0,10,0,0,0,0,2,0,0,0,0,0,0,1,0,0,1,255,1,255,0,255,0,0,0,0,0,0,0,0,0,0,0,4,1,0,0,0,0,0,0,0,0,0,0,-1,-1,2100,2010,-1,-1,-1,-1,-1,-1,-1,-1,-1,-1,-1,-1,-1,-1,-1,-1,-1,-1,-1,-1,-1,-1,-1,-1,-1,-1,-1,-1,0,0,0,0,0,0,0,0,0,0,0,0,-1,-1,-1,-1,-1,-1,-1,-1,-1,-1,-1,-1,-1,-1,-1,-1,-1,-1,-1,-1,-1,-1,-1,-1,0,0,0,0,0,0,0,0,0,0,0,0,0,0,0,0,0,0,0,0,0,0,0,0,255,139,139,98,0,0,0,0,0,0,0,65,90,100,100,0,0,100,-1,0,100,105,0,1,1,-1,0,0,60,0,[0|0|0],-1,0,0,[0|0|0|0|0|0|0|0|0|0]
6300835,Hand-to-Hand - Default Attack,0.4,0.2,0,0,1.2,0.04,6902,-1,-1,-1,1667,831,831,-1,-1,-1,-1,-1,-1,0,98,98,98,98,90,500,100,100,0,0,0,0,0,0,0,0,0,0,0,0,10,0,0,0,0,2,0,0,0,0,0,0,1,0,0,1,255,1,255,0,255,0,0,0,0,0,0,0,0,0,0,0,0,1,0,0,0,0,0,0,0,9,0,0,-1,-1,2100,2010,-1,-1,-1,-1,-1,-1,-1,-1,-1,-1,-1,-1,-1,-1,-1,-1,-1,-1,-1,-1,-1,-1,-1,-1,-1,-1,-1,-1,0,0,0,0,0,0,0,0,0,0,0,0,-1,-1,-1,-1,-1,-1,-1,-1,-1,-1,-1,-1,-1,-1,-1,-1,-1,-1,-1,-1,-1,-1,-1,-1,0,0,0,0,0,0,0,0,0,0,0,0,0,0,0,0,0,0,0,0,0,0,0,0,255,139,139,98,0,0,0,0,0,0,0,65,90,100,100,0,0,100,-1,0,100,105,0,1,1,-1,0,0,60,0,[0|0|0],-1,0,0,[0|0|0|0|0|0|0|0|0|0]
6300840,Hand-to-Hand - Default Attack,0.4,0,0,0,0.8,0.04,6902,-1,-1,1665,-1,5,0,-1,-1,930,0,-1,-1,0,100,100,100,100,135,500,100,100,0,0,0,0,0,0,0,0,0,0,0,0,10,0,0,0,0,0,0,0,0,0,0,0,1,0,0,1,255,1,255,0,255,0,0,0,0,0,0,0,0,0,0,0,3,1,0,0,0,0,0,0,0,9,0,0,-1,-1,2100,2010,-1,-1,-1,-1,-1,-1,-1,-1,-1,-1,-1,-1,-1,-1,-1,-1,-1,-1,-1,-1,-1,-1,-1,-1,-1,-1,-1,-1,0,0,0,0,0,0,0,0,0,0,0,0,-1,-1,-1,-1,-1,-1,-1,-1,-1,-1,-1,-1,-1,-1,-1,-1,-1,-1,-1,-1,-1,-1,-1,-1,0,0,0,0,0,0,0,0,0,0,0,0,0,0,0,0,0,0,0,0,0,0,0,0,255,139,139,100,0,0,0,0,0,0,0,65,90,100,100,0,0,100,-1,0,100,105,0,1,1,-1,0,0,90,0,[0|0|0],-1,127,0,[0|0|0|0|0|0|0|0|0|0]
6300841,Hand-to-Hand - Default Attack,0.4,0,0,0,0.8,0.04,6902,-1,-1,1665,-1,5,0,-1,-1,240,0,-1,-1,0,100,100,100,100,135,500,100,100,0,0,0,0,0,0,0,0,0,0,0,0,10,0,0,0,0,0,0,0,0,0,0,0,1,2,0,1,255,1,255,0,255,0,0,0,0,0,0,0,0,0,0,0,3,1,0,0,0,0,0,0,0,9,0,0,-1,-1,2100,2010,-1,-1,-1,-1,-1,-1,-1,-1,-1,-1,-1,-1,-1,-1,-1,-1,-1,-1,-1,-1,-1,-1,-1,-1,-1,-1,-1,-1,0,0,0,0,0,0,0,0,0,0,0,0,-1,-1,-1,-1,-1,-1,-1,-1,-1,-1,-1,-1,-1,-1,-1,-1,-1,-1,-1,-1,-1,-1,-1,-1,0,0,0,0,0,0,0,0,0,0,0,0,0,0,0,0,0,0,0,0,0,0,0,0,255,139,139,100,0,0,0,0,0,0,0,65,90,100,100,0,0,100,-1,0,100,105,0,1,1,-1,0,0,90,0,[0|0|0],-1,127,0,[0|0|0|0|0|0|0|0|0|0]
6300845,Hand-to-Hand - Default Attack,0.4,0.2,0,0,1.4,0.04,6902,-1,-1,-1,1667,2,2,-1,-1,-1,-1,-1,-1,0,100,100,100,100,90,500,100,100,0,0,0,0,0,0,0,0,0,0,0,0,20,0,0,0,0,2,0,0,0,0,0,0,1,0,0,1,255,1,255,0,255,0,0,0,0,0,0,0,0,0,0,0,0,1,0,0,0,0,0,0,0,0,0,0,-1,-1,2100,2010,-1,-1,-1,-1,-1,-1,-1,-1,-1,-1,-1,-1,-1,-1,-1,-1,-1,-1,-1,-1,-1,-1,-1,-1,-1,-1,-1,-1,0,0,0,0,0,0,0,0,0,0,0,0,-1,-1,-1,-1,-1,-1,-1,-1,-1,-1,-1,-1,-1,-1,-1,-1,-1,-1,-1,-1,-1,-1,-1,-1,0,0,0,0,0,0,0,0,0,0,0,0,0,0,0,0,0,0,0,0,0,0,0,0,255,139,139,100,0,0,0,0,0,0,0,100,100,100,100,0,0,100,-1,0,100,105,0,1,1,-1,0,0,120,0,[0|0|0],-1,0,0,[0|0|0|0|0|0|0|0|0|0]
6300850,Hand-to-Hand - Default Attack,0.4,0.2,0,0,1.4,0.04,6902,-1,-1,1665,-1,1,1,-1,-1,-1,-1,-1,-1,0,106,106,106,106,90,500,100,100,104,0,0,0,0,0,0,0,0,0,0,0,10,0,0,0,0,2,0,0,0,0,0,0,1,0,0,1,255,1,255,0,255,0,0,0,0,0,0,0,0,0,0,0,0,1,0,0,0,0,0,0,0,9,0,0,-1,-1,2100,2010,-1,-1,-1,-1,-1,-1,-1,-1,-1,-1,-1,-1,-1,-1,-1,-1,-1,-1,-1,-1,-1,-1,-1,-1,-1,-1,-1,-1,0,0,0,0,0,0,0,0,0,0,0,0,-1,-1,-1,-1,-1,-1,-1,-1,-1,-1,-1,-1,-1,-1,-1,-1,-1,-1,-1,-1,-1,-1,-1,-1,0,0,0,0,0,0,0,0,0,0,0,0,0,0,0,0,0,0,0,0,0,0,0,0,255,139,139,106,0,0,0,0,0,0,0,65,90,100,100,0,0,100,-1,0,100,110,0,1,1,-1,0,0,120,0,[0|0|0],-1,0,0,[0|0|0|0|0|0|0|0|0|0]
6300855,Hand-to-Hand - Default Attack,0.4,0.2,0,0,1.4,0.04,6902,-1,-1,-1,1667,2,2,-1,-1,-1,-1,-1,-1,0,106,106,106,106,90,500,100,100,104,0,0,0,0,0,0,0,0,0,0,0,10,0,0,0,0,2,0,0,0,0,0,0,1,0,0,1,255,1,255,0,255,0,0,0,0,0,0,0,0,0,0,0,0,1,0,0,0,0,0,0,0,0,0,0,-1,-1,2100,2010,-1,-1,-1,-1,-1,-1,-1,-1,-1,-1,-1,-1,-1,-1,-1,-1,-1,-1,-1,-1,-1,-1,-1,-1,-1,-1,-1,-1,0,0,0,0,0,0,0,0,0,0,0,0,-1,-1,-1,-1,-1,-1,-1,-1,-1,-1,-1,-1,-1,-1,-1,-1,-1,-1,-1,-1,-1,-1,-1,-1,0,0,0,0,0,0,0,0,0,0,0,0,0,0,0,0,0,0,0,0,0,0,0,0,255,139,139,106,0,0,0,0,0,0,0,65,90,100,100,0,0,100,-1,0,100,110,0,1,1,-1,0,0,120,0,[0|0|0],-1,0,0,[0|0|0|0|0|0|0|0|0|0]
6300860,Hand-to-Hand - Default Attack,0.4,0.2,0,0,1.3,0.04,6903,-1,-1,1665,-1,1,1,-1,-1,-1,-1,-1,-1,0,100,100,100,100,100,500,100,100,122,0,0,0,0,0,0,0,0,0,0,0,10,0,0,0,0,2,0,0,0,0,0,0,1,0,0,1,255,1,255,0,255,0,0,0,0,0,0,0,0,0,0,0,4,1,0,0,0,0,0,0,0,9,0,0,-1,-1,2100,2010,-1,-1,-1,-1,-1,-1,-1,-1,-1,-1,-1,-1,-1,-1,-1,-1,-1,-1,-1,-1,-1,-1,-1,-1,-1,-1,-1,-1,0,0,0,0,0,0,0,0,0,0,0,0,-1,-1,-1,-1,-1,-1,-1,-1,-1,-1,-1,-1,-1,-1,-1,-1,-1,-1,-1,-1,-1,-1,-1,-1,0,0,0,0,0,0,0,0,0,0,0,0,0,0,0,0,0,0,0,0,0,0,0,0,255,139,139,100,0,0,0,0,0,0,0,65,90,100,100,0,0,100,-1,0,100,110,0,1,1,-1,0,0,60,0,[0|0|0],-1,0,0,[0|0|0|0|0|0|0|0|0|0]
6300865,Hand-to-Hand - Default Attack,0.4,0.2,0,0,1,0.04,6903,-1,-1,-1,1667,2,2,-1,-1,-1,-1,-1,-1,0,95,95,95,95,100,500,100,100,122,0,0,0,0,0,0,0,0,0,0,0,10,0,0,0,0,2,0,0,0,0,0,0,1,0,0,1,255,1,255,0,255,0,0,0,0,0,0,0,0,0,0,0,3,1,0,0,0,0,0,0,0,0,0,0,-1,-1,2100,2010,-1,-1,-1,-1,-1,-1,-1,-1,-1,-1,-1,-1,-1,-1,-1,-1,-1,-1,-1,-1,-1,-1,-1,-1,-1,-1,-1,-1,0,0,0,0,0,0,0,0,0,0,0,0,-1,-1,-1,-1,-1,-1,-1,-1,-1,-1,-1,-1,-1,-1,-1,-1,-1,-1,-1,-1,-1,-1,-1,-1,0,0,0,0,0,0,0,0,0,0,0,0,0,0,0,0,0,0,0,0,0,0,0,0,255,139,139,95,0,0,0,0,0,0,0,65,90,100,100,0,0,100,-1,0,100,110,0,1,1,-1,0,0,60,0,[0|0|0],-1,0,0,[0|0|0|0|0|0|0|0|0|0]
6300870,Hand-to-Hand - Default Attack,0.4,0.2,0,0,1,0.04,6903,-1,-1,1665,1667,1,1,-1,-1,-1,-1,-1,-1,0,85,85,85,85,100,500,100,100,121,0,0,0,0,0,0,0,0,0,0,0,10,0,0,0,0,2,0,0,0,0,0,0,1,0,0,1,255,1,255,0,255,0,0,0,0,0,0,0,0,0,0,0,0,1,0,0,0,0,0,0,0,9,0,0,-1,-1,2100,2010,-1,-1,-1,-1,-1,-1,-1,-1,-1,-1,-1,-1,-1,-1,-1,-1,-1,-1,-1,-1,-1,-1,-1,-1,-1,-1,-1,-1,0,0,0,0,0,0,0,0,0,0,0,0,-1,-1,-1,-1,-1,-1,-1,-1,-1,-1,-1,-1,-1,-1,-1,-1,-1,-1,-1,-1,-1,-1,-1,-1,0,0,0,0,0,0,0,0,0,0,0,0,0,0,0,0,0,0,0,0,0,0,0,0,255,139,139,85,0,0,0,0,0,0,0,65,90,100,100,0,0,100,-1,0,100,90,0,1,1,-1,0,0,60,0,[0|0|0],-1,0,0,[0|0|0|0|0|0|0|0|0|0]
6300875,Hand-to-Hand - Default Attack,0.4,0,0,0,1,0.04,6903,-1,-1,-1,1667,6,0,-1,-1,940,0,-1,-1,0,85,85,85,85,100,500,100,100,121,0,0,0,0,0,0,0,0,0,0,0,10,0,0,0,0,0,0,0,0,0,0,0,1,0,0,1,255,1,255,0,255,0,0,0,0,0,0,0,0,0,0,0,4,1,0,0,0,0,0,0,0,0,0,0,-1,-1,2100,2010,-1,-1,-1,-1,-1,-1,-1,-1,-1,-1,-1,-1,-1,-1,-1,-1,-1,-1,-1,-1,-1,-1,-1,-1,-1,-1,-1,-1,0,0,0,0,0,0,0,0,0,0,0,0,-1,-1,-1,-1,-1,-1,-1,-1,-1,-1,-1,-1,-1,-1,-1,-1,-1,-1,-1,-1,-1,-1,-1,-1,0,0,0,0,0,0,0,0,0,0,0,0,0,0,0,0,0,0,0,0,0,0,0,0,255,139,139,85,0,0,0,0,0,0,0,65,90,100,100,0,0,100,-1,0,100,90,0,1,1,-1,0,0,60,0,[0|0|0],-1,127,0,[0|0|0|0|0|0|0|0|0|0]
6300876,Hand-to-Hand - Default Attack,0.4,0,0,0,1,0.04,6903,-1,-1,-1,1667,6,0,-1,-1,240,0,-1,-1,0,85,85,85,85,100,500,100,100,121,0,0,0,0,0,0,0,0,0,0,0,10,0,0,0,0,0,0,0,0,0,0,0,1,2,0,1,255,1,255,0,255,0,0,0,0,0,0,0,0,0,0,0,4,1,0,0,0,0,0,0,0,0,0,0,-1,-1,2100,2010,-1,-1,-1,-1,-1,-1,-1,-1,-1,-1,-1,-1,-1,-1,-1,-1,-1,-1,-1,-1,-1,-1,-1,-1,-1,-1,-1,-1,0,0,0,0,0,0,0,0,0,0,0,0,-1,-1,-1,-1,-1,-1,-1,-1,-1,-1,-1,-1,-1,-1,-1,-1,-1,-1,-1,-1,-1,-1,-1,-1,0,0,0,0,0,0,0,0,0,0,0,0,0,0,0,0,0,0,0,0,0,0,0,0,255,139,139,85,0,0,0,0,0,0,0,65,90,100,100,0,0,100,-1,0,100,90,0,1,1,-1,0,0,60,0,[0|0|0],-1,127,0,[0|0|0|0|0|0|0|0|0|0]
6300880,Hand-to-Hand - Default Attack,0.4,0,0,0,1.1,0.04,6903,-1,-1,1665,-1,5,0,-1,-1,930,0,-1,-1,0,85,85,85,85,100,500,100,100,121,0,0,0,0,0,0,0,0,0,0,0,20,0,0,0,0,0,0,0,0,0,0,0,1,0,0,1,255,1,255,0,255,0,0,0,0,0,0,0,0,0,0,0,1,1,0,0,0,0,0,0,0,9,0,0,-1,-1,2100,2010,-1,-1,-1,-1,-1,-1,-1,-1,-1,-1,-1,-1,-1,-1,-1,-1,-1,-1,-1,-1,-1,-1,-1,-1,-1,-1,-1,-1,0,0,0,0,0,0,0,0,0,0,0,0,-1,-1,-1,-1,-1,-1,-1,-1,-1,-1,-1,-1,-1,-1,-1,-1,-1,-1,-1,-1,-1,-1,-1,-1,0,0,0,0,0,0,0,0,0,0,0,0,0,0,0,0,0,0,0,0,0,0,0,0,255,139,139,85,0,0,0,0,0,0,0,65,90,100,100,0,0,100,-1,0,100,90,0,1,1,-1,0,0,60,0,[0|0|0],-1,127,0,[0|0|0|0|0|0|0|0|0|0]
6300881,Hand-to-Hand - Default Attack,0.4,0,0,0,1.1,0.04,6903,-1,-1,1665,-1,5,0,-1,-1,240,0,-1,-1,0,85,85,85,85,150,500,100,100,121,0,0,0,0,0,0,0,0,0,0,0,20,0,0,0,0,0,0,0,0,0,0,0,1,2,0,1,255,1,255,0,255,0,0,0,0,0,0,0,0,0,0,0,1,1,0,0,0,0,0,0,0,9,0,0,-1,-1,2100,2010,-1,-1,-1,-1,-1,-1,-1,-1,-1,-1,-1,-1,-1,-1,-1,-1,-1,-1,-1,-1,-1,-1,-1,-1,-1,-1,-1,-1,0,0,0,0,0,0,0,0,0,0,0,0,-1,-1,-1,-1,-1,-1,-1,-1,-1,-1,-1,-1,-1,-1,-1,-1,-1,-1,-1,-1,-1,-1,-1,-1,0,0,0,0,0,0,0,0,0,0,0,0,0,0,0,0,0,0,0,0,0,0,0,0,255,139,139,85,0,0,0,0,0,0,0,65,90,100,100,0,0,100,-1,0,100,90,0,1,1,-1,0,0,90,0,[0|0|0],-1,127,0,[0|0|0|0|0|0|0|0|0|0]
6300885,Hand-to-Hand - Default Attack,0.4,0.2,0,0,1,0.04,6903,-1,-1,-1,1667,2,2,-1,-1,-1,-1,-1,-1,0,85,85,85,85,100,500,100,100,121,0,0,0,0,0,0,0,0,0,0,0,20,0,0,0,0,2,0,0,0,0,0,0,1,0,0,1,255,1,255,0,255,0,0,0,0,0,0,0,0,0,0,0,3,1,0,0,0,0,0,0,0,0,0,0,-1,-1,2100,2010,-1,-1,-1,-1,-1,-1,-1,-1,-1,-1,-1,-1,-1,-1,-1,-1,-1,-1,-1,-1,-1,-1,-1,-1,-1,-1,-1,-1,0,0,0,0,0,0,0,0,0,0,0,0,-1,-1,-1,-1,-1,-1,-1,-1,-1,-1,-1,-1,-1,-1,-1,-1,-1,-1,-1,-1,-1,-1,-1,-1,0,0,0,0,0,0,0,0,0,0,0,0,0,0,0,0,0,0,0,0,0,0,0,0,255,139,139,85,0,0,0,0,0,0,0,65,90,100,100,0,0,100,-1,0,100,90,0,1,1,-1,0,0,60,0,[0|0|0],-1,0,0,[0|0|0|0|0|0|0|0|0|0]
6300890,Hand-to-Hand - Default Attack,0.5,0,0,0,0.4,0.04,6904,-1,-1,1665,-1,5,0,-1,-1,930,0,-1,-1,0,115,115,115,115,150,9900,100,100,102,0,0,0,0,0,0,0,0,0,0,0,20,0,0,0,0,0,0,0,0,0,0,0,1,0,0,1,255,1,255,0,255,0,0,0,0,0,0,0,0,0,0,0,3,1,0,0,0,0,0,0,0,9,0,0,-1,-1,2100,2010,-1,-1,-1,-1,-1,-1,-1,-1,-1,-1,-1,-1,-1,-1,-1,-1,-1,-1,-1,-1,-1,-1,-1,-1,-1,-1,-1,-1,0,0,0,0,0,0,0,0,0,0,0,0,-1,-1,-1,-1,-1,-1,-1,-1,-1,-1,-1,-1,-1,-1,-1,-1,-1,-1,-1,-1,-1,-1,-1,-1,0,0,0,0,0,0,0,0,0,0,0,0,0,0,0,0,0,0,0,0,0,0,0,0,255,139,139,115,0,0,0,0,0,0,0,65,90,100,100,0,0,100,-1,0,100,130,0,1,1,-1,0,0,240,0,[0|0|0],-1,127,0,[0|0|0|0|0|0|0|0|0|0]
6300891,Hand-to-Hand - Default Bullet,0.5,0,0,0,0.3,0.04,6904,-1,-1,1665,-1,5,0,-1,-1,930,0,-1,-1,0,97,97,97,97,150,9900,100,100,102,0,0,0,0,0,0,0,0,0,0,0,20,0,0,0,0,0,0,0,0,0,0,0,2,0,0,1,255,1,255,0,255,0,0,0,0,0,0,0,0,0,0,0,3,1,0,0,0,0,0,0,0,9,0,0,-1,-1,2100,2010,-1,-1,-1,-1,-1,-1,-1,-1,-1,-1,-1,-1,-1,-1,-1,-1,-1,-1,-1,-1,-1,-1,-1,-1,-1,-1,-1,-1,0,0,0,0,0,0,0,0,0,0,0,0,-1,-1,-1,-1,-1,-1,-1,-1,-1,-1,-1,-1,-1,-1,-1,-1,-1,-1,-1,-1,-1,-1,-1,-1,0,0,0,0,0,0,0,0,0,0,0,0,0,0,0,0,0,0,0,0,0,0,0,0,255,139,139,97,0,0,0,0,0,0,0,65,90,100,100,0,0,100,-1,0,100,130,0,1,1,-1,0,0,240,0,[0|0|0],-1,127,0,[0|0|0|0|0|0|0|0|0|0]
6300895,Hand-to-Hand - Default Attack,0.5,0,0,0,1.2,0.04,6904,-1,-1,-1,1667,6,0,-1,-1,940,0,-1,-1,0,115,115,115,115,150,9900,100,100,102,0,0,0,0,0,0,0,0,0,0,0,20,0,0,0,0,0,0,0,0,0,0,0,1,0,0,1,255,1,255,0,255,0,0,0,0,0,0,0,0,0,0,0,4,1,0,0,0,0,0,0,0,0,0,0,-1,-1,2100,2010,-1,-1,-1,-1,-1,-1,-1,-1,-1,-1,-1,-1,-1,-1,-1,-1,-1,-1,-1,-1,-1,-1,-1,-1,-1,-1,-1,-1,0,0,0,0,0,0,0,0,0,0,0,0,-1,-1,-1,-1,-1,-1,-1,-1,-1,-1,-1,-1,-1,-1,-1,-1,-1,-1,-1,-1,-1,-1,-1,-1,0,0,0,0,0,0,0,0,0,0,0,0,0,0,0,0,0,0,0,0,0,0,0,0,255,139,139,115,0,0,0,0,0,0,0,65,90,100,100,0,0,100,-1,0,100,130,0,1,1,-1,0,0,240,0,[0|0|0],-1,127,0,[0|0|0|0|0|0|0|0|0|0]
6300896,Hand-to-Hand - Default Bullet,0.5,0,0,0,0.3,0.04,6904,-1,-1,-1,1667,6,0,-1,-1,940,0,-1,-1,0,97,97,97,97,150,9900,100,100,102,0,0,0,0,0,0,0,0,0,0,0,20,0,0,0,0,0,0,0,0,0,0,0,2,0,0,1,255,1,255,0,255,0,0,0,0,0,0,0,0,0,0,0,4,1,0,0,0,0,0,0,0,0,0,0,-1,-1,2100,2010,-1,-1,-1,-1,-1,-1,-1,-1,-1,-1,-1,-1,-1,-1,-1,-1,-1,-1,-1,-1,-1,-1,-1,-1,-1,-1,-1,-1,0,0,0,0,0,0,0,0,0,0,0,0,-1,-1,-1,-1,-1,-1,-1,-1,-1,-1,-1,-1,-1,-1,-1,-1,-1,-1,-1,-1,-1,-1,-1,-1,0,0,0,0,0,0,0,0,0,0,0,0,0,0,0,0,0,0,0,0,0,0,0,0,255,139,139,97,0,0,0,0,0,0,0,65,90,100,100,0,0,100,-1,0,100,130,0,1,1,-1,0,0,240,0,[0|0|0],-1,127,0,[0|0|0|0|0|0|0|0|0|0]
6301000,Dane's Footwork - Attack,0.4,0,0,0,0.7,0.08,6902,-1,-1,1665,-1,5,0,-1,-1,930,0,-1,-1,0,100,100,100,100,150,100,100,100,0,0,0,0,0,0,0,0,0,0,0,0,10,0,0,0,0,0,0,0,0,0,0,0,1,0,0,1,255,1,255,0,255,0,0,0,0,0,0,0,0,0,0,0,4,1,0,0,0,0,0,0,0,0,0,0,-1,-1,2100,2010,-1,-1,-1,-1,-1,-1,-1,-1,-1,-1,-1,-1,-1,-1,-1,-1,-1,-1,-1,-1,-1,-1,-1,-1,-1,-1,-1,-1,0,0,0,0,0,0,0,0,0,0,0,0,-1,-1,-1,-1,-1,-1,-1,-1,-1,-1,-1,-1,-1,-1,-1,-1,-1,-1,-1,-1,-1,-1,-1,-1,0,0,0,0,0,0,0,0,0,0,0,0,0,0,0,0,0,0,0,0,0,0,0,0,255,139,139,100,0,0,0,0,0,0,0,100,100,100,100,0,0,100,-1,0,100,100,0,1,1,-1,0,0,150,0,[0|0|0],-1,127,0,[0|0|0|0|0|0|0|0|0|0]
6301009,Dane's Footwork - Attack,0.4,0,0,0,0.7,0.08,6902,-1,-1,1665,-1,5,0,-1,-1,240,0,-1,-1,0,100,100,100,100,150,100,100,100,0,0,0,0,0,0,0,0,0,0,0,0,10,0,0,0,0,0,0,0,0,0,0,0,1,2,0,1,255,1,255,0,255,0,0,0,0,0,0,0,0,0,0,0,4,1,0,0,0,0,0,0,0,0,0,0,-1,-1,2100,2010,-1,-1,-1,-1,-1,-1,-1,-1,-1,-1,-1,-1,-1,-1,-1,-1,-1,-1,-1,-1,-1,-1,-1,-1,-1,-1,-1,-1,0,0,0,0,0,0,0,0,0,0,0,0,-1,-1,-1,-1,-1,-1,-1,-1,-1,-1,-1,-1,-1,-1,-1,-1,-1,-1,-1,-1,-1,-1,-1,-1,0,0,0,0,0,0,0,0,0,0,0,0,0,0,0,0,0,0,0,0,0,0,0,0,255,139,139,100,0,0,0,0,0,0,0,100,100,100,100,0,0,100,-1,0,100,100,0,1,1,-1,0,0,150,0,[0|0|0],-1,127,0,[0|0|0|0|0|0|0|0|0|0]
6301060,Dane's Footwork - Bullet,0.4,0,0,0,0.3,0.04,6906,-1,-1,-1,1667,5,0,-1,-1,240,0,-1,-1,0,120,120,120,120,120,500,100,100,100,0,0,0,0,0,0,0,0,0,0,0,20,0,0,0,0,0,0,0,0,0,0,0,2,2,0,1,255,1,255,0,255,0,0,0,0,0,0,0,0,0,0,0,0,1,0,0,0,0,0,0,0,0,0,0,-1,-1,2100,2010,-1,-1,-1,-1,-1,-1,-1,-1,-1,-1,-1,-1,-1,-1,-1,-1,-1,-1,-1,-1,-1,-1,-1,-1,-1,-1,-1,-1,0,0,0,0,0,0,0,0,0,0,0,0,-1,-1,-1,-1,-1,-1,-1,-1,-1,-1,-1,-1,-1,-1,-1,-1,-1,-1,-1,-1,-1,-1,-1,-1,0,0,0,0,0,0,0,0,0,0,0,0,0,0,0,0,0,0,0,0,0,0,0,0,255,139,139,120,0,0,0,1,0,0,0,65,90,100,100,0,0,100,-1,0,100,150,0,1,1,-1,0,0,350,0,[0|0|0],-1,127,0,[0|0|0|0|0|0|0|0|0|0]
6301061,Dane's Footwork - Bullet,0.4,0,0,0,0.3,0.04,6904,-1,-1,1665,-1,5,0,-1,-1,240,0,-1,-1,0,105,105,105,105,90,500,100,100,0,0,0,0,0,0,0,0,0,0,0,0,20,0,0,0,0,0,0,0,0,0,0,0,1,2,0,1,255,1,255,0,255,0,0,0,0,0,0,0,0,0,0,0,4,1,0,0,0,0,0,0,0,0,0,0,-1,-1,2100,2010,-1,-1,-1,-1,-1,-1,-1,-1,-1,-1,-1,-1,-1,-1,-1,-1,-1,-1,-1,-1,-1,-1,-1,-1,-1,-1,-1,-1,0,0,0,0,0,0,0,0,0,0,0,0,-1,-1,-1,-1,-1,-1,-1,-1,-1,-1,-1,-1,-1,-1,-1,-1,-1,-1,-1,-1,-1,-1,-1,-1,0,0,0,0,0,0,0,0,0,0,0,0,0,0,0,0,0,0,0,0,0,0,0,0,255,139,139,105,0,0,0,1,0,0,0,65,90,100,100,0,0,100,-1,0,100,130,0,1,1,-1,0,0,90,0,[0|0|0],-1,127,0,[0|0|0|0|0|0|0|0|0|0]
6301100,Dane's Footwork - Attack,0.4,0,0,0,1.2,0.08,6904,-1,-1,1665,-1,5,0,-1,-1,930,0,-1,-1,0,120,120,120,120,200,120,100,100,0,0,0,0,0,0,0,0,0,0,0,0,10,0,0,0,0,0,0,0,0,0,0,0,1,0,0,1,255,1,255,0,255,0,0,0,0,0,0,0,0,0,0,0,4,1,0,0,0,0,0,0,0,0,0,0,-1,-1,2100,2010,-1,-1,-1,-1,-1,-1,-1,-1,-1,-1,-1,-1,-1,-1,-1,-1,-1,-1,-1,-1,-1,-1,-1,-1,-1,-1,-1,-1,0,0,0,0,0,0,0,0,0,0,0,0,-1,-1,-1,-1,-1,-1,-1,-1,-1,-1,-1,-1,-1,-1,-1,-1,-1,-1,-1,-1,-1,-1,-1,-1,0,0,0,0,0,0,0,0,0,0,0,0,0,0,0,0,0,0,0,0,0,0,0,0,255,139,139,120,0,0,0,0,0,0,0,100,100,100,100,0,0,100,-1,0,100,130,0,1,1,-1,0,0,300,0,[0|0|0],-1,127,0,[0|0|0|0|0|0|0|0|0|0]
6301101,Dane's Footwork - Attack,0.4,0,0,0,1.2,0.08,6904,-1,-1,1665,-1,5,0,-1,-1,240,0,-1,-1,0,120,120,120,120,200,120,100,100,0,0,0,0,0,0,0,0,0,0,0,0,10,0,0,0,0,0,0,0,0,0,0,0,1,2,0,1,255,1,255,0,255,0,0,0,0,0,0,0,0,0,0,0,4,1,0,0,0,0,0,0,0,0,0,0,-1,-1,2100,2010,-1,-1,-1,-1,-1,-1,-1,-1,-1,-1,-1,-1,-1,-1,-1,-1,-1,-1,-1,-1,-1,-1,-1,-1,-1,-1,-1,-1,0,0,0,0,0,0,0,0,0,0,0,0,-1,-1,-1,-1,-1,-1,-1,-1,-1,-1,-1,-1,-1,-1,-1,-1,-1,-1,-1,-1,-1,-1,-1,-1,0,0,0,0,0,0,0,0,0,0,0,0,0,0,0,0,0,0,0,0,0,0,0,0,255,139,139,120,0,0,0,0,0,0,0,100,100,100,100,0,0,100,-1,0,100,130,0,1,1,-1,0,0,300,0,[0|0|0],-1,127,0,[0|0|0|0|0|0|0|0|0|0]
6301102,Dane's Footwork - Bullet,0.4,0,0,0,0.3,0.08,6904,-1,-1,1665,-1,5,0,-1,-1,240,0,-1,-1,0,105,105,105,105,200,120,100,100,0,0,0,0,0,0,0,0,0,0,0,0,10,0,0,0,0,0,0,0,0,0,0,0,1,2,0,1,255,1,255,0,255,0,0,0,0,0,0,0,0,0,0,0,4,1,0,0,0,0,0,0,0,0,0,0,-1,-1,2100,2010,-1,-1,-1,-1,-1,-1,-1,-1,-1,-1,-1,-1,-1,-1,-1,-1,-1,-1,-1,-1,-1,-1,-1,-1,-1,-1,-1,-1,0,0,0,0,0,0,0,0,0,0,0,0,-1,-1,-1,-1,-1,-1,-1,-1,-1,-1,-1,-1,-1,-1,-1,-1,-1,-1,-1,-1,-1,-1,-1,-1,0,0,0,0,0,0,0,0,0,0,0,0,0,0,0,0,0,0,0,0,0,0,0,0,255,139,139,105,0,0,0,0,0,0,0,100,100,100,100,0,0,100,-1,0,100,130,0,1,1,-1,0,0,300,0,[0|0|0],-1,127,0,[0|0|0|0|0|0|0|0|0|0]
6301105,Dane's Footwork - Attack,0.4,0,0,0,1.2,0.08,6906,-1,-1,1665,-1,5,0,-1,-1,930,0,-1,-1,0,150,150,150,150,300,400,100,100,100,0,0,0,0,0,0,0,0,0,0,0,10,0,0,0,0,0,0,0,0,0,0,0,2,0,0,1,255,1,255,0,255,0,0,0,0,0,0,0,0,0,0,0,4,1,0,0,0,0,0,0,0,0,0,0,-1,-1,2100,2010,-1,-1,-1,-1,-1,-1,-1,-1,-1,-1,-1,-1,-1,-1,-1,-1,-1,-1,-1,-1,-1,-1,-1,-1,-1,-1,-1,-1,0,0,0,0,0,0,0,0,0,0,0,0,-1,-1,-1,-1,-1,-1,-1,-1,-1,-1,-1,-1,-1,-1,-1,-1,-1,-1,-1,-1,-1,-1,-1,-1,0,0,0,0,0,0,0,0,0,0,0,0,0,0,0,0,0,0,0,0,0,0,0,0,255,139,139,150,0,0,0,0,0,0,0,100,100,100,100,0,0,100,-1,0,100,150,0,1,1,-1,0,0,700,0,[0|0|0],-1,127,0,[0|0|0|0|0|0|0|0|0|0]
6301106,Dane's Footwork - Attack,0.4,0,0,0,1.2,0.08,6906,-1,-1,1665,-1,5,0,-1,-1,240,0,-1,-1,0,150,150,150,150,300,400,100,100,100,0,0,0,0,0,0,0,0,0,0,0,10,0,0,0,0,0,0,0,0,0,0,0,2,2,0,1,255,1,255,0,255,0,0,0,0,0,0,0,0,0,0,0,4,1,0,0,0,0,0,0,0,0,0,0,-1,-1,2100,2010,-1,-1,-1,-1,-1,-1,-1,-1,-1,-1,-1,-1,-1,-1,-1,-1,-1,-1,-1,-1,-1,-1,-1,-1,-1,-1,-1,-1,0,0,0,0,0,0,0,0,0,0,0,0,-1,-1,-1,-1,-1,-1,-1,-1,-1,-1,-1,-1,-1,-1,-1,-1,-1,-1,-1,-1,-1,-1,-1,-1,0,0,0,0,0,0,0,0,0,0,0,0,0,0,0,0,0,0,0,0,0,0,0,0,255,139,139,150,0,0,0,0,0,0,0,100,100,100,100,0,0,100,-1,0,100,150,0,1,1,-1,0,0,700,0,[0|0|0],-1,127,0,[0|0|0|0|0|0|0|0|0|0]
6301107,Dane's Footwork - Bullet,0.4,0,0,0,0.3,0.08,6906,-1,-1,1665,-1,5,0,-1,-1,240,0,-1,-1,0,135,135,135,135,300,400,100,100,100,0,0,0,0,0,0,0,0,0,0,0,10,0,0,0,0,0,0,0,0,0,0,0,2,2,0,1,255,1,255,0,255,0,0,0,0,0,0,0,0,0,0,0,4,1,0,0,0,0,0,0,0,0,0,0,-1,-1,2100,2010,-1,-1,-1,-1,-1,-1,-1,-1,-1,-1,-1,-1,-1,-1,-1,-1,-1,-1,-1,-1,-1,-1,-1,-1,-1,-1,-1,-1,0,0,0,0,0,0,0,0,0,0,0,0,-1,-1,-1,-1,-1,-1,-1,-1,-1,-1,-1,-1,-1,-1,-1,-1,-1,-1,-1,-1,-1,-1,-1,-1,0,0,0,0,0,0,0,0,0,0,0,0,0,0,0,0,0,0,0,0,0,0,0,0,255,139,139,135,0,0,0,0,0,0,0,100,100,100,100,0,0,100,-1,0,100,150,0,1,1,-1,0,0,700,0,[0|0|0],-1,127,0,[0|0|0|0|0|0|0|0|0|0]
6301110,Dane's Footwork - Attack,0.4,0,0,0,1.2,0.08,6906,-1,-1,1665,-1,5,0,-1,-1,930,0,-1,-1,0,120,120,120,120,200,400,100,100,0,0,0,0,0,0,0,0,0,0,0,0,10,0,0,0,0,0,0,0,0,0,0,0,1,0,0,1,255,1,255,0,255,0,0,0,0,0,0,0,0,0,0,0,0,1,0,0,0,0,0,0,0,0,0,0,-1,-1,2100,2010,-1,-1,-1,-1,-1,-1,-1,-1,-1,-1,-1,-1,-1,-1,-1,-1,-1,-1,-1,-1,-1,-1,-1,-1,-1,-1,-1,-1,0,0,0,0,0,0,0,0,0,0,0,0,-1,-1,-1,-1,-1,-1,-1,-1,-1,-1,-1,-1,-1,-1,-1,-1,-1,-1,-1,-1,-1,-1,-1,-1,0,0,0,0,0,0,0,0,0,0,0,0,0,0,0,0,0,0,0,0,0,0,0,0,255,139,139,120,0,0,0,0,0,0,0,100,100,100,100,0,0,100,-1,0,100,150,0,1,1,-1,0,0,300,0,[0|0|0],-1,127,0,[0|0|0|0|0|0|0|0|0|0]
6301111,Dane's Footwork - Attack,0.4,0,0,0,1.2,0.08,6906,-1,-1,1665,-1,5,0,-1,-1,240,0,-1,-1,0,120,120,120,120,200,400,100,100,0,0,0,0,0,0,0,0,0,0,0,0,10,0,0,0,0,0,0,0,0,0,0,0,1,0,0,1,255,1,255,0,255,0,0,0,0,0,0,0,0,0,0,0,0,1,0,0,0,0,0,0,0,0,0,0,-1,-1,2100,2010,-1,-1,-1,-1,-1,-1,-1,-1,-1,-1,-1,-1,-1,-1,-1,-1,-1,-1,-1,-1,-1,-1,-1,-1,-1,-1,-1,-1,0,0,0,0,0,0,0,0,0,0,0,0,-1,-1,-1,-1,-1,-1,-1,-1,-1,-1,-1,-1,-1,-1,-1,-1,-1,-1,-1,-1,-1,-1,-1,-1,0,0,0,0,0,0,0,0,0,0,0,0,0,0,0,0,0,0,0,0,0,0,0,0,255,139,139,120,0,0,0,0,0,0,0,100,100,100,100,0,0,100,-1,0,100,150,0,1,1,-1,0,0,300,0,[0|0|0],-1,127,0,[0|0|0|0|0|0|0|0|0|0]
6301112,Dane's Footwork - Bullet,0.4,0,0,0,0.3,0.08,6906,-1,-1,1665,-1,5,0,-1,-1,240,0,-1,-1,0,105,105,105,105,200,400,100,100,0,0,0,0,0,0,0,0,0,0,0,0,10,0,0,0,0,0,0,0,0,0,0,0,1,2,0,1,255,1,255,0,255,0,0,0,0,0,0,0,0,0,0,0,0,1,0,0,0,0,0,0,0,0,0,0,-1,-1,2100,2010,-1,-1,-1,-1,-1,-1,-1,-1,-1,-1,-1,-1,-1,-1,-1,-1,-1,-1,-1,-1,-1,-1,-1,-1,-1,-1,-1,-1,0,0,0,0,0,0,0,0,0,0,0,0,-1,-1,-1,-1,-1,-1,-1,-1,-1,-1,-1,-1,-1,-1,-1,-1,-1,-1,-1,-1,-1,-1,-1,-1,0,0,0,0,0,0,0,0,0,0,0,0,0,0,0,0,0,0,0,0,0,0,0,0,255,139,139,105,0,0,0,0,0,0,0,100,100,100,100,0,0,100,-1,0,100,150,0,1,1,-1,0,0,300,0,[0|0|0],-1,127,0,[0|0|0|0|0|0|0|0|0|0]
6301115,Dane's Footwork - Attack,0.4,0,0,0,1.2,0.08,6906,-1,-1,1665,-1,5,0,-1,-1,930,0,-1,-1,0,150,150,150,150,300,400,100,100,100,0,0,0,0,0,0,0,0,0,0,0,10,0,0,0,0,0,0,0,0,0,0,0,2,0,0,1,255,1,255,0,255,0,0,0,0,0,0,0,0,0,0,0,0,1,0,0,0,0,0,0,0,0,0,0,-1,-1,2100,2010,-1,-1,-1,-1,-1,-1,-1,-1,-1,-1,-1,-1,-1,-1,-1,-1,-1,-1,-1,-1,-1,-1,-1,-1,-1,-1,-1,-1,0,0,0,0,0,0,0,0,0,0,0,0,-1,-1,-1,-1,-1,-1,-1,-1,-1,-1,-1,-1,-1,-1,-1,-1,-1,-1,-1,-1,-1,-1,-1,-1,0,0,0,0,0,0,0,0,0,0,0,0,0,0,0,0,0,0,0,0,0,0,0,0,255,139,139,150,0,0,0,0,0,0,0,100,100,100,100,0,0,100,-1,0,100,150,0,1,1,-1,0,0,700,0,[0|0|0],-1,127,0,[0|0|0|0|0|0|0|0|0|0]
6301116,Dane's Footwork - Attack,0.4,0,0,0,1.2,0.08,6906,-1,-1,1665,-1,5,0,-1,-1,240,0,-1,-1,0,150,150,150,150,300,400,100,100,100,0,0,0,0,0,0,0,0,0,0,0,10,0,0,0,0,0,0,0,0,0,0,0,2,2,0,1,255,1,255,0,255,0,0,0,0,0,0,0,0,0,0,0,0,1,0,0,0,0,0,0,0,0,0,0,-1,-1,2100,2010,-1,-1,-1,-1,-1,-1,-1,-1,-1,-1,-1,-1,-1,-1,-1,-1,-1,-1,-1,-1,-1,-1,-1,-1,-1,-1,-1,-1,0,0,0,0,0,0,0,0,0,0,0,0,-1,-1,-1,-1,-1,-1,-1,-1,-1,-1,-1,-1,-1,-1,-1,-1,-1,-1,-1,-1,-1,-1,-1,-1,0,0,0,0,0,0,0,0,0,0,0,0,0,0,0,0,0,0,0,0,0,0,0,0,255,139,139,150,0,0,0,0,0,0,0,100,100,100,100,0,0,100,-1,0,100,150,0,1,1,-1,0,0,700,0,[0|0|0],-1,127,0,[0|0|0|0|0|0|0|0|0|0]
6301117,Dane's Footwork - Bullet,0.4,0,0,0,0.3,0.08,6906,-1,-1,1665,-1,5,0,-1,-1,240,0,-1,-1,0,135,135,135,135,300,400,100,100,100,0,0,0,0,0,0,0,0,0,0,0,10,0,0,0,0,0,0,0,0,0,0,0,2,2,0,1,255,1,255,0,255,0,0,0,0,0,0,0,0,0,0,0,0,1,0,0,0,0,0,0,0,0,0,0,-1,-1,2100,2010,-1,-1,-1,-1,-1,-1,-1,-1,-1,-1,-1,-1,-1,-1,-1,-1,-1,-1,-1,-1,-1,-1,-1,-1,-1,-1,-1,-1,0,0,0,0,0,0,0,0,0,0,0,0,-1,-1,-1,-1,-1,-1,-1,-1,-1,-1,-1,-1,-1,-1,-1,-1,-1,-1,-1,-1,-1,-1,-1,-1,0,0,0,0,0,0,0,0,0,0,0,0,0,0,0,0,0,0,0,0,0,0,0,0,255,139,139,135,0,0,0,0,0,0,0,100,100,100,100,0,0,100,-1,0,100,150,0,1,1,-1,0,0,700,0,[0|0|0],-1,127,0,[0|0|0|0|0|0|0|0|0|0]
6301200,Dane's Footwork - Attack,0.4,0,0,0,0.5,0.04,6902,-1,-1,1665,1667,6,0,-1,-1,940,0,-1,-1,0,92,92,92,92,135,500,100,100,0,0,0,0,0,0,0,0,0,0,0,0,10,0,0,0,0,0,0,0,0,0,0,0,1,0,0,1,255,1,255,0,255,0,0,0,0,0,0,0,0,0,0,0,0,1,0,0,0,0,0,0,0,9,0,0,-1,-1,2100,2010,-1,-1,-1,-1,-1,-1,-1,-1,-1,-1,-1,-1,-1,-1,-1,-1,-1,-1,-1,-1,-1,-1,-1,-1,-1,-1,-1,-1,0,0,0,0,0,0,0,0,0,0,0,0,-1,-1,-1,-1,-1,-1,-1,-1,-1,-1,-1,-1,-1,-1,-1,-1,-1,-1,-1,-1,-1,-1,-1,-1,0,0,0,0,0,0,0,0,0,0,0,0,0,0,0,0,0,0,0,0,0,0,0,0,255,139,139,92,0,0,0,1,0,0,0,65,90,100,100,0,0,100,-1,0,100,100,0,1,1,-1,0,0,90,0,[0|0|0],-1,127,0,[0|0|0|0|0|0|0|0|0|0]
6301201,Dane's Footwork - Attack,0.4,0,0,0,0.5,0.04,6902,-1,-1,1665,1667,6,0,-1,-1,240,0,-1,-1,0,92,92,92,92,135,500,100,100,0,0,0,0,0,0,0,0,0,0,0,0,10,0,0,0,0,0,0,0,0,0,0,0,1,2,0,1,255,1,255,0,255,0,0,0,0,0,0,0,0,0,0,0,0,1,0,0,0,0,0,0,0,9,0,0,-1,-1,2100,2010,-1,-1,-1,-1,-1,-1,-1,-1,-1,-1,-1,-1,-1,-1,-1,-1,-1,-1,-1,-1,-1,-1,-1,-1,-1,-1,-1,-1,0,0,0,0,0,0,0,0,0,0,0,0,-1,-1,-1,-1,-1,-1,-1,-1,-1,-1,-1,-1,-1,-1,-1,-1,-1,-1,-1,-1,-1,-1,-1,-1,0,0,0,0,0,0,0,0,0,0,0,0,0,0,0,0,0,0,0,0,0,0,0,0,255,139,139,92,0,0,0,1,0,0,0,65,90,100,100,0,0,100,-1,0,100,100,0,1,1,-1,0,0,90,0,[0|0|0],-1,127,0,[0|0|0|0|0|0|0|0|0|0]
6301203,Dane's Footwork - Attack,0.4,0,0,0,1.2,0.04,6902,-1,-1,1665,1667,6,0,-1,-1,940,0,-1,-1,0,92,92,92,92,135,500,100,100,0,0,0,0,0,0,0,0,0,0,0,0,10,0,0,0,0,0,0,0,0,0,0,0,1,0,0,1,255,1,255,0,255,0,0,0,0,0,0,0,0,0,0,0,4,1,0,0,0,0,0,0,0,0,0,0,-1,-1,2100,2010,-1,-1,-1,-1,-1,-1,-1,-1,-1,-1,-1,-1,-1,-1,-1,-1,-1,-1,-1,-1,-1,-1,-1,-1,-1,-1,-1,-1,0,0,0,0,0,0,0,0,0,0,0,0,-1,-1,-1,-1,-1,-1,-1,-1,-1,-1,-1,-1,-1,-1,-1,-1,-1,-1,-1,-1,-1,-1,-1,-1,0,0,0,0,0,0,0,0,0,0,0,0,0,0,0,0,0,0,0,0,0,0,0,0,255,139,139,92,0,0,0,1,0,0,0,65,90,100,100,0,0,100,-1,0,100,100,0,1,1,-1,0,0,90,0,[0|0|0],-1,127,0,[0|0|0|0|0|0|0|0|0|0]
6301204,Dane's Footwork - Attack,0.4,0,0,0,1.2,0.04,6902,-1,-1,1665,1667,6,0,-1,-1,240,0,-1,-1,0,92,92,92,92,135,500,100,100,0,0,0,0,0,0,0,0,0,0,0,0,10,0,0,0,0,0,0,0,0,0,0,0,1,2,0,1,255,1,255,0,255,0,0,0,0,0,0,0,0,0,0,0,4,1,0,0,0,0,0,0,0,0,0,0,-1,-1,2100,2010,-1,-1,-1,-1,-1,-1,-1,-1,-1,-1,-1,-1,-1,-1,-1,-1,-1,-1,-1,-1,-1,-1,-1,-1,-1,-1,-1,-1,0,0,0,0,0,0,0,0,0,0,0,0,-1,-1,-1,-1,-1,-1,-1,-1,-1,-1,-1,-1,-1,-1,-1,-1,-1,-1,-1,-1,-1,-1,-1,-1,0,0,0,0,0,0,0,0,0,0,0,0,0,0,0,0,0,0,0,0,0,0,0,0,255,139,139,92,0,0,0,1,0,0,0,65,90,100,100,0,0,100,-1,0,100,100,0,1,1,-1,0,0,90,0,[0|0|0],-1,127,0,[0|0|0|0|0|0|0|0|0|0]
6301250,Dane's Footwork - Attack,0.4,0,0,0,1.2,0.04,6902,-1,-1,1665,-1,6,0,-1,-1,940,0,-1,-1,0,106,106,106,106,135,500,100,100,104,0,0,0,0,0,0,0,0,0,0,0,10,0,0,0,0,0,0,0,0,0,0,0,1,0,0,1,255,1,255,0,255,0,0,0,0,0,0,0,0,0,0,0,1,1,0,0,0,0,0,0,0,0,0,0,-1,-1,2100,2010,-1,-1,-1,-1,-1,-1,-1,-1,-1,-1,-1,-1,-1,-1,-1,-1,-1,-1,-1,-1,-1,-1,-1,-1,-1,-1,-1,-1,0,0,0,0,0,0,0,0,0,0,0,0,-1,-1,-1,-1,-1,-1,-1,-1,-1,-1,-1,-1,-1,-1,-1,-1,-1,-1,-1,-1,-1,-1,-1,-1,0,0,0,0,0,0,0,0,0,0,0,0,0,0,0,0,0,0,0,0,0,0,0,0,255,139,139,106,0,0,0,1,0,0,0,65,90,100,100,0,0,100,-1,0,100,110,0,1,1,-1,0,0,120,0,[0|0|0],-1,127,0,[0|0|0|0|0|0|0|0|0|0]
6301251,Dane's Footwork - Attack,0.4,0,0,0,1.2,0.04,6902,-1,-1,1665,-1,6,0,-1,-1,240,0,-1,-1,0,106,106,106,106,135,500,100,100,104,0,0,0,0,0,0,0,0,0,0,0,10,0,0,0,0,0,0,0,0,0,0,0,1,2,0,1,255,1,255,0,255,0,0,0,0,0,0,0,0,0,0,0,1,1,0,0,0,0,0,0,0,0,0,0,-1,-1,2100,2010,-1,-1,-1,-1,-1,-1,-1,-1,-1,-1,-1,-1,-1,-1,-1,-1,-1,-1,-1,-1,-1,-1,-1,-1,-1,-1,-1,-1,0,0,0,0,0,0,0,0,0,0,0,0,-1,-1,-1,-1,-1,-1,-1,-1,-1,-1,-1,-1,-1,-1,-1,-1,-1,-1,-1,-1,-1,-1,-1,-1,0,0,0,0,0,0,0,0,0,0,0,0,0,0,0,0,0,0,0,0,0,0,0,0,255,139,139,106,0,0,0,1,0,0,0,65,90,100,100,0,0,100,-1,0,100,110,0,1,1,-1,0,0,120,0,[0|0|0],-1,127,0,[0|0|0|0|0|0|0|0|0|0]
6301300,Dane's Footwork - Attack,0.4,0,0,0,0.5,0.04,6904,-1,-1,1665,-1,5,0,-1,-1,930,0,-1,-1,0,105,105,105,105,90,500,100,100,0,0,0,0,0,0,0,0,0,0,0,0,20,0,0,0,0,0,0,0,0,0,0,0,1,0,0,1,255,1,255,0,255,0,0,0,0,0,0,0,0,0,0,0,4,1,0,0,0,0,0,0,0,9,0,0,-1,-1,2100,2010,-1,-1,-1,-1,-1,-1,-1,-1,-1,-1,-1,-1,-1,-1,-1,-1,-1,-1,-1,-1,-1,-1,-1,-1,-1,-1,-1,-1,0,0,0,0,0,0,0,0,0,0,0,0,-1,-1,-1,-1,-1,-1,-1,-1,-1,-1,-1,-1,-1,-1,-1,-1,-1,-1,-1,-1,-1,-1,-1,-1,0,0,0,0,0,0,0,0,0,0,0,0,0,0,0,0,0,0,0,0,0,0,0,0,255,139,139,105,0,0,0,1,0,0,0,65,90,100,100,0,0,100,-1,0,100,130,0,1,1,-1,0,0,90,0,[0|0|0],-1,127,0,[0|0|0|0|0|0|0|0|0|0]
6301301,Dane's Footwork - Attack,0.4,0,0,0,0.5,0.04,6904,-1,-1,1665,-1,5,0,-1,-1,240,0,-1,-1,0,105,105,105,105,90,500,100,100,0,0,0,0,0,0,0,0,0,0,0,0,20,0,0,0,0,0,0,0,0,0,0,0,1,2,0,1,255,1,255,0,255,0,0,0,0,0,0,0,0,0,0,0,4,1,0,0,0,0,0,0,0,9,0,0,-1,-1,2100,2010,-1,-1,-1,-1,-1,-1,-1,-1,-1,-1,-1,-1,-1,-1,-1,-1,-1,-1,-1,-1,-1,-1,-1,-1,-1,-1,-1,-1,0,0,0,0,0,0,0,0,0,0,0,0,-1,-1,-1,-1,-1,-1,-1,-1,-1,-1,-1,-1,-1,-1,-1,-1,-1,-1,-1,-1,-1,-1,-1,-1,0,0,0,0,0,0,0,0,0,0,0,0,0,0,0,0,0,0,0,0,0,0,0,0,255,139,139,105,0,0,0,1,0,0,0,65,90,100,100,0,0,100,-1,0,100,130,0,1,1,-1,0,0,90,0,[0|0|0],-1,127,0,[0|0|0|0|0|0|0|0|0|0]
6301302,Dane's Footwork - Bullet,0.4,0,0,0,0.3,0.04,6904,-1,-1,1665,-1,5,0,-1,-1,240,0,-1,-1,0,94,94,94,94,90,500,100,100,0,0,0,0,0,0,0,0,0,0,0,0,20,0,0,0,0,0,0,0,0,0,0,0,1,2,0,1,255,1,255,0,255,0,0,0,0,0,0,0,0,0,0,0,4,1,0,0,0,0,0,0,0,9,0,0,-1,-1,2100,2010,-1,-1,-1,-1,-1,-1,-1,-1,-1,-1,-1,-1,-1,-1,-1,-1,-1,-1,-1,-1,-1,-1,-1,-1,-1,-1,-1,-1,0,0,0,0,0,0,0,0,0,0,0,0,-1,-1,-1,-1,-1,-1,-1,-1,-1,-1,-1,-1,-1,-1,-1,-1,-1,-1,-1,-1,-1,-1,-1,-1,0,0,0,0,0,0,0,0,0,0,0,0,0,0,0,0,0,0,0,0,0,0,0,0,255,139,139,94,0,0,0,1,0,0,0,65,90,100,100,0,0,100,-1,0,100,130,0,1,1,-1,0,0,90,0,[0|0|0],-1,127,0,[0|0|0|0|0|0|0|0|0|0]
6301303,Dane's Footwork - Attack,0.4,0,0,0,1.2,0.04,6904,-1,-1,1665,-1,5,0,-1,-1,930,0,-1,-1,0,126,126,126,126,90,500,100,100,0,0,0,0,0,0,0,0,0,0,0,0,20,0,0,0,0,0,0,0,0,0,0,0,1,0,0,1,255,1,255,0,255,0,0,0,0,0,0,0,0,0,0,0,0,1,0,0,0,0,0,0,0,0,0,0,-1,-1,2100,2010,-1,-1,-1,-1,-1,-1,-1,-1,-1,-1,-1,-1,-1,-1,-1,-1,-1,-1,-1,-1,-1,-1,-1,-1,-1,-1,-1,-1,0,0,0,0,0,0,0,0,0,0,0,0,-1,-1,-1,-1,-1,-1,-1,-1,-1,-1,-1,-1,-1,-1,-1,-1,-1,-1,-1,-1,-1,-1,-1,-1,0,0,0,0,0,0,0,0,0,0,0,0,0,0,0,0,0,0,0,0,0,0,0,0,255,139,139,126,0,0,0,1,0,0,0,65,90,100,100,0,0,100,-1,0,100,130,0,1,1,-1,0,0,90,0,[0|0|0],-1,127,0,[0|0|0|0|0|0|0|0|0|0]
6301304,Dane's Footwork - Attack,0.4,0,0,0,1.2,0.04,6904,-1,-1,1665,-1,5,0,-1,-1,240,0,-1,-1,0,126,126,126,126,90,500,100,100,0,0,0,0,0,0,0,0,0,0,0,0,20,0,0,0,0,0,0,0,0,0,0,0,1,2,0,1,255,1,255,0,255,0,0,0,0,0,0,0,0,0,0,0,0,1,0,0,0,0,0,0,0,0,0,0,-1,-1,2100,2010,-1,-1,-1,-1,-1,-1,-1,-1,-1,-1,-1,-1,-1,-1,-1,-1,-1,-1,-1,-1,-1,-1,-1,-1,-1,-1,-1,-1,0,0,0,0,0,0,0,0,0,0,0,0,-1,-1,-1,-1,-1,-1,-1,-1,-1,-1,-1,-1,-1,-1,-1,-1,-1,-1,-1,-1,-1,-1,-1,-1,0,0,0,0,0,0,0,0,0,0,0,0,0,0,0,0,0,0,0,0,0,0,0,0,255,139,139,126,0,0,0,1,0,0,0,65,90,100,100,0,0,100,-1,0,100,130,0,1,1,-1,0,0,90,0,[0|0|0],-1,127,0,[0|0|0|0|0|0|0|0|0|0]
6301305,Dane's Footwork - Attack,0.4,0,0,0,0.6,0.04,6906,-1,-1,-1,1667,5,0,-1,-1,930,0,-1,-1,0,130,130,130,130,120,500,100,100,100,0,0,0,0,0,0,0,0,0,0,0,20,0,0,0,0,0,0,0,0,0,0,0,2,0,0,1,255,1,255,0,255,0,0,0,0,0,0,0,0,0,0,0,4,1,0,0,0,0,0,0,0,9,0,0,-1,-1,2100,2010,-1,-1,-1,-1,-1,-1,-1,-1,-1,-1,-1,-1,-1,-1,-1,-1,-1,-1,-1,-1,-1,-1,-1,-1,-1,-1,-1,-1,0,0,0,0,0,0,0,0,0,0,0,0,-1,-1,-1,-1,-1,-1,-1,-1,-1,-1,-1,-1,-1,-1,-1,-1,-1,-1,-1,-1,-1,-1,-1,-1,0,0,0,0,0,0,0,0,0,0,0,0,0,0,0,0,0,0,0,0,0,0,0,0,255,139,139,130,0,0,0,1,0,0,0,65,90,100,100,0,0,100,-1,0,100,150,0,1,1,-1,0,0,350,0,[0|0|0],-1,127,0,[0|0|0|0|0|0|0|0|0|0]
6301306,Dane's Footwork - Attack,0.4,0,0,0,0.6,0.04,6906,-1,-1,-1,1667,5,0,-1,-1,240,0,-1,-1,0,130,130,130,130,120,500,100,100,100,0,0,0,0,0,0,0,0,0,0,0,20,0,0,0,0,0,0,0,0,0,0,0,2,2,0,1,255,1,255,0,255,0,0,0,0,0,0,0,0,0,0,0,4,1,0,0,0,0,0,0,0,9,0,0,-1,-1,2100,2010,-1,-1,-1,-1,-1,-1,-1,-1,-1,-1,-1,-1,-1,-1,-1,-1,-1,-1,-1,-1,-1,-1,-1,-1,-1,-1,-1,-1,0,0,0,0,0,0,0,0,0,0,0,0,-1,-1,-1,-1,-1,-1,-1,-1,-1,-1,-1,-1,-1,-1,-1,-1,-1,-1,-1,-1,-1,-1,-1,-1,0,0,0,0,0,0,0,0,0,0,0,0,0,0,0,0,0,0,0,0,0,0,0,0,255,139,139,130,0,0,0,1,0,0,0,65,90,100,100,0,0,100,-1,0,100,150,0,1,1,-1,0,0,350,0,[0|0|0],-1,127,0,[0|0|0|0|0|0|0|0|0|0]
6301307,Dane's Footwork - Bullet,0.4,0,0,0,0.3,0.04,6906,-1,-1,-1,1667,5,0,-1,-1,240,0,-1,-1,0,115,115,115,115,120,500,100,100,100,0,0,0,0,0,0,0,0,0,0,0,20,0,0,0,0,0,0,0,0,0,0,0,2,2,0,1,255,1,255,0,255,0,0,0,0,0,0,0,0,0,0,0,4,1,0,0,0,0,0,0,0,9,0,0,-1,-1,2100,2010,-1,-1,-1,-1,-1,-1,-1,-1,-1,-1,-1,-1,-1,-1,-1,-1,-1,-1,-1,-1,-1,-1,-1,-1,-1,-1,-1,-1,0,0,0,0,0,0,0,0,0,0,0,0,-1,-1,-1,-1,-1,-1,-1,-1,-1,-1,-1,-1,-1,-1,-1,-1,-1,-1,-1,-1,-1,-1,-1,-1,0,0,0,0,0,0,0,0,0,0,0,0,0,0,0,0,0,0,0,0,0,0,0,0,255,139,139,115,0,0,0,1,0,0,0,65,90,100,100,0,0,100,-1,0,100,150,0,1,1,-1,0,0,350,0,[0|0|0],-1,127,0,[0|0|0|0|0|0|0|0|0|0]
6301308,Dane's Footwork - Attack,0.4,0,0,0,1.2,0.04,6906,-1,-1,-1,1667,5,0,-1,-1,930,0,-1,-1,0,150,150,150,150,120,500,100,100,100,0,0,0,0,0,0,0,0,0,0,0,20,0,0,0,0,0,0,0,0,0,0,0,2,0,0,1,255,1,255,0,255,0,0,0,0,0,0,0,0,0,0,0,0,1,0,0,0,0,0,0,0,0,0,0,-1,-1,2100,2010,-1,-1,-1,-1,-1,-1,-1,-1,-1,-1,-1,-1,-1,-1,-1,-1,-1,-1,-1,-1,-1,-1,-1,-1,-1,-1,-1,-1,0,0,0,0,0,0,0,0,0,0,0,0,-1,-1,-1,-1,-1,-1,-1,-1,-1,-1,-1,-1,-1,-1,-1,-1,-1,-1,-1,-1,-1,-1,-1,-1,0,0,0,0,0,0,0,0,0,0,0,0,0,0,0,0,0,0,0,0,0,0,0,0,255,139,139,150,0,0,0,1,0,0,0,65,90,100,100,0,0,100,-1,0,100,150,0,1,1,-1,0,0,350,0,[0|0|0],-1,127,0,[0|0|0|0|0|0|0|0|0|0]
6301309,Dane's Footwork - Attack,0.4,0,0,0,1.2,0.04,6906,-1,-1,-1,1667,5,0,-1,-1,240,0,-1,-1,0,150,150,150,150,120,500,100,100,100,0,0,0,0,0,0,0,0,0,0,0,20,0,0,0,0,0,0,0,0,0,0,0,2,2,0,1,255,1,255,0,255,0,0,0,0,0,0,0,0,0,0,0,0,1,0,0,0,0,0,0,0,0,0,0,-1,-1,2100,2010,-1,-1,-1,-1,-1,-1,-1,-1,-1,-1,-1,-1,-1,-1,-1,-1,-1,-1,-1,-1,-1,-1,-1,-1,-1,-1,-1,-1,0,0,0,0,0,0,0,0,0,0,0,0,-1,-1,-1,-1,-1,-1,-1,-1,-1,-1,-1,-1,-1,-1,-1,-1,-1,-1,-1,-1,-1,-1,-1,-1,0,0,0,0,0,0,0,0,0,0,0,0,0,0,0,0,0,0,0,0,0,0,0,0,255,139,139,150,0,0,0,1,0,0,0,65,90,100,100,0,0,100,-1,0,100,150,0,1,1,-1,0,0,350,0,[0|0|0],-1,127,0,[0|0|0|0|0|0|0|0|0|0]
6301310,Dane's Footwork - Attack,0.4,0.2,0,0,0.5,0.04,6906,-1,-1,-1,1667,2,2,-1,-1,-1,-1,-1,-1,0,105,105,105,105,60,500,100,100,0,0,0,0,0,0,0,0,0,0,0,0,20,0,0,0,0,2,0,0,0,0,0,0,1,0,0,1,255,1,255,0,255,0,0,0,0,0,0,0,0,0,0,0,3,1,0,0,0,0,0,0,0,9,0,0,-1,-1,2100,2010,-1,-1,-1,-1,-1,-1,-1,-1,-1,-1,-1,-1,-1,-1,-1,-1,-1,-1,-1,-1,-1,-1,-1,-1,-1,-1,-1,-1,0,0,0,0,0,0,0,0,0,0,0,0,-1,-1,-1,-1,-1,-1,-1,-1,-1,-1,-1,-1,-1,-1,-1,-1,-1,-1,-1,-1,-1,-1,-1,-1,0,0,0,0,0,0,0,0,0,0,0,0,0,0,0,0,0,0,0,0,0,0,0,0,255,139,139,105,0,0,0,1,0,0,0,65,90,100,100,0,0,100,-1,0,100,150,0,1,1,-1,0,0,60,0,[0|0|0],-1,0,0,[0|0|0|0|0|0|0|0|0|0]
6301311,Dane's Footwork - Bullet,0.4,0.2,0,0,0.3,0.04,6906,-1,-1,-1,1667,2,2,-1,-1,-1,-1,-1,-1,0,94,94,94,94,60,500,100,100,0,0,0,0,0,0,0,0,0,0,0,0,20,0,0,0,0,2,0,0,0,0,0,0,1,0,0,1,255,1,255,0,255,0,0,0,0,0,0,0,0,0,0,0,3,1,0,0,0,0,0,0,0,9,0,0,-1,-1,2100,2010,-1,-1,-1,-1,-1,-1,-1,-1,-1,-1,-1,-1,-1,-1,-1,-1,-1,-1,-1,-1,-1,-1,-1,-1,-1,-1,-1,-1,0,0,0,0,0,0,0,0,0,0,0,0,-1,-1,-1,-1,-1,-1,-1,-1,-1,-1,-1,-1,-1,-1,-1,-1,-1,-1,-1,-1,-1,-1,-1,-1,0,0,0,0,0,0,0,0,0,0,0,0,0,0,0,0,0,0,0,0,0,0,0,0,255,139,139,94,0,0,0,1,0,0,0,65,90,100,100,0,0,100,-1,0,100,150,0,1,1,-1,0,0,60,0,[0|0|0],-1,0,0,[0|0|0|0|0|0|0|0|0|0]
6301312,Dane's Footwork - Bullet,0.4,0,0,0,0.3,0.04,6906,-1,-1,-1,1667,5,0,-1,-1,930,0,-1,-1,0,110,110,110,110,90,500,100,100,0,0,0,0,0,0,0,0,0,0,0,0,20,0,0,0,0,0,0,0,0,0,0,0,1,0,0,1,255,1,255,0,255,0,0,0,0,0,0,0,0,0,0,0,0,1,0,0,0,0,0,0,0,0,0,0,-1,-1,2100,2010,-1,-1,-1,-1,-1,-1,-1,-1,-1,-1,-1,-1,-1,-1,-1,-1,-1,-1,-1,-1,-1,-1,-1,-1,-1,-1,-1,-1,0,0,0,0,0,0,0,0,0,0,0,0,-1,-1,-1,-1,-1,-1,-1,-1,-1,-1,-1,-1,-1,-1,-1,-1,-1,-1,-1,-1,-1,-1,-1,-1,0,0,0,0,0,0,0,0,0,0,0,0,0,0,0,0,0,0,0,0,0,0,0,0,255,139,139,110,0,0,0,1,0,0,0,65,90,100,100,0,0,100,-1,0,100,150,0,1,1,-1,0,0,90,0,[0|0|0],-1,127,0,[0|0|0|0|0|0|0|0|0|0]
6301313,Dane's Footwork - Attack,0.4,0,0,0,1.2,0.04,6906,-1,-1,-1,1667,5,0,-1,-1,930,0,-1,-1,0,126,126,126,126,90,500,100,100,0,0,0,0,0,0,0,0,0,0,0,0,20,0,0,0,0,0,0,0,0,0,0,0,1,0,0,1,255,1,255,0,255,0,0,0,0,0,0,0,0,0,0,0,0,1,0,0,0,0,0,0,0,0,0,0,-1,-1,2100,2010,-1,-1,-1,-1,-1,-1,-1,-1,-1,-1,-1,-1,-1,-1,-1,-1,-1,-1,-1,-1,-1,-1,-1,-1,-1,-1,-1,-1,0,0,0,0,0,0,0,0,0,0,0,0,-1,-1,-1,-1,-1,-1,-1,-1,-1,-1,-1,-1,-1,-1,-1,-1,-1,-1,-1,-1,-1,-1,-1,-1,0,0,0,0,0,0,0,0,0,0,0,0,0,0,0,0,0,0,0,0,0,0,0,0,255,139,139,126,0,0,0,1,0,0,0,65,90,100,100,0,0,100,-1,0,100,150,0,1,1,-1,0,0,90,0,[0|0|0],-1,127,0,[0|0|0|0|0|0|0|0|0|0]
6301314,Dane's Footwork - Attack,0.4,0,0,0,1.2,0.04,6906,-1,-1,-1,1667,5,0,-1,-1,240,0,-1,-1,0,126,126,126,126,90,500,100,100,0,0,0,0,0,0,0,0,0,0,0,0,20,0,0,0,0,0,0,0,0,0,0,0,1,2,0,1,255,1,255,0,255,0,0,0,0,0,0,0,0,0,0,0,0,1,0,0,0,0,0,0,0,0,0,0,-1,-1,2100,2010,-1,-1,-1,-1,-1,-1,-1,-1,-1,-1,-1,-1,-1,-1,-1,-1,-1,-1,-1,-1,-1,-1,-1,-1,-1,-1,-1,-1,0,0,0,0,0,0,0,0,0,0,0,0,-1,-1,-1,-1,-1,-1,-1,-1,-1,-1,-1,-1,-1,-1,-1,-1,-1,-1,-1,-1,-1,-1,-1,-1,0,0,0,0,0,0,0,0,0,0,0,0,0,0,0,0,0,0,0,0,0,0,0,0,255,139,139,126,0,0,0,1,0,0,0,65,90,100,100,0,0,100,-1,0,100,150,0,1,1,-1,0,0,90,0,[0|0|0],-1,127,0,[0|0|0|0|0|0|0|0|0|0]
6301315,Dane's Footwork - Attack,0.4,0.2,0,0,0.6,0.04,6906,-1,-1,-1,1667,2,2,-1,-1,-1,-1,-1,-1,0,130,130,130,130,80,500,100,100,100,0,0,0,0,0,0,0,0,0,0,0,20,0,0,0,0,2,0,0,0,0,0,0,2,0,0,1,255,1,255,0,255,0,0,0,0,0,0,0,0,0,0,0,3,1,0,0,0,0,0,0,0,9,0,0,-1,-1,2100,2010,-1,-1,-1,-1,-1,-1,-1,-1,-1,-1,-1,-1,-1,-1,-1,-1,-1,-1,-1,-1,-1,-1,-1,-1,-1,-1,-1,-1,0,0,0,0,0,0,0,0,0,0,0,0,-1,-1,-1,-1,-1,-1,-1,-1,-1,-1,-1,-1,-1,-1,-1,-1,-1,-1,-1,-1,-1,-1,-1,-1,0,0,0,0,0,0,0,0,0,0,0,0,0,0,0,0,0,0,0,0,0,0,0,0,255,139,139,130,0,0,0,1,0,0,0,65,90,100,100,0,0,100,-1,0,100,150,0,1,1,-1,0,0,300,0,[0|0|0],-1,0,0,[0|0|0|0|0|0|0|0|0|0]
6301316,Dane's Footwork - Bullet,0.4,0.2,0,0,0.3,0.04,6906,-1,-1,-1,1667,2,2,-1,-1,-1,-1,-1,-1,0,115,115,115,115,80,500,100,100,100,0,0,0,0,0,0,0,0,0,0,0,20,0,0,0,0,2,0,0,0,0,0,0,2,0,0,1,255,1,255,0,255,0,0,0,0,0,0,0,0,0,0,0,3,1,0,0,0,0,0,0,0,9,0,0,-1,-1,2100,2010,-1,-1,-1,-1,-1,-1,-1,-1,-1,-1,-1,-1,-1,-1,-1,-1,-1,-1,-1,-1,-1,-1,-1,-1,-1,-1,-1,-1,0,0,0,0,0,0,0,0,0,0,0,0,-1,-1,-1,-1,-1,-1,-1,-1,-1,-1,-1,-1,-1,-1,-1,-1,-1,-1,-1,-1,-1,-1,-1,-1,0,0,0,0,0,0,0,0,0,0,0,0,0,0,0,0,0,0,0,0,0,0,0,0,255,139,139,115,0,0,0,1,0,0,0,65,90,100,100,0,0,100,-1,0,100,150,0,1,1,-1,0,0,300,0,[0|0|0],-1,0,0,[0|0|0|0|0|0|0|0|0|0]
6301317,Dane's Footwork - Bullet,0.4,0,0,0,0.3,0.04,6906,-1,-1,-1,1667,5,0,-1,-1,930,0,-1,-1,0,135,135,135,135,120,500,100,100,100,0,0,0,0,0,0,0,0,0,0,0,20,0,0,0,0,0,0,0,0,0,0,0,2,0,0,1,255,1,255,0,255,0,0,0,0,0,0,0,0,0,0,0,0,1,0,0,0,0,0,0,0,0,0,0,-1,-1,2100,2010,-1,-1,-1,-1,-1,-1,-1,-1,-1,-1,-1,-1,-1,-1,-1,-1,-1,-1,-1,-1,-1,-1,-1,-1,-1,-1,-1,-1,0,0,0,0,0,0,0,0,0,0,0,0,-1,-1,-1,-1,-1,-1,-1,-1,-1,-1,-1,-1,-1,-1,-1,-1,-1,-1,-1,-1,-1,-1,-1,-1,0,0,0,0,0,0,0,0,0,0,0,0,0,0,0,0,0,0,0,0,0,0,0,0,255,139,139,135,0,0,0,1,0,0,0,65,90,100,100,0,0,100,-1,0,100,150,0,1,1,-1,0,0,350,0,[0|0|0],-1,127,0,[0|0|0|0|0|0|0|0|0|0]
6301318,Dane's Footwork - Attack,0.4,0,0,0,1.2,0.04,6906,-1,-1,-1,1667,5,0,-1,-1,930,0,-1,-1,0,150,150,150,150,120,500,100,100,100,0,0,0,0,0,0,0,0,0,0,0,20,0,0,0,0,0,0,0,0,0,0,0,2,0,0,1,255,1,255,0,255,0,0,0,0,0,0,0,0,0,0,0,0,1,0,0,0,0,0,0,0,0,0,0,-1,-1,2100,2010,-1,-1,-1,-1,-1,-1,-1,-1,-1,-1,-1,-1,-1,-1,-1,-1,-1,-1,-1,-1,-1,-1,-1,-1,-1,-1,-1,-1,0,0,0,0,0,0,0,0,0,0,0,0,-1,-1,-1,-1,-1,-1,-1,-1,-1,-1,-1,-1,-1,-1,-1,-1,-1,-1,-1,-1,-1,-1,-1,-1,0,0,0,0,0,0,0,0,0,0,0,0,0,0,0,0,0,0,0,0,0,0,0,0,255,139,139,150,0,0,0,1,0,0,0,65,90,100,100,0,0,100,-1,0,100,150,0,1,1,-1,0,0,350,0,[0|0|0],-1,127,0,[0|0|0|0|0|0|0|0|0|0]
6301319,Dane's Footwork - Attack,0.4,0,0,0,1.2,0.04,6906,-1,-1,-1,1667,5,0,-1,-1,240,0,-1,-1,0,150,150,150,150,120,500,100,100,100,0,0,0,0,0,0,0,0,0,0,0,20,0,0,0,0,0,0,0,0,0,0,0,2,2,0,1,255,1,255,0,255,0,0,0,0,0,0,0,0,0,0,0,0,1,0,0,0,0,0,0,0,0,0,0,-1,-1,2100,2010,-1,-1,-1,-1,-1,-1,-1,-1,-1,-1,-1,-1,-1,-1,-1,-1,-1,-1,-1,-1,-1,-1,-1,-1,-1,-1,-1,-1,0,0,0,0,0,0,0,0,0,0,0,0,-1,-1,-1,-1,-1,-1,-1,-1,-1,-1,-1,-1,-1,-1,-1,-1,-1,-1,-1,-1,-1,-1,-1,-1,0,0,0,0,0,0,0,0,0,0,0,0,0,0,0,0,0,0,0,0,0,0,0,0,255,139,139,150,0,0,0,1,0,0,0,65,90,100,100,0,0,100,-1,0,100,150,0,1,1,-1,0,0,350,0,[0|0|0],-1,127,0,[0|0|0|0|0|0|0|0|0|0]
6301400,Dane's Footwork - Attack,0.4,0,0,0,0.7,0.08,6902,-1,-1,-1,1667,6,0,-1,-1,940,0,-1,-1,0,100,100,100,100,150,100,100,100,0,0,0,0,0,0,0,0,0,0,0,0,10,0,0,0,0,0,0,0,0,0,0,0,1,0,0,1,255,1,255,0,255,0,0,0,0,0,0,0,0,0,0,0,3,1,0,0,0,0,0,0,0,0,0,0,-1,-1,2100,2010,-1,-1,-1,-1,-1,-1,-1,-1,-1,-1,-1,-1,-1,-1,-1,-1,-1,-1,-1,-1,-1,-1,-1,-1,-1,-1,-1,-1,0,0,0,0,0,0,0,0,0,0,0,0,-1,-1,-1,-1,-1,-1,-1,-1,-1,-1,-1,-1,-1,-1,-1,-1,-1,-1,-1,-1,-1,-1,-1,-1,0,0,0,0,0,0,0,0,0,0,0,0,0,0,0,0,0,0,0,0,0,0,0,0,255,139,139,100,0,0,0,0,0,0,0,100,100,100,100,0,0,100,-1,0,100,100,0,1,1,-1,0,0,150,0,[0|0|0],-1,127,0,[0|0|0|0|0|0|0|0|0|0]
6301401,Dane's Footwork - Attack,0.4,0,0,0,0.7,0.08,6902,-1,-1,-1,1667,6,0,-1,-1,240,0,-1,-1,0,100,100,100,100,150,100,100,100,0,0,0,0,0,0,0,0,0,0,0,0,10,0,0,0,0,0,0,0,0,0,0,0,1,2,0,1,255,1,255,0,255,0,0,0,0,0,0,0,0,0,0,0,3,1,0,0,0,0,0,0,0,0,0,0,-1,-1,2100,2010,-1,-1,-1,-1,-1,-1,-1,-1,-1,-1,-1,-1,-1,-1,-1,-1,-1,-1,-1,-1,-1,-1,-1,-1,-1,-1,-1,-1,0,0,0,0,0,0,0,0,0,0,0,0,-1,-1,-1,-1,-1,-1,-1,-1,-1,-1,-1,-1,-1,-1,-1,-1,-1,-1,-1,-1,-1,-1,-1,-1,0,0,0,0,0,0,0,0,0,0,0,0,0,0,0,0,0,0,0,0,0,0,0,0,255,139,139,100,0,0,0,0,0,0,0,100,100,100,100,0,0,100,-1,0,100,100,0,1,1,-1,0,0,150,0,[0|0|0],-1,127,0,[0|0|0|0|0|0|0|0|0|0]
6400000,Reverse-hand Blade - Default Attack,0.4,0.2,0,0,1.15,0.08,6902,-1,-1,1665,-1,100,120,-1,-1,110,-1,-1,-1,0,100,100,100,100,100,100,100,100,0,0,0,0,0,0,0,0,0,0,0,0,10,0,0,0,0,2,0,0,0,0,0,0,1,0,0,253,255,0,255,0,255,0,0,0,0,0,0,0,0,0,0,0,0,1,0,0,0,0,0,0,0,0,0,0,-1,-1,2100,2010,-1,-1,-1,-1,-1,-1,-1,-1,-1,-1,-1,-1,-1,-1,-1,-1,-1,-1,-1,-1,-1,-1,-1,-1,-1,-1,-1,-1,0,0,0,0,0,0,0,0,0,0,0,0,-1,-1,-1,-1,-1,-1,-1,-1,-1,-1,-1,-1,-1,-1,-1,-1,-1,-1,-1,-1,-1,-1,-1,-1,0,0,0,0,0,0,0,0,0,0,0,0,0,0,0,0,0,0,0,0,0,0,0,0,255,139,139,100,0,0,0,0,0,0,0,100,100,100,100,0,0,100,-1,0,100,100,0,1,1,-1,0,0,100,0,[0|0|0],-1,0,0,[0|0|0|0|0|0|0|0|0|0]
6400010,Reverse-hand Blade - Default Attack,0.4,0.2,0,0,1.1,0.08,6902,-1,-1,1665,-1,100,120,-1,-1,110,-1,-1,-1,0,101,101,101,101,100,100,100,100,0,0,0,0,0,0,0,0,0,0,0,0,10,0,0,0,0,2,0,0,0,0,0,0,1,0,0,253,255,0,255,0,255,0,0,0,0,0,0,0,0,0,0,0,4,1,0,0,0,0,0,0,0,0,0,0,-1,-1,2100,2010,-1,-1,-1,-1,-1,-1,-1,-1,-1,-1,-1,-1,-1,-1,-1,-1,-1,-1,-1,-1,-1,-1,-1,-1,-1,-1,-1,-1,0,0,0,0,0,0,0,0,0,0,0,0,-1,-1,-1,-1,-1,-1,-1,-1,-1,-1,-1,-1,-1,-1,-1,-1,-1,-1,-1,-1,-1,-1,-1,-1,0,0,0,0,0,0,0,0,0,0,0,0,0,0,0,0,0,0,0,0,0,0,0,0,255,139,139,101,0,0,0,0,0,0,0,100,100,100,100,0,0,100,-1,0,100,100,0,1,1,-1,0,0,100,0,[0|0|0],-1,0,0,[0|0|0|0|0|0|0|0|0|0]
6400020,Reverse-hand Blade - Default Attack,0.4,0.2,0,0,1.15,0.08,6902,-1,-1,1665,-1,100,120,-1,-1,110,-1,-1,-1,0,102,102,102,102,100,100,100,100,0,0,0,0,0,0,0,0,0,0,0,0,10,0,0,0,0,2,0,0,0,0,0,0,1,0,0,252,255,2,255,0,255,0,0,0,0,0,0,0,0,0,0,0,0,1,0,0,0,0,0,0,0,0,0,0,-1,-1,2100,2010,-1,-1,-1,-1,-1,-1,-1,-1,-1,-1,-1,-1,-1,-1,-1,-1,-1,-1,-1,-1,-1,-1,-1,-1,-1,-1,-1,-1,0,0,0,0,0,0,0,0,0,0,0,0,-1,-1,-1,-1,-1,-1,-1,-1,-1,-1,-1,-1,-1,-1,-1,-1,-1,-1,-1,-1,-1,-1,-1,-1,0,0,0,0,0,0,0,0,0,0,0,0,0,0,0,0,0,0,0,0,0,0,0,0,255,139,139,102,0,0,0,0,0,0,0,100,100,100,100,0,0,100,-1,0,100,105,0,1,1,-1,0,0,100,0,[0|0|0],-1,0,0,[0|0|0|0|0|0|0|0|0|0]
6400030,Reverse-hand Blade - Default Attack,0.4,0.2,0,0,0.85,0.08,6902,-1,-1,1665,-1,100,120,-1,-1,110,-1,-1,-1,0,103,103,103,103,100,100,100,100,0,0,0,0,0,0,0,0,0,0,0,0,10,0,0,0,0,2,0,0,0,0,0,0,1,0,0,253,255,0,255,0,255,0,0,0,0,0,0,0,0,0,0,0,3,1,0,0,0,0,0,0,0,0,0,0,-1,-1,2100,2010,-1,-1,-1,-1,-1,-1,-1,-1,-1,-1,-1,-1,-1,-1,-1,-1,-1,-1,-1,-1,-1,-1,-1,-1,-1,-1,-1,-1,0,0,0,0,0,0,0,0,0,0,0,0,-1,-1,-1,-1,-1,-1,-1,-1,-1,-1,-1,-1,-1,-1,-1,-1,-1,-1,-1,-1,-1,-1,-1,-1,0,0,0,0,0,0,0,0,0,0,0,0,0,0,0,0,0,0,0,0,0,0,0,0,255,139,139,103,0,0,0,0,0,0,0,100,100,100,100,0,0,100,-1,0,100,105,0,1,1,-1,0,0,100,0,[0|0|0],-1,0,0,[0|0|0|0|0|0|0|0|0|0]
6400040,Reverse-hand Blade - Default Attack,0.4,0.2,0,0,1.15,0.08,6902,-1,-1,1665,-1,100,120,-1,-1,110,-1,-1,-1,0,104,104,104,104,100,100,100,100,0,0,0,0,0,0,0,0,0,0,0,0,10,0,0,0,0,2,0,0,0,0,0,0,1,0,0,253,255,0,255,0,255,0,0,0,0,0,0,0,0,0,0,0,4,1,0,0,0,0,0,0,0,0,0,0,-1,-1,2100,2010,-1,-1,-1,-1,-1,-1,-1,-1,-1,-1,-1,-1,-1,-1,-1,-1,-1,-1,-1,-1,-1,-1,-1,-1,-1,-1,-1,-1,0,0,0,0,0,0,0,0,0,0,0,0,-1,-1,-1,-1,-1,-1,-1,-1,-1,-1,-1,-1,-1,-1,-1,-1,-1,-1,-1,-1,-1,-1,-1,-1,0,0,0,0,0,0,0,0,0,0,0,0,0,0,0,0,0,0,0,0,0,0,0,0,255,139,139,104,0,0,0,0,0,0,0,100,100,100,100,0,0,100,-1,0,100,105,0,1,1,-1,0,0,100,0,[0|0|0],-1,0,0,[0|0|0|0|0|0|0|0|0|0]
6400050,Reverse-hand Blade - Default Attack,0.4,0.2,0,0,1.2,0.08,6902,-1,-1,1665,-1,110,120,-1,-1,100,-1,-1,-1,0,110,110,110,110,100,100,100,100,104,0,0,0,0,0,0,0,0,0,0,0,10,0,0,0,0,2,0,0,0,0,0,0,2,0,0,253,255,0,255,0,255,0,0,0,0,0,0,0,0,0,0,0,0,1,0,0,0,0,0,0,0,0,0,0,-1,-1,2100,2010,-1,-1,-1,-1,-1,-1,-1,-1,-1,-1,-1,-1,-1,-1,-1,-1,-1,-1,-1,-1,-1,-1,-1,-1,-1,-1,-1,-1,0,0,0,0,0,0,0,0,0,0,0,0,-1,-1,-1,-1,-1,-1,-1,-1,-1,-1,-1,-1,-1,-1,-1,-1,-1,-1,-1,-1,-1,-1,-1,-1,0,0,0,0,0,0,0,0,0,0,0,0,0,0,0,0,0,0,0,0,0,0,0,0,255,139,139,110,0,0,0,0,0,0,0,100,100,100,100,0,0,100,-1,0,100,110,0,1,1,-1,0,0,200,0,[0|0|0],-1,0,0,[0|0|0|0|0|0|0|0|0|0]
6400100,Reverse-hand Blade - Default Attack,0.4,0.2,0,0,1.7,0.08,6904,-1,-1,1665,-1,100,120,-1,-1,110,-1,-1,-1,0,125,125,125,125,140,120,100,100,0,0,0,0,0,0,0,0,0,0,0,0,10,0,0,0,0,2,0,0,0,0,0,0,2,0,0,253,255,0,255,0,255,0,0,0,0,0,0,0,0,0,0,0,4,1,0,0,0,0,0,0,0,0,0,0,-1,-1,2100,2010,-1,-1,-1,-1,-1,-1,-1,-1,-1,-1,-1,-1,-1,-1,-1,-1,-1,-1,-1,-1,-1,-1,-1,-1,-1,-1,-1,-1,0,0,0,0,0,0,0,0,0,0,0,0,-1,-1,-1,-1,-1,-1,-1,-1,-1,-1,-1,-1,-1,-1,-1,-1,-1,-1,-1,-1,-1,-1,-1,-1,0,0,0,0,0,0,0,0,0,0,0,0,0,0,0,0,0,0,0,0,0,0,0,0,255,139,139,125,0,0,0,0,0,0,0,100,100,100,100,0,0,100,-1,0,100,130,0,1,1,-1,0,0,200,0,[0|0|0],-1,0,0,[0|0|0|0|0|0|0|0|0|0]
6400101,Reverse-hand Blade - Default Attack,0.4,0.2,0,0,1.7,0.08,6904,-1,-1,1665,-1,100,120,-1,-1,110,-1,-1,-1,0,125,125,125,125,140,120,100,100,0,0,0,0,0,0,0,0,0,0,0,0,10,0,0,0,0,2,0,0,0,0,0,0,2,0,0,253,255,0,255,0,255,0,0,0,0,0,0,0,0,0,0,0,3,1,0,0,0,0,0,0,0,0,0,0,-1,-1,2100,2010,-1,-1,-1,-1,-1,-1,-1,-1,-1,-1,-1,-1,-1,-1,-1,-1,-1,-1,-1,-1,-1,-1,-1,-1,-1,-1,-1,-1,0,0,0,0,0,0,0,0,0,0,0,0,-1,-1,-1,-1,-1,-1,-1,-1,-1,-1,-1,-1,-1,-1,-1,-1,-1,-1,-1,-1,-1,-1,-1,-1,0,0,0,0,0,0,0,0,0,0,0,0,0,0,0,0,0,0,0,0,0,0,0,0,255,139,139,125,0,0,0,0,0,0,0,100,100,100,100,0,0,100,-1,0,100,130,0,1,1,-1,0,0,200,0,[0|0|0],-1,0,0,[0|0|0|0|0|0|0|0|0|0]
6400105,Reverse-hand Blade - Default Attack,0.4,0.2,0,0,1.75,0.08,6906,-1,-1,1665,-1,100,120,-1,-1,110,-1,-1,-1,0,160,160,160,160,200,400,100,100,100,0,0,0,0,0,0,0,0,0,0,0,10,0,0,0,0,2,0,0,0,0,0,0,2,0,0,253,255,0,255,0,255,0,0,0,0,0,0,0,0,0,0,0,4,1,0,0,0,0,0,0,0,0,0,0,-1,-1,2100,2010,-1,-1,-1,-1,-1,-1,-1,-1,-1,-1,-1,-1,-1,-1,-1,-1,-1,-1,-1,-1,-1,-1,-1,-1,-1,-1,-1,-1,0,0,0,0,0,0,0,0,0,0,0,0,-1,-1,-1,-1,-1,-1,-1,-1,-1,-1,-1,-1,-1,-1,-1,-1,-1,-1,-1,-1,-1,-1,-1,-1,0,0,0,0,0,0,0,0,0,0,0,0,0,0,0,0,0,0,0,0,0,0,0,0,255,139,139,160,0,0,0,0,0,0,0,100,100,100,100,0,0,100,-1,0,100,150,0,1,1,-1,0,0,600,0,[0|0|0],-1,0,0,[0|0|0|0|0|0|0|0|0|0]
6400106,Reverse-hand Blade - Default Attack,0.4,0.2,0,0,1.85,0.08,6906,-1,-1,1665,-1,100,120,-1,-1,110,-1,-1,-1,0,160,160,160,160,200,400,100,100,100,0,0,0,0,0,0,0,0,0,0,0,10,0,0,0,0,2,0,0,0,0,0,0,2,0,0,253,255,0,255,0,255,0,0,0,0,0,0,0,0,0,0,0,3,1,0,0,0,0,0,0,0,0,0,0,-1,-1,2100,2010,-1,-1,-1,-1,-1,-1,-1,-1,-1,-1,-1,-1,-1,-1,-1,-1,-1,-1,-1,-1,-1,-1,-1,-1,-1,-1,-1,-1,0,0,0,0,0,0,0,0,0,0,0,0,-1,-1,-1,-1,-1,-1,-1,-1,-1,-1,-1,-1,-1,-1,-1,-1,-1,-1,-1,-1,-1,-1,-1,-1,0,0,0,0,0,0,0,0,0,0,0,0,0,0,0,0,0,0,0,0,0,0,0,0,255,139,139,160,0,0,0,0,0,0,0,100,100,100,100,0,0,100,-1,0,100,150,0,1,1,-1,0,0,600,0,[0|0|0],-1,0,0,[0|0|0|0|0|0|0|0|0|0]
6400110,Reverse-hand Blade - Default Attack,0.4,0.2,0,0,1.65,0.08,6904,-1,-1,1665,-1,100,120,-1,-1,110,-1,-1,-1,0,125,125,125,125,125,125,100,100,0,0,0,0,0,0,0,0,0,0,0,0,10,0,0,0,0,2,0,0,0,0,0,0,2,0,0,253,255,0,255,0,255,0,0,0,0,0,0,0,0,0,0,0,0,1,0,0,0,0,0,0,0,0,0,0,-1,-1,2100,2010,-1,-1,-1,-1,-1,-1,-1,-1,-1,-1,-1,-1,-1,-1,-1,-1,-1,-1,-1,-1,-1,-1,-1,-1,-1,-1,-1,-1,0,0,0,0,0,0,0,0,0,0,0,0,-1,-1,-1,-1,-1,-1,-1,-1,-1,-1,-1,-1,-1,-1,-1,-1,-1,-1,-1,-1,-1,-1,-1,-1,0,0,0,0,0,0,0,0,0,0,0,0,0,0,0,0,0,0,0,0,0,0,0,0,255,139,139,125,0,0,0,0,0,0,0,100,100,100,100,0,0,100,-1,0,100,130,0,1,1,-1,0,0,200,0,[0|0|0],-1,0,0,[0|0|0|0|0|0|0|0|0|0]
6400115,Reverse-hand Blade - Default Attack,0.4,0.2,0,0,1.75,0.04,6904,-1,-1,-1,-1,100,120,-1,-1,110,-1,-1,-1,0,125,125,125,125,125,125,100,100,100,0,0,0,0,0,0,0,0,0,0,0,10,0,0,0,0,2,0,0,0,0,0,0,2,0,0,253,255,0,255,0,255,0,0,0,0,0,0,0,0,0,0,0,4,1,0,0,0,0,0,0,0,0,0,0,-1,-1,2100,2010,-1,-1,-1,-1,-1,-1,-1,-1,-1,-1,-1,-1,-1,-1,-1,-1,-1,-1,-1,-1,-1,-1,-1,-1,-1,-1,-1,-1,0,0,0,0,0,0,0,0,0,0,0,0,-1,-1,-1,-1,-1,-1,-1,-1,-1,-1,-1,-1,-1,-1,-1,-1,-1,-1,-1,-1,-1,-1,-1,-1,0,0,0,0,0,0,0,0,0,0,0,0,0,0,0,0,0,0,0,0,0,0,0,0,255,139,139,125,0,0,0,0,0,0,0,65,90,100,100,0,0,100,-1,0,100,130,0,1,1,-1,0,0,200,0,[0|0|0],-1,0,0,[0|0|0|0|0|0|0|0|0|0]
6400116,Reverse-hand Blade - Default Attack,0.4,0.2,0,0,1.25,0.08,6906,-1,-1,1665,-1,100,120,-1,-1,110,-1,-1,-1,0,135,135,135,135,200,400,100,100,100,0,0,0,0,0,0,0,0,0,0,0,10,0,0,0,0,2,0,0,0,0,0,0,2,0,0,253,255,0,255,0,255,0,0,0,0,0,0,0,0,0,0,0,0,1,0,0,0,0,0,0,0,0,0,0,-1,-1,2100,2010,-1,-1,-1,-1,-1,-1,-1,-1,-1,-1,-1,-1,-1,-1,-1,-1,-1,-1,-1,-1,-1,-1,-1,-1,-1,-1,-1,-1,0,0,0,0,0,0,0,0,0,0,0,0,-1,-1,-1,-1,-1,-1,-1,-1,-1,-1,-1,-1,-1,-1,-1,-1,-1,-1,-1,-1,-1,-1,-1,-1,0,0,0,0,0,0,0,0,0,0,0,0,0,0,0,0,0,0,0,0,0,0,0,0,255,139,139,135,0,0,0,0,0,0,0,65,90,100,100,0,0,100,-1,-1,100,150,0,1,1,-1,0,0,400,0,[0|0|0],-1,0,0,[0|0|0|0|0|0|0|0|0|0]
6400120,Reverse-hand Blade - Default Attack,0.4,0.2,0,0,1.3,0.08,6903,-1,-1,1665,-1,100,120,-1,-1,110,-1,-1,-1,0,105,105,105,105,120,120,100,100,122,0,0,0,0,0,0,0,0,0,0,0,10,0,0,0,0,2,0,0,0,0,0,0,1,0,0,253,255,0,255,0,255,0,0,0,0,0,0,0,0,0,0,0,0,1,0,0,0,0,0,0,0,0,0,0,-1,-1,2100,2010,-1,-1,-1,-1,-1,-1,-1,-1,-1,-1,-1,-1,-1,-1,-1,-1,-1,-1,-1,-1,-1,-1,-1,-1,-1,-1,-1,-1,0,0,0,0,0,0,0,0,0,0,0,0,-1,-1,-1,-1,-1,-1,-1,-1,-1,-1,-1,-1,-1,-1,-1,-1,-1,-1,-1,-1,-1,-1,-1,-1,0,0,0,0,0,0,0,0,0,0,0,0,0,0,0,0,0,0,0,0,0,0,0,0,255,139,139,105,0,0,0,0,0,0,0,100,100,100,100,0,0,100,-1,0,100,110,0,1,1,-1,0,0,100,0,[0|0|0],-1,0,0,[0|0|0|0|0|0|0|0|0|0]
6400125,Reverse-hand Blade - Default Attack,0.4,0.2,0,0,1.7,0.08,6903,-1,-1,-1,-1,100,120,-1,-1,110,-1,-1,-1,0,102,102,102,102,100,100,100,100,122,0,0,0,0,0,0,0,0,0,0,0,10,0,0,0,0,2,0,0,0,0,0,0,1,0,0,253,255,0,255,0,255,0,0,0,0,0,0,0,0,0,0,0,4,1,0,0,0,0,0,0,0,0,0,0,-1,-1,2100,2010,-1,-1,-1,-1,-1,-1,-1,-1,-1,-1,-1,-1,-1,-1,-1,-1,-1,-1,-1,-1,-1,-1,-1,-1,-1,-1,-1,-1,0,0,0,0,0,0,0,0,0,0,0,0,-1,-1,-1,-1,-1,-1,-1,-1,-1,-1,-1,-1,-1,-1,-1,-1,-1,-1,-1,-1,-1,-1,-1,-1,0,0,0,0,0,0,0,0,0,0,0,0,0,0,0,0,0,0,0,0,0,0,0,0,255,139,139,102,0,0,0,0,0,0,0,65,90,100,100,0,0,100,-1,0,100,100,0,1,1,-1,0,0,100,0,[0|0|0],-1,0,0,[0|0|0|0|0|0|0|0|0|0]
6400126,Reverse-hand Blade - Default Attack,0.4,0.2,0,0,1.8,0.08,6903,-1,-1,1665,-1,110,120,-1,-1,100,-1,-1,-1,0,115,115,115,115,150,400,100,100,122,0,0,0,0,0,0,0,0,0,0,0,10,0,0,0,0,2,0,0,0,0,0,0,2,0,0,252,255,2,255,0,255,0,0,0,0,0,0,0,0,0,0,0,0,1,0,0,0,0,0,0,0,0,0,0,-1,-1,2100,2010,-1,-1,-1,-1,-1,-1,-1,-1,-1,-1,-1,-1,-1,-1,-1,-1,-1,-1,-1,-1,-1,-1,-1,-1,-1,-1,-1,-1,0,0,0,0,0,0,0,0,0,0,0,0,-1,-1,-1,-1,-1,-1,-1,-1,-1,-1,-1,-1,-1,-1,-1,-1,-1,-1,-1,-1,-1,-1,-1,-1,0,0,0,0,0,0,0,0,0,0,0,0,0,0,0,0,0,0,0,0,0,0,0,0,255,139,139,115,0,0,0,0,0,0,0,65,90,100,100,0,0,100,-1,0,100,130,0,1,1,-1,0,0,100,0,[0|0|0],-1,0,0,[0|0|0|0|0|0|0|0|0|0]
6400130,Reverse-hand Blade - Default Attack,0.4,0.2,0,0,1.2,0.08,6903,-1,-1,1665,-1,100,120,-1,-1,110,-1,-1,-1,0,90,90,90,90,110,200,100,100,121,0,0,0,0,0,0,0,0,0,0,0,10,0,0,0,0,2,0,0,0,0,0,0,1,0,0,253,255,0,255,0,255,0,0,0,0,0,0,0,0,0,0,0,4,1,0,0,0,0,0,0,0,0,0,0,-1,-1,2100,2010,-1,-1,-1,-1,-1,-1,-1,-1,-1,-1,-1,-1,-1,-1,-1,-1,-1,-1,-1,-1,-1,-1,-1,-1,-1,-1,-1,-1,0,0,0,0,0,0,0,0,0,0,0,0,-1,-1,-1,-1,-1,-1,-1,-1,-1,-1,-1,-1,-1,-1,-1,-1,-1,-1,-1,-1,-1,-1,-1,-1,0,0,0,0,0,0,0,0,0,0,0,0,0,0,0,0,0,0,0,0,0,0,0,0,255,139,139,90,0,0,0,0,0,0,0,100,100,100,100,0,0,100,-1,0,100,90,0,1,1,-1,0,0,100,0,[0|0|0],-1,0,0,[0|0|0|0|0|0|0|0|0|0]
6400140,Reverse-hand Blade - Default Attack,0.4,0.2,0,0,1.4,0.08,6903,-1,-1,1665,-1,100,120,-1,-1,110,-1,-1,-1,0,90,90,90,90,110,200,100,100,121,0,0,0,0,0,0,0,0,0,0,0,10,0,0,0,0,2,0,0,0,0,0,0,1,0,0,253,255,0,255,0,255,0,0,0,0,0,0,0,0,0,0,0,3,1,0,0,0,0,0,0,0,0,0,0,-1,-1,2100,2010,-1,-1,-1,-1,-1,-1,-1,-1,-1,-1,-1,-1,-1,-1,-1,-1,-1,-1,-1,-1,-1,-1,-1,-1,-1,-1,-1,-1,0,0,0,0,0,0,0,0,0,0,0,0,-1,-1,-1,-1,-1,-1,-1,-1,-1,-1,-1,-1,-1,-1,-1,-1,-1,-1,-1,-1,-1,-1,-1,-1,0,0,0,0,0,0,0,0,0,0,0,0,0,0,0,0,0,0,0,0,0,0,0,0,255,139,139,90,0,0,0,0,0,0,0,100,100,100,100,0,0,100,-1,0,100,90,0,1,1,-1,0,0,100,0,[0|0|0],-1,0,0,[0|0|0|0|0|0|0|0|0|0]
6400150,Reverse-hand Blade - Default Attack,0.4,0.2,0,0,1.2,0.08,6903,-1,-1,1665,-1,100,120,-1,-1,110,-1,-1,-1,0,107,107,107,107,100,9900,100,100,102,0,0,0,0,0,0,0,0,0,0,0,10,0,0,0,0,2,0,0,0,0,0,0,1,0,0,253,255,0,255,0,255,0,0,0,0,0,0,0,0,0,0,0,1,1,0,0,0,0,0,0,0,0,0,0,-1,-1,2100,2010,-1,-1,-1,-1,-1,-1,-1,-1,-1,-1,-1,-1,-1,-1,-1,-1,-1,-1,-1,-1,-1,-1,-1,-1,-1,-1,-1,-1,0,0,0,0,0,0,0,0,0,0,0,0,-1,-1,-1,-1,-1,-1,-1,-1,-1,-1,-1,-1,-1,-1,-1,-1,-1,-1,-1,-1,-1,-1,-1,-1,0,0,0,0,0,0,0,0,0,0,0,0,0,0,0,0,0,0,0,0,0,0,0,0,255,139,139,107,0,0,0,0,0,0,0,100,100,100,100,0,0,100,-1,0,100,130,0,1,1,-1,0,0,150,0,[0|0|0],-1,0,0,[0|0|0|0|0|0|0|0|0|0]
6400160,Reverse-hand Blade - Default Attack,0.4,0.2,0,0,1.25,0.08,6904,-1,-1,1665,-1,100,120,-1,-1,110,-1,-1,-1,0,122,122,122,122,200,9900,100,100,102,0,0,0,0,0,0,0,0,0,0,0,10,0,0,0,0,2,0,0,0,0,0,0,2,0,0,253,255,0,255,0,255,0,0,0,0,0,0,0,0,0,0,0,0,1,0,0,0,0,0,0,0,0,0,0,-1,-1,2100,2010,-1,-1,-1,-1,-1,-1,-1,-1,-1,-1,-1,-1,-1,-1,-1,-1,-1,-1,-1,-1,-1,-1,-1,-1,-1,-1,-1,-1,0,0,0,0,0,0,0,0,0,0,0,0,-1,-1,-1,-1,-1,-1,-1,-1,-1,-1,-1,-1,-1,-1,-1,-1,-1,-1,-1,-1,-1,-1,-1,-1,0,0,0,0,0,0,0,0,0,0,0,0,0,0,0,0,0,0,0,0,0,0,0,0,255,139,139,122,0,0,0,0,0,0,0,100,100,100,100,0,0,100,-1,0,100,140,0,1,1,-1,0,0,400,0,[0|0|0],-1,0,0,[0|0|0|0|0|0|0|0|0|0]
6400161,Reverse-hand Blade - Default Attack,0.4,0.2,0,0,1,0.04,6904,-1,-1,1665,-1,100,120,-1,-1,110,-1,-1,-1,0,127,127,127,127,200,9900,100,100,102,0,0,0,0,0,0,0,0,0,0,0,10,0,0,0,0,2,0,0,0,0,0,0,2,0,0,253,255,0,255,0,255,0,0,0,0,0,0,0,0,0,0,0,4,1,0,0,0,0,0,0,0,0,0,0,-1,-1,2100,2010,-1,-1,-1,-1,-1,-1,-1,-1,-1,-1,-1,-1,-1,-1,-1,-1,-1,-1,-1,-1,-1,-1,-1,-1,-1,-1,-1,-1,0,0,0,0,0,0,0,0,0,0,0,0,-1,-1,-1,-1,-1,-1,-1,-1,-1,-1,-1,-1,-1,-1,-1,-1,-1,-1,-1,-1,-1,-1,-1,-1,0,0,0,0,0,0,0,0,0,0,0,0,0,0,0,0,0,0,0,0,0,0,0,0,255,139,139,127,0,0,0,0,0,0,0,100,100,100,100,0,0,100,-1,-1,100,140,0,1,1,-1,0,0,200,0,[0|0|0],-1,0,0,[0|0|0|0|0|0|0|0|0|0]
6400180,Reverse-hand Blade - Default Attack,0.4,0.2,0,0,1.45,0.04,6903,-1,-1,-1,-1,100,120,-1,-1,110,-1,-1,-1,0,75,75,75,75,50,9900,100,100,103,0,0,0,0,0,0,0,0,0,0,0,10,0,0,0,0,2,0,0,0,0,0,0,2,0,0,253,255,0,255,0,255,0,0,0,0,0,0,0,0,0,0,0,4,1,0,0,0,0,0,0,0,0,0,0,-1,-1,2100,2010,-1,-1,-1,-1,-1,-1,-1,-1,-1,-1,-1,-1,-1,-1,-1,-1,-1,-1,-1,-1,-1,-1,-1,-1,-1,-1,-1,-1,0,0,0,0,0,0,0,0,0,0,0,0,-1,-1,-1,-1,-1,-1,-1,-1,-1,-1,-1,-1,-1,-1,-1,-1,-1,-1,-1,-1,-1,-1,-1,-1,0,0,0,0,0,0,0,0,0,0,0,0,0,0,0,0,0,0,0,0,0,0,0,0,255,139,139,75,0,0,0,0,0,0,0,65,90,100,100,0,0,100,-1,0,100,50,0,1,1,-1,0,0,200,0,[0|0|0],-1,0,0,[0|0|0|0|0|0|0|0|0|0]
6400181,Reverse-hand Blade - Default Attack,0.4,0.2,0,0,1.35,0.08,6906,-1,-1,1665,-1,100,120,-1,-1,110,-1,-1,-1,0,130,130,130,130,170,9900,100,100,103,0,0,0,0,0,0,0,0,0,0,0,10,0,0,0,0,2,0,0,0,0,0,0,2,0,0,253,255,0,255,0,255,0,0,0,0,0,0,0,0,0,0,0,0,1,0,0,0,0,0,0,0,0,0,0,-1,-1,2100,2010,-1,-1,-1,-1,-1,-1,-1,-1,-1,-1,-1,-1,-1,-1,-1,-1,-1,-1,-1,-1,-1,-1,-1,-1,-1,-1,-1,-1,0,0,0,0,0,0,0,0,0,0,0,0,-1,-1,-1,-1,-1,-1,-1,-1,-1,-1,-1,-1,-1,-1,-1,-1,-1,-1,-1,-1,-1,-1,-1,-1,0,0,0,0,0,0,0,0,0,0,0,0,0,0,0,0,0,0,0,0,0,0,0,0,255,139,139,130,0,0,0,0,0,0,0,65,90,100,100,0,0,100,-1,0,100,150,0,1,1,-1,0,0,400,0,[0|0|0],-1,0,0,[0|0|0|0|0|0|0|0|0|0]
6400200,Reverse-hand Blade - Default Attack,0.4,0.2,0,0,0.75,0.04,6902,-1,-1,-1,-1,10120,10120,-1,-1,10100,-1,-1,-1,0,90,90,90,90,92,100,100,100,0,0,0,0,0,0,0,0,0,0,0,0,10,0,0,0,0,2,0,0,0,0,0,0,1,0,0,253,255,0,255,0,255,0,0,0,0,0,0,0,0,0,0,0,0,1,0,0,0,0,0,0,0,0,0,0,-1,-1,2100,2010,-1,-1,-1,-1,-1,-1,-1,-1,-1,-1,-1,-1,-1,-1,-1,-1,-1,-1,-1,-1,-1,-1,-1,-1,-1,-1,-1,-1,0,0,0,0,0,0,0,0,0,0,0,0,-1,-1,-1,-1,-1,-1,-1,-1,-1,-1,-1,-1,-1,-1,-1,-1,-1,-1,-1,-1,-1,-1,-1,-1,0,0,0,0,0,0,0,0,0,0,0,0,0,0,0,0,0,0,0,0,0,0,0,0,255,139,139,90,0,0,0,1,0,0,0,60,90,100,100,0,0,100,-1,0,100,100,0,1,1,-1,0,0,60,0,[0|0|0],-1,0,0,[0|0|0|0|0|0|0|0|0|0]
6400203,Reverse-hand Blade - Default Attack,0.4,0.2,0,0,0.8,0.04,6902,-1,-1,1665,1667,11120,11120,-1,-1,11100,-1,-1,-1,0,90,90,90,90,92,100,100,100,0,0,0,0,0,0,0,0,0,0,0,0,10,0,0,0,0,2,0,0,0,0,0,0,1,0,0,253,255,0,255,0,255,0,0,0,0,0,0,0,0,0,0,0,3,1,0,0,0,0,0,0,0,9,0,0,-1,-1,2100,2010,-1,-1,-1,-1,-1,-1,-1,-1,-1,-1,-1,-1,-1,-1,-1,-1,-1,-1,-1,-1,-1,-1,-1,-1,-1,-1,-1,-1,0,0,0,0,0,0,0,0,0,0,0,0,-1,-1,-1,-1,-1,-1,-1,-1,-1,-1,-1,-1,-1,-1,-1,-1,-1,-1,-1,-1,-1,-1,-1,-1,0,0,0,0,0,0,0,0,0,0,0,0,0,0,0,0,0,0,0,0,0,0,0,0,255,139,139,90,0,0,0,1,0,0,0,65,90,100,100,0,0,100,-1,0,100,100,0,1,1,-1,0,0,60,0,[0|0|0],-1,0,0,[0|0|0|0|0|0|0|0|0|0]
6400210,Reverse-hand Blade - Default Attack,0.4,0.2,0,0,0.7,0.04,6902,-1,-1,1665,1667,10120,10120,-1,-1,10100,-1,-1,-1,0,91,91,91,91,93,100,100,100,0,0,0,0,0,0,0,0,0,0,0,0,10,0,0,0,0,2,0,0,0,0,0,0,1,0,0,253,255,0,255,0,255,0,0,0,0,0,0,0,0,0,0,0,0,1,0,0,0,0,0,0,0,9,0,0,-1,-1,2100,2010,-1,-1,-1,-1,-1,-1,-1,-1,-1,-1,-1,-1,-1,-1,-1,-1,-1,-1,-1,-1,-1,-1,-1,-1,-1,-1,-1,-1,0,0,0,0,0,0,0,0,0,0,0,0,-1,-1,-1,-1,-1,-1,-1,-1,-1,-1,-1,-1,-1,-1,-1,-1,-1,-1,-1,-1,-1,-1,-1,-1,0,0,0,0,0,0,0,0,0,0,0,0,0,0,0,0,0,0,0,0,0,0,0,0,255,139,139,91,0,0,0,1,0,0,0,65,90,100,100,0,0,100,-1,0,100,100,0,1,1,-1,0,0,60,0,[0|0|0],-1,0,0,[0|0|0|0|0|0|0|0|0|0]
6400213,Reverse-hand Blade - Default Attack,0.4,0.2,0,0,0.7,0.04,6902,-1,-1,-1,-1,11120,11120,-1,-1,11100,-1,-1,-1,0,91,91,91,91,93,100,100,100,0,0,0,0,0,0,0,0,0,0,0,0,10,0,0,0,0,2,0,0,0,0,0,0,1,0,0,252,255,2,255,0,255,0,0,0,0,0,0,0,0,0,0,0,4,1,0,0,0,0,0,0,0,0,0,0,-1,-1,2100,2010,-1,-1,-1,-1,-1,-1,-1,-1,-1,-1,-1,-1,-1,-1,-1,-1,-1,-1,-1,-1,-1,-1,-1,-1,-1,-1,-1,-1,0,0,0,0,0,0,0,0,0,0,0,0,-1,-1,-1,-1,-1,-1,-1,-1,-1,-1,-1,-1,-1,-1,-1,-1,-1,-1,-1,-1,-1,-1,-1,-1,0,0,0,0,0,0,0,0,0,0,0,0,0,0,0,0,0,0,0,0,0,0,0,0,255,139,139,91,0,0,0,1,0,0,0,65,90,100,100,0,0,100,-1,0,100,100,0,1,1,-1,0,0,60,0,[0|0|0],-1,0,0,[0|0|0|0|0|0|0|0|0|0]
6400220,Reverse-hand Blade - Default Attack,0.4,0.2,0,0,0.7,0.04,6902,-1,-1,1665,1667,10120,10120,-1,-1,10100,-1,-1,-1,0,92,92,92,92,94,100,100,100,0,0,0,0,0,0,0,0,0,0,0,0,20,0,0,0,0,2,0,0,0,0,0,0,1,0,0,253,255,0,255,0,255,0,0,0,0,0,0,0,0,0,0,0,0,1,0,0,0,0,0,0,0,9,0,0,-1,-1,2100,2010,-1,-1,-1,-1,-1,-1,-1,-1,-1,-1,-1,-1,-1,-1,-1,-1,-1,-1,-1,-1,-1,-1,-1,-1,-1,-1,-1,-1,0,0,0,0,0,0,0,0,0,0,0,0,-1,-1,-1,-1,-1,-1,-1,-1,-1,-1,-1,-1,-1,-1,-1,-1,-1,-1,-1,-1,-1,-1,-1,-1,0,0,0,0,0,0,0,0,0,0,0,0,0,0,0,0,0,0,0,0,0,0,0,0,255,139,139,92,0,0,0,1,0,0,0,65,90,100,100,0,0,100,-1,0,100,100,0,1,1,-1,0,0,60,0,[0|0|0],-1,0,0,[0|0|0|0|0|0|0|0|0|0]
6400223,Reverse-hand Blade - Default Attack,0.4,0.2,0,0,0.8,0.04,6902,-1,-1,-1,-1,11120,11120,-1,-1,11100,-1,-1,-1,0,92,92,92,92,94,100,100,100,0,0,0,0,0,0,0,0,0,0,0,0,20,0,0,0,0,2,0,0,0,0,0,0,1,0,0,253,255,0,255,0,255,0,0,0,0,0,0,0,0,0,0,0,0,1,0,0,0,0,0,0,0,0,0,0,-1,-1,2100,2010,-1,-1,-1,-1,-1,-1,-1,-1,-1,-1,-1,-1,-1,-1,-1,-1,-1,-1,-1,-1,-1,-1,-1,-1,-1,-1,-1,-1,0,0,0,0,0,0,0,0,0,0,0,0,-1,-1,-1,-1,-1,-1,-1,-1,-1,-1,-1,-1,-1,-1,-1,-1,-1,-1,-1,-1,-1,-1,-1,-1,0,0,0,0,0,0,0,0,0,0,0,0,0,0,0,0,0,0,0,0,0,0,0,0,255,139,139,92,0,0,0,1,0,0,0,65,90,100,100,0,0,100,-1,0,100,100,0,1,1,-1,0,0,60,0,[0|0|0],-1,0,0,[0|0|0|0|0|0|0|0|0|0]
6400230,Reverse-hand Blade - Default Attack,0.4,0.2,0,0,0.9,0.04,6902,-1,-1,1665,1667,10120,10120,-1,-1,10100,-1,-1,-1,0,107,107,107,107,95,100,500,100,0,0,0,0,0,0,0,0,0,0,0,0,10,0,0,0,0,2,0,0,0,0,0,0,1,0,0,252,255,2,255,0,255,0,0,0,0,0,0,0,0,0,0,0,0,1,0,0,0,0,0,0,0,0,0,0,-1,-1,2100,2010,-1,-1,-1,-1,-1,-1,-1,-1,-1,-1,-1,-1,-1,-1,-1,-1,-1,-1,-1,-1,-1,-1,-1,-1,-1,-1,-1,-1,0,0,0,0,0,0,0,0,0,0,0,0,-1,-1,-1,-1,-1,-1,-1,-1,-1,-1,-1,-1,-1,-1,-1,-1,-1,-1,-1,-1,-1,-1,-1,-1,0,0,0,0,0,0,0,0,0,0,0,0,0,0,0,0,0,0,0,0,0,0,0,0,255,139,139,107,0,0,0,1,0,0,0,100,100,100,100,0,0,100,-1,0,100,100,0,1,1,-1,0,0,120,0,[0|0|0],-1,0,0,[0|0|0|0|0|0|0|0|0|0]
6400240,Reverse-hand Blade - Default Attack,0.4,0.2,0,0,0.85,0.04,6902,-1,-1,-1,-1,10120,10120,-1,-1,10100,-1,-1,-1,0,93,93,93,93,96,100,100,100,0,0,0,0,0,0,0,0,0,0,0,0,20,0,0,0,0,2,0,0,0,0,0,0,1,0,0,253,255,0,255,0,255,0,0,0,0,0,0,0,0,0,0,0,4,1,0,0,0,0,0,0,0,9,0,0,-1,-1,2100,2010,-1,-1,-1,-1,-1,-1,-1,-1,-1,-1,-1,-1,-1,-1,-1,-1,-1,-1,-1,-1,-1,-1,-1,-1,-1,-1,-1,-1,0,0,0,0,0,0,0,0,0,0,0,0,-1,-1,-1,-1,-1,-1,-1,-1,-1,-1,-1,-1,-1,-1,-1,-1,-1,-1,-1,-1,-1,-1,-1,-1,0,0,0,0,0,0,0,0,0,0,0,0,0,0,0,0,0,0,0,0,0,0,0,0,255,139,139,93,0,0,0,1,0,0,0,65,90,100,100,0,0,100,-1,0,100,100,0,1,1,-1,0,0,60,0,[0|0|0],-1,0,0,[0|0|0|0|0|0|0|0|0|0]
6400243,Reverse-hand Blade - Default Attack,0.4,0.2,0,0,0.85,0.04,6902,-1,-1,1665,1667,11120,11120,-1,-1,11100,-1,-1,-1,0,93,93,93,93,96,100,100,100,0,0,0,0,0,0,0,0,0,0,0,0,20,0,0,0,0,2,0,0,0,0,0,0,1,0,0,252,255,2,255,0,255,0,0,0,0,0,0,0,0,0,0,0,0,1,0,0,0,0,0,0,0,0,0,0,-1,-1,2100,2010,-1,-1,-1,-1,-1,-1,-1,-1,-1,-1,-1,-1,-1,-1,-1,-1,-1,-1,-1,-1,-1,-1,-1,-1,-1,-1,-1,-1,0,0,0,0,0,0,0,0,0,0,0,0,-1,-1,-1,-1,-1,-1,-1,-1,-1,-1,-1,-1,-1,-1,-1,-1,-1,-1,-1,-1,-1,-1,-1,-1,0,0,0,0,0,0,0,0,0,0,0,0,0,0,0,0,0,0,0,0,0,0,0,0,255,139,139,93,0,0,0,1,0,0,0,65,90,100,100,0,0,100,-1,0,100,100,0,1,1,-1,0,0,60,0,[0|0|0],-1,0,0,[0|0|0|0|0|0|0|0|0|0]
6400250,Reverse-hand Blade - Default Attack,0.4,0.2,0,0,1.1,0.04,6902,-1,-1,1665,1667,10120,10120,-1,-1,10100,-1,-1,-1,0,94,94,94,94,102,100,100,100,104,0,0,0,0,0,0,0,0,0,0,0,10,0,0,0,0,2,0,0,0,0,0,0,1,0,0,253,255,0,255,0,255,0,0,0,0,0,0,0,0,0,0,0,4,1,0,0,0,0,0,0,0,0,0,0,-1,-1,2100,2010,-1,-1,-1,-1,-1,-1,-1,-1,-1,-1,-1,-1,-1,-1,-1,-1,-1,-1,-1,-1,-1,-1,-1,-1,-1,-1,-1,-1,0,0,0,0,0,0,0,0,0,0,0,0,-1,-1,-1,-1,-1,-1,-1,-1,-1,-1,-1,-1,-1,-1,-1,-1,-1,-1,-1,-1,-1,-1,-1,-1,0,0,0,0,0,0,0,0,0,0,0,0,0,0,0,0,0,0,0,0,0,0,0,0,255,139,139,94,0,0,0,1,0,0,0,65,90,100,100,0,0,100,-1,0,100,100,0,1,1,-1,0,0,120,0,[0|0|0],-1,0,0,[0|0|0|0|0|0|0|0|0|0]
6400253,Reverse-hand Blade - Default Attack,0.4,0.2,0,0,1.1,0.04,6902,-1,-1,-1,-1,11120,11120,-1,-1,11100,-1,-1,-1,0,94,94,94,94,102,100,100,100,104,0,0,0,0,0,0,0,0,0,0,0,10,0,0,0,0,2,0,0,0,0,0,0,1,0,0,253,255,0,255,0,255,0,0,0,0,0,0,0,0,0,0,0,3,1,0,0,0,0,0,0,0,9,0,0,-1,-1,2100,2010,-1,-1,-1,-1,-1,-1,-1,-1,-1,-1,-1,-1,-1,-1,-1,-1,-1,-1,-1,-1,-1,-1,-1,-1,-1,-1,-1,-1,0,0,0,0,0,0,0,0,0,0,0,0,-1,-1,-1,-1,-1,-1,-1,-1,-1,-1,-1,-1,-1,-1,-1,-1,-1,-1,-1,-1,-1,-1,-1,-1,0,0,0,0,0,0,0,0,0,0,0,0,0,0,0,0,0,0,0,0,0,0,0,0,255,139,139,94,0,0,0,1,0,0,0,65,90,100,100,0,0,100,-1,0,100,100,0,1,1,-1,0,0,120,0,[0|0|0],-1,0,0,[0|0|0|0|0|0|0|0|0|0]
6400300,Reverse-hand Blade - Default Attack,0.4,0.2,0,0,1.3,0.04,6904,-1,-1,1665,1667,10120,10120,-1,-1,10100,-1,-1,-1,0,97,97,97,97,120,400,100,100,0,0,0,0,0,0,0,0,0,0,0,0,20,0,0,0,0,2,0,0,0,0,0,0,1,0,0,253,255,0,255,0,255,0,0,0,0,0,0,0,0,0,0,0,4,1,0,0,0,0,0,0,0,9,0,0,-1,-1,2100,2010,-1,-1,-1,-1,-1,-1,-1,-1,-1,-1,-1,-1,-1,-1,-1,-1,-1,-1,-1,-1,-1,-1,-1,-1,-1,-1,-1,-1,0,0,0,0,0,0,0,0,0,0,0,0,-1,-1,-1,-1,-1,-1,-1,-1,-1,-1,-1,-1,-1,-1,-1,-1,-1,-1,-1,-1,-1,-1,-1,-1,0,0,0,0,0,0,0,0,0,0,0,0,0,0,0,0,0,0,0,0,0,0,0,0,255,139,139,99,0,0,0,1,0,0,0,65,100,100,100,0,0,100,-1,0,100,150,0,1,1,-1,0,0,120,0,[0|0|0],-1,0,0,[0|0|0|0|0|0|0|0|0|0]
6400303,Reverse-hand Blade - Default Attack,0.4,0.2,0,0,1.3,0.04,6904,-1,-1,1665,1667,11120,11120,-1,-1,11100,-1,-1,-1,0,97,97,97,97,120,400,100,100,0,0,0,0,0,0,0,0,0,0,0,0,20,0,0,0,0,2,0,0,0,0,0,0,1,0,0,253,255,0,255,0,255,0,0,0,0,0,0,0,0,0,0,0,3,1,0,0,0,0,0,0,0,0,0,0,-1,-1,2100,2010,-1,-1,-1,-1,-1,-1,-1,-1,-1,-1,-1,-1,-1,-1,-1,-1,-1,-1,-1,-1,-1,-1,-1,-1,-1,-1,-1,-1,0,0,0,0,0,0,0,0,0,0,0,0,-1,-1,-1,-1,-1,-1,-1,-1,-1,-1,-1,-1,-1,-1,-1,-1,-1,-1,-1,-1,-1,-1,-1,-1,0,0,0,0,0,0,0,0,0,0,0,0,0,0,0,0,0,0,0,0,0,0,0,0,255,139,139,99,0,0,0,1,0,0,0,65,100,100,100,0,0,100,-1,0,100,150,0,1,1,-1,0,0,120,0,[0|0|0],-1,0,0,[0|0|0|0|0|0|0|0|0|0]
6400305,Reverse-hand Blade - Default Attack,0.4,0.2,0,0,1.5,0.04,6906,-1,-1,1665,1667,10120,10120,-1,-1,10100,-1,-1,-1,0,108,108,108,108,195,400,100,100,100,0,0,0,0,0,0,0,0,0,0,0,20,0,0,0,0,2,0,0,0,0,0,0,2,0,0,253,255,0,255,0,255,0,0,0,0,0,0,0,0,0,0,0,4,1,0,0,0,0,0,0,0,9,0,0,-1,-1,2100,2010,-1,-1,-1,-1,-1,-1,-1,-1,-1,-1,-1,-1,-1,-1,-1,-1,-1,-1,-1,-1,-1,-1,-1,-1,-1,-1,-1,-1,0,0,0,0,0,0,0,0,0,0,0,0,-1,-1,-1,-1,-1,-1,-1,-1,-1,-1,-1,-1,-1,-1,-1,-1,-1,-1,-1,-1,-1,-1,-1,-1,0,0,0,0,0,0,0,0,0,0,0,0,0,0,0,0,0,0,0,0,0,0,0,0,255,139,139,108,0,0,0,1,0,0,0,65,100,100,100,0,0,100,-1,0,100,150,0,1,1,-1,0,0,330,0,[0|0|0],-1,0,0,[0|0|0|0|0|0|0|0|0|0]
6400308,Reverse-hand Blade - Default Attack,0.4,0.2,0,0,1.5,0.04,6906,-1,-1,1665,1667,11120,11120,-1,-1,11100,-1,-1,-1,0,108,108,108,108,195,400,100,100,100,0,0,0,0,0,0,0,0,0,0,0,20,0,0,0,0,2,0,0,0,0,0,0,2,0,0,253,255,0,255,0,255,0,0,0,0,0,0,0,0,0,0,0,3,1,0,0,0,0,0,0,0,0,0,0,-1,-1,2100,2010,-1,-1,-1,-1,-1,-1,-1,-1,-1,-1,-1,-1,-1,-1,-1,-1,-1,-1,-1,-1,-1,-1,-1,-1,-1,-1,-1,-1,0,0,0,0,0,0,0,0,0,0,0,0,-1,-1,-1,-1,-1,-1,-1,-1,-1,-1,-1,-1,-1,-1,-1,-1,-1,-1,-1,-1,-1,-1,-1,-1,0,0,0,0,0,0,0,0,0,0,0,0,0,0,0,0,0,0,0,0,0,0,0,0,255,139,139,108,0,0,0,1,0,0,0,65,100,100,100,0,0,100,-1,0,100,150,0,1,1,-1,0,0,330,0,[0|0|0],-1,0,0,[0|0|0|0|0|0|0|0|0|0]
6400310,Reverse-hand Blade - Default Attack,0.4,0.2,0,0,1.4,0.04,6904,-1,-1,-1,-1,10120,10120,-1,-1,10100,-1,-1,-1,0,98,96,96,96,96,100,100,100,0,0,0,0,0,0,0,0,0,0,0,0,20,0,0,0,0,2,0,0,0,0,0,0,1,0,0,252,255,2,255,0,255,0,0,0,0,0,0,0,0,0,0,0,0,1,0,0,0,0,0,0,0,9,0,0,-1,-1,2100,2010,-1,-1,-1,-1,-1,-1,-1,-1,-1,-1,-1,-1,-1,-1,-1,-1,-1,-1,-1,-1,-1,-1,-1,-1,-1,-1,-1,-1,0,0,0,0,0,0,0,0,0,0,0,0,-1,-1,-1,-1,-1,-1,-1,-1,-1,-1,-1,-1,-1,-1,-1,-1,-1,-1,-1,-1,-1,-1,-1,-1,0,0,0,0,0,0,0,0,0,0,0,0,0,0,0,0,0,0,0,0,0,0,0,0,255,139,139,96,0,0,0,1,0,0,0,65,90,100,100,0,0,100,-1,0,100,100,0,1,1,-1,0,0,120,0,[0|0|0],-1,0,0,[0|0|0|0|0|0|0|0|0|0]
6400313,Reverse-hand Blade - Default Attack,0.4,0.2,0,0,1.4,0.04,6904,-1,-1,1665,1667,11120,11120,-1,-1,11100,-1,-1,-1,0,108,108,108,108,100,100,100,100,0,0,0,0,0,0,0,0,0,0,0,0,20,0,0,0,0,2,0,0,0,0,0,0,1,0,0,253,255,0,255,0,255,0,0,0,0,0,0,0,0,0,0,0,3,1,0,0,0,0,0,0,0,0,0,0,-1,-1,2100,2010,-1,-1,-1,-1,-1,-1,-1,-1,-1,-1,-1,-1,-1,-1,-1,-1,-1,-1,-1,-1,-1,-1,-1,-1,-1,-1,-1,-1,0,0,0,0,0,0,0,0,0,0,0,0,-1,-1,-1,-1,-1,-1,-1,-1,-1,-1,-1,-1,-1,-1,-1,-1,-1,-1,-1,-1,-1,-1,-1,-1,0,0,0,0,0,0,0,0,0,0,0,0,0,0,0,0,0,0,0,0,0,0,0,0,255,139,139,108,0,0,0,1,0,0,0,65,90,100,100,0,0,100,-1,0,100,100,0,1,1,-1,0,0,120,0,[0|0|0],-1,0,0,[0|0|0|0|0|0|0|0|0|0]
6400315,Reverse-hand Blade - Default Attack,0.4,0.2,0,0,1.5,0.04,6906,-1,-1,-1,-1,10120,10120,-1,-1,10100,-1,-1,-1,0,78,78,78,78,102,100,100,100,100,0,0,0,0,0,0,0,0,0,0,0,20,0,0,0,0,2,0,0,0,0,0,0,2,0,0,252,255,2,255,0,255,0,0,0,0,0,0,0,0,0,0,0,0,1,0,0,0,0,0,0,0,9,0,0,-1,-1,2100,2010,-1,-1,-1,-1,-1,-1,-1,-1,-1,-1,-1,-1,-1,-1,-1,-1,-1,-1,-1,-1,-1,-1,-1,-1,-1,-1,-1,-1,0,0,0,0,0,0,0,0,0,0,0,0,-1,-1,-1,-1,-1,-1,-1,-1,-1,-1,-1,-1,-1,-1,-1,-1,-1,-1,-1,-1,-1,-1,-1,-1,0,0,0,0,0,0,0,0,0,0,0,0,0,0,0,0,0,0,0,0,0,0,0,0,255,139,139,78,0,0,0,1,0,0,0,50,88,100,100,0,0,100,-1,0,100,100,0,1,1,-1,0,0,220,0,[0|0|0],-1,0,0,[0|0|0|0|0|0|0|0|0|0]
6400316,Reverse-hand Blade - Default Attack,0.4,0.2,0,0,1.5,0.04,6906,-1,-1,-1,-1,10120,10120,-1,-1,10100,-1,-1,-1,0,102,102,102,102,102,100,100,100,100,0,0,0,0,0,0,0,0,0,0,0,20,0,0,0,0,2,0,0,0,0,0,0,2,0,0,252,255,2,255,0,255,0,0,0,0,0,0,0,0,0,0,0,0,1,0,0,0,0,0,0,0,9,0,0,-1,-1,2100,2010,-1,-1,-1,-1,-1,-1,-1,-1,-1,-1,-1,-1,-1,-1,-1,-1,-1,-1,-1,-1,-1,-1,-1,-1,-1,-1,-1,-1,0,0,0,0,0,0,0,0,0,0,0,0,-1,-1,-1,-1,-1,-1,-1,-1,-1,-1,-1,-1,-1,-1,-1,-1,-1,-1,-1,-1,-1,-1,-1,-1,0,0,0,0,0,0,0,0,0,0,0,0,0,0,0,0,0,0,0,0,0,0,0,0,255,139,139,102,0,0,0,1,0,0,0,50,88,100,100,0,0,100,-1,0,100,100,0,1,1,-1,0,0,220,0,[0|0|0],-1,0,0,[0|0|0|0|0|0|0|0|0|0]
6400318,Reverse-hand Blade - Default Attack,0.4,0.2,0,0,1.2,0.04,6906,-1,-1,1665,1667,11120,11120,-1,-1,11100,-1,-1,-1,0,86,86,86,86,102,100,100,100,100,0,0,0,0,0,0,0,0,0,0,0,20,0,0,0,0,2,0,0,0,0,0,0,2,0,0,253,255,0,255,0,255,0,0,0,0,0,0,0,0,0,0,0,3,1,0,0,0,0,0,0,0,0,0,0,-1,-1,2100,2010,-1,-1,-1,-1,-1,-1,-1,-1,-1,-1,-1,-1,-1,-1,-1,-1,-1,-1,-1,-1,-1,-1,-1,-1,-1,-1,-1,-1,0,0,0,0,0,0,0,0,0,0,0,0,-1,-1,-1,-1,-1,-1,-1,-1,-1,-1,-1,-1,-1,-1,-1,-1,-1,-1,-1,-1,-1,-1,-1,-1,0,0,0,0,0,0,0,0,0,0,0,0,0,0,0,0,0,0,0,0,0,0,0,0,255,139,139,86,0,0,0,1,0,0,0,50,88,100,100,0,0,100,-1,0,100,100,0,1,1,-1,0,0,220,0,[0|0|0],-1,0,0,[0|0|0|0|0|0|0|0|0|0]
6400320,Reverse-hand Blade - Default Attack,0.4,0.2,0,0,1.3,0.08,6903,-1,-1,-1,-1,10120,10120,-1,-1,10100,-1,-1,-1,0,91,91,91,91,96,100,100,100,122,0,0,0,0,0,0,0,0,0,0,0,10,0,0,0,0,2,0,0,0,0,0,0,1,0,0,253,255,0,255,0,255,0,0,0,0,0,0,0,0,0,0,0,4,1,0,0,0,0,0,0,0,9,0,0,-1,-1,2100,2010,-1,-1,-1,-1,-1,-1,-1,-1,-1,-1,-1,-1,-1,-1,-1,-1,-1,-1,-1,-1,-1,-1,-1,-1,-1,-1,-1,-1,0,0,0,0,0,0,0,0,0,0,0,0,-1,-1,-1,-1,-1,-1,-1,-1,-1,-1,-1,-1,-1,-1,-1,-1,-1,-1,-1,-1,-1,-1,-1,-1,0,0,0,0,0,0,0,0,0,0,0,0,0,0,0,0,0,0,0,0,0,0,0,0,255,139,139,91,0,0,0,1,0,0,0,65,90,100,100,0,0,100,-1,0,100,100,0,1,1,-1,0,0,60,0,[0|0|0],-1,0,0,[0|0|0|0|0|0|0|0|0|0]
6400323,Reverse-hand Blade - Default Attack,0.4,0.2,0,0,1.3,0.08,6903,-1,-1,1665,1667,11120,11120,-1,-1,11100,-1,-1,-1,0,93,93,93,93,96,100,100,100,122,0,0,0,0,0,0,0,0,0,0,0,10,0,0,0,0,2,0,0,0,0,0,0,1,0,0,253,255,0,255,0,255,0,0,0,0,0,0,0,0,0,0,0,4,1,0,0,0,0,0,0,0,0,0,0,-1,-1,2100,2010,-1,-1,-1,-1,-1,-1,-1,-1,-1,-1,-1,-1,-1,-1,-1,-1,-1,-1,-1,-1,-1,-1,-1,-1,-1,-1,-1,-1,0,0,0,0,0,0,0,0,0,0,0,0,-1,-1,-1,-1,-1,-1,-1,-1,-1,-1,-1,-1,-1,-1,-1,-1,-1,-1,-1,-1,-1,-1,-1,-1,0,0,0,0,0,0,0,0,0,0,0,0,0,0,0,0,0,0,0,0,0,0,0,0,255,139,139,93,0,0,0,1,0,0,0,65,90,100,100,0,0,100,-1,0,100,100,0,1,1,-1,0,0,60,0,[0|0|0],-1,0,0,[0|0|0|0|0|0|0|0|0|0]
6400325,Reverse-hand Blade - Default Attack,0.4,0.2,0,0,1.6,0.08,6903,-1,-1,-1,-1,10120,10120,-1,-1,10100,-1,-1,-1,0,50,50,50,50,50,100,100,100,122,0,0,0,0,0,0,0,0,0,0,0,10,0,0,0,0,2,0,0,0,0,0,0,2,0,0,253,255,0,255,0,255,0,0,0,0,0,0,0,0,0,0,0,4,1,0,0,0,0,0,0,0,9,0,0,-1,-1,2100,2010,-1,-1,-1,-1,-1,-1,-1,-1,-1,-1,-1,-1,-1,-1,-1,-1,-1,-1,-1,-1,-1,-1,-1,-1,-1,-1,-1,-1,0,0,0,0,0,0,0,0,0,0,0,0,-1,-1,-1,-1,-1,-1,-1,-1,-1,-1,-1,-1,-1,-1,-1,-1,-1,-1,-1,-1,-1,-1,-1,-1,0,0,0,0,0,0,0,0,0,0,0,0,0,0,0,0,0,0,0,0,0,0,0,0,255,139,139,50,0,0,0,1,0,0,0,50,50,100,100,0,0,100,-1,0,100,100,0,1,1,-1,0,0,60,0,[0|0|0],-1,0,0,[0|0|0|0|0|0|0|0|0|0]
6400326,Reverse-hand Blade - Default Attack,0.4,0.2,0,0,1.6,0.08,6903,-1,-1,-1,-1,11120,11120,-1,-1,11100,-1,-1,-1,0,50,50,50,50,50,100,100,100,122,0,0,0,0,0,0,0,0,0,0,0,10,0,0,0,0,2,0,0,0,0,0,0,2,0,0,253,255,0,255,0,255,0,0,0,0,0,0,0,0,0,0,0,3,1,0,0,0,0,0,0,0,9,0,0,-1,-1,2100,2010,-1,-1,-1,-1,-1,-1,-1,-1,-1,-1,-1,-1,-1,-1,-1,-1,-1,-1,-1,-1,-1,-1,-1,-1,-1,-1,-1,-1,0,0,0,0,0,0,0,0,0,0,0,0,-1,-1,-1,-1,-1,-1,-1,-1,-1,-1,-1,-1,-1,-1,-1,-1,-1,-1,-1,-1,-1,-1,-1,-1,0,0,0,0,0,0,0,0,0,0,0,0,0,0,0,0,0,0,0,0,0,0,0,0,255,139,139,50,0,0,0,1,0,0,0,50,50,100,100,0,0,100,-1,0,100,100,0,1,1,-1,0,0,60,0,[0|0|0],-1,0,0,[0|0|0|0|0|0|0|0|0|0]
6400327,Reverse-hand Blade - Default Attack,0.4,0.2,0,0,1.55,0.08,6903,-1,-1,1665,1667,10120,10120,-1,-1,10100,-1,-1,-1,0,88,88,88,88,94,100,100,100,122,0,0,0,0,0,0,0,0,0,0,0,10,0,0,0,0,2,0,0,0,0,0,0,2,0,0,252,255,2,255,0,255,0,0,0,0,0,0,0,0,0,0,0,3,1,0,0,0,0,0,0,0,9,0,0,-1,-1,2100,2010,-1,-1,-1,-1,-1,-1,-1,-1,-1,-1,-1,-1,-1,-1,-1,-1,-1,-1,-1,-1,-1,-1,-1,-1,-1,-1,-1,-1,0,0,0,0,0,0,0,0,0,0,0,0,-1,-1,-1,-1,-1,-1,-1,-1,-1,-1,-1,-1,-1,-1,-1,-1,-1,-1,-1,-1,-1,-1,-1,-1,0,0,0,0,0,0,0,0,0,0,0,0,0,0,0,0,0,0,0,0,0,0,0,0,255,139,139,88,0,0,0,1,0,0,0,50,90,100,100,0,0,100,-1,0,100,100,0,1,1,-1,0,0,60,0,[0|0|0],-1,0,0,[0|0|0|0|0|0|0|0|0|0]
6400328,Reverse-hand Blade - Default Attack,0.4,0.2,0,0,1.55,0.08,6903,-1,-1,-1,-1,11120,11120,-1,-1,11100,-1,-1,-1,0,88,88,88,88,94,100,100,100,122,0,0,0,0,0,0,0,0,0,0,0,10,0,0,0,0,2,0,0,0,0,0,0,2,0,0,252,255,2,255,0,255,0,0,0,0,0,0,0,0,0,0,0,4,1,0,0,0,0,0,0,0,0,0,0,-1,-1,2100,2010,-1,-1,-1,-1,-1,-1,-1,-1,-1,-1,-1,-1,-1,-1,-1,-1,-1,-1,-1,-1,-1,-1,-1,-1,-1,-1,-1,-1,0,0,0,0,0,0,0,0,0,0,0,0,-1,-1,-1,-1,-1,-1,-1,-1,-1,-1,-1,-1,-1,-1,-1,-1,-1,-1,-1,-1,-1,-1,-1,-1,0,0,0,0,0,0,0,0,0,0,0,0,0,0,0,0,0,0,0,0,0,0,0,0,255,139,139,88,0,0,0,1,0,0,0,50,90,100,100,0,0,100,-1,0,100,100,0,1,1,-1,0,0,60,0,[0|0|0],-1,0,0,[0|0|0|0|0|0|0|0|0|0]
6400330,Reverse-hand Blade - Default Attack,0.4,0.2,0,0,0.85,0.08,6903,-1,-1,1665,1667,10120,10120,-1,-1,10100,-1,-1,-1,0,88,88,88,88,84,100,200,100,121,0,0,0,0,0,0,0,0,0,0,0,10,0,0,0,0,2,0,0,0,0,0,0,1,0,0,253,255,0,255,0,255,0,0,0,0,0,0,0,0,0,0,0,0,1,0,0,0,0,0,0,0,9,0,0,-1,-1,2100,2010,-1,-1,-1,-1,-1,-1,-1,-1,-1,-1,-1,-1,-1,-1,-1,-1,-1,-1,-1,-1,-1,-1,-1,-1,-1,-1,-1,-1,0,0,0,0,0,0,0,0,0,0,0,0,-1,-1,-1,-1,-1,-1,-1,-1,-1,-1,-1,-1,-1,-1,-1,-1,-1,-1,-1,-1,-1,-1,-1,-1,0,0,0,0,0,0,0,0,0,0,0,0,0,0,0,0,0,0,0,0,0,0,0,0,255,139,139,88,0,0,0,1,0,0,0,65,90,100,100,0,0,100,-1,0,100,100,0,1,1,-1,0,0,60,0,[0|0|0],-1,0,0,[0|0|0|0|0|0|0|0|0|0]
6400333,Reverse-hand Blade - Default Attack,0.4,0.2,0,0,0.85,0.08,6903,-1,-1,-1,-1,11120,11120,-1,-1,11100,-1,-1,-1,0,88,88,88,88,84,100,200,100,121,0,0,0,0,0,0,0,0,0,0,0,10,0,0,0,0,2,0,0,0,0,0,0,1,0,0,253,255,0,255,0,255,0,0,0,0,0,0,0,0,0,0,0,0,1,0,0,0,0,0,0,0,0,0,0,-1,-1,2100,2010,-1,-1,-1,-1,-1,-1,-1,-1,-1,-1,-1,-1,-1,-1,-1,-1,-1,-1,-1,-1,-1,-1,-1,-1,-1,-1,-1,-1,0,0,0,0,0,0,0,0,0,0,0,0,-1,-1,-1,-1,-1,-1,-1,-1,-1,-1,-1,-1,-1,-1,-1,-1,-1,-1,-1,-1,-1,-1,-1,-1,0,0,0,0,0,0,0,0,0,0,0,0,0,0,0,0,0,0,0,0,0,0,0,0,255,139,139,88,0,0,0,1,0,0,0,65,90,100,100,0,0,100,-1,0,100,100,0,1,1,-1,0,0,60,0,[0|0|0],-1,0,0,[0|0|0|0|0|0|0|0|0|0]
6400340,Reverse-hand Blade - Default Attack,0.4,0.2,0,0,0.7,0.08,6903,-1,-1,-1,-1,10120,10120,-1,-1,10100,-1,-1,-1,0,89,89,89,89,87,100,200,100,121,0,0,0,0,0,0,0,0,0,0,0,20,0,0,0,0,2,0,0,0,0,0,0,1,0,0,252,255,2,255,0,255,0,0,0,0,0,0,0,0,0,0,0,0,1,0,0,0,0,0,0,0,9,0,0,-1,-1,2100,2010,-1,-1,-1,-1,-1,-1,-1,-1,-1,-1,-1,-1,-1,-1,-1,-1,-1,-1,-1,-1,-1,-1,-1,-1,-1,-1,-1,-1,0,0,0,0,0,0,0,0,0,0,0,0,-1,-1,-1,-1,-1,-1,-1,-1,-1,-1,-1,-1,-1,-1,-1,-1,-1,-1,-1,-1,-1,-1,-1,-1,0,0,0,0,0,0,0,0,0,0,0,0,0,0,0,0,0,0,0,0,0,0,0,0,255,139,139,89,0,0,0,1,0,0,0,65,90,100,100,0,0,100,-1,0,100,100,0,1,1,-1,0,0,60,0,[0|0|0],-1,0,0,[0|0|0|0|0|0|0|0|0|0]
6400343,Reverse-hand Blade - Default Attack,0.4,0.2,0,0,0.9,0.08,6903,-1,-1,1665,1667,11120,11120,-1,-1,11100,-1,-1,-1,0,92,92,92,92,87,100,200,100,121,0,0,0,0,0,0,0,0,0,0,0,20,0,0,0,0,2,0,0,0,0,0,0,1,0,0,253,255,0,255,0,255,0,0,0,0,0,0,0,0,0,0,0,4,1,0,0,0,0,0,0,0,0,0,0,-1,-1,2100,2010,-1,-1,-1,-1,-1,-1,-1,-1,-1,-1,-1,-1,-1,-1,-1,-1,-1,-1,-1,-1,-1,-1,-1,-1,-1,-1,-1,-1,0,0,0,0,0,0,0,0,0,0,0,0,-1,-1,-1,-1,-1,-1,-1,-1,-1,-1,-1,-1,-1,-1,-1,-1,-1,-1,-1,-1,-1,-1,-1,-1,0,0,0,0,0,0,0,0,0,0,0,0,0,0,0,0,0,0,0,0,0,0,0,0,255,139,139,92,0,0,0,1,0,0,0,65,90,100,100,0,0,100,-1,0,100,100,0,1,1,-1,0,0,60,0,[0|0|0],-1,0,0,[0|0|0|0|0|0|0|0|0|0]
6400350,Reverse-hand Blade - Default Attack,0.4,0.2,0,0,0.85,0.08,6903,-1,-1,1665,1667,10120,10120,-1,-1,10100,-1,-1,-1,0,86,86,86,86,93,9900,100,100,102,0,0,0,0,0,0,0,0,0,0,0,20,0,0,0,0,2,0,0,0,0,0,0,1,0,0,253,255,0,255,0,255,0,0,0,0,0,0,0,0,0,0,0,0,1,0,0,0,0,0,0,0,9,0,0,-1,-1,2100,2010,-1,-1,-1,-1,-1,-1,-1,-1,-1,-1,-1,-1,-1,-1,-1,-1,-1,-1,-1,-1,-1,-1,-1,-1,-1,-1,-1,-1,0,0,0,0,0,0,0,0,0,0,0,0,-1,-1,-1,-1,-1,-1,-1,-1,-1,-1,-1,-1,-1,-1,-1,-1,-1,-1,-1,-1,-1,-1,-1,-1,0,0,0,0,0,0,0,0,0,0,0,0,0,0,0,0,0,0,0,0,0,0,0,0,255,139,139,86,0,0,0,1,0,0,0,65,90,100,100,0,0,100,-1,0,100,100,0,1,1,-1,0,0,90,0,[0|0|0],-1,0,0,[0|0|0|0|0|0|0|0|0|0]
6400353,Reverse-hand Blade - Default Attack,0.4,0.2,0,0,0.85,0.08,6903,-1,-1,-1,-1,11120,11120,-1,-1,11100,-1,-1,-1,0,86,86,86,86,93,9900,100,100,102,0,0,0,0,0,0,0,0,0,0,0,20,0,0,0,0,2,0,0,0,0,0,0,1,0,0,253,255,0,255,0,255,0,0,0,0,0,0,0,0,0,0,0,0,1,0,0,0,0,0,0,0,0,0,0,-1,-1,2100,2010,-1,-1,-1,-1,-1,-1,-1,-1,-1,-1,-1,-1,-1,-1,-1,-1,-1,-1,-1,-1,-1,-1,-1,-1,-1,-1,-1,-1,0,0,0,0,0,0,0,0,0,0,0,0,-1,-1,-1,-1,-1,-1,-1,-1,-1,-1,-1,-1,-1,-1,-1,-1,-1,-1,-1,-1,-1,-1,-1,-1,0,0,0,0,0,0,0,0,0,0,0,0,0,0,0,0,0,0,0,0,0,0,0,0,255,139,139,86,0,0,0,1,0,0,0,65,90,100,100,0,0,100,-1,0,100,100,0,1,1,-1,0,0,90,0,[0|0|0],-1,0,0,[0|0|0|0|0|0|0|0|0|0]
6400360,Reverse-hand Blade - Default Attack,0.4,0.2,0,0,1.65,0.08,6904,-1,-1,1665,1667,10120,10120,-1,-1,10100,-1,-1,-1,0,99,99,99,99,101,9900,100,100,102,0,0,0,0,0,0,0,0,0,0,0,20,0,0,0,0,2,0,0,0,0,0,0,2,0,0,253,255,0,255,0,255,0,0,0,0,0,0,0,0,0,0,0,4,1,0,0,0,0,0,0,0,0,0,0,-1,-1,2100,2010,-1,-1,-1,-1,-1,-1,-1,-1,-1,-1,-1,-1,-1,-1,-1,-1,-1,-1,-1,-1,-1,-1,-1,-1,-1,-1,-1,-1,0,0,0,0,0,0,0,0,0,0,0,0,-1,-1,-1,-1,-1,-1,-1,-1,-1,-1,-1,-1,-1,-1,-1,-1,-1,-1,-1,-1,-1,-1,-1,-1,0,0,0,0,0,0,0,0,0,0,0,0,0,0,0,0,0,0,0,0,0,0,0,0,255,139,139,99,0,0,0,1,0,0,0,100,100,100,100,0,0,100,-1,0,100,140,0,1,1,-1,0,0,220,0,[0|0|0],-1,0,0,[0|0|0|0|0|0|0|0|0|0]
6400363,Reverse-hand Blade - Default Attack,0.4,0.2,0,0,1.65,0.08,6904,-1,-1,-1,-1,11120,11120,-1,-1,11100,-1,-1,-1,0,99,99,99,99,101,9900,100,100,102,0,0,0,0,0,0,0,0,0,0,0,20,0,0,0,0,2,0,0,0,0,0,0,2,0,0,253,255,0,255,0,255,0,0,0,0,0,0,0,0,0,0,0,3,1,0,0,0,0,0,0,0,9,0,0,-1,-1,2100,2010,-1,-1,-1,-1,-1,-1,-1,-1,-1,-1,-1,-1,-1,-1,-1,-1,-1,-1,-1,-1,-1,-1,-1,-1,-1,-1,-1,-1,0,0,0,0,0,0,0,0,0,0,0,0,-1,-1,-1,-1,-1,-1,-1,-1,-1,-1,-1,-1,-1,-1,-1,-1,-1,-1,-1,-1,-1,-1,-1,-1,0,0,0,0,0,0,0,0,0,0,0,0,0,0,0,0,0,0,0,0,0,0,0,0,255,139,139,99,0,0,0,1,0,0,0,100,100,100,100,0,0,100,-1,0,100,140,0,1,1,-1,0,0,220,0,[0|0|0],-1,0,0,[0|0|0|0|0|0|0|0|0|0]
6400380,Reverse-hand Blade - Default Attack,0.4,0.2,0,0,1.55,0.08,6903,-1,-1,-1,-1,10120,10120,-1,-1,10100,-1,-1,-1,0,78,78,78,78,95,9900,120,100,0,0,0,0,0,0,0,0,0,0,0,0,10,0,0,0,0,2,0,0,0,0,0,0,2,0,0,253,255,0,255,0,255,0,0,0,0,0,0,0,0,0,0,0,4,1,0,0,0,0,0,0,0,9,0,0,-1,-1,2100,2010,-1,-1,-1,-1,-1,-1,-1,-1,-1,-1,-1,-1,-1,-1,-1,-1,-1,-1,-1,-1,-1,-1,-1,-1,-1,-1,-1,-1,0,0,0,0,0,0,0,0,0,0,0,0,-1,-1,-1,-1,-1,-1,-1,-1,-1,-1,-1,-1,-1,-1,-1,-1,-1,-1,-1,-1,-1,-1,-1,-1,0,0,0,0,0,0,0,0,0,0,0,0,0,0,0,0,0,0,0,0,0,0,0,0,255,139,139,78,0,0,0,1,0,0,0,50,50,100,100,0,0,40,-1,0,100,100,0,1,1,-1,0,0,165,0,[0|0|0],-1,0,0,[0|0|0|0|0|0|0|0|0|0]
6400381,Reverse-hand Blade - Default Attack,0.4,0.2,0,0,1.6,0.08,6903,-1,-1,-1,-1,11120,11120,-1,-1,11100,-1,-1,-1,0,96,96,96,96,95,9900,120,100,0,0,0,0,0,0,0,0,0,0,0,0,10,0,0,0,0,2,0,0,0,0,0,0,2,0,0,252,255,2,255,0,255,0,0,0,0,0,0,0,0,0,0,0,0,1,0,0,0,0,0,0,0,9,0,0,-1,-1,2100,2010,-1,-1,-1,-1,-1,-1,-1,-1,-1,-1,-1,-1,-1,-1,-1,-1,-1,-1,-1,-1,-1,-1,-1,-1,-1,-1,-1,-1,0,0,0,0,0,0,0,0,0,0,0,0,-1,-1,-1,-1,-1,-1,-1,-1,-1,-1,-1,-1,-1,-1,-1,-1,-1,-1,-1,-1,-1,-1,-1,-1,0,0,0,0,0,0,0,0,0,0,0,0,0,0,0,0,0,0,0,0,0,0,0,0,255,139,139,96,0,0,0,1,0,0,0,50,50,100,100,0,0,40,-1,0,100,100,0,1,1,-1,0,0,165,0,[0|0|0],-1,0,0,[0|0|0|0|0|0|0|0|0|0]
6400382,Reverse-hand Blade - Default Attack,0.4,0.2,0,0,1.6,0.08,6903,-1,-1,1665,1667,10120,10120,-1,-1,10100,-1,-1,-1,0,80,80,80,80,98,9900,100,100,0,0,0,0,0,0,0,0,0,0,0,0,10,0,0,0,0,2,0,0,0,0,0,0,2,0,0,253,255,0,255,0,255,0,0,0,0,0,0,0,0,0,0,0,4,1,0,0,0,0,0,0,0,9,0,0,-1,-1,2100,2010,-1,-1,-1,-1,-1,-1,-1,-1,-1,-1,-1,-1,-1,-1,-1,-1,-1,-1,-1,-1,-1,-1,-1,-1,-1,-1,-1,-1,0,0,0,0,0,0,0,0,0,0,0,0,-1,-1,-1,-1,-1,-1,-1,-1,-1,-1,-1,-1,-1,-1,-1,-1,-1,-1,-1,-1,-1,-1,-1,-1,0,0,0,0,0,0,0,0,0,0,0,0,0,0,0,0,0,0,0,0,0,0,0,0,255,139,139,80,0,0,0,1,0,0,0,50,90,100,100,0,0,65,-1,0,100,100,0,1,1,-1,0,0,165,0,[0|0|0],-1,0,0,[0|0|0|0|0|0|0|0|0|0]
6400383,Reverse-hand Blade - Default Attack,0.4,0.2,0,0,1.65,0.08,6903,-1,-1,-1,-1,11120,11120,-1,-1,11100,-1,-1,-1,0,98,98,98,98,102,9900,100,100,0,0,0,0,0,0,0,0,0,0,0,0,10,0,0,0,0,2,0,0,0,0,0,0,2,0,0,252,255,2,255,0,255,0,0,0,0,0,0,0,0,0,0,0,0,1,0,0,0,0,0,0,0,0,0,0,-1,-1,2100,2010,-1,-1,-1,-1,-1,-1,-1,-1,-1,-1,-1,-1,-1,-1,-1,-1,-1,-1,-1,-1,-1,-1,-1,-1,-1,-1,-1,-1,0,0,0,0,0,0,0,0,0,0,0,0,-1,-1,-1,-1,-1,-1,-1,-1,-1,-1,-1,-1,-1,-1,-1,-1,-1,-1,-1,-1,-1,-1,-1,-1,0,0,0,0,0,0,0,0,0,0,0,0,0,0,0,0,0,0,0,0,0,0,0,0,255,139,139,98,0,0,0,1,0,0,0,50,90,100,100,0,0,65,-1,0,100,100,0,1,1,-1,0,0,165,0,[0|0|0],-1,0,0,[0|0|0|0|0|0|0|0|0|0]
6400400,Reverse-hand Blade - Default Attack,0.4,0.2,0,0,1.15,0.08,6902,-1,-1,-1,1667,100,120,-1,-1,110,-1,-1,-1,0,100,100,100,100,100,100,100,100,0,0,0,0,0,0,0,0,0,0,0,0,10,0,0,0,0,2,0,0,0,0,0,0,1,0,0,253,255,0,255,0,255,0,0,0,0,0,0,0,0,0,0,0,0,1,0,0,0,0,0,0,0,0,0,0,-1,-1,2100,2010,-1,-1,-1,-1,-1,-1,-1,-1,-1,-1,-1,-1,-1,-1,-1,-1,-1,-1,-1,-1,-1,-1,-1,-1,-1,-1,-1,-1,0,0,0,0,0,0,0,0,0,0,0,0,-1,-1,-1,-1,-1,-1,-1,-1,-1,-1,-1,-1,-1,-1,-1,-1,-1,-1,-1,-1,-1,-1,-1,-1,0,0,0,0,0,0,0,0,0,0,0,0,0,0,0,0,0,0,0,0,0,0,0,0,255,139,139,100,0,0,0,0,0,0,0,100,100,100,100,0,0,100,-1,0,100,100,0,1,1,-1,0,0,100,0,[0|0|0],-1,0,0,[0|0|0|0|0|0|0|0|0|0]
6400410,Reverse-hand Blade - Default Attack,0.4,0.2,0,0,1.1,0.08,6902,-1,-1,-1,1667,100,120,-1,-1,110,-1,-1,-1,0,101,101,101,101,100,100,100,100,0,0,0,0,0,0,0,0,0,0,0,0,10,0,0,0,0,2,0,0,0,0,0,0,1,0,0,253,255,0,255,0,255,0,0,0,0,0,0,0,0,0,0,0,3,1,0,0,0,0,0,0,0,0,0,0,-1,-1,2100,2010,-1,-1,-1,-1,-1,-1,-1,-1,-1,-1,-1,-1,-1,-1,-1,-1,-1,-1,-1,-1,-1,-1,-1,-1,-1,-1,-1,-1,0,0,0,0,0,0,0,0,0,0,0,0,-1,-1,-1,-1,-1,-1,-1,-1,-1,-1,-1,-1,-1,-1,-1,-1,-1,-1,-1,-1,-1,-1,-1,-1,0,0,0,0,0,0,0,0,0,0,0,0,0,0,0,0,0,0,0,0,0,0,0,0,255,139,139,101,0,0,0,0,0,0,0,100,100,100,100,0,0,100,-1,0,100,100,0,1,1,-1,0,0,100,0,[0|0|0],-1,0,0,[0|0|0|0|0|0|0|0|0|0]
6400420,Reverse-hand Blade - Default Attack,0.4,0.2,0,0,1.15,0.08,6902,-1,-1,-1,1667,100,120,-1,-1,110,-1,-1,-1,0,102,102,102,102,100,100,100,100,0,0,0,0,0,0,0,0,0,0,0,0,10,0,0,0,0,2,0,0,0,0,0,0,1,0,0,252,255,2,255,0,255,0,0,0,0,0,0,0,0,0,0,0,0,1,0,0,0,0,0,0,0,0,0,0,-1,-1,2100,2010,-1,-1,-1,-1,-1,-1,-1,-1,-1,-1,-1,-1,-1,-1,-1,-1,-1,-1,-1,-1,-1,-1,-1,-1,-1,-1,-1,-1,0,0,0,0,0,0,0,0,0,0,0,0,-1,-1,-1,-1,-1,-1,-1,-1,-1,-1,-1,-1,-1,-1,-1,-1,-1,-1,-1,-1,-1,-1,-1,-1,0,0,0,0,0,0,0,0,0,0,0,0,0,0,0,0,0,0,0,0,0,0,0,0,255,139,139,102,0,0,0,0,0,0,0,100,100,100,100,0,0,100,-1,0,100,105,0,1,1,-1,0,0,100,0,[0|0|0],-1,0,0,[0|0|0|0|0|0|0|0|0|0]
6400430,Reverse-hand Blade - Default Attack,0.4,0.2,0,0,0.85,0.08,6902,-1,-1,-1,1667,100,120,-1,-1,110,-1,-1,-1,0,103,103,103,103,100,100,100,100,0,0,0,0,0,0,0,0,0,0,0,0,10,0,0,0,0,2,0,0,0,0,0,0,1,0,0,253,255,0,255,0,255,0,0,0,0,0,0,0,0,0,0,0,4,1,0,0,0,0,0,0,0,0,0,0,-1,-1,2100,2010,-1,-1,-1,-1,-1,-1,-1,-1,-1,-1,-1,-1,-1,-1,-1,-1,-1,-1,-1,-1,-1,-1,-1,-1,-1,-1,-1,-1,0,0,0,0,0,0,0,0,0,0,0,0,-1,-1,-1,-1,-1,-1,-1,-1,-1,-1,-1,-1,-1,-1,-1,-1,-1,-1,-1,-1,-1,-1,-1,-1,0,0,0,0,0,0,0,0,0,0,0,0,0,0,0,0,0,0,0,0,0,0,0,0,255,139,139,103,0,0,0,0,0,0,0,100,100,100,100,0,0,100,-1,0,100,105,0,1,1,-1,0,0,100,0,[0|0|0],-1,0,0,[0|0|0|0|0|0|0|0|0|0]
6400440,Reverse-hand Blade - Default Attack,0.4,0.2,0,0,1.15,0.08,6902,-1,-1,-1,1667,100,120,-1,-1,110,-1,-1,-1,0,104,104,104,104,100,100,100,100,0,0,0,0,0,0,0,0,0,0,0,0,10,0,0,0,0,2,0,0,0,0,0,0,1,0,0,253,255,0,255,0,255,0,0,0,0,0,0,0,0,0,0,0,3,1,0,0,0,0,0,0,0,0,0,0,-1,-1,2100,2010,-1,-1,-1,-1,-1,-1,-1,-1,-1,-1,-1,-1,-1,-1,-1,-1,-1,-1,-1,-1,-1,-1,-1,-1,-1,-1,-1,-1,0,0,0,0,0,0,0,0,0,0,0,0,-1,-1,-1,-1,-1,-1,-1,-1,-1,-1,-1,-1,-1,-1,-1,-1,-1,-1,-1,-1,-1,-1,-1,-1,0,0,0,0,0,0,0,0,0,0,0,0,0,0,0,0,0,0,0,0,0,0,0,0,255,139,139,104,0,0,0,0,0,0,0,100,100,100,100,0,0,100,-1,0,100,105,0,1,1,-1,0,0,100,0,[0|0|0],-1,0,0,[0|0|0|0|0|0|0|0|0|0]
6400450,Reverse-hand Blade - Default Attack,0.4,0.2,0,0,1.2,0.08,6902,-1,-1,-1,1667,110,120,-1,-1,100,-1,-1,-1,0,110,110,110,110,100,100,100,100,104,0,0,0,0,0,0,0,0,0,0,0,10,0,0,0,0,2,0,0,0,0,0,0,2,0,0,253,255,0,255,0,255,0,0,0,0,0,0,0,0,0,0,0,0,1,0,0,0,0,0,0,0,0,0,0,-1,-1,2100,2010,-1,-1,-1,-1,-1,-1,-1,-1,-1,-1,-1,-1,-1,-1,-1,-1,-1,-1,-1,-1,-1,-1,-1,-1,-1,-1,-1,-1,0,0,0,0,0,0,0,0,0,0,0,0,-1,-1,-1,-1,-1,-1,-1,-1,-1,-1,-1,-1,-1,-1,-1,-1,-1,-1,-1,-1,-1,-1,-1,-1,0,0,0,0,0,0,0,0,0,0,0,0,0,0,0,0,0,0,0,0,0,0,0,0,255,139,139,110,0,0,0,0,0,0,0,100,100,100,100,0,0,100,-1,0,100,110,0,1,1,-1,0,0,200,0,[0|0|0],-1,0,0,[0|0|0|0|0|0|0|0|0|0]
6400500,Reverse-hand Blade - Default Attack,0.4,0,0,0,0,0,-1,-1,-1,-1,-1,120,-1,-1,-1,-1,-1,-1,-1,0,50,50,50,50,100,9900,100,100,0,0,0,0,0,0,0,0,0,0,0,0,10,0,0,0,0,0,0,0,0,0,0,0,0,0,0,252,255,2,255,0,255,0,2,0,0,0,0,0,0,0,0,0,0,1,0,0,0,0,0,0,0,0,0,0,-1,-1,2100,2010,-1,-1,-1,-1,-1,-1,-1,-1,-1,-1,-1,-1,-1,-1,-1,-1,-1,-1,-1,-1,-1,-1,-1,-1,-1,-1,-1,-1,0,0,0,0,0,0,0,0,0,0,0,0,-1,-1,-1,-1,-1,-1,-1,-1,-1,-1,-1,-1,-1,-1,-1,-1,-1,-1,-1,-1,-1,-1,-1,-1,0,0,0,0,0,0,0,0,0,0,0,0,0,0,0,0,0,0,0,0,0,0,0,0,255,139,139,50,0,0,1,1,0,0,0,100,100,100,100,0,1,100,-1,0,100,1000,0,1,1,-1,0,0,0,0,[0|0|0],0,0,0,[0|0|0|0|0|0|0|0|0|0]
6400501,Reverse-hand Blade - Default Attack,0.4,0,0,0,0,0,350501,350601,20382301,1665,1667,120,-1,-1,-1,-1,-1,-1,-1,0,220,220,220,220,100,9900,100,100,0,0,0,0,0,0,0,0,0,0,0,0,10,0,0,0,0,0,0,0,0,0,0,0,0,0,0,252,255,2,255,0,255,0,2,0,0,0,0,0,0,0,0,0,0,1,0,0,0,0,0,0,0,0,0,0,-1,-1,2100,2010,-1,-1,-1,-1,-1,-1,-1,-1,-1,-1,-1,-1,-1,-1,-1,-1,-1,-1,-1,-1,-1,-1,-1,-1,-1,-1,-1,-1,0,0,0,0,0,0,0,0,0,0,0,0,-1,-1,-1,-1,-1,-1,-1,-1,-1,-1,-1,-1,-1,-1,-1,-1,-1,-1,-1,-1,-1,-1,-1,-1,0,0,0,0,0,0,0,0,0,0,0,0,0,0,0,0,0,0,0,0,0,0,0,0,255,139,139,220,0,0,1,1,0,0,0,100,100,100,100,0,1,100,-1,0,100,0,0,1,1,-1,0,0,0,0,[0|0|0],0,0,0,[0|0|0|0|0|0|0|0|0|0]
6400509,Reverse-hand Blade - Default Attack,0.4,0.2,0,0,0.6,0.08,-1,-1,-1,1665,1667,100,120,-1,-1,110,-1,-1,-1,0,100,100,100,100,100,100,100,100,0,0,0,0,0,0,0,0,0,0,0,0,10,0,0,0,0,2,0,0,0,0,0,0,8,0,0,252,255,2,255,0,255,0,0,0,0,0,0,0,0,0,0,0,0,1,0,0,0,0,0,0,0,0,0,0,-1,-1,2100,2010,-1,-1,-1,-1,-1,-1,-1,-1,-1,-1,-1,-1,-1,-1,-1,-1,-1,-1,-1,-1,-1,-1,-1,-1,-1,-1,-1,-1,0,0,0,0,0,0,0,0,0,0,0,0,-1,-1,-1,-1,-1,-1,-1,-1,-1,-1,-1,-1,-1,-1,-1,-1,-1,-1,-1,-1,-1,-1,-1,-1,0,0,0,0,0,0,0,0,0,0,0,0,0,0,0,0,0,0,0,0,0,0,0,0,255,139,139,100,0,0,1,1,0,0,0,100,100,100,100,0,0,100,-1,0,100,0,0,1,1,-1,0,0,0,0,[0|0|0],0,0,0,[0|0|0|0|0|0|0|0|0|0]
6400510,Reverse-hand Blade - Default Attack,0.4,0.2,0,0,0,0,-1,-1,-1,-1,-1,100,120,-1,-1,110,-1,-1,-1,0,50,50,50,50,100,9900,100,100,0,0,0,0,0,0,0,0,0,0,0,0,10,0,0,0,0,2,0,0,0,0,0,0,0,0,0,252,255,2,255,0,255,0,2,0,0,0,0,0,0,0,0,0,0,1,0,0,0,0,0,0,0,0,0,0,-1,-1,2100,2010,-1,-1,-1,-1,-1,-1,-1,-1,-1,-1,-1,-1,-1,-1,-1,-1,-1,-1,-1,-1,-1,-1,-1,-1,-1,-1,-1,-1,0,0,0,0,0,0,0,0,0,0,0,0,-1,-1,-1,-1,-1,-1,-1,-1,-1,-1,-1,-1,-1,-1,-1,-1,-1,-1,-1,-1,-1,-1,-1,-1,0,0,0,0,0,0,0,0,0,0,0,0,0,0,0,0,0,0,0,0,0,0,0,0,255,139,139,50,0,0,1,1,0,0,0,100,100,100,100,0,0,100,-1,0,100,1000,0,1,1,-1,0,0,0,0,[0|0|0],-1,0,0,[0|0|0|0|0|0|0|0|0|0]
6400511,Reverse-hand Blade - Default Attack,0.4,0.2,0,0,0,0,350501,350601,20382301,1665,1667,100,120,-1,-1,110,-1,-1,-1,0,300,300,300,300,100,9900,100,100,0,0,0,0,0,0,0,0,0,0,0,0,10,0,0,0,0,2,0,0,0,0,0,0,0,0,0,252,255,2,255,0,255,0,2,0,0,0,0,0,0,0,0,0,0,1,0,0,0,0,0,0,0,0,0,0,-1,-1,2100,2010,-1,-1,-1,-1,-1,-1,-1,-1,-1,-1,-1,-1,-1,-1,-1,-1,-1,-1,-1,-1,-1,-1,-1,-1,-1,-1,-1,-1,0,0,0,0,0,0,0,0,0,0,0,0,-1,-1,-1,-1,-1,-1,-1,-1,-1,-1,-1,-1,-1,-1,-1,-1,-1,-1,-1,-1,-1,-1,-1,-1,0,0,0,0,0,0,0,0,0,0,0,0,0,0,0,0,0,0,0,0,0,0,0,0,255,139,139,300,0,0,1,1,0,0,0,100,100,100,100,0,0,100,-1,0,100,0,0,1,1,-1,0,0,0,0,[0|0|0],-1,0,0,[0|0|0|0|0|0|0|0|0|0]
6400530,Reverse-hand Blade - Default Attack,0.4,0,0,0,0,0,350501,350601,20382301,1665,1667,100,-1,-1,-1,110,-1,-1,-1,0,400,400,400,400,100,9900,100,100,0,0,0,0,0,0,0,0,0,0,0,0,20,0,0,0,0,0,0,0,0,0,0,0,0,0,0,252,255,2,6,0,255,0,2,0,0,0,0,0,0,0,0,1,0,1,0,0,0,0,0,0,0,0,0,0,-1,-1,0,0,-1,-1,-1,-1,-1,-1,-1,-1,-1,-1,-1,-1,-1,-1,-1,-1,-1,-1,-1,-1,-1,-1,-1,-1,-1,-1,-1,-1,0,0,0,0,0,0,0,0,0,0,0,0,-1,-1,-1,-1,-1,-1,-1,-1,-1,-1,-1,-1,-1,-1,-1,-1,-1,-1,-1,-1,-1,-1,-1,-1,0,0,0,0,0,0,0,0,0,0,0,0,0,0,0,0,0,0,0,0,0,0,0,0,255,139,139,400,0,0,1,1,0,0,0,100,100,100,100,0,0,100,-1,0,100,1000,0,1,1,-1,0,0,0,0,[0|0|0],20,0,0,[0|0|0|0|0|0|0|0|0|0]
6400590,Reverse-hand Blade - Default Attack,0.5,0,0,0,0,0,-1,-1,-1,-1,-1,94,-1,-1,-1,95,-1,-1,-1,0,0,0,0,0,0,9900,100,100,0,0,0,0,0,0,0,0,0,0,0,0,0,0,0,0,0,0,0,0,0,0,0,0,0,2,0,3,0,0,6,0,255,1,1,0,0,0,0,0,0,0,0,1,0,1,0,0,0,0,0,0,0,0,0,0,-1,-1,2100,2010,-1,-1,-1,-1,-1,-1,-1,-1,-1,-1,-1,-1,-1,-1,-1,-1,-1,-1,-1,-1,-1,-1,-1,-1,-1,-1,-1,-1,0,0,0,0,0,0,0,0,0,0,0,0,-1,-1,-1,-1,-1,-1,-1,-1,-1,-1,-1,-1,-1,-1,-1,-1,-1,-1,-1,-1,-1,-1,-1,-1,0,0,0,0,0,0,0,0,0,0,0,0,0,0,0,0,0,0,0,0,0,0,0,0,255,139,139,0,0,0,1,1,0,0,0,0,0,0,0,0,0,100,-1,-1,-1,0,0,1,1,-1,0,0,0,0,[0|0|0],0,0,0,[0|0|0|0|0|0|0|0|0|0]
6400800,Reverse-hand Blade - Default Attack,0.4,0.2,0,0,0.75,0.04,6902,-1,-1,1665,-1,100,120,-1,-1,110,-1,-1,-1,0,90,90,90,90,92,100,100,100,0,0,0,0,0,0,0,0,0,0,0,0,10,0,0,0,0,2,0,0,0,0,0,0,1,0,0,253,255,0,255,0,255,0,0,0,0,0,0,0,0,0,0,0,0,1,0,0,0,0,0,0,0,0,0,0,-1,-1,2100,2010,-1,-1,-1,-1,-1,-1,-1,-1,-1,-1,-1,-1,-1,-1,-1,-1,-1,-1,-1,-1,-1,-1,-1,-1,-1,-1,-1,-1,0,0,0,0,0,0,0,0,0,0,0,0,-1,-1,-1,-1,-1,-1,-1,-1,-1,-1,-1,-1,-1,-1,-1,-1,-1,-1,-1,-1,-1,-1,-1,-1,0,0,0,0,0,0,0,0,0,0,0,0,0,0,0,0,0,0,0,0,0,0,0,0,255,139,139,90,0,0,0,0,0,0,0,65,90,100,100,0,0,100,-1,0,100,100,0,1,1,-1,0,0,60,0,[0|0|0],-1,0,0,[0|0|0|0|0|0|0|0|0|0]
6400805,Reverse-hand Blade - Default Attack,0.4,0.2,0,0,0.8,0.04,6902,-1,-1,-1,1667,100,120,-1,-1,110,-1,-1,-1,0,90,90,90,90,92,100,100,100,0,0,0,0,0,0,0,0,0,0,0,0,10,0,0,0,0,2,0,0,0,0,0,0,1,0,0,253,255,0,255,0,255,0,0,0,0,0,0,0,0,0,0,0,3,1,0,0,0,0,0,0,0,9,0,0,-1,-1,2100,2010,-1,-1,-1,-1,-1,-1,-1,-1,-1,-1,-1,-1,-1,-1,-1,-1,-1,-1,-1,-1,-1,-1,-1,-1,-1,-1,-1,-1,0,0,0,0,0,0,0,0,0,0,0,0,-1,-1,-1,-1,-1,-1,-1,-1,-1,-1,-1,-1,-1,-1,-1,-1,-1,-1,-1,-1,-1,-1,-1,-1,0,0,0,0,0,0,0,0,0,0,0,0,0,0,0,0,0,0,0,0,0,0,0,0,255,139,139,90,0,0,0,0,0,0,0,65,90,100,100,0,0,100,-1,0,100,100,0,1,1,-1,0,0,60,0,[0|0|0],-1,0,0,[0|0|0|0|0|0|0|0|0|0]
6400810,Reverse-hand Blade - Default Attack,0.4,0.2,0,0,0.7,0.04,6902,-1,-1,-1,1667,100,120,-1,-1,110,-1,-1,-1,0,91,91,91,91,93,100,100,100,0,0,0,0,0,0,0,0,0,0,0,0,10,0,0,0,0,2,0,0,0,0,0,0,1,0,0,252,255,2,255,0,255,0,0,0,0,0,0,0,0,0,0,0,0,1,0,0,0,0,0,0,0,9,0,0,-1,-1,2100,2010,-1,-1,-1,-1,-1,-1,-1,-1,-1,-1,-1,-1,-1,-1,-1,-1,-1,-1,-1,-1,-1,-1,-1,-1,-1,-1,-1,-1,0,0,0,0,0,0,0,0,0,0,0,0,-1,-1,-1,-1,-1,-1,-1,-1,-1,-1,-1,-1,-1,-1,-1,-1,-1,-1,-1,-1,-1,-1,-1,-1,0,0,0,0,0,0,0,0,0,0,0,0,0,0,0,0,0,0,0,0,0,0,0,0,255,139,139,91,0,0,0,0,0,0,0,65,90,100,100,0,0,100,-1,0,100,100,0,1,1,-1,0,0,60,0,[0|0|0],-1,0,0,[0|0|0|0|0|0|0|0|0|0]
6400815,Reverse-hand Blade - Default Attack,0.4,0.2,0,0,0.7,0.04,6902,-1,-1,1665,-1,100,120,-1,-1,110,-1,-1,-1,0,91,91,91,91,93,100,100,100,0,0,0,0,0,0,0,0,0,0,0,0,10,0,0,0,0,2,0,0,0,0,0,0,1,0,0,253,255,0,255,0,255,0,0,0,0,0,0,0,0,0,0,0,4,1,0,0,0,0,0,0,0,0,0,0,-1,-1,2100,2010,-1,-1,-1,-1,-1,-1,-1,-1,-1,-1,-1,-1,-1,-1,-1,-1,-1,-1,-1,-1,-1,-1,-1,-1,-1,-1,-1,-1,0,0,0,0,0,0,0,0,0,0,0,0,-1,-1,-1,-1,-1,-1,-1,-1,-1,-1,-1,-1,-1,-1,-1,-1,-1,-1,-1,-1,-1,-1,-1,-1,0,0,0,0,0,0,0,0,0,0,0,0,0,0,0,0,0,0,0,0,0,0,0,0,255,139,139,91,0,0,0,0,0,0,0,65,90,100,100,0,0,100,-1,0,100,100,0,1,1,-1,0,0,60,0,[0|0|0],-1,0,0,[0|0|0|0|0|0|0|0|0|0]
6400820,Reverse-hand Blade - Default Attack,0.4,0.2,0,0,0.7,0.04,6902,-1,-1,-1,1667,100,120,-1,-1,110,-1,-1,-1,0,92,92,92,92,94,100,100,100,0,0,0,0,0,0,0,0,0,0,0,0,20,0,0,0,0,2,0,0,0,0,0,0,1,0,0,253,255,0,255,0,255,0,0,0,0,0,0,0,0,0,0,0,0,1,0,0,0,0,0,0,0,9,0,0,-1,-1,2100,2010,-1,-1,-1,-1,-1,-1,-1,-1,-1,-1,-1,-1,-1,-1,-1,-1,-1,-1,-1,-1,-1,-1,-1,-1,-1,-1,-1,-1,0,0,0,0,0,0,0,0,0,0,0,0,-1,-1,-1,-1,-1,-1,-1,-1,-1,-1,-1,-1,-1,-1,-1,-1,-1,-1,-1,-1,-1,-1,-1,-1,0,0,0,0,0,0,0,0,0,0,0,0,0,0,0,0,0,0,0,0,0,0,0,0,255,139,139,92,0,0,0,0,0,0,0,65,90,100,100,0,0,100,-1,0,100,100,0,1,1,-1,0,0,60,0,[0|0|0],-1,0,0,[0|0|0|0|0|0|0|0|0|0]
6400825,Reverse-hand Blade - Default Attack,0.4,0.2,0,0,0.8,0.04,6902,-1,-1,1665,-1,100,120,-1,-1,110,-1,-1,-1,0,92,92,92,92,94,100,100,100,0,0,0,0,0,0,0,0,0,0,0,0,10,0,0,0,0,2,0,0,0,0,0,0,1,0,0,253,255,0,255,0,255,0,0,0,0,0,0,0,0,0,0,0,0,1,0,0,0,0,0,0,0,0,0,0,-1,-1,2100,2010,-1,-1,-1,-1,-1,-1,-1,-1,-1,-1,-1,-1,-1,-1,-1,-1,-1,-1,-1,-1,-1,-1,-1,-1,-1,-1,-1,-1,0,0,0,0,0,0,0,0,0,0,0,0,-1,-1,-1,-1,-1,-1,-1,-1,-1,-1,-1,-1,-1,-1,-1,-1,-1,-1,-1,-1,-1,-1,-1,-1,0,0,0,0,0,0,0,0,0,0,0,0,0,0,0,0,0,0,0,0,0,0,0,0,255,139,139,92,0,0,0,0,0,0,0,65,90,100,100,0,0,100,-1,0,100,100,0,1,1,-1,0,0,60,0,[0|0|0],-1,0,0,[0|0|0|0|0|0|0|0|0|0]
6400830,Reverse-hand Blade - Default Attack,0.4,0.2,0,0,0.9,0.04,6902,-1,-1,1665,-1,100,120,-1,-1,110,-1,-1,-1,0,107,107,107,107,95,100,500,100,0,0,0,0,0,0,0,0,0,0,0,0,10,0,0,0,0,2,0,0,0,0,0,0,1,0,0,252,255,2,255,0,255,0,0,0,0,0,0,0,0,0,0,0,0,1,0,0,0,0,0,0,0,0,0,0,-1,-1,2100,2010,-1,-1,-1,-1,-1,-1,-1,-1,-1,-1,-1,-1,-1,-1,-1,-1,-1,-1,-1,-1,-1,-1,-1,-1,-1,-1,-1,-1,0,0,0,0,0,0,0,0,0,0,0,0,-1,-1,-1,-1,-1,-1,-1,-1,-1,-1,-1,-1,-1,-1,-1,-1,-1,-1,-1,-1,-1,-1,-1,-1,0,0,0,0,0,0,0,0,0,0,0,0,0,0,0,0,0,0,0,0,0,0,0,0,255,139,139,107,0,0,0,0,0,0,0,130,100,100,100,0,0,100,-1,0,100,100,0,1,1,-1,0,0,120,0,[0|0|0],-1,0,0,[0|0|0|0|0|0|0|0|0|0]
6400840,Reverse-hand Blade - Default Attack,0.4,0.2,0,0,0.85,0.04,6902,-1,-1,1665,-1,100,120,-1,-1,110,-1,-1,-1,0,93,93,93,93,96,100,100,100,0,0,0,0,0,0,0,0,0,0,0,0,10,0,0,0,0,2,0,0,0,0,0,0,1,0,0,253,255,0,255,0,255,0,0,0,0,0,0,0,0,0,0,0,4,1,0,0,0,0,0,0,0,9,0,0,-1,-1,2100,2010,-1,-1,-1,-1,-1,-1,-1,-1,-1,-1,-1,-1,-1,-1,-1,-1,-1,-1,-1,-1,-1,-1,-1,-1,-1,-1,-1,-1,0,0,0,0,0,0,0,0,0,0,0,0,-1,-1,-1,-1,-1,-1,-1,-1,-1,-1,-1,-1,-1,-1,-1,-1,-1,-1,-1,-1,-1,-1,-1,-1,0,0,0,0,0,0,0,0,0,0,0,0,0,0,0,0,0,0,0,0,0,0,0,0,255,139,139,93,0,0,0,0,0,0,0,65,90,100,100,0,0,100,-1,0,100,100,0,1,1,-1,0,0,60,0,[0|0|0],-1,0,0,[0|0|0|0|0|0|0|0|0|0]
6400845,Reverse-hand Blade - Default Attack,0.4,0.2,0,0,0.85,0.04,6902,-1,-1,-1,1667,100,120,-1,-1,110,-1,-1,-1,0,93,93,93,93,96,100,100,100,0,0,0,0,0,0,0,0,0,0,0,0,20,0,0,0,0,2,0,0,0,0,0,0,1,0,0,252,255,2,255,0,255,0,0,0,0,0,0,0,0,0,0,0,0,1,0,0,0,0,0,0,0,0,0,0,-1,-1,2100,2010,-1,-1,-1,-1,-1,-1,-1,-1,-1,-1,-1,-1,-1,-1,-1,-1,-1,-1,-1,-1,-1,-1,-1,-1,-1,-1,-1,-1,0,0,0,0,0,0,0,0,0,0,0,0,-1,-1,-1,-1,-1,-1,-1,-1,-1,-1,-1,-1,-1,-1,-1,-1,-1,-1,-1,-1,-1,-1,-1,-1,0,0,0,0,0,0,0,0,0,0,0,0,0,0,0,0,0,0,0,0,0,0,0,0,255,139,139,93,0,0,0,0,0,0,0,65,90,100,100,0,0,100,-1,0,100,100,0,1,1,-1,0,0,60,0,[0|0|0],-1,0,0,[0|0|0|0|0|0|0|0|0|0]
6400850,Reverse-hand Blade - Default Attack,0.4,0.2,0,0,1.1,0.04,6902,-1,-1,-1,1667,100,120,-1,-1,110,-1,-1,-1,0,94,94,94,94,102,100,100,100,104,0,0,0,0,0,0,0,0,0,0,0,10,0,0,0,0,2,0,0,0,0,0,0,1,0,0,253,255,0,255,0,255,0,0,0,0,0,0,0,0,0,0,0,4,1,0,0,0,0,0,0,0,9,0,0,-1,-1,2100,2010,-1,-1,-1,-1,-1,-1,-1,-1,-1,-1,-1,-1,-1,-1,-1,-1,-1,-1,-1,-1,-1,-1,-1,-1,-1,-1,-1,-1,0,0,0,0,0,0,0,0,0,0,0,0,-1,-1,-1,-1,-1,-1,-1,-1,-1,-1,-1,-1,-1,-1,-1,-1,-1,-1,-1,-1,-1,-1,-1,-1,0,0,0,0,0,0,0,0,0,0,0,0,0,0,0,0,0,0,0,0,0,0,0,0,255,139,139,94,0,0,0,0,0,0,0,65,90,100,100,0,0,100,-1,0,100,100,0,1,1,-1,0,0,120,0,[0|0|0],-1,0,0,[0|0|0|0|0|0|0|0|0|0]
6400855,Reverse-hand Blade - Default Attack,0.4,0.2,0,0,1.1,0.04,6902,-1,-1,1665,-1,100,120,-1,-1,110,-1,-1,-1,0,94,94,94,94,102,100,100,100,104,0,0,0,0,0,0,0,0,0,0,0,10,0,0,0,0,2,0,0,0,0,0,0,1,0,0,253,255,0,255,0,255,0,0,0,0,0,0,0,0,0,0,0,3,1,0,0,0,0,0,0,0,0,0,0,-1,-1,2100,2010,-1,-1,-1,-1,-1,-1,-1,-1,-1,-1,-1,-1,-1,-1,-1,-1,-1,-1,-1,-1,-1,-1,-1,-1,-1,-1,-1,-1,0,0,0,0,0,0,0,0,0,0,0,0,-1,-1,-1,-1,-1,-1,-1,-1,-1,-1,-1,-1,-1,-1,-1,-1,-1,-1,-1,-1,-1,-1,-1,-1,0,0,0,0,0,0,0,0,0,0,0,0,0,0,0,0,0,0,0,0,0,0,0,0,255,139,139,94,0,0,0,0,0,0,0,65,90,100,100,0,0,100,-1,0,100,100,0,1,1,-1,0,0,120,0,[0|0|0],-1,0,0,[0|0|0|0|0|0|0|0|0|0]
6400860,Reverse-hand Blade - Default Attack,0.4,0.2,0,0,1.3,0.04,6903,-1,-1,1665,-1,100,120,-1,-1,110,-1,-1,-1,0,91,91,91,91,96,100,100,100,122,0,0,0,0,0,0,0,0,0,0,0,10,0,0,0,0,2,0,0,0,0,0,0,1,0,0,253,255,0,255,0,255,0,0,0,0,0,0,0,0,0,0,0,4,1,0,0,0,0,0,0,0,9,0,0,-1,-1,2100,2010,-1,-1,-1,-1,-1,-1,-1,-1,-1,-1,-1,-1,-1,-1,-1,-1,-1,-1,-1,-1,-1,-1,-1,-1,-1,-1,-1,-1,0,0,0,0,0,0,0,0,0,0,0,0,-1,-1,-1,-1,-1,-1,-1,-1,-1,-1,-1,-1,-1,-1,-1,-1,-1,-1,-1,-1,-1,-1,-1,-1,0,0,0,0,0,0,0,0,0,0,0,0,0,0,0,0,0,0,0,0,0,0,0,0,255,139,139,91,0,0,0,0,0,0,0,65,90,100,100,0,0,100,-1,0,100,100,0,1,1,-1,0,0,60,0,[0|0|0],-1,0,0,[0|0|0|0|0|0|0|0|0|0]
6400865,Reverse-hand Blade - Default Attack,0.4,0.2,0,0,1,0.04,6903,-1,-1,-1,1667,100,120,-1,-1,110,-1,-1,-1,0,93,93,93,93,96,100,100,100,122,0,0,0,0,0,0,0,0,0,0,0,10,0,0,0,0,2,0,0,0,0,0,0,1,0,0,253,255,0,255,0,255,0,0,0,0,0,0,0,0,0,0,0,4,1,0,0,0,0,0,0,0,0,0,0,-1,-1,2100,2010,-1,-1,-1,-1,-1,-1,-1,-1,-1,-1,-1,-1,-1,-1,-1,-1,-1,-1,-1,-1,-1,-1,-1,-1,-1,-1,-1,-1,0,0,0,0,0,0,0,0,0,0,0,0,-1,-1,-1,-1,-1,-1,-1,-1,-1,-1,-1,-1,-1,-1,-1,-1,-1,-1,-1,-1,-1,-1,-1,-1,0,0,0,0,0,0,0,0,0,0,0,0,0,0,0,0,0,0,0,0,0,0,0,0,255,139,139,93,0,0,0,0,0,0,0,65,90,100,100,0,0,100,-1,0,100,100,0,1,1,-1,0,0,60,0,[0|0|0],-1,0,0,[0|0|0|0|0|0|0|0|0|0]
6400870,Reverse-hand Blade - Default Attack,0.4,0.2,0,0,0.85,0.04,6903,-1,-1,1665,-1,100,120,-1,-1,110,-1,-1,-1,0,88,88,88,88,84,100,200,100,121,0,0,0,0,0,0,0,0,0,0,0,10,0,0,0,0,2,0,0,0,0,0,0,1,0,0,253,255,0,255,0,255,0,0,0,0,0,0,0,0,0,0,0,0,1,0,0,0,0,0,0,0,9,0,0,-1,-1,2100,2010,-1,-1,-1,-1,-1,-1,-1,-1,-1,-1,-1,-1,-1,-1,-1,-1,-1,-1,-1,-1,-1,-1,-1,-1,-1,-1,-1,-1,0,0,0,0,0,0,0,0,0,0,0,0,-1,-1,-1,-1,-1,-1,-1,-1,-1,-1,-1,-1,-1,-1,-1,-1,-1,-1,-1,-1,-1,-1,-1,-1,0,0,0,0,0,0,0,0,0,0,0,0,0,0,0,0,0,0,0,0,0,0,0,0,255,139,139,88,0,0,0,0,0,0,0,65,90,100,100,0,0,100,-1,0,100,100,0,1,1,-1,0,0,60,0,[0|0|0],-1,0,0,[0|0|0|0|0|0|0|0|0|0]
6400875,Reverse-hand Blade - Default Attack,0.4,0.2,0,0,0.85,0.04,6903,-1,-1,-1,1667,100,120,-1,-1,110,-1,-1,-1,0,88,88,88,88,84,100,200,100,121,0,0,0,0,0,0,0,0,0,0,0,10,0,0,0,0,2,0,0,0,0,0,0,1,0,0,253,255,0,255,0,255,0,0,0,0,0,0,0,0,0,0,0,0,1,0,0,0,0,0,0,0,0,0,0,-1,-1,2100,2010,-1,-1,-1,-1,-1,-1,-1,-1,-1,-1,-1,-1,-1,-1,-1,-1,-1,-1,-1,-1,-1,-1,-1,-1,-1,-1,-1,-1,0,0,0,0,0,0,0,0,0,0,0,0,-1,-1,-1,-1,-1,-1,-1,-1,-1,-1,-1,-1,-1,-1,-1,-1,-1,-1,-1,-1,-1,-1,-1,-1,0,0,0,0,0,0,0,0,0,0,0,0,0,0,0,0,0,0,0,0,0,0,0,0,255,139,139,88,0,0,0,0,0,0,0,65,90,100,100,0,0,100,-1,0,100,100,0,1,1,-1,0,0,60,0,[0|0|0],-1,0,0,[0|0|0|0|0|0|0|0|0|0]
6400880,Reverse-hand Blade - Default Attack,0.4,0.2,0,0,0.7,0.04,6903,-1,-1,1665,-1,100,120,-1,-1,110,-1,-1,-1,0,89,89,89,89,87,100,200,100,121,0,0,0,0,0,0,0,0,0,0,0,20,0,0,0,0,2,0,0,0,0,0,0,1,0,0,252,255,2,255,0,255,0,0,0,0,0,0,0,0,0,0,0,0,1,0,0,0,0,0,0,0,9,0,0,-1,-1,2100,2010,-1,-1,-1,-1,-1,-1,-1,-1,-1,-1,-1,-1,-1,-1,-1,-1,-1,-1,-1,-1,-1,-1,-1,-1,-1,-1,-1,-1,0,0,0,0,0,0,0,0,0,0,0,0,-1,-1,-1,-1,-1,-1,-1,-1,-1,-1,-1,-1,-1,-1,-1,-1,-1,-1,-1,-1,-1,-1,-1,-1,0,0,0,0,0,0,0,0,0,0,0,0,0,0,0,0,0,0,0,0,0,0,0,0,255,139,139,89,0,0,0,0,0,0,0,65,90,100,100,0,0,100,-1,0,100,100,0,1,1,-1,0,0,60,0,[0|0|0],-1,0,0,[0|0|0|0|0|0|0|0|0|0]
6400885,Reverse-hand Blade - Default Attack,0.4,0.2,0,0,0.9,0.04,6903,-1,-1,-1,1667,100,120,-1,-1,110,-1,-1,-1,0,92,92,92,92,87,100,200,100,121,0,0,0,0,0,0,0,0,0,0,0,20,0,0,0,0,2,0,0,0,0,0,0,1,0,0,253,255,0,255,0,255,0,0,0,0,0,0,0,0,0,0,0,4,1,0,0,0,0,0,0,0,0,0,0,-1,-1,2100,2010,-1,-1,-1,-1,-1,-1,-1,-1,-1,-1,-1,-1,-1,-1,-1,-1,-1,-1,-1,-1,-1,-1,-1,-1,-1,-1,-1,-1,0,0,0,0,0,0,0,0,0,0,0,0,-1,-1,-1,-1,-1,-1,-1,-1,-1,-1,-1,-1,-1,-1,-1,-1,-1,-1,-1,-1,-1,-1,-1,-1,0,0,0,0,0,0,0,0,0,0,0,0,0,0,0,0,0,0,0,0,0,0,0,0,255,139,139,92,0,0,0,0,0,0,0,65,90,100,100,0,0,100,-1,0,100,100,0,1,1,-1,0,0,60,0,[0|0|0],-1,0,0,[0|0|0|0|0|0|0|0|0|0]
6400890,Reverse-hand Blade - Default Attack,0.4,0.2,0,0,0.4,0.04,6904,-1,-1,1665,-1,100,120,-1,-1,110,-1,-1,-1,0,99,99,99,99,101,9900,100,100,102,0,0,0,0,0,0,0,0,0,0,0,20,0,0,0,0,2,0,0,0,0,0,0,1,0,0,253,255,0,255,0,255,0,0,0,0,0,0,0,0,0,0,0,0,1,0,0,0,0,0,0,0,9,0,0,-1,-1,2100,2010,-1,-1,-1,-1,-1,-1,-1,-1,-1,-1,-1,-1,-1,-1,-1,-1,-1,-1,-1,-1,-1,-1,-1,-1,-1,-1,-1,-1,0,0,0,0,0,0,0,0,0,0,0,0,-1,-1,-1,-1,-1,-1,-1,-1,-1,-1,-1,-1,-1,-1,-1,-1,-1,-1,-1,-1,-1,-1,-1,-1,0,0,0,0,0,0,0,0,0,0,0,0,0,0,0,0,0,0,0,0,0,0,0,0,255,139,139,99,0,0,0,0,0,0,0,65,90,100,100,0,0,100,-1,0,100,100,0,1,1,-1,0,0,220,0,[0|0|0],-1,0,0,[0|0|0|0|0|0|0|0|0|0]
6400895,Reverse-hand Blade - Default Attack,0.4,0.2,0,0,1.2,0.04,6904,-1,-1,-1,1667,100,120,-1,-1,110,-1,-1,-1,0,99,99,99,99,101,9900,100,100,102,0,0,0,0,0,0,0,0,0,0,0,20,0,0,0,0,2,0,0,0,0,0,0,1,0,0,253,255,0,255,0,255,0,0,0,0,0,0,0,0,0,0,0,0,1,0,0,0,0,0,0,0,0,0,0,-1,-1,2100,2010,-1,-1,-1,-1,-1,-1,-1,-1,-1,-1,-1,-1,-1,-1,-1,-1,-1,-1,-1,-1,-1,-1,-1,-1,-1,-1,-1,-1,0,0,0,0,0,0,0,0,0,0,0,0,-1,-1,-1,-1,-1,-1,-1,-1,-1,-1,-1,-1,-1,-1,-1,-1,-1,-1,-1,-1,-1,-1,-1,-1,0,0,0,0,0,0,0,0,0,0,0,0,0,0,0,0,0,0,0,0,0,0,0,0,255,139,139,99,0,0,0,0,0,0,0,65,90,100,100,0,0,100,-1,0,100,100,0,1,1,-1,0,0,220,0,[0|0|0],-1,0,0,[0|0|0|0|0|0|0|0|0|0]
6600000,Great Katana - Default Attack,0.3,0.2,0,0,1,0.08,6903,-1,-1,1665,-1,120,120,-1,-1,100,-1,-1,-1,0,100,100,100,100,100,100,100,100,0,0,0,0,0,0,0,0,0,0,0,0,40,0,0,0,0,2,0,0,0,0,0,0,2,0,0,0,255,0,255,0,255,0,0,0,0,0,0,0,0,0,0,1,4,1,0,0,0,0,0,0,0,0,0,0,-1,-1,2100,2010,-1,-1,-1,-1,-1,-1,-1,-1,-1,-1,-1,-1,-1,-1,-1,-1,-1,-1,-1,-1,-1,-1,-1,-1,-1,-1,-1,-1,0,0,0,0,0,0,0,0,0,0,0,0,-1,-1,-1,-1,-1,-1,-1,-1,-1,-1,-1,-1,-1,-1,-1,-1,-1,-1,-1,-1,-1,-1,-1,-1,0,0,0,0,0,0,0,0,0,0,0,0,0,0,0,0,0,0,0,0,0,0,0,0,255,139,139,100,0,0,0,0,0,0,0,100,100,100,100,0,0,100,-1,0,100,100,0,1,1,-1,0,0,185,0,[0|0|0],0,0,0,[0|0|0|0|0|0|0|0|0|0]
6600010,Great Katana - Default Attack,0.3,0.2,0,0,1.1,0.08,6903,-1,-1,1665,-1,120,120,-1,-1,100,-1,-1,-1,0,101,101,101,101,100,100,100,100,0,0,0,0,0,0,0,0,0,0,0,0,40,0,0,0,0,2,0,0,0,0,0,0,2,0,0,0,255,0,255,0,255,0,0,0,0,0,0,0,0,0,0,1,3,1,0,0,0,0,0,0,0,0,0,0,-1,-1,2100,2010,-1,-1,-1,-1,-1,-1,-1,-1,-1,-1,-1,-1,-1,-1,-1,-1,-1,-1,-1,-1,-1,-1,-1,-1,-1,-1,-1,-1,0,0,0,0,0,0,0,0,0,0,0,0,-1,-1,-1,-1,-1,-1,-1,-1,-1,-1,-1,-1,-1,-1,-1,-1,-1,-1,-1,-1,-1,-1,-1,-1,0,0,0,0,0,0,0,0,0,0,0,0,0,0,0,0,0,0,0,0,0,0,0,0,255,139,139,101,0,0,0,0,0,0,0,100,100,100,100,0,0,100,-1,0,100,100,0,1,1,-1,0,0,185,0,[0|0|0],0,0,0,[0|0|0|0|0|0|0|0|0|0]
6600020,Great Katana - Default Attack,0.25,0.2,0,0,1.2,0.08,6903,-1,-1,1665,-1,120,120,-1,-1,100,-1,-1,-1,0,102,102,102,102,100,100,100,100,0,0,0,0,0,0,0,0,0,0,0,0,40,0,0,0,0,2,0,0,0,0,0,0,2,0,0,2,255,2,255,0,255,0,0,0,0,0,0,0,0,0,0,1,0,1,0,0,0,0,0,0,0,0,0,0,-1,-1,2100,2010,-1,-1,-1,-1,-1,-1,-1,-1,-1,-1,-1,-1,-1,-1,-1,-1,-1,-1,-1,-1,-1,-1,-1,-1,-1,-1,-1,-1,0,0,0,0,0,0,0,0,0,0,0,0,-1,-1,-1,-1,-1,-1,-1,-1,-1,-1,-1,-1,-1,-1,-1,-1,-1,-1,-1,-1,-1,-1,-1,-1,0,0,0,0,0,0,0,0,0,0,0,0,0,0,0,0,0,0,0,0,0,0,0,0,255,139,139,102,0,0,0,0,0,0,0,100,100,100,100,0,0,100,-1,0,100,105,0,1,1,-1,0,0,185,0,[0|0|0],0,0,0,[0|0|0|0|0|0|0|0|0|0]
6600030,Great Katana - Default Attack,0.3,0.2,0,0,1.3,0.08,6903,-1,-1,1665,-1,120,120,-1,-1,100,-1,-1,-1,0,110,110,110,110,100,100,100,100,104,0,0,0,0,0,0,0,0,0,0,0,40,0,0,0,0,2,0,0,0,0,0,0,2,0,0,0,255,0,255,0,255,0,0,0,0,0,0,0,0,0,0,1,1,1,0,0,0,0,0,0,0,0,0,0,-1,-1,2100,2010,-1,-1,-1,-1,-1,-1,-1,-1,-1,-1,-1,-1,-1,-1,-1,-1,-1,-1,-1,-1,-1,-1,-1,-1,-1,-1,-1,-1,0,0,0,0,0,0,0,0,0,0,0,0,-1,-1,-1,-1,-1,-1,-1,-1,-1,-1,-1,-1,-1,-1,-1,-1,-1,-1,-1,-1,-1,-1,-1,-1,0,0,0,0,0,0,0,0,0,0,0,0,0,0,0,0,0,0,0,0,0,0,0,0,255,139,139,110,0,0,0,0,0,0,0,100,100,100,100,0,0,100,-1,0,100,110,0,1,1,-1,0,0,200,0,[0|0|0],0,0,0,[0|0|0|0|0|0|0|0|0|0]
6600100,Great Katana - Default Attack,0.3,0.1,0,0,1,0.08,6904,-1,-1,1665,-1,120,120,-1,-1,100,110,-1,-1,0,125,125,125,125,140,120,100,100,0,0,0,0,0,0,0,0,0,0,0,0,40,0,0,0,0,2,0,0,0,0,0,0,2,0,0,0,255,0,255,0,255,0,0,0,0,0,0,0,0,0,0,1,4,1,0,0,0,0,0,0,0,0,0,0,-1,-1,2100,2010,-1,-1,-1,-1,-1,-1,-1,-1,-1,-1,-1,-1,-1,-1,-1,-1,-1,-1,-1,-1,-1,-1,-1,-1,-1,-1,-1,-1,0,0,0,0,0,0,0,0,0,0,0,0,-1,-1,-1,-1,-1,-1,-1,-1,-1,-1,-1,-1,-1,-1,-1,-1,-1,-1,-1,-1,-1,-1,-1,-1,0,0,0,0,0,0,0,0,0,0,0,0,0,0,0,0,0,0,0,0,0,0,0,0,255,139,139,125,0,0,0,0,0,0,0,100,100,100,100,0,0,100,-1,0,100,130,0,1,1,-1,0,0,200,0,[0|0|0],0,0,0,[0|0|0|0|0|0|0|0|0|0]
6600105,Great Katana - Default Attack,0.3,0.1,0,0,1,0.08,6906,-1,-1,1665,-1,120,120,-1,-1,100,110,-1,-1,0,160,160,160,160,200,400,100,100,100,0,0,0,0,0,0,0,0,0,0,0,60,0,0,0,0,2,0,0,0,0,0,0,3,0,0,0,255,0,255,0,255,0,0,0,0,0,0,0,0,0,0,1,4,1,0,0,0,0,0,0,0,0,0,0,-1,-1,2100,2010,-1,-1,-1,-1,-1,-1,-1,-1,-1,-1,-1,-1,-1,-1,-1,-1,-1,-1,-1,-1,-1,-1,-1,-1,-1,-1,-1,-1,0,0,0,0,0,0,0,0,0,0,0,0,-1,-1,-1,-1,-1,-1,-1,-1,-1,-1,-1,-1,-1,-1,-1,-1,-1,-1,-1,-1,-1,-1,-1,-1,0,0,0,0,0,0,0,0,0,0,0,0,0,0,0,0,0,0,0,0,0,0,0,0,255,139,139,160,0,0,0,0,0,0,0,100,100,100,100,0,0,100,-1,0,100,150,0,1,1,-1,0,0,600,0,[0|0|0],0,0,0,[0|0|0|0|0|0|0|0|0|0]
6600110,Great Katana - Default Attack,0.3,0.1,0,0,1,0.08,6904,-1,-1,1665,-1,120,120,-1,-1,100,110,-1,-1,0,125,125,125,125,140,120,100,100,0,0,0,0,0,0,0,0,0,0,0,0,40,0,0,0,0,2,0,0,0,0,0,0,2,0,0,0,255,0,255,0,255,0,0,0,0,0,0,0,0,0,0,1,3,1,0,0,0,0,0,0,0,0,0,0,-1,-1,2100,2010,-1,-1,-1,-1,-1,-1,-1,-1,-1,-1,-1,-1,-1,-1,-1,-1,-1,-1,-1,-1,-1,-1,-1,-1,-1,-1,-1,-1,0,0,0,0,0,0,0,0,0,0,0,0,-1,-1,-1,-1,-1,-1,-1,-1,-1,-1,-1,-1,-1,-1,-1,-1,-1,-1,-1,-1,-1,-1,-1,-1,0,0,0,0,0,0,0,0,0,0,0,0,0,0,0,0,0,0,0,0,0,0,0,0,255,139,139,125,0,0,0,0,0,0,0,100,100,100,100,0,0,100,-1,0,100,130,0,1,1,-1,0,0,200,0,[0|0|0],0,0,0,[0|0|0|0|0|0|0|0|0|0]
6600115,Great Katana - Default Attack,0.3,0.1,0,0,1,0.08,6906,-1,-1,1665,-1,120,120,-1,-1,100,110,-1,-1,0,160,160,160,160,200,400,100,100,100,0,0,0,0,0,0,0,0,0,0,0,60,0,0,0,0,2,0,0,0,0,0,0,3,0,0,0,255,0,255,0,255,0,0,0,0,0,0,0,0,0,0,1,3,1,0,0,0,0,0,0,0,0,0,0,-1,-1,2100,2010,-1,-1,-1,-1,-1,-1,-1,-1,-1,-1,-1,-1,-1,-1,-1,-1,-1,-1,-1,-1,-1,-1,-1,-1,-1,-1,-1,-1,0,0,0,0,0,0,0,0,0,0,0,0,-1,-1,-1,-1,-1,-1,-1,-1,-1,-1,-1,-1,-1,-1,-1,-1,-1,-1,-1,-1,-1,-1,-1,-1,0,0,0,0,0,0,0,0,0,0,0,0,0,0,0,0,0,0,0,0,0,0,0,0,255,139,139,160,0,0,0,0,0,0,0,100,100,100,100,0,0,100,-1,0,100,150,0,1,1,-1,0,0,600,0,[0|0|0],0,0,0,[0|0|0|0|0|0|0|0|0|0]
6600120,Great Katana - Default Attack,0.25,0.1,0,0,0.7,0.08,6903,-1,-1,1665,-1,120,120,-1,-1,100,110,-1,-1,0,105,105,105,105,120,120,100,100,122,0,0,0,0,0,0,0,0,0,0,0,40,0,0,0,0,2,0,0,0,0,0,0,2,0,0,2,255,2,255,0,255,0,0,0,0,0,0,0,0,0,0,1,0,1,0,0,0,0,0,0,0,0,0,0,-1,-1,2100,2010,-1,-1,-1,-1,-1,-1,-1,-1,-1,-1,-1,-1,-1,-1,-1,-1,-1,-1,-1,-1,-1,-1,-1,-1,-1,-1,-1,-1,0,0,0,0,0,0,0,0,0,0,0,0,-1,-1,-1,-1,-1,-1,-1,-1,-1,-1,-1,-1,-1,-1,-1,-1,-1,-1,-1,-1,-1,-1,-1,-1,0,0,0,0,0,0,0,0,0,0,0,0,0,0,0,0,0,0,0,0,0,0,0,0,255,139,139,105,0,0,0,0,0,0,0,100,100,100,100,0,0,100,-1,0,100,110,0,1,1,-1,0,0,185,0,[0|0|0],0,0,0,[0|0|0|0|0|0|0|0|0|0]
6600125,Great Katana - Default Attack,0.3,0.1,0,0,1,0.08,6904,-1,-1,1665,-1,120,120,-1,-1,100,110,-1,-1,0,120,120,120,120,150,400,100,100,122,0,0,0,0,0,0,0,0,0,0,0,40,0,0,0,0,2,0,0,0,0,0,0,3,0,0,0,255,0,255,0,255,0,0,0,0,0,0,0,0,0,0,1,4,1,0,0,0,0,0,0,0,0,0,0,-1,-1,2100,2010,-1,-1,-1,-1,-1,-1,-1,-1,-1,-1,-1,-1,-1,-1,-1,-1,-1,-1,-1,-1,-1,-1,-1,-1,-1,-1,-1,-1,0,0,0,0,0,0,0,0,0,0,0,0,-1,-1,-1,-1,-1,-1,-1,-1,-1,-1,-1,-1,-1,-1,-1,-1,-1,-1,-1,-1,-1,-1,-1,-1,0,0,0,0,0,0,0,0,0,0,0,0,0,0,0,0,0,0,0,0,0,0,0,0,255,139,139,120,0,0,0,0,0,0,0,100,100,100,100,0,0,100,-1,0,100,130,0,1,1,-1,0,0,200,0,[0|0|0],0,0,0,[0|0|0|0|0|0|0|0|0|0]
6600130,Great Katana - Default Attack,0.25,0.1,0,0,0.7,0.08,6903,-1,-1,1665,-1,120,120,-1,-1,100,110,-1,-1,0,90,90,90,90,110,200,100,100,121,0,0,0,0,0,0,0,0,0,0,0,40,0,0,0,0,2,0,0,0,0,0,0,2,0,0,2,255,2,255,0,255,0,0,0,0,0,0,0,0,0,0,1,1,1,0,0,0,0,0,0,0,0,0,0,-1,-1,2100,2010,-1,-1,-1,-1,-1,-1,-1,-1,-1,-1,-1,-1,-1,-1,-1,-1,-1,-1,-1,-1,-1,-1,-1,-1,-1,-1,-1,-1,0,0,0,0,0,0,0,0,0,0,0,0,-1,-1,-1,-1,-1,-1,-1,-1,-1,-1,-1,-1,-1,-1,-1,-1,-1,-1,-1,-1,-1,-1,-1,-1,0,0,0,0,0,0,0,0,0,0,0,0,0,0,0,0,0,0,0,0,0,0,0,0,255,139,139,90,0,0,0,0,0,0,0,100,100,100,100,0,0,100,-1,0,100,90,0,1,1,-1,0,0,185,0,[0|0|0],0,0,0,[0|0|0|0|0|0|0|0|0|0]
6600140,Great Katana - Default Attack,0.25,0.1,0,0,1,0.08,6903,-1,-1,1665,-1,120,120,-1,-1,100,110,-1,-1,0,90,90,90,90,110,200,100,100,121,0,0,0,0,0,0,0,0,0,0,0,40,0,0,0,0,2,0,0,0,0,0,0,2,0,0,2,255,2,255,0,255,0,0,0,0,0,0,0,0,0,0,1,0,1,0,0,0,0,0,0,0,0,0,0,-1,-1,2100,2010,-1,-1,-1,-1,-1,-1,-1,-1,-1,-1,-1,-1,-1,-1,-1,-1,-1,-1,-1,-1,-1,-1,-1,-1,-1,-1,-1,-1,0,0,0,0,0,0,0,0,0,0,0,0,-1,-1,-1,-1,-1,-1,-1,-1,-1,-1,-1,-1,-1,-1,-1,-1,-1,-1,-1,-1,-1,-1,-1,-1,0,0,0,0,0,0,0,0,0,0,0,0,0,0,0,0,0,0,0,0,0,0,0,0,255,139,139,90,0,0,0,0,0,0,0,100,100,100,100,0,0,100,-1,0,100,90,0,1,1,-1,0,0,185,0,[0|0|0],0,0,0,[0|0|0|0|0|0|0|0|0|0]
6600150,Great Katana - Default Attack,0.3,0.1,0,0,0.7,0.08,6903,-1,-1,1665,-1,120,120,-1,-1,100,110,-1,-1,0,107,107,107,107,100,9900,100,100,102,0,0,0,0,0,0,0,0,0,0,0,40,0,0,0,0,2,0,0,0,0,0,0,2,0,0,0,255,0,255,0,255,0,0,0,0,0,0,0,0,0,0,1,4,1,0,0,0,0,0,0,0,0,0,0,-1,-1,2100,2010,-1,-1,-1,-1,-1,-1,-1,-1,-1,-1,-1,-1,-1,-1,-1,-1,-1,-1,-1,-1,-1,-1,-1,-1,-1,-1,-1,-1,0,0,0,0,0,0,0,0,0,0,0,0,-1,-1,-1,-1,-1,-1,-1,-1,-1,-1,-1,-1,-1,-1,-1,-1,-1,-1,-1,-1,-1,-1,-1,-1,0,0,0,0,0,0,0,0,0,0,0,0,0,0,0,0,0,0,0,0,0,0,0,0,255,139,139,107,0,0,0,0,0,0,0,100,100,100,100,0,0,100,-1,0,100,130,0,1,1,-1,0,0,185,0,[0|0|0],0,0,0,[0|0|0|0|0|0|0|0|0|0]
6600155,Great Katana - Default Attack,0.3,0.1,0,0,0.7,0.08,6903,-1,-1,1665,-1,120,120,-1,-1,100,110,-1,-1,0,107,107,107,107,100,9900,100,100,102,0,0,0,0,0,0,0,0,0,0,0,40,0,0,0,0,2,0,0,0,0,0,0,2,0,0,0,255,0,255,0,255,0,0,0,0,0,0,0,0,0,0,1,4,1,0,0,0,0,0,0,0,0,0,0,-1,-1,2100,2010,-1,-1,-1,-1,-1,-1,-1,-1,-1,-1,-1,-1,-1,-1,-1,-1,-1,-1,-1,-1,-1,-1,-1,-1,-1,-1,-1,-1,0,0,0,0,0,0,0,0,0,0,0,0,-1,-1,-1,-1,-1,-1,-1,-1,-1,-1,-1,-1,-1,-1,-1,-1,-1,-1,-1,-1,-1,-1,-1,-1,0,0,0,0,0,0,0,0,0,0,0,0,0,0,0,0,0,0,0,0,0,0,0,0,255,139,139,107,0,0,0,0,0,0,0,100,100,100,100,0,0,100,-1,0,100,130,0,1,1,-1,0,0,185,0,[0|0|0],0,0,0,[0|0|0|0|0|0|0|0|0|0]
6600160,Great Katana - Default Attack,0.3,0.1,0,0,0.7,0.08,6904,-1,-1,1665,-1,120,120,-1,-1,100,110,-1,-1,0,130,130,130,130,200,9900,100,100,102,0,0,0,0,0,0,0,0,0,0,0,60,0,0,0,0,2,0,0,0,0,0,0,3,0,0,0,255,0,255,0,255,0,0,0,0,0,0,0,0,0,0,1,1,1,0,0,0,0,0,0,0,0,0,0,-1,-1,2100,2010,-1,-1,-1,-1,-1,-1,-1,-1,-1,-1,-1,-1,-1,-1,-1,-1,-1,-1,-1,-1,-1,-1,-1,-1,-1,-1,-1,-1,0,0,0,0,0,0,0,0,0,0,0,0,-1,-1,-1,-1,-1,-1,-1,-1,-1,-1,-1,-1,-1,-1,-1,-1,-1,-1,-1,-1,-1,-1,-1,-1,0,0,0,0,0,0,0,0,0,0,0,0,0,0,0,0,0,0,0,0,0,0,0,0,255,139,139,130,0,0,0,0,0,0,0,100,100,100,100,0,0,100,-1,0,100,140,0,1,1,-1,0,0,400,0,[0|0|0],0,0,0,[0|0|0|0|0|0|0|0|0|0]
6600165,Great Katana - Default Attack,0.3,0.1,0,0,0.7,0.08,6904,-1,-1,1665,-1,120,120,-1,-1,100,110,-1,-1,0,130,130,130,130,200,9900,100,100,102,0,0,0,0,0,0,0,0,0,0,0,60,0,0,0,0,2,0,0,0,0,0,0,3,0,0,0,255,0,255,0,255,0,0,0,0,0,0,0,0,0,0,1,1,1,0,0,0,0,0,0,0,0,0,0,-1,-1,2100,2010,-1,-1,-1,-1,-1,-1,-1,-1,-1,-1,-1,-1,-1,-1,-1,-1,-1,-1,-1,-1,-1,-1,-1,-1,-1,-1,-1,-1,0,0,0,0,0,0,0,0,0,0,0,0,-1,-1,-1,-1,-1,-1,-1,-1,-1,-1,-1,-1,-1,-1,-1,-1,-1,-1,-1,-1,-1,-1,-1,-1,0,0,0,0,0,0,0,0,0,0,0,0,0,0,0,0,0,0,0,0,0,0,0,0,255,139,139,130,0,0,0,0,0,0,0,100,100,100,100,0,0,100,-1,0,100,140,0,1,1,-1,0,0,400,0,[0|0|0],0,0,0,[0|0|0|0|0|0|0|0|0|0]
6600180,Great Katana - Default Attack,0.3,0.1,0,0,1.1,0.08,-1,-1,-1,1665,-1,120,120,-1,-1,100,110,-1,-1,0,125,125,125,125,110,9900,100,100,103,0,0,0,0,0,0,0,0,0,0,0,40,0,0,0,0,2,0,0,0,0,0,0,2,0,0,0,255,0,255,0,255,0,0,0,0,0,0,0,0,0,0,0,4,1,0,0,0,0,0,0,0,0,0,0,-1,-1,2100,2010,-1,-1,-1,-1,-1,-1,-1,-1,-1,-1,-1,-1,-1,-1,-1,-1,-1,-1,-1,-1,-1,-1,-1,-1,-1,-1,-1,-1,0,0,0,0,0,0,0,0,0,0,0,0,-1,-1,-1,-1,-1,-1,-1,-1,-1,-1,-1,-1,-1,-1,-1,-1,-1,-1,-1,-1,-1,-1,-1,-1,0,0,0,0,0,0,0,0,0,0,0,0,0,0,0,0,0,0,0,0,0,0,0,0,255,139,139,125,0,0,0,0,0,0,0,100,100,100,100,0,0,100,-1,0,100,100,0,1,1,-1,0,0,600,0,[0|0|0],0,0,0,[0|0|0|0|0|0|0|0|0|0]
6600200,Great Katana - Default Attack,0.3,0.2,0,0,0.9,0.08,6903,-1,-1,1665,1667,120,120,-1,-1,100,-1,-1,-1,0,103,103,103,103,120,500,100,100,0,120,0,0,0,0,0,0,0,0,0,0,60,0,0,0,0,2,0,0,0,0,0,0,2,0,0,0,255,0,255,0,255,0,0,0,0,0,0,0,0,0,0,1,1,1,0,0,0,0,0,0,0,0,0,0,-1,-1,2100,2010,-1,-1,-1,-1,-1,-1,-1,-1,-1,-1,-1,-1,-1,-1,-1,-1,-1,-1,-1,-1,-1,-1,-1,-1,-1,-1,-1,-1,0,0,0,0,0,0,0,0,0,0,0,0,-1,-1,-1,-1,-1,-1,-1,-1,-1,-1,-1,-1,-1,-1,-1,-1,-1,-1,-1,-1,-1,-1,-1,-1,0,0,0,0,0,0,0,0,0,0,0,0,0,0,0,0,0,0,0,0,0,0,0,0,255,139,139,103,0,0,0,0,0,0,0,100,100,100,100,0,0,100,-1,0,100,100,0,1,1,-1,0,0,240,0,[0|0|0],0,0,0,[0|0|0|0|0|0|0|0|0|0]
6600210,Great Katana - Default Attack,0.25,0.2,0,0,1,0.08,6903,-1,-1,1665,1667,120,120,-1,-1,100,-1,-1,-1,0,104,104,104,104,120,500,100,100,0,120,0,0,0,0,0,0,0,0,0,0,60,0,0,0,0,2,0,0,0,0,0,0,2,0,0,2,255,2,255,0,255,0,0,0,0,0,0,0,0,0,0,1,0,1,0,0,0,0,0,0,0,0,0,0,-1,-1,2100,2010,-1,-1,-1,-1,-1,-1,-1,-1,-1,-1,-1,-1,-1,-1,-1,-1,-1,-1,-1,-1,-1,-1,-1,-1,-1,-1,-1,-1,0,0,0,0,0,0,0,0,0,0,0,0,-1,-1,-1,-1,-1,-1,-1,-1,-1,-1,-1,-1,-1,-1,-1,-1,-1,-1,-1,-1,-1,-1,-1,-1,0,0,0,0,0,0,0,0,0,0,0,0,0,0,0,0,0,0,0,0,0,0,0,0,255,139,139,104,0,0,0,0,0,0,0,100,100,100,100,0,0,100,-1,0,100,100,0,1,1,-1,0,0,240,0,[0|0|0],0,0,0,[0|0|0|0|0|0|0|0|0|0]
6600220,Great Katana - Default Attack,0.3,0.2,0,0,0.9,0.08,6903,-1,-1,1665,1667,120,120,-1,-1,100,-1,-1,-1,0,105,105,105,105,120,500,100,100,0,120,0,0,0,0,0,0,0,0,0,0,60,0,0,0,0,2,0,0,0,0,0,0,2,0,0,0,255,0,255,0,255,0,0,0,0,0,0,0,0,0,0,1,2,1,0,0,0,0,0,0,0,0,0,0,-1,-1,2100,2010,-1,-1,-1,-1,-1,-1,-1,-1,-1,-1,-1,-1,-1,-1,-1,-1,-1,-1,-1,-1,-1,-1,-1,-1,-1,-1,-1,-1,0,0,0,0,0,0,0,0,0,0,0,0,-1,-1,-1,-1,-1,-1,-1,-1,-1,-1,-1,-1,-1,-1,-1,-1,-1,-1,-1,-1,-1,-1,-1,-1,0,0,0,0,0,0,0,0,0,0,0,0,0,0,0,0,0,0,0,0,0,0,0,0,255,139,139,105,0,0,0,0,0,0,0,100,100,100,100,0,0,100,-1,0,100,105,0,1,1,-1,0,0,240,0,[0|0|0],0,0,0,[0|0|0|0|0|0|0|0|0|0]
6600230,Great Katana - Default Attack,0.3,0.2,0,0,1,0.08,6903,-1,-1,1665,1667,120,120,-1,-1,100,-1,-1,-1,0,115,115,115,115,120,500,100,100,104,120,0,0,0,0,0,0,0,0,0,0,60,0,0,0,0,2,0,0,0,0,0,0,2,0,0,0,255,0,255,0,255,0,0,0,0,0,0,0,0,0,0,1,1,1,0,0,0,0,0,0,0,0,0,0,-1,-1,2100,2010,-1,-1,-1,-1,-1,-1,-1,-1,-1,-1,-1,-1,-1,-1,-1,-1,-1,-1,-1,-1,-1,-1,-1,-1,-1,-1,-1,-1,0,0,0,0,0,0,0,0,0,0,0,0,-1,-1,-1,-1,-1,-1,-1,-1,-1,-1,-1,-1,-1,-1,-1,-1,-1,-1,-1,-1,-1,-1,-1,-1,0,0,0,0,0,0,0,0,0,0,0,0,0,0,0,0,0,0,0,0,0,0,0,0,255,139,139,115,0,0,0,0,0,0,0,100,100,100,100,0,0,100,-1,0,100,110,0,1,1,-1,0,0,260,0,[0|0|0],0,0,0,[0|0|0|0|0|0|0|0|0|0]
6600300,Great Katana - Default Attack,0.3,0.1,0,0,1,0.08,6904,-1,-1,1665,1667,120,120,-1,-1,100,110,-1,-1,0,130,130,130,130,170,500,100,100,0,120,0,0,0,0,0,0,0,0,0,0,60,0,0,0,0,2,0,0,0,0,0,0,2,0,0,0,255,0,255,0,255,0,0,0,0,0,0,0,0,0,0,1,4,1,0,0,0,0,0,0,0,0,0,0,-1,-1,2100,2010,-1,-1,-1,-1,-1,-1,-1,-1,-1,-1,-1,-1,-1,-1,-1,-1,-1,-1,-1,-1,-1,-1,-1,-1,-1,-1,-1,-1,0,0,0,0,0,0,0,0,0,0,0,0,-1,-1,-1,-1,-1,-1,-1,-1,-1,-1,-1,-1,-1,-1,-1,-1,-1,-1,-1,-1,-1,-1,-1,-1,0,0,0,0,0,0,0,0,0,0,0,0,0,0,0,0,0,0,0,0,0,0,0,0,255,139,139,130,0,0,0,0,0,0,0,100,100,100,100,0,0,100,-1,0,100,130,0,1,1,-1,0,0,220,0,[0|0|0],0,0,0,[0|0|0|0|0|0|0|0|0|0]
6600305,Great Katana - Default Attack,0.3,0.1,0,0,1,0.08,6906,-1,-1,1665,1667,120,120,-1,-1,100,110,-1,-1,0,165,165,165,165,240,500,100,100,100,120,0,0,0,0,0,0,0,0,0,0,80,0,0,0,0,2,0,0,0,0,0,0,3,0,0,0,255,0,255,0,255,0,0,0,0,0,0,0,0,0,0,1,4,1,0,0,0,0,0,0,0,0,0,0,-1,-1,2100,2010,-1,-1,-1,-1,-1,-1,-1,-1,-1,-1,-1,-1,-1,-1,-1,-1,-1,-1,-1,-1,-1,-1,-1,-1,-1,-1,-1,-1,0,0,0,0,0,0,0,0,0,0,0,0,-1,-1,-1,-1,-1,-1,-1,-1,-1,-1,-1,-1,-1,-1,-1,-1,-1,-1,-1,-1,-1,-1,-1,-1,0,0,0,0,0,0,0,0,0,0,0,0,0,0,0,0,0,0,0,0,0,0,0,0,255,139,139,165,0,0,0,0,0,0,0,100,100,100,100,0,0,100,-1,0,100,150,0,1,1,-1,0,0,660,0,[0|0|0],0,0,0,[0|0|0|0|0|0|0|0|0|0]
6600310,Great Katana - Default Attack,0.3,0.1,0,0,1,0.08,6904,-1,-1,1665,1667,120,120,-1,-1,100,110,-1,-1,0,130,130,130,130,170,500,100,100,0,120,0,0,0,0,0,0,0,0,0,0,60,0,0,0,0,2,0,0,0,0,0,0,2,0,0,0,255,0,255,0,255,0,0,0,0,0,0,0,0,0,0,1,3,1,0,0,0,0,0,0,0,0,0,0,-1,-1,2100,2010,-1,-1,-1,-1,-1,-1,-1,-1,-1,-1,-1,-1,-1,-1,-1,-1,-1,-1,-1,-1,-1,-1,-1,-1,-1,-1,-1,-1,0,0,0,0,0,0,0,0,0,0,0,0,-1,-1,-1,-1,-1,-1,-1,-1,-1,-1,-1,-1,-1,-1,-1,-1,-1,-1,-1,-1,-1,-1,-1,-1,0,0,0,0,0,0,0,0,0,0,0,0,0,0,0,0,0,0,0,0,0,0,0,0,255,139,139,130,0,0,0,0,0,0,0,100,100,100,100,0,0,100,-1,0,100,130,0,1,1,-1,0,0,220,0,[0|0|0],0,0,0,[0|0|0|0|0|0|0|0|0|0]
6600315,Great Katana - Default Attack,0.3,0.1,0,0,1,0.08,6906,-1,-1,1665,1667,120,120,-1,-1,100,110,-1,-1,0,165,165,165,165,240,500,100,100,100,120,0,0,0,0,0,0,0,0,0,0,80,0,0,0,0,2,0,0,0,0,0,0,3,0,0,0,255,0,255,0,255,0,0,0,0,0,0,0,0,0,0,1,3,1,0,0,0,0,0,0,0,0,0,0,-1,-1,2100,2010,-1,-1,-1,-1,-1,-1,-1,-1,-1,-1,-1,-1,-1,-1,-1,-1,-1,-1,-1,-1,-1,-1,-1,-1,-1,-1,-1,-1,0,0,0,0,0,0,0,0,0,0,0,0,-1,-1,-1,-1,-1,-1,-1,-1,-1,-1,-1,-1,-1,-1,-1,-1,-1,-1,-1,-1,-1,-1,-1,-1,0,0,0,0,0,0,0,0,0,0,0,0,0,0,0,0,0,0,0,0,0,0,0,0,255,139,139,165,0,0,0,0,0,0,0,100,100,100,100,0,0,100,-1,0,100,150,0,1,1,-1,0,0,660,0,[0|0|0],0,0,0,[0|0|0|0|0|0|0|0|0|0]
6600320,Great Katana - Default Attack,0.25,0.1,0,0,0.7,0.08,6903,-1,-1,1665,1667,120,120,-1,-1,100,110,-1,-1,0,110,110,110,110,140,500,100,100,122,120,0,0,0,0,0,0,0,0,0,0,60,0,0,0,0,2,0,0,0,0,0,0,2,0,0,2,255,2,255,0,255,0,0,0,0,0,0,0,0,0,0,1,0,1,0,0,0,0,0,0,0,0,0,0,-1,-1,2100,2010,-1,-1,-1,-1,-1,-1,-1,-1,-1,-1,-1,-1,-1,-1,-1,-1,-1,-1,-1,-1,-1,-1,-1,-1,-1,-1,-1,-1,0,0,0,0,0,0,0,0,0,0,0,0,-1,-1,-1,-1,-1,-1,-1,-1,-1,-1,-1,-1,-1,-1,-1,-1,-1,-1,-1,-1,-1,-1,-1,-1,0,0,0,0,0,0,0,0,0,0,0,0,0,0,0,0,0,0,0,0,0,0,0,0,255,139,139,110,0,0,0,0,0,0,0,100,100,100,100,0,0,100,-1,0,100,110,0,1,1,-1,0,0,240,0,[0|0|0],0,0,0,[0|0|0|0|0|0|0|0|0|0]
6600325,Great Katana - Default Attack,0.3,0.1,0,0,1,0.08,6904,-1,-1,1665,1667,120,120,-1,-1,100,110,-1,-1,0,125,125,125,125,180,500,100,100,122,120,0,0,0,0,0,0,0,0,0,0,60,0,0,0,0,2,0,0,0,0,0,0,3,0,0,0,255,0,255,0,255,0,0,0,0,0,0,0,0,0,0,1,4,1,0,0,0,0,0,0,0,0,0,0,-1,-1,2100,2010,-1,-1,-1,-1,-1,-1,-1,-1,-1,-1,-1,-1,-1,-1,-1,-1,-1,-1,-1,-1,-1,-1,-1,-1,-1,-1,-1,-1,0,0,0,0,0,0,0,0,0,0,0,0,-1,-1,-1,-1,-1,-1,-1,-1,-1,-1,-1,-1,-1,-1,-1,-1,-1,-1,-1,-1,-1,-1,-1,-1,0,0,0,0,0,0,0,0,0,0,0,0,0,0,0,0,0,0,0,0,0,0,0,0,255,139,139,125,0,0,0,0,0,0,0,100,100,100,100,0,0,100,-1,0,100,130,0,1,1,-1,0,0,220,0,[0|0|0],0,0,0,[0|0|0|0|0|0|0|0|0|0]
6600330,Great Katana - Default Attack,0.25,0.1,0,0,0.7,0.08,6903,-1,-1,1665,1667,120,120,-1,-1,100,110,-1,-1,0,95,95,95,95,130,500,100,100,121,120,0,0,0,0,0,0,0,0,0,0,60,0,0,0,0,2,0,0,0,0,0,0,2,0,0,2,255,2,255,0,255,0,0,0,0,0,0,0,0,0,0,1,1,1,0,0,0,0,0,0,0,0,0,0,-1,-1,2100,2010,-1,-1,-1,-1,-1,-1,-1,-1,-1,-1,-1,-1,-1,-1,-1,-1,-1,-1,-1,-1,-1,-1,-1,-1,-1,-1,-1,-1,0,0,0,0,0,0,0,0,0,0,0,0,-1,-1,-1,-1,-1,-1,-1,-1,-1,-1,-1,-1,-1,-1,-1,-1,-1,-1,-1,-1,-1,-1,-1,-1,0,0,0,0,0,0,0,0,0,0,0,0,0,0,0,0,0,0,0,0,0,0,0,0,255,139,139,95,0,0,0,0,0,0,0,100,100,100,100,0,0,100,-1,0,100,90,0,1,1,-1,0,0,240,0,[0|0|0],0,0,0,[0|0|0|0|0|0|0|0|0|0]
6600340,Great Katana - Default Attack,0.25,0.1,0,0,1,0.08,6903,-1,-1,1665,1667,120,120,-1,-1,100,110,-1,-1,0,95,95,95,95,130,500,100,100,121,120,0,0,0,0,0,0,0,0,0,0,60,0,0,0,0,2,0,0,0,0,0,0,2,0,0,2,255,2,255,0,255,0,0,0,0,0,0,0,0,0,0,1,0,1,0,0,0,0,0,0,0,0,0,0,-1,-1,2100,2010,-1,-1,-1,-1,-1,-1,-1,-1,-1,-1,-1,-1,-1,-1,-1,-1,-1,-1,-1,-1,-1,-1,-1,-1,-1,-1,-1,-1,0,0,0,0,0,0,0,0,0,0,0,0,-1,-1,-1,-1,-1,-1,-1,-1,-1,-1,-1,-1,-1,-1,-1,-1,-1,-1,-1,-1,-1,-1,-1,-1,0,0,0,0,0,0,0,0,0,0,0,0,0,0,0,0,0,0,0,0,0,0,0,0,255,139,139,95,0,0,0,0,0,0,0,100,100,100,100,0,0,100,-1,0,100,90,0,1,1,-1,0,0,240,0,[0|0|0],0,0,0,[0|0|0|0|0|0|0|0|0|0]
6600350,Great Katana - Default Attack,0.3,0.1,0,0,0.7,0.08,6903,-1,-1,1665,1667,120,120,-1,-1,100,110,-1,-1,0,110,110,110,110,120,9900,100,100,102,120,0,0,0,0,0,0,0,0,0,0,60,0,0,0,0,2,0,0,0,0,0,0,2,0,0,0,255,0,255,0,255,0,0,0,0,0,0,0,0,0,0,1,4,1,0,0,0,0,0,0,0,0,0,0,-1,-1,2100,2010,-1,-1,-1,-1,-1,-1,-1,-1,-1,-1,-1,-1,-1,-1,-1,-1,-1,-1,-1,-1,-1,-1,-1,-1,-1,-1,-1,-1,0,0,0,0,0,0,0,0,0,0,0,0,-1,-1,-1,-1,-1,-1,-1,-1,-1,-1,-1,-1,-1,-1,-1,-1,-1,-1,-1,-1,-1,-1,-1,-1,0,0,0,0,0,0,0,0,0,0,0,0,0,0,0,0,0,0,0,0,0,0,0,0,255,139,139,110,0,0,0,0,0,0,0,100,100,100,100,0,0,100,-1,0,100,130,0,1,1,-1,0,0,240,0,[0|0|0],0,0,0,[0|0|0|0|0|0|0|0|0|0]
6600355,Great Katana - Default Attack,0.3,0.1,0,0,0.7,0.08,6903,-1,-1,1665,1667,120,120,-1,-1,100,110,-1,-1,0,110,110,110,110,120,9900,100,100,102,120,0,0,0,0,0,0,0,0,0,0,60,0,0,0,0,2,0,0,0,0,0,0,2,0,0,0,255,0,255,0,255,0,0,0,0,0,0,0,0,0,0,1,4,1,0,0,0,0,0,0,0,0,0,0,-1,-1,2100,2010,-1,-1,-1,-1,-1,-1,-1,-1,-1,-1,-1,-1,-1,-1,-1,-1,-1,-1,-1,-1,-1,-1,-1,-1,-1,-1,-1,-1,0,0,0,0,0,0,0,0,0,0,0,0,-1,-1,-1,-1,-1,-1,-1,-1,-1,-1,-1,-1,-1,-1,-1,-1,-1,-1,-1,-1,-1,-1,-1,-1,0,0,0,0,0,0,0,0,0,0,0,0,0,0,0,0,0,0,0,0,0,0,0,0,255,139,139,110,0,0,0,0,0,0,0,100,100,100,100,0,0,100,-1,0,100,130,0,1,1,-1,0,0,240,0,[0|0|0],0,0,0,[0|0|0|0|0|0|0|0|0|0]
6600360,Great Katana - Default Attack,0.3,0.1,0,0,0.7,0.08,6904,-1,-1,1665,1667,120,120,-1,-1,100,110,-1,-1,0,135,135,135,135,240,9900,100,100,102,120,0,0,0,0,0,0,0,0,0,0,80,0,0,0,0,2,0,0,0,0,0,0,3,0,0,0,255,0,255,0,255,0,0,0,0,0,0,0,0,0,0,1,1,1,0,0,0,0,0,0,0,0,0,0,-1,-1,2100,2010,-1,-1,-1,-1,-1,-1,-1,-1,-1,-1,-1,-1,-1,-1,-1,-1,-1,-1,-1,-1,-1,-1,-1,-1,-1,-1,-1,-1,0,0,0,0,0,0,0,0,0,0,0,0,-1,-1,-1,-1,-1,-1,-1,-1,-1,-1,-1,-1,-1,-1,-1,-1,-1,-1,-1,-1,-1,-1,-1,-1,0,0,0,0,0,0,0,0,0,0,0,0,0,0,0,0,0,0,0,0,0,0,0,0,255,139,139,135,0,0,0,0,0,0,0,100,100,100,100,0,0,100,-1,0,100,140,0,1,1,-1,0,0,440,0,[0|0|0],0,0,0,[0|0|0|0|0|0|0|0|0|0]
6600365,Great Katana - Default Attack,0.3,0.1,0,0,0.7,0.08,6904,-1,-1,1665,1667,120,120,-1,-1,100,110,-1,-1,0,135,135,135,135,240,9900,100,100,102,120,0,0,0,0,0,0,0,0,0,0,80,0,0,0,0,2,0,0,0,0,0,0,3,0,0,0,255,0,255,0,255,0,0,0,0,0,0,0,0,0,0,1,1,1,0,0,0,0,0,0,0,0,0,0,-1,-1,2100,2010,-1,-1,-1,-1,-1,-1,-1,-1,-1,-1,-1,-1,-1,-1,-1,-1,-1,-1,-1,-1,-1,-1,-1,-1,-1,-1,-1,-1,0,0,0,0,0,0,0,0,0,0,0,0,-1,-1,-1,-1,-1,-1,-1,-1,-1,-1,-1,-1,-1,-1,-1,-1,-1,-1,-1,-1,-1,-1,-1,-1,0,0,0,0,0,0,0,0,0,0,0,0,0,0,0,0,0,0,0,0,0,0,0,0,255,139,139,135,0,0,0,0,0,0,0,100,100,100,100,0,0,100,-1,0,100,140,0,1,1,-1,0,0,440,0,[0|0|0],0,0,0,[0|0|0|0|0|0|0|0|0|0]
6600380,Great Katana - Default Attack,0.3,0.1,0,0,1.1,0.08,-1,-1,-1,1665,1667,120,120,-1,-1,100,110,-1,-1,0,130,130,130,130,130,9900,100,100,103,120,0,0,0,0,0,0,0,0,0,0,60,0,0,0,0,2,0,0,0,0,0,0,2,0,0,0,255,0,255,0,255,0,0,0,0,0,0,0,0,0,0,0,2,1,0,0,0,0,0,0,0,0,0,0,-1,-1,2100,2010,-1,-1,-1,-1,-1,-1,-1,-1,-1,-1,-1,-1,-1,-1,-1,-1,-1,-1,-1,-1,-1,-1,-1,-1,-1,-1,-1,-1,0,0,0,0,0,0,0,0,0,0,0,0,-1,-1,-1,-1,-1,-1,-1,-1,-1,-1,-1,-1,-1,-1,-1,-1,-1,-1,-1,-1,-1,-1,-1,-1,0,0,0,0,0,0,0,0,0,0,0,0,0,0,0,0,0,0,0,0,0,0,0,0,255,139,139,130,0,0,0,0,0,0,0,100,100,100,100,0,0,100,-1,0,100,100,0,1,1,-1,0,0,660,0,[0|0|0],0,0,0,[0|0|0|0|0|0|0|0|0|0]
6600400,Great Katana - Default Attack,0.3,0.2,0,0,1,0.08,6903,-1,-1,-1,1667,120,120,-1,-1,100,-1,-1,-1,0,100,100,100,100,100,100,100,100,0,0,0,0,0,0,0,0,0,0,0,0,40,0,0,0,0,2,0,0,0,0,0,0,2,0,0,0,255,0,255,0,255,0,0,0,0,0,0,0,0,0,0,1,3,1,0,0,0,0,0,0,0,0,0,0,-1,-1,2100,2010,-1,-1,-1,-1,-1,-1,-1,-1,-1,-1,-1,-1,-1,-1,-1,-1,-1,-1,-1,-1,-1,-1,-1,-1,-1,-1,-1,-1,0,0,0,0,0,0,0,0,0,0,0,0,-1,-1,-1,-1,-1,-1,-1,-1,-1,-1,-1,-1,-1,-1,-1,-1,-1,-1,-1,-1,-1,-1,-1,-1,0,0,0,0,0,0,0,0,0,0,0,0,0,0,0,0,0,0,0,0,0,0,0,0,255,139,139,100,0,0,0,0,0,0,0,100,100,100,100,0,0,100,-1,0,100,100,0,1,1,-1,0,0,185,0,[0|0|0],0,0,0,[0|0|0|0|0|0|0|0|0|0]
6600410,Great Katana - Default Attack,0.3,0.2,0,0,1.1,0.08,6903,-1,-1,-1,1667,120,120,-1,-1,100,-1,-1,-1,0,101,101,101,101,100,100,100,100,0,0,0,0,0,0,0,0,0,0,0,0,40,0,0,0,0,2,0,0,0,0,0,0,2,0,0,0,255,0,255,0,255,0,0,0,0,0,0,0,0,0,0,1,4,1,0,0,0,0,0,0,0,0,0,0,-1,-1,2100,2010,-1,-1,-1,-1,-1,-1,-1,-1,-1,-1,-1,-1,-1,-1,-1,-1,-1,-1,-1,-1,-1,-1,-1,-1,-1,-1,-1,-1,0,0,0,0,0,0,0,0,0,0,0,0,-1,-1,-1,-1,-1,-1,-1,-1,-1,-1,-1,-1,-1,-1,-1,-1,-1,-1,-1,-1,-1,-1,-1,-1,0,0,0,0,0,0,0,0,0,0,0,0,0,0,0,0,0,0,0,0,0,0,0,0,255,139,139,101,0,0,0,0,0,0,0,100,100,100,100,0,0,100,-1,0,100,100,0,1,1,-1,0,0,185,0,[0|0|0],0,0,0,[0|0|0|0|0|0|0|0|0|0]
6600420,Great Katana - Default Attack,0.25,0.2,0,0,1.2,0.08,6903,-1,-1,-1,1667,120,120,-1,-1,100,-1,-1,-1,0,102,102,102,102,100,100,100,100,0,0,0,0,0,0,0,0,0,0,0,0,40,0,0,0,0,2,0,0,0,0,0,0,2,0,0,2,255,2,255,0,255,0,0,0,0,0,0,0,0,0,0,1,0,1,0,0,0,0,0,0,0,0,0,0,-1,-1,2100,2010,-1,-1,-1,-1,-1,-1,-1,-1,-1,-1,-1,-1,-1,-1,-1,-1,-1,-1,-1,-1,-1,-1,-1,-1,-1,-1,-1,-1,0,0,0,0,0,0,0,0,0,0,0,0,-1,-1,-1,-1,-1,-1,-1,-1,-1,-1,-1,-1,-1,-1,-1,-1,-1,-1,-1,-1,-1,-1,-1,-1,0,0,0,0,0,0,0,0,0,0,0,0,0,0,0,0,0,0,0,0,0,0,0,0,255,139,139,102,0,0,0,0,0,0,0,100,100,100,100,0,0,100,-1,0,100,105,0,1,1,-1,0,0,185,0,[0|0|0],0,0,0,[0|0|0|0|0|0|0|0|0|0]
6600430,Great Katana - Default Attack,0.3,0.2,0,0,1.3,0.08,6903,-1,-1,-1,1667,120,120,-1,-1,100,-1,-1,-1,0,110,110,110,110,100,100,100,100,104,0,0,0,0,0,0,0,0,0,0,0,40,0,0,0,0,2,0,0,0,0,0,0,2,0,0,0,255,0,255,0,255,0,0,0,0,0,0,0,0,0,0,1,1,1,0,0,0,0,0,0,0,0,0,0,-1,-1,2100,2010,-1,-1,-1,-1,-1,-1,-1,-1,-1,-1,-1,-1,-1,-1,-1,-1,-1,-1,-1,-1,-1,-1,-1,-1,-1,-1,-1,-1,0,0,0,0,0,0,0,0,0,0,0,0,-1,-1,-1,-1,-1,-1,-1,-1,-1,-1,-1,-1,-1,-1,-1,-1,-1,-1,-1,-1,-1,-1,-1,-1,0,0,0,0,0,0,0,0,0,0,0,0,0,0,0,0,0,0,0,0,0,0,0,0,255,139,139,110,0,0,0,0,0,0,0,100,100,100,100,0,0,100,-1,0,100,110,0,1,1,-1,0,0,200,0,[0|0|0],0,0,0,[0|0|0|0|0|0|0|0|0|0]
6600509,Great Katana - Default Attack,0.3,0,0,0,0.6,0.08,-1,-1,-1,1665,1667,120,-1,-1,-1,100,-1,-1,-1,0,100,100,100,100,100,100,100,100,0,0,0,0,0,0,0,0,0,0,0,0,40,0,0,0,0,0,0,0,0,0,0,0,2,0,0,0,255,0,255,0,255,0,0,0,0,0,0,0,0,0,0,0,0,1,0,0,0,0,0,0,0,0,0,0,-1,-1,2100,2010,-1,-1,-1,-1,-1,-1,-1,-1,-1,-1,-1,-1,-1,-1,-1,-1,-1,-1,-1,-1,-1,-1,-1,-1,-1,-1,-1,-1,0,0,0,0,0,0,0,0,0,0,0,0,-1,-1,-1,-1,-1,-1,-1,-1,-1,-1,-1,-1,-1,-1,-1,-1,-1,-1,-1,-1,-1,-1,-1,-1,0,0,0,0,0,0,0,0,0,0,0,0,0,0,0,0,0,0,0,0,0,0,0,0,255,139,139,100,0,0,1,1,0,0,0,100,100,100,100,0,0,100,-1,0,100,0,0,1,1,-1,0,0,0,0,[0|0|0],0,0,0,[0|0|0|0|0|0|0|0|0|0]
6600800,Great Katana - Default Attack,0.3,0.1,0,0,0.75,0.04,6903,-1,-1,1665,-1,120,120,-1,-1,100,110,-1,-1,0,92,92,92,92,90,100,100,100,0,0,0,0,0,0,0,0,0,0,0,0,40,0,0,0,0,2,0,0,0,0,0,0,2,0,0,0,255,0,255,0,255,0,0,0,0,0,0,0,0,0,0,1,4,1,0,0,0,0,0,0,0,9,0,0,-1,-1,2100,2010,-1,-1,-1,-1,-1,-1,-1,-1,-1,-1,-1,-1,-1,-1,-1,-1,-1,-1,-1,-1,-1,-1,-1,-1,-1,-1,-1,-1,0,0,0,0,0,0,0,0,0,0,0,0,-1,-1,-1,-1,-1,-1,-1,-1,-1,-1,-1,-1,-1,-1,-1,-1,-1,-1,-1,-1,-1,-1,-1,-1,0,0,0,0,0,0,0,0,0,0,0,0,0,0,0,0,0,0,0,0,0,0,0,0,255,139,139,92,0,0,0,0,0,0,0,65,90,100,100,0,0,100,-1,0,100,100,0,1,1,-1,0,0,111,0,[0|0|0],0,0,0,[0|0|0|0|0|0|0|0|0|0]
6600805,Great Katana - Default Attack,0.3,0.1,0,0,0.75,0.04,6903,-1,-1,-1,1667,120,120,-1,-1,100,110,-1,-1,0,92,92,92,92,90,100,100,100,0,0,0,0,0,0,0,0,0,0,0,0,40,0,0,0,0,2,0,0,0,0,0,0,2,0,0,0,255,0,255,0,255,0,0,0,0,0,0,0,0,0,0,1,4,1,0,0,0,0,0,0,0,0,0,0,-1,-1,2100,2010,-1,-1,-1,-1,-1,-1,-1,-1,-1,-1,-1,-1,-1,-1,-1,-1,-1,-1,-1,-1,-1,-1,-1,-1,-1,-1,-1,-1,0,0,0,0,0,0,0,0,0,0,0,0,-1,-1,-1,-1,-1,-1,-1,-1,-1,-1,-1,-1,-1,-1,-1,-1,-1,-1,-1,-1,-1,-1,-1,-1,0,0,0,0,0,0,0,0,0,0,0,0,0,0,0,0,0,0,0,0,0,0,0,0,255,139,139,92,0,0,0,0,0,0,0,65,90,100,100,0,0,100,-1,0,100,100,0,1,1,-1,0,0,111,0,[0|0|0],0,0,0,[0|0|0|0|0|0|0|0|0|0]
6600810,Great Katana - Default Attack,0.25,0.1,0,0,1.1,0.04,6903,-1,-1,1665,-1,120,120,-1,-1,100,110,-1,-1,0,94,94,94,94,90,100,100,100,0,0,0,0,0,0,0,0,0,0,0,0,40,0,0,0,0,2,0,0,0,0,0,0,2,0,0,2,255,2,255,0,255,0,0,0,0,0,0,0,0,0,0,1,3,1,0,0,0,0,0,0,0,9,0,0,-1,-1,2100,2010,-1,-1,-1,-1,-1,-1,-1,-1,-1,-1,-1,-1,-1,-1,-1,-1,-1,-1,-1,-1,-1,-1,-1,-1,-1,-1,-1,-1,0,0,0,0,0,0,0,0,0,0,0,0,-1,-1,-1,-1,-1,-1,-1,-1,-1,-1,-1,-1,-1,-1,-1,-1,-1,-1,-1,-1,-1,-1,-1,-1,0,0,0,0,0,0,0,0,0,0,0,0,0,0,0,0,0,0,0,0,0,0,0,0,255,139,139,94,0,0,0,0,0,0,0,65,90,100,100,0,0,100,-1,0,100,100,0,1,1,-1,0,0,111,0,[0|0|0],0,0,0,[0|0|0|0|0|0|0|0|0|0]
6600815,Great Katana - Default Attack,0.3,0.1,0,0,1.1,0.04,6903,-1,-1,-1,1667,120,120,-1,-1,100,110,-1,-1,0,94,94,94,94,90,100,100,100,0,0,0,0,0,0,0,0,0,0,0,0,40,0,0,0,0,2,0,0,0,0,0,0,2,0,0,0,255,0,255,0,255,0,0,0,0,0,0,0,0,0,0,1,3,1,0,0,0,0,0,0,0,0,0,0,-1,-1,2100,2010,-1,-1,-1,-1,-1,-1,-1,-1,-1,-1,-1,-1,-1,-1,-1,-1,-1,-1,-1,-1,-1,-1,-1,-1,-1,-1,-1,-1,0,0,0,0,0,0,0,0,0,0,0,0,-1,-1,-1,-1,-1,-1,-1,-1,-1,-1,-1,-1,-1,-1,-1,-1,-1,-1,-1,-1,-1,-1,-1,-1,0,0,0,0,0,0,0,0,0,0,0,0,0,0,0,0,0,0,0,0,0,0,0,0,255,139,139,94,0,0,0,0,0,0,0,65,90,100,100,0,0,100,-1,0,100,100,0,1,1,-1,0,0,111,0,[0|0|0],0,0,0,[0|0|0|0|0|0|0|0|0|0]
6600820,Great Katana - Default Attack,0.3,0.1,0,0,1.2,0.04,6903,-1,-1,1665,-1,120,120,-1,-1,100,110,-1,-1,0,96,96,96,96,90,100,100,100,104,0,0,0,0,0,0,0,0,0,0,0,40,0,0,0,0,2,0,0,0,0,0,0,2,0,0,0,255,0,255,0,255,0,0,0,0,0,0,0,0,0,0,1,4,1,0,0,0,0,0,0,0,9,0,0,-1,-1,2100,2010,-1,-1,-1,-1,-1,-1,-1,-1,-1,-1,-1,-1,-1,-1,-1,-1,-1,-1,-1,-1,-1,-1,-1,-1,-1,-1,-1,-1,0,0,0,0,0,0,0,0,0,0,0,0,-1,-1,-1,-1,-1,-1,-1,-1,-1,-1,-1,-1,-1,-1,-1,-1,-1,-1,-1,-1,-1,-1,-1,-1,0,0,0,0,0,0,0,0,0,0,0,0,0,0,0,0,0,0,0,0,0,0,0,0,255,139,139,96,0,0,0,0,0,0,0,65,90,100,100,0,0,100,-1,0,100,105,0,1,1,-1,0,0,120,0,[0|0|0],0,0,0,[0|0|0|0|0|0|0|0|0|0]
6600825,Great Katana - Default Attack,0.3,0.1,0,0,1.2,0.04,6903,-1,-1,-1,1667,120,120,-1,-1,100,110,-1,-1,0,96,96,96,96,90,100,100,100,104,0,0,0,0,0,0,0,0,0,0,0,40,0,0,0,0,2,0,0,0,0,0,0,2,0,0,0,255,0,255,0,255,0,0,0,0,0,0,0,0,0,0,1,4,1,0,0,0,0,0,0,0,0,0,0,-1,-1,2100,2010,-1,-1,-1,-1,-1,-1,-1,-1,-1,-1,-1,-1,-1,-1,-1,-1,-1,-1,-1,-1,-1,-1,-1,-1,-1,-1,-1,-1,0,0,0,0,0,0,0,0,0,0,0,0,-1,-1,-1,-1,-1,-1,-1,-1,-1,-1,-1,-1,-1,-1,-1,-1,-1,-1,-1,-1,-1,-1,-1,-1,0,0,0,0,0,0,0,0,0,0,0,0,0,0,0,0,0,0,0,0,0,0,0,0,255,139,139,96,0,0,0,0,0,0,0,65,90,100,100,0,0,100,-1,0,100,105,0,1,1,-1,0,0,120,0,[0|0|0],0,0,0,[0|0|0|0|0|0|0|0|0|0]
6600860,Great Katana - Default Attack,0.25,0.1,0,0,1.4,0.04,6903,-1,-1,1665,-1,120,120,-1,-1,100,110,-1,-1,0,100,100,100,100,100,120,100,100,122,0,0,0,0,0,0,0,0,0,0,0,40,0,0,0,0,2,0,0,0,0,0,0,2,0,0,2,255,2,255,0,255,0,0,0,0,0,0,0,0,0,0,1,3,1,0,0,0,0,0,0,0,9,0,0,-1,-1,2100,2010,-1,-1,-1,-1,-1,-1,-1,-1,-1,-1,-1,-1,-1,-1,-1,-1,-1,-1,-1,-1,-1,-1,-1,-1,-1,-1,-1,-1,0,0,0,0,0,0,0,0,0,0,0,0,-1,-1,-1,-1,-1,-1,-1,-1,-1,-1,-1,-1,-1,-1,-1,-1,-1,-1,-1,-1,-1,-1,-1,-1,0,0,0,0,0,0,0,0,0,0,0,0,0,0,0,0,0,0,0,0,0,0,0,0,255,139,139,100,0,0,0,0,0,0,0,65,90,100,100,0,0,100,-1,0,100,110,0,1,1,-1,0,0,111,0,[0|0|0],0,0,0,[0|0|0|0|0|0|0|0|0|0]
6600865,Great Katana - Default Attack,0.25,0.1,0,0,1.4,0.04,6903,-1,-1,-1,1667,120,120,-1,-1,100,110,-1,-1,0,100,100,100,100,100,120,100,100,122,0,0,0,0,0,0,0,0,0,0,0,40,0,0,0,0,2,0,0,0,0,0,0,2,0,0,2,255,2,255,0,255,0,0,0,0,0,0,0,0,0,0,1,3,1,0,0,0,0,0,0,0,0,0,0,-1,-1,2100,2010,-1,-1,-1,-1,-1,-1,-1,-1,-1,-1,-1,-1,-1,-1,-1,-1,-1,-1,-1,-1,-1,-1,-1,-1,-1,-1,-1,-1,0,0,0,0,0,0,0,0,0,0,0,0,-1,-1,-1,-1,-1,-1,-1,-1,-1,-1,-1,-1,-1,-1,-1,-1,-1,-1,-1,-1,-1,-1,-1,-1,0,0,0,0,0,0,0,0,0,0,0,0,0,0,0,0,0,0,0,0,0,0,0,0,255,139,139,100,0,0,0,0,0,0,0,65,90,100,100,0,0,100,-1,0,100,110,0,1,1,-1,0,0,111,0,[0|0|0],0,0,0,[0|0|0|0|0|0|0|0|0|0]
6600870,Great Katana - Default Attack,0.3,0.1,0,0,1,0.04,6903,-1,-1,1665,-1,120,120,-1,-1,100,110,-1,-1,0,85,85,85,85,100,200,100,100,121,0,0,0,0,0,0,0,0,0,0,0,40,0,0,0,0,2,0,0,0,0,0,0,2,0,0,0,255,0,255,0,255,0,0,0,0,0,0,0,0,0,0,1,3,1,0,0,0,0,0,0,0,9,0,0,-1,-1,2100,2010,-1,-1,-1,-1,-1,-1,-1,-1,-1,-1,-1,-1,-1,-1,-1,-1,-1,-1,-1,-1,-1,-1,-1,-1,-1,-1,-1,-1,0,0,0,0,0,0,0,0,0,0,0,0,-1,-1,-1,-1,-1,-1,-1,-1,-1,-1,-1,-1,-1,-1,-1,-1,-1,-1,-1,-1,-1,-1,-1,-1,0,0,0,0,0,0,0,0,0,0,0,0,0,0,0,0,0,0,0,0,0,0,0,0,255,139,139,85,0,0,0,0,0,0,0,65,90,100,100,0,0,100,-1,0,100,90,0,1,1,-1,0,0,111,0,[0|0|0],0,0,0,[0|0|0|0|0|0|0|0|0|0]
6600875,Great Katana - Default Attack,0.3,0.1,0,0,1,0.04,6903,-1,-1,-1,1667,120,120,-1,-1,100,110,-1,-1,0,85,85,85,85,100,200,100,100,121,0,0,0,0,0,0,0,0,0,0,0,40,0,0,0,0,2,0,0,0,0,0,0,2,0,0,0,255,0,255,0,255,0,0,0,0,0,0,0,0,0,0,1,3,1,0,0,0,0,0,0,0,0,0,0,-1,-1,2100,2010,-1,-1,-1,-1,-1,-1,-1,-1,-1,-1,-1,-1,-1,-1,-1,-1,-1,-1,-1,-1,-1,-1,-1,-1,-1,-1,-1,-1,0,0,0,0,0,0,0,0,0,0,0,0,-1,-1,-1,-1,-1,-1,-1,-1,-1,-1,-1,-1,-1,-1,-1,-1,-1,-1,-1,-1,-1,-1,-1,-1,0,0,0,0,0,0,0,0,0,0,0,0,0,0,0,0,0,0,0,0,0,0,0,0,255,139,139,85,0,0,0,0,0,0,0,65,90,100,100,0,0,100,-1,0,100,90,0,1,1,-1,0,0,111,0,[0|0|0],0,0,0,[0|0|0|0|0|0|0|0|0|0]
6600880,Great Katana - Default Attack,0.3,0.1,0,0,0.75,0.04,6903,-1,-1,1665,-1,120,120,-1,-1,100,110,-1,-1,0,85,85,85,85,100,200,100,100,121,0,0,0,0,0,0,0,0,0,0,0,40,0,0,0,0,2,0,0,0,0,0,0,2,0,0,0,255,0,255,0,255,0,0,0,0,0,0,0,0,0,0,1,0,1,0,0,0,0,0,0,0,9,0,0,-1,-1,2100,2010,-1,-1,-1,-1,-1,-1,-1,-1,-1,-1,-1,-1,-1,-1,-1,-1,-1,-1,-1,-1,-1,-1,-1,-1,-1,-1,-1,-1,0,0,0,0,0,0,0,0,0,0,0,0,-1,-1,-1,-1,-1,-1,-1,-1,-1,-1,-1,-1,-1,-1,-1,-1,-1,-1,-1,-1,-1,-1,-1,-1,0,0,0,0,0,0,0,0,0,0,0,0,0,0,0,0,0,0,0,0,0,0,0,0,255,139,139,85,0,0,0,0,0,0,0,65,90,100,100,0,0,100,-1,0,100,90,0,1,1,-1,0,0,111,0,[0|0|0],0,0,0,[0|0|0|0|0|0|0|0|0|0]
6600885,Great Katana - Default Attack,0.25,0.1,0,0,0.75,0.04,6903,-1,-1,-1,1667,120,120,-1,-1,100,110,-1,-1,0,85,85,85,85,100,200,100,100,121,0,0,0,0,0,0,0,0,0,0,0,40,0,0,0,0,2,0,0,0,0,0,0,2,0,0,2,255,2,255,0,255,0,0,0,0,0,0,0,0,0,0,1,0,1,0,0,0,0,0,0,0,0,0,0,-1,-1,2100,2010,-1,-1,-1,-1,-1,-1,-1,-1,-1,-1,-1,-1,-1,-1,-1,-1,-1,-1,-1,-1,-1,-1,-1,-1,-1,-1,-1,-1,0,0,0,0,0,0,0,0,0,0,0,0,-1,-1,-1,-1,-1,-1,-1,-1,-1,-1,-1,-1,-1,-1,-1,-1,-1,-1,-1,-1,-1,-1,-1,-1,0,0,0,0,0,0,0,0,0,0,0,0,0,0,0,0,0,0,0,0,0,0,0,0,255,139,139,85,0,0,0,0,0,0,0,65,90,100,100,0,0,100,-1,0,100,90,0,1,1,-1,0,0,111,0,[0|0|0],0,0,0,[0|0|0|0|0|0|0|0|0|0]
6600890,Great Katana - Default Attack,0.3,0.1,0,0,0.5,0.04,6904,-1,-1,1665,-1,120,120,-1,-1,100,110,-1,-1,0,115,115,115,115,110,9900,100,100,102,0,0,0,0,0,0,0,0,0,0,0,60,0,0,0,0,2,0,0,0,0,0,0,3,0,0,0,255,0,255,0,255,0,0,0,0,0,0,0,0,0,0,1,1,1,0,0,0,0,0,0,0,9,0,0,-1,-1,2100,2010,-1,-1,-1,-1,-1,-1,-1,-1,-1,-1,-1,-1,-1,-1,-1,-1,-1,-1,-1,-1,-1,-1,-1,-1,-1,-1,-1,-1,0,0,0,0,0,0,0,0,0,0,0,0,-1,-1,-1,-1,-1,-1,-1,-1,-1,-1,-1,-1,-1,-1,-1,-1,-1,-1,-1,-1,-1,-1,-1,-1,0,0,0,0,0,0,0,0,0,0,0,0,0,0,0,0,0,0,0,0,0,0,0,0,255,139,139,115,0,0,0,0,0,0,0,65,90,100,100,0,0,100,-1,0,100,130,0,1,1,-1,0,0,240,0,[0|0|0],0,0,0,[0|0|0|0|0|0|0|0|0|0]
6600895,Great Katana - Default Attack,0.3,0.1,0,0,0.5,0.04,6904,-1,-1,-1,1667,120,120,-1,-1,100,110,-1,-1,0,115,115,115,115,110,9900,100,100,102,0,0,0,0,0,0,0,0,0,0,0,60,0,0,0,0,2,0,0,0,0,0,0,3,0,0,0,255,0,255,0,255,0,0,0,0,0,0,0,0,0,0,1,1,1,0,0,0,0,0,0,0,0,0,0,-1,-1,2100,2010,-1,-1,-1,-1,-1,-1,-1,-1,-1,-1,-1,-1,-1,-1,-1,-1,-1,-1,-1,-1,-1,-1,-1,-1,-1,-1,-1,-1,0,0,0,0,0,0,0,0,0,0,0,0,-1,-1,-1,-1,-1,-1,-1,-1,-1,-1,-1,-1,-1,-1,-1,-1,-1,-1,-1,-1,-1,-1,-1,-1,0,0,0,0,0,0,0,0,0,0,0,0,0,0,0,0,0,0,0,0,0,0,0,0,255,139,139,115,0,0,0,0,0,0,0,65,90,100,100,0,0,100,-1,0,100,130,0,1,1,-1,0,0,240,0,[0|0|0],0,0,0,[0|0|0|0|0|0|0|0|0|0]
6601100,Rakshasa's Great Katana - Attack,0.3,0.1,0,0,1,0.08,6904,-1,-1,1665,-1,120,120,-1,-1,100,110,-1,-1,0,125,125,125,125,140,120,100,100,0,0,0,0,0,0,0,0,0,0,0,0,40,0,0,0,0,2,0,0,0,0,0,0,2,0,0,2,255,2,255,0,255,0,0,0,0,0,0,0,0,0,0,1,0,1,0,0,0,0,0,0,0,0,0,0,-1,-1,2100,2010,-1,-1,-1,-1,-1,-1,-1,-1,-1,-1,-1,-1,-1,-1,-1,-1,-1,-1,-1,-1,-1,-1,-1,-1,-1,-1,-1,-1,0,0,0,0,0,0,0,0,0,0,0,0,-1,-1,-1,-1,-1,-1,-1,-1,-1,-1,-1,-1,-1,-1,-1,-1,-1,-1,-1,-1,-1,-1,-1,-1,0,0,0,0,0,0,0,0,0,0,0,0,0,0,0,0,0,0,0,0,0,0,0,0,255,139,139,125,0,0,0,0,0,0,0,100,100,100,100,0,0,100,-1,0,100,130,0,1,1,-1,0,0,200,0,[0|0|0],0,0,0,[0|0|0|0|0|0|0|0|0|0]
6601105,Rakshasa's Great Katana - Attack,0.3,0.1,0,0,1,0.08,6906,-1,-1,1665,-1,120,120,-1,-1,100,110,-1,-1,0,160,160,160,160,200,400,100,100,100,0,0,0,0,0,0,0,0,0,0,0,60,0,0,0,0,2,0,0,0,0,0,0,3,0,0,2,255,2,255,0,255,0,0,0,0,0,0,0,0,0,0,1,0,1,0,0,0,0,0,0,0,0,0,0,-1,-1,2100,2010,-1,-1,-1,-1,-1,-1,-1,-1,-1,-1,-1,-1,-1,-1,-1,-1,-1,-1,-1,-1,-1,-1,-1,-1,-1,-1,-1,-1,0,0,0,0,0,0,0,0,0,0,0,0,-1,-1,-1,-1,-1,-1,-1,-1,-1,-1,-1,-1,-1,-1,-1,-1,-1,-1,-1,-1,-1,-1,-1,-1,0,0,0,0,0,0,0,0,0,0,0,0,0,0,0,0,0,0,0,0,0,0,0,0,255,139,139,160,0,0,0,0,0,0,0,100,100,100,100,0,0,100,-1,0,100,150,0,1,1,-1,0,0,600,0,[0|0|0],0,0,0,[0|0|0|0|0|0|0|0|0|0]
6601110,Rakshasa's Great Katana - Attack,0.3,0.1,0,0,1,0.08,6904,-1,-1,1665,-1,120,120,-1,-1,100,110,-1,-1,0,125,125,125,125,140,120,100,100,0,0,0,0,0,0,0,0,0,0,0,0,40,0,0,0,0,2,0,0,0,0,0,0,3,0,0,2,255,2,255,0,255,0,0,0,0,0,0,0,0,0,0,1,0,1,0,0,0,0,0,0,0,0,0,0,-1,-1,2100,2010,-1,-1,-1,-1,-1,-1,-1,-1,-1,-1,-1,-1,-1,-1,-1,-1,-1,-1,-1,-1,-1,-1,-1,-1,-1,-1,-1,-1,0,0,0,0,0,0,0,0,0,0,0,0,-1,-1,-1,-1,-1,-1,-1,-1,-1,-1,-1,-1,-1,-1,-1,-1,-1,-1,-1,-1,-1,-1,-1,-1,0,0,0,0,0,0,0,0,0,0,0,0,0,0,0,0,0,0,0,0,0,0,0,0,255,139,139,125,0,0,0,0,0,0,0,100,100,100,100,0,0,100,-1,0,100,130,0,1,1,-1,0,0,200,0,[0|0|0],0,0,0,[0|0|0|0|0|0|0|0|0|0]
6601115,Rakshasa's Great Katana - Attack,0.3,0.1,0,0,1,0.08,6906,-1,-1,1665,-1,120,120,-1,-1,100,110,-1,-1,0,160,160,160,160,200,400,100,100,100,0,0,0,0,0,0,0,0,0,0,0,60,0,0,0,0,2,0,0,0,0,0,0,3,0,0,2,255,2,255,0,255,0,0,0,0,0,0,0,0,0,0,1,0,1,0,0,0,0,0,0,0,0,0,0,-1,-1,2100,2010,-1,-1,-1,-1,-1,-1,-1,-1,-1,-1,-1,-1,-1,-1,-1,-1,-1,-1,-1,-1,-1,-1,-1,-1,-1,-1,-1,-1,0,0,0,0,0,0,0,0,0,0,0,0,-1,-1,-1,-1,-1,-1,-1,-1,-1,-1,-1,-1,-1,-1,-1,-1,-1,-1,-1,-1,-1,-1,-1,-1,0,0,0,0,0,0,0,0,0,0,0,0,0,0,0,0,0,0,0,0,0,0,0,0,255,139,139,160,0,0,0,0,0,0,0,100,100,100,100,0,0,100,-1,0,100,150,0,1,1,-1,0,0,600,0,[0|0|0],0,0,0,[0|0|0|0|0|0|0|0|0|0]
6601300,Rakshasa's Great Katana - Attack,0.3,0.1,0,0,1,0.08,6904,-1,-1,1665,1667,120,120,-1,-1,100,110,-1,-1,0,130,130,130,130,170,500,100,100,0,120,0,0,0,0,0,0,0,0,0,0,60,0,0,0,0,2,0,0,0,0,0,0,2,0,0,2,255,2,255,0,255,0,0,0,0,0,0,0,0,0,0,1,0,1,0,0,0,0,0,0,0,0,0,0,-1,-1,2100,2010,-1,-1,-1,-1,-1,-1,-1,-1,-1,-1,-1,-1,-1,-1,-1,-1,-1,-1,-1,-1,-1,-1,-1,-1,-1,-1,-1,-1,0,0,0,0,0,0,0,0,0,0,0,0,-1,-1,-1,-1,-1,-1,-1,-1,-1,-1,-1,-1,-1,-1,-1,-1,-1,-1,-1,-1,-1,-1,-1,-1,0,0,0,0,0,0,0,0,0,0,0,0,0,0,0,0,0,0,0,0,0,0,0,0,255,139,139,130,0,0,0,0,0,0,0,100,100,100,100,0,0,100,-1,0,100,130,0,1,1,-1,0,0,220,0,[0|0|0],0,0,0,[0|0|0|0|0|0|0|0|0|0]
6601305,Rakshasa's Great Katana - Attack,0.3,0.1,0,0,1,0.08,6906,-1,-1,1665,1667,120,120,-1,-1,100,110,-1,-1,0,165,165,165,165,240,500,100,100,100,120,0,0,0,0,0,0,0,0,0,0,80,0,0,0,0,2,0,0,0,0,0,0,3,0,0,2,255,2,255,0,255,0,0,0,0,0,0,0,0,0,0,1,0,1,0,0,0,0,0,0,0,0,0,0,-1,-1,2100,2010,-1,-1,-1,-1,-1,-1,-1,-1,-1,-1,-1,-1,-1,-1,-1,-1,-1,-1,-1,-1,-1,-1,-1,-1,-1,-1,-1,-1,0,0,0,0,0,0,0,0,0,0,0,0,-1,-1,-1,-1,-1,-1,-1,-1,-1,-1,-1,-1,-1,-1,-1,-1,-1,-1,-1,-1,-1,-1,-1,-1,0,0,0,0,0,0,0,0,0,0,0,0,0,0,0,0,0,0,0,0,0,0,0,0,255,139,139,165,0,0,0,0,0,0,0,100,100,100,100,0,0,100,-1,0,100,150,0,1,1,-1,0,0,660,0,[0|0|0],0,0,0,[0|0|0|0|0|0|0|0|0|0]
6601310,Rakshasa's Great Katana - Attack,0.3,0.1,0,0,1,0.08,6904,-1,-1,1665,1667,120,120,-1,-1,100,110,-1,-1,0,130,130,130,130,170,500,100,100,0,120,0,0,0,0,0,0,0,0,0,0,60,0,0,0,0,2,0,0,0,0,0,0,3,0,0,2,255,2,255,0,255,0,0,0,0,0,0,0,0,0,0,1,0,1,0,0,0,0,0,0,0,0,0,0,-1,-1,2100,2010,-1,-1,-1,-1,-1,-1,-1,-1,-1,-1,-1,-1,-1,-1,-1,-1,-1,-1,-1,-1,-1,-1,-1,-1,-1,-1,-1,-1,0,0,0,0,0,0,0,0,0,0,0,0,-1,-1,-1,-1,-1,-1,-1,-1,-1,-1,-1,-1,-1,-1,-1,-1,-1,-1,-1,-1,-1,-1,-1,-1,0,0,0,0,0,0,0,0,0,0,0,0,0,0,0,0,0,0,0,0,0,0,0,0,255,139,139,130,0,0,0,0,0,0,0,100,100,100,100,0,0,100,-1,0,100,130,0,1,1,-1,0,0,220,0,[0|0|0],0,0,0,[0|0|0|0|0|0|0|0|0|0]
6601315,Rakshasa's Great Katana - Attack,0.3,0.1,0,0,1,0.08,6906,-1,-1,1665,1667,120,120,-1,-1,100,110,-1,-1,0,165,165,165,165,240,500,100,100,100,120,0,0,0,0,0,0,0,0,0,0,80,0,0,0,0,2,0,0,0,0,0,0,3,0,0,2,255,2,255,0,255,0,0,0,0,0,0,0,0,0,0,1,0,1,0,0,0,0,0,0,0,0,0,0,-1,-1,2100,2010,-1,-1,-1,-1,-1,-1,-1,-1,-1,-1,-1,-1,-1,-1,-1,-1,-1,-1,-1,-1,-1,-1,-1,-1,-1,-1,-1,-1,0,0,0,0,0,0,0,0,0,0,0,0,-1,-1,-1,-1,-1,-1,-1,-1,-1,-1,-1,-1,-1,-1,-1,-1,-1,-1,-1,-1,-1,-1,-1,-1,0,0,0,0,0,0,0,0,0,0,0,0,0,0,0,0,0,0,0,0,0,0,0,0,255,139,139,165,0,0,0,0,0,0,0,100,100,100,100,0,0,100,-1,0,100,150,0,1,1,-1,0,0,660,0,[0|0|0],0,0,0,[0|0|0|0|0|0|0|0|0|0]
6700000,Light Greatsword - Default Attack,0.3,0.1,0,0,1.15,0.08,6903,-1,-1,1665,-1,120,120,-1,-1,100,110,-1,-1,0,100,100,100,100,100,100,100,100,0,0,0,0,0,0,0,0,0,0,0,0,20,0,0,0,0,2,0,0,0,0,0,0,1,0,0,2,255,0,255,0,255,0,0,0,0,0,0,0,0,0,0,0,0,1,0,0,0,0,0,0,0,0,0,0,-1,-1,2100,2010,-1,-1,-1,-1,-1,-1,-1,-1,-1,-1,-1,-1,-1,-1,-1,-1,-1,-1,-1,-1,-1,-1,-1,-1,-1,-1,-1,-1,0,0,0,0,0,0,0,0,0,0,0,0,-1,-1,-1,-1,-1,-1,-1,-1,-1,-1,-1,-1,-1,-1,-1,-1,-1,-1,-1,-1,-1,-1,-1,-1,0,0,0,0,0,0,0,0,0,0,0,0,0,0,0,0,0,0,0,0,0,0,0,0,255,139,139,100,0,0,0,0,0,0,0,100,100,100,100,0,0,100,-1,0,100,100,0,1,1,-1,0,0,100,0,[0|0|0],20,0,0,[0|0|0|0|0|0|0|0|0|0]
6700010,Light Greatsword - Default Attack,0.3,0.1,0,0,1,0.08,6903,-1,-1,1665,-1,120,120,-1,-1,100,110,-1,-1,0,101,101,101,101,100,100,100,100,0,0,0,0,0,0,0,0,0,0,0,0,20,0,0,0,0,2,0,0,0,0,0,0,1,0,0,3,255,0,255,0,255,0,0,0,0,0,0,0,0,0,0,0,1,1,0,0,0,0,0,0,0,0,0,0,-1,-1,2100,2010,-1,-1,-1,-1,-1,-1,-1,-1,-1,-1,-1,-1,-1,-1,-1,-1,-1,-1,-1,-1,-1,-1,-1,-1,-1,-1,-1,-1,0,0,0,0,0,0,0,0,0,0,0,0,-1,-1,-1,-1,-1,-1,-1,-1,-1,-1,-1,-1,-1,-1,-1,-1,-1,-1,-1,-1,-1,-1,-1,-1,0,0,0,0,0,0,0,0,0,0,0,0,0,0,0,0,0,0,0,0,0,0,0,0,255,139,139,101,0,0,0,0,0,0,0,100,100,100,100,0,0,100,-1,0,100,100,0,1,1,-1,0,0,100,0,[0|0|0],20,0,0,[0|0|0|0|0|0|0|0|0|0]
6700013,Light Greatsword - Default Attack,0.3,0.1,0,0,1,0.08,6903,-1,-1,1665,-1,120,120,-1,-1,100,110,-1,-1,0,101,101,101,101,100,100,100,100,0,0,0,0,0,0,0,0,0,0,0,0,20,0,0,0,0,2,0,0,0,0,0,0,1,2,0,3,255,0,255,0,255,0,0,0,0,0,0,0,0,0,0,0,1,1,0,0,0,0,0,0,0,0,0,0,-1,-1,2100,2010,-1,-1,-1,-1,-1,-1,-1,-1,-1,-1,-1,-1,-1,-1,-1,-1,-1,-1,-1,-1,-1,-1,-1,-1,-1,-1,-1,-1,0,0,0,0,0,0,0,0,0,0,0,0,-1,-1,-1,-1,-1,-1,-1,-1,-1,-1,-1,-1,-1,-1,-1,-1,-1,-1,-1,-1,-1,-1,-1,-1,0,0,0,0,0,0,0,0,0,0,0,0,0,0,0,0,0,0,0,0,0,0,0,0,255,139,139,101,0,0,0,0,0,0,0,100,100,100,100,0,0,100,-1,0,100,100,0,1,1,-1,0,0,100,0,[0|0|0],20,0,0,[0|0|0|0|0|0|0|0|0|0]
6700020,Light Greatsword - Default Attack,0.3,0.1,0,0,1.83,0.08,6903,-1,-1,1665,-1,120,120,-1,-1,100,110,-1,-1,0,102,102,102,102,100,100,100,100,0,0,0,0,0,0,0,0,0,0,0,0,20,0,0,0,0,2,0,0,0,0,0,0,1,0,0,3,255,0,255,0,255,0,0,0,0,0,0,0,0,0,0,0,2,1,0,0,0,0,0,0,0,0,0,0,-1,-1,2100,2010,-1,-1,-1,-1,-1,-1,-1,-1,-1,-1,-1,-1,-1,-1,-1,-1,-1,-1,-1,-1,-1,-1,-1,-1,-1,-1,-1,-1,0,0,0,0,0,0,0,0,0,0,0,0,-1,-1,-1,-1,-1,-1,-1,-1,-1,-1,-1,-1,-1,-1,-1,-1,-1,-1,-1,-1,-1,-1,-1,-1,0,0,0,0,0,0,0,0,0,0,0,0,0,0,0,0,0,0,0,0,0,0,0,0,255,139,139,102,0,0,0,0,0,0,0,100,100,100,100,0,0,100,-1,0,100,105,0,1,1,-1,0,0,100,0,[0|0|0],20,0,0,[0|0|0|0|0|0|0|0|0|0]
6700023,Light Greatsword - Default Attack,0.3,0,0,0,1.83,0.08,6903,-1,-1,1665,-1,120,0,-1,-1,100,0,-1,-1,0,102,102,102,102,100,100,100,100,0,0,0,0,0,0,0,0,0,0,0,0,20,0,0,0,0,0,0,0,0,0,0,0,1,2,0,3,255,0,255,0,255,0,0,0,0,0,0,0,0,0,0,0,2,1,0,0,0,0,0,0,0,0,0,0,-1,-1,2100,2010,-1,-1,-1,-1,-1,-1,-1,-1,-1,-1,-1,-1,-1,-1,-1,-1,-1,-1,-1,-1,-1,-1,-1,-1,-1,-1,-1,-1,0,0,0,0,0,0,0,0,0,0,0,0,-1,-1,-1,-1,-1,-1,-1,-1,-1,-1,-1,-1,-1,-1,-1,-1,-1,-1,-1,-1,-1,-1,-1,-1,0,0,0,0,0,0,0,0,0,0,0,0,0,0,0,0,0,0,0,0,0,0,0,0,255,139,139,102,0,0,0,0,0,0,0,100,100,100,100,0,0,100,-1,0,100,105,0,1,1,-1,0,0,100,0,[0|0|0],20,0,0,[0|0|0|0|0|0|0|0|0|0]
6700030,Light Greatsword - Default Attack,0.3,0.1,0,0,1,0.08,6903,-1,-1,1665,-1,120,120,-1,-1,100,110,-1,-1,0,103,103,103,103,100,100,100,100,0,0,0,0,0,0,0,0,0,0,0,0,20,0,0,0,0,2,0,0,0,0,0,0,1,0,0,3,255,0,255,0,255,0,0,0,0,0,0,0,0,0,0,0,3,1,0,0,0,0,0,0,0,0,0,0,-1,-1,2100,2010,-1,-1,-1,-1,-1,-1,-1,-1,-1,-1,-1,-1,-1,-1,-1,-1,-1,-1,-1,-1,-1,-1,-1,-1,-1,-1,-1,-1,0,0,0,0,0,0,0,0,0,0,0,0,-1,-1,-1,-1,-1,-1,-1,-1,-1,-1,-1,-1,-1,-1,-1,-1,-1,-1,-1,-1,-1,-1,-1,-1,0,0,0,0,0,0,0,0,0,0,0,0,0,0,0,0,0,0,0,0,0,0,0,0,255,139,139,103,0,0,0,0,0,0,0,100,100,100,100,0,0,100,-1,0,100,105,0,1,1,-1,0,0,100,0,[0|0|0],20,0,0,[0|0|0|0|0|0|0|0|0|0]
6700040,Light Greatsword - Default Attack,0.3,0.1,0,0,1.1,0.08,6903,-1,-1,-1,-1,120,120,-1,-1,100,110,-1,-1,0,70,70,70,70,50,100,100,100,104,0,0,0,0,0,0,0,0,0,0,0,20,0,0,0,0,2,0,0,0,0,0,0,1,0,0,3,255,0,255,0,255,0,0,0,0,0,0,0,0,0,0,0,4,1,0,0,0,0,0,0,0,9,0,0,-1,-1,2100,2010,-1,-1,-1,-1,-1,-1,-1,-1,-1,-1,-1,-1,-1,-1,-1,-1,-1,-1,-1,-1,-1,-1,-1,-1,-1,-1,-1,-1,0,0,0,0,0,0,0,0,0,0,0,0,-1,-1,-1,-1,-1,-1,-1,-1,-1,-1,-1,-1,-1,-1,-1,-1,-1,-1,-1,-1,-1,-1,-1,-1,0,0,0,0,0,0,0,0,0,0,0,0,0,0,0,0,0,0,0,0,0,0,0,0,255,139,139,70,0,0,0,0,0,0,0,50,50,100,100,0,0,50,-1,0,100,80,0,1,1,-1,0,0,100,0,[0|0|0],20,0,0,[0|0|0|0|0|0|0|0|0|0]
6700041,Light Greatsword - Default Attack,0.3,0.1,0,0,1.9,0.04,6903,-1,-1,1665,-1,120,120,-1,-1,100,110,-1,-1,0,80,80,80,80,50,100,100,100,104,0,0,0,0,0,0,0,0,0,0,0,20,0,0,0,0,2,0,0,0,0,0,0,1,0,0,3,255,0,255,0,255,0,0,0,0,0,0,0,0,0,0,0,1,1,0,0,0,0,0,0,0,0,0,0,-1,-1,2100,2010,-1,-1,-1,-1,-1,-1,-1,-1,-1,-1,-1,-1,-1,-1,-1,-1,-1,-1,-1,-1,-1,-1,-1,-1,-1,-1,-1,-1,0,0,0,0,0,0,0,0,0,0,0,0,-1,-1,-1,-1,-1,-1,-1,-1,-1,-1,-1,-1,-1,-1,-1,-1,-1,-1,-1,-1,-1,-1,-1,-1,0,0,0,0,0,0,0,0,0,0,0,0,0,0,0,0,0,0,0,0,0,0,0,0,255,139,139,80,0,0,0,0,0,0,0,100,100,100,100,0,0,100,-1,0,100,100,0,1,1,-1,0,0,100,0,[0|0|0],20,0,0,[0|0|0|0|0|0|0|0|0|0]
6700044,Light Greatsword - Default Attack,0.3,0.1,0,0,1.9,0.04,6903,-1,-1,1665,-1,120,120,-1,-1,100,110,-1,-1,0,80,80,80,80,50,100,100,100,104,0,0,0,0,0,0,0,0,0,0,0,20,0,0,0,0,2,0,0,0,0,0,0,1,2,0,3,255,0,255,0,255,0,0,0,0,0,0,0,0,0,0,0,1,1,0,0,0,0,0,0,0,0,0,0,-1,-1,2100,2010,-1,-1,-1,-1,-1,-1,-1,-1,-1,-1,-1,-1,-1,-1,-1,-1,-1,-1,-1,-1,-1,-1,-1,-1,-1,-1,-1,-1,0,0,0,0,0,0,0,0,0,0,0,0,-1,-1,-1,-1,-1,-1,-1,-1,-1,-1,-1,-1,-1,-1,-1,-1,-1,-1,-1,-1,-1,-1,-1,-1,0,0,0,0,0,0,0,0,0,0,0,0,0,0,0,0,0,0,0,0,0,0,0,0,255,139,139,80,0,0,0,0,0,0,0,100,100,100,100,0,0,100,-1,0,100,100,0,1,1,-1,0,0,100,0,[0|0|0],20,0,0,[0|0|0|0|0|0|0|0|0|0]
6700100,Light Greatsword - Default Attack,0.3,0.1,0,0,1.2,0.04,6904,-1,-1,-1,-1,120,120,-1,-1,100,110,-1,-1,0,80,80,80,80,70,60,100,100,0,0,0,0,0,0,0,0,0,0,0,0,20,0,0,0,0,2,0,0,0,0,0,0,1,0,0,3,255,2,255,0,255,0,0,0,0,0,0,0,0,0,0,0,4,1,0,0,0,0,0,0,0,9,0,0,-1,-1,2100,2010,-1,-1,-1,-1,-1,-1,-1,-1,-1,-1,-1,-1,-1,-1,-1,-1,-1,-1,-1,-1,-1,-1,-1,-1,-1,-1,-1,-1,0,0,0,0,0,0,0,0,0,0,0,0,-1,-1,-1,-1,-1,-1,-1,-1,-1,-1,-1,-1,-1,-1,-1,-1,-1,-1,-1,-1,-1,-1,-1,-1,0,0,0,0,0,0,0,0,0,0,0,0,0,0,0,0,0,0,0,0,0,0,0,0,255,139,139,80,0,0,0,0,0,0,0,50,50,100,100,0,0,50,-1,0,100,130,0,1,1,-1,0,0,100,0,[0|0|0],20,0,0,[0|0|0|0|0|0|0|0|0|0]
6700101,Light Greatsword - Default Attack,0.3,0,0,0,1.9,0.04,6904,-1,-1,1665,-1,120,0,-1,-1,100,0,-1,-1,0,90,90,90,90,70,60,100,100,0,0,0,0,0,0,0,0,0,0,0,0,20,0,0,0,0,0,0,0,0,0,0,0,1,0,0,3,255,2,255,0,255,0,0,0,0,0,0,0,0,0,0,0,2,1,0,0,0,0,0,0,0,0,0,0,-1,-1,2100,2010,-1,-1,-1,-1,-1,-1,-1,-1,-1,-1,-1,-1,-1,-1,-1,-1,-1,-1,-1,-1,-1,-1,-1,-1,-1,-1,-1,-1,0,0,0,0,0,0,0,0,0,0,0,0,-1,-1,-1,-1,-1,-1,-1,-1,-1,-1,-1,-1,-1,-1,-1,-1,-1,-1,-1,-1,-1,-1,-1,-1,0,0,0,0,0,0,0,0,0,0,0,0,0,0,0,0,0,0,0,0,0,0,0,0,255,139,139,90,0,0,0,0,0,0,0,100,100,100,100,0,0,100,-1,0,100,130,0,1,1,-1,0,0,100,0,[0|0|0],20,0,0,[0|0|0|0|0|0|0|0|0|0]
6700104,Light Greatsword - Default Attack,0.3,0,0,0,1.9,0.04,6904,-1,-1,1665,-1,120,0,-1,-1,100,0,-1,-1,0,90,90,90,90,70,60,100,100,0,0,0,0,0,0,0,0,0,0,0,0,20,0,0,0,0,0,0,0,0,0,0,0,1,2,0,3,255,2,255,0,255,0,0,0,0,0,0,0,0,0,0,0,2,1,0,0,0,0,0,0,0,0,0,0,-1,-1,2100,2010,-1,-1,-1,-1,-1,-1,-1,-1,-1,-1,-1,-1,-1,-1,-1,-1,-1,-1,-1,-1,-1,-1,-1,-1,-1,-1,-1,-1,0,0,0,0,0,0,0,0,0,0,0,0,-1,-1,-1,-1,-1,-1,-1,-1,-1,-1,-1,-1,-1,-1,-1,-1,-1,-1,-1,-1,-1,-1,-1,-1,0,0,0,0,0,0,0,0,0,0,0,0,0,0,0,0,0,0,0,0,0,0,0,0,255,139,139,90,0,0,0,0,0,0,0,100,100,100,100,0,0,100,-1,0,100,130,0,1,1,-1,0,0,100,0,[0|0|0],20,0,0,[0|0|0|0|0|0|0|0|0|0]
6700105,Light Greatsword - Default Attack,0.3,0.1,0,0,1.6,0.04,6906,-1,-1,-1,-1,120,120,-1,-1,100,110,-1,-1,0,95,95,95,95,100,200,100,100,100,0,0,0,0,0,0,0,0,0,0,0,20,0,0,0,0,2,0,0,0,0,0,0,1,0,0,3,255,2,255,0,255,0,0,0,0,0,0,0,0,0,0,0,4,1,0,0,0,0,0,0,0,9,0,0,-1,-1,2100,2010,-1,-1,-1,-1,-1,-1,-1,-1,-1,-1,-1,-1,-1,-1,-1,-1,-1,-1,-1,-1,-1,-1,-1,-1,-1,-1,-1,-1,0,0,0,0,0,0,0,0,0,0,0,0,-1,-1,-1,-1,-1,-1,-1,-1,-1,-1,-1,-1,-1,-1,-1,-1,-1,-1,-1,-1,-1,-1,-1,-1,0,0,0,0,0,0,0,0,0,0,0,0,0,0,0,0,0,0,0,0,0,0,0,0,255,139,139,95,0,0,0,0,0,0,0,50,50,100,100,0,0,50,-1,0,100,150,0,1,1,-1,0,0,300,0,[0|0|0],20,0,0,[0|0|0|0|0|0|0|0|0|0]
6700106,Light Greatsword - Default Attack,0.3,0.1,0,0,1.6,0.04,6906,-1,-1,1665,-1,120,120,-1,-1,100,110,-1,-1,0,100,100,100,100,100,200,100,100,100,0,0,0,0,0,0,0,0,0,0,0,20,0,0,0,0,2,0,0,0,0,0,0,1,0,0,3,255,2,255,0,255,0,0,0,0,0,0,0,0,0,0,0,2,1,0,0,0,0,0,0,0,0,0,0,-1,-1,2100,2010,-1,-1,-1,-1,-1,-1,-1,-1,-1,-1,-1,-1,-1,-1,-1,-1,-1,-1,-1,-1,-1,-1,-1,-1,-1,-1,-1,-1,0,0,0,0,0,0,0,0,0,0,0,0,-1,-1,-1,-1,-1,-1,-1,-1,-1,-1,-1,-1,-1,-1,-1,-1,-1,-1,-1,-1,-1,-1,-1,-1,0,0,0,0,0,0,0,0,0,0,0,0,0,0,0,0,0,0,0,0,0,0,0,0,255,139,139,100,0,0,0,0,0,0,0,100,100,100,100,0,0,100,-1,0,100,150,0,1,1,-1,0,0,300,0,[0|0|0],20,0,0,[0|0|0|0|0|0|0|0|0|0]
6700109,Light Greatsword - Default Attack,0.3,0,0,0,1.6,0.04,6906,-1,-1,1665,-1,120,0,-1,-1,100,0,-1,-1,0,100,100,100,100,100,200,100,100,100,0,0,0,0,0,0,0,0,0,0,0,20,0,0,0,0,0,0,0,0,0,0,0,1,2,0,3,255,2,255,0,255,0,0,0,0,0,0,0,0,0,0,0,2,1,0,0,0,0,0,0,0,0,0,0,-1,-1,2100,2010,-1,-1,-1,-1,-1,-1,-1,-1,-1,-1,-1,-1,-1,-1,-1,-1,-1,-1,-1,-1,-1,-1,-1,-1,-1,-1,-1,-1,0,0,0,0,0,0,0,0,0,0,0,0,-1,-1,-1,-1,-1,-1,-1,-1,-1,-1,-1,-1,-1,-1,-1,-1,-1,-1,-1,-1,-1,-1,-1,-1,0,0,0,0,0,0,0,0,0,0,0,0,0,0,0,0,0,0,0,0,0,0,0,0,255,139,139,100,0,0,0,0,0,0,0,100,100,100,100,0,0,100,-1,0,100,150,0,1,1,-1,0,0,300,0,[0|0|0],20,0,0,[0|0|0|0|0|0|0|0|0|0]
6700110,Light Greatsword - Default Attack,0.3,0.1,0,0,1.2,0.04,6904,-1,-1,-1,-1,120,120,-1,-1,100,110,-1,-1,0,80,80,80,80,70,60,100,100,0,0,0,0,0,0,0,0,0,0,0,0,20,0,0,0,0,2,0,0,0,0,0,0,1,0,0,3,255,0,255,0,255,0,0,0,0,0,0,0,0,0,0,0,4,1,0,0,0,0,0,0,0,9,0,0,-1,-1,2100,2010,-1,-1,-1,-1,-1,-1,-1,-1,-1,-1,-1,-1,-1,-1,-1,-1,-1,-1,-1,-1,-1,-1,-1,-1,-1,-1,-1,-1,0,0,0,0,0,0,0,0,0,0,0,0,-1,-1,-1,-1,-1,-1,-1,-1,-1,-1,-1,-1,-1,-1,-1,-1,-1,-1,-1,-1,-1,-1,-1,-1,0,0,0,0,0,0,0,0,0,0,0,0,0,0,0,0,0,0,0,0,0,0,0,0,255,139,139,80,0,0,0,0,0,0,0,50,50,100,100,0,0,50,-1,0,100,130,0,1,1,-1,0,0,100,0,[0|0|0],20,0,0,[0|0|0|0|0|0|0|0|0|0]
6700111,Light Greatsword - Default Attack,0.3,0.2,0,0,1.15,0.04,6904,-1,-1,1665,-1,120,120,-1,-1,100,-1,-1,-1,0,90,90,90,90,70,60,100,100,0,0,0,0,0,0,0,0,0,0,0,0,20,0,0,0,0,2,0,0,0,0,0,0,1,0,0,3,255,0,255,0,255,0,0,0,0,0,0,0,0,0,0,0,1,1,0,0,0,0,0,0,0,0,0,0,-1,-1,2100,2010,-1,-1,-1,-1,-1,-1,-1,-1,-1,-1,-1,-1,-1,-1,-1,-1,-1,-1,-1,-1,-1,-1,-1,-1,-1,-1,-1,-1,0,0,0,0,0,0,0,0,0,0,0,0,-1,-1,-1,-1,-1,-1,-1,-1,-1,-1,-1,-1,-1,-1,-1,-1,-1,-1,-1,-1,-1,-1,-1,-1,0,0,0,0,0,0,0,0,0,0,0,0,0,0,0,0,0,0,0,0,0,0,0,0,255,139,139,90,0,0,0,0,0,0,0,100,100,100,100,0,0,100,-1,0,100,130,0,1,1,-1,0,0,100,0,[0|0|0],20,0,0,[0|0|0|0|0|0|0|0|0|0]
6700113,Light Greatsword - Default Attack,0.3,0,0,0,1.2,0.04,6904,-1,-1,-1,-1,120,0,-1,-1,100,0,-1,-1,0,80,80,80,80,70,60,100,100,0,0,0,0,0,0,0,0,0,0,0,0,20,0,0,0,0,0,0,0,0,0,0,0,1,2,0,3,255,0,255,0,255,0,0,0,0,0,0,0,0,0,0,0,4,1,0,0,0,0,0,0,0,0,0,0,-1,-1,2100,2010,-1,-1,-1,-1,-1,-1,-1,-1,-1,-1,-1,-1,-1,-1,-1,-1,-1,-1,-1,-1,-1,-1,-1,-1,-1,-1,-1,-1,0,0,0,0,0,0,0,0,0,0,0,0,-1,-1,-1,-1,-1,-1,-1,-1,-1,-1,-1,-1,-1,-1,-1,-1,-1,-1,-1,-1,-1,-1,-1,-1,0,0,0,0,0,0,0,0,0,0,0,0,0,0,0,0,0,0,0,0,0,0,0,0,255,139,139,80,0,0,0,0,0,0,0,50,50,100,100,0,0,50,-1,0,100,130,0,1,1,-1,0,0,100,0,[0|0|0],20,0,0,[0|0|0|0|0|0|0|0|0|0]
6700114,Light Greatsword - Default Attack,0.3,0,0,0,1.15,0.04,6904,-1,-1,1665,-1,120,0,-1,-1,100,0,-1,-1,0,90,90,90,90,70,60,100,100,0,0,0,0,0,0,0,0,0,0,0,0,20,0,0,0,0,0,0,0,0,0,0,0,1,2,0,3,255,0,255,0,255,0,0,0,0,0,0,0,0,0,0,0,1,1,0,0,0,0,0,0,0,0,0,0,-1,-1,2100,2010,-1,-1,-1,-1,-1,-1,-1,-1,-1,-1,-1,-1,-1,-1,-1,-1,-1,-1,-1,-1,-1,-1,-1,-1,-1,-1,-1,-1,0,0,0,0,0,0,0,0,0,0,0,0,-1,-1,-1,-1,-1,-1,-1,-1,-1,-1,-1,-1,-1,-1,-1,-1,-1,-1,-1,-1,-1,-1,-1,-1,0,0,0,0,0,0,0,0,0,0,0,0,0,0,0,0,0,0,0,0,0,0,0,0,255,139,139,90,0,0,0,0,0,0,0,100,100,100,100,0,0,100,-1,0,100,130,0,1,1,-1,0,0,100,0,[0|0|0],20,0,0,[0|0|0|0|0|0|0|0|0|0]
6700115,Light Greatsword - Default Attack,0.3,0.1,0,0,2,0.04,6906,-1,-1,-1,-1,120,120,-1,-1,100,110,-1,-1,0,95,95,95,95,100,200,100,100,100,0,0,0,0,0,0,0,0,0,0,0,20,0,0,0,0,2,0,0,0,0,0,0,2,0,0,3,255,0,255,0,255,0,0,0,0,0,0,0,0,0,0,0,4,1,0,0,0,0,0,0,0,9,0,0,-1,-1,2100,2010,-1,-1,-1,-1,-1,-1,-1,-1,-1,-1,-1,-1,-1,-1,-1,-1,-1,-1,-1,-1,-1,-1,-1,-1,-1,-1,-1,-1,0,0,0,0,0,0,0,0,0,0,0,0,-1,-1,-1,-1,-1,-1,-1,-1,-1,-1,-1,-1,-1,-1,-1,-1,-1,-1,-1,-1,-1,-1,-1,-1,0,0,0,0,0,0,0,0,0,0,0,0,0,0,0,0,0,0,0,0,0,0,0,0,255,139,139,95,0,0,0,0,0,0,0,50,50,100,100,0,0,50,-1,0,100,150,0,1,1,-1,0,0,300,0,[0|0|0],20,0,0,[0|0|0|0|0|0|0|0|0|0]
6700116,Light Greatsword - Default Attack,0.3,0.2,0,0,1.5,0.04,6906,-1,-1,1665,-1,120,120,-1,-1,100,-1,-1,-1,0,100,100,100,100,100,200,100,100,100,0,0,0,0,0,0,0,0,0,0,0,20,0,0,0,0,2,0,0,0,0,0,0,2,0,0,3,255,0,255,0,255,0,0,0,0,0,0,0,0,0,0,0,1,1,0,0,0,0,0,0,0,0,0,0,-1,-1,2100,2010,-1,-1,-1,-1,-1,-1,-1,-1,-1,-1,-1,-1,-1,-1,-1,-1,-1,-1,-1,-1,-1,-1,-1,-1,-1,-1,-1,-1,0,0,0,0,0,0,0,0,0,0,0,0,-1,-1,-1,-1,-1,-1,-1,-1,-1,-1,-1,-1,-1,-1,-1,-1,-1,-1,-1,-1,-1,-1,-1,-1,0,0,0,0,0,0,0,0,0,0,0,0,0,0,0,0,0,0,0,0,0,0,0,0,255,139,139,100,0,0,0,0,0,0,0,100,100,100,100,0,0,100,-1,0,100,150,0,1,1,-1,0,0,300,0,[0|0|0],20,0,0,[0|0|0|0|0|0|0|0|0|0]
6700118,Light Greatsword - Default Attack,0.3,0,0,0,2,0.04,6906,-1,-1,-1,-1,120,0,-1,-1,100,0,-1,-1,0,95,95,95,95,100,200,100,100,100,0,0,0,0,0,0,0,0,0,0,0,20,0,0,0,0,0,0,0,0,0,0,0,2,2,0,3,255,0,255,0,255,0,0,0,0,0,0,0,0,0,0,0,4,1,0,0,0,0,0,0,0,0,0,0,-1,-1,2100,2010,-1,-1,-1,-1,-1,-1,-1,-1,-1,-1,-1,-1,-1,-1,-1,-1,-1,-1,-1,-1,-1,-1,-1,-1,-1,-1,-1,-1,0,0,0,0,0,0,0,0,0,0,0,0,-1,-1,-1,-1,-1,-1,-1,-1,-1,-1,-1,-1,-1,-1,-1,-1,-1,-1,-1,-1,-1,-1,-1,-1,0,0,0,0,0,0,0,0,0,0,0,0,0,0,0,0,0,0,0,0,0,0,0,0,255,139,139,95,0,0,0,0,0,0,0,50,50,100,100,0,0,50,-1,0,100,150,0,1,1,-1,0,0,300,0,[0|0|0],20,0,0,[0|0|0|0|0|0|0|0|0|0]
6700119,Light Greatsword - Default Attack,0.3,0,0,0,1.5,0.04,6906,-1,-1,1665,-1,120,0,-1,-1,100,0,-1,-1,0,100,100,100,100,100,200,100,100,100,0,0,0,0,0,0,0,0,0,0,0,20,0,0,0,0,0,0,0,0,0,0,0,2,2,0,3,255,0,255,0,255,0,0,0,0,0,0,0,0,0,0,0,1,1,0,0,0,0,0,0,0,0,0,0,-1,-1,2100,2010,-1,-1,-1,-1,-1,-1,-1,-1,-1,-1,-1,-1,-1,-1,-1,-1,-1,-1,-1,-1,-1,-1,-1,-1,-1,-1,-1,-1,0,0,0,0,0,0,0,0,0,0,0,0,-1,-1,-1,-1,-1,-1,-1,-1,-1,-1,-1,-1,-1,-1,-1,-1,-1,-1,-1,-1,-1,-1,-1,-1,0,0,0,0,0,0,0,0,0,0,0,0,0,0,0,0,0,0,0,0,0,0,0,0,255,139,139,100,0,0,0,0,0,0,0,100,100,100,100,0,0,100,-1,0,100,150,0,1,1,-1,0,0,300,0,[0|0|0],20,0,0,[0|0|0|0|0|0|0|0|0|0]
6700120,Light Greatsword - Default Attack,0.3,0.1,0,0,1.9,0.08,6903,-1,-1,1665,-1,120,120,-1,-1,100,110,-1,-1,0,105,105,105,105,120,120,100,100,122,0,0,0,0,0,0,0,0,0,0,0,20,0,0,0,0,2,0,0,0,0,0,0,1,0,0,3,255,0,255,0,255,0,0,0,0,0,0,0,0,0,0,0,2,1,0,0,0,0,0,0,0,0,0,0,-1,-1,2100,2010,-1,-1,-1,-1,-1,-1,-1,-1,-1,-1,-1,-1,-1,-1,-1,-1,-1,-1,-1,-1,-1,-1,-1,-1,-1,-1,-1,-1,0,0,0,0,0,0,0,0,0,0,0,0,-1,-1,-1,-1,-1,-1,-1,-1,-1,-1,-1,-1,-1,-1,-1,-1,-1,-1,-1,-1,-1,-1,-1,-1,0,0,0,0,0,0,0,0,0,0,0,0,0,0,0,0,0,0,0,0,0,0,0,0,255,139,139,105,0,0,0,0,0,0,0,100,100,100,100,0,0,100,-1,0,100,110,0,1,1,-1,0,0,100,0,[0|0|0],20,0,0,[0|0|0|0|0|0|0|0|0|0]
6700123,Light Greatsword - Default Attack,0.3,0,0,0,1.9,0.08,6903,-1,-1,1665,-1,120,0,-1,-1,100,0,-1,-1,0,105,105,105,105,120,120,100,100,122,0,0,0,0,0,0,0,0,0,0,0,20,0,0,0,0,0,0,0,0,0,0,0,1,2,0,3,255,0,255,0,255,0,0,0,0,0,0,0,0,0,0,0,2,1,0,0,0,0,0,0,0,0,0,0,-1,-1,2100,2010,-1,-1,-1,-1,-1,-1,-1,-1,-1,-1,-1,-1,-1,-1,-1,-1,-1,-1,-1,-1,-1,-1,-1,-1,-1,-1,-1,-1,0,0,0,0,0,0,0,0,0,0,0,0,-1,-1,-1,-1,-1,-1,-1,-1,-1,-1,-1,-1,-1,-1,-1,-1,-1,-1,-1,-1,-1,-1,-1,-1,0,0,0,0,0,0,0,0,0,0,0,0,0,0,0,0,0,0,0,0,0,0,0,0,255,139,139,105,0,0,0,0,0,0,0,100,100,100,100,0,0,100,-1,0,100,110,0,1,1,-1,0,0,100,0,[0|0|0],20,0,0,[0|0|0|0|0|0|0|0|0|0]
6700125,Light Greatsword - Default Attack,0.3,0.1,0,0,1.75,0.04,6904,-1,-1,-1,-1,120,120,-1,-1,100,110,-1,-1,0,70,70,70,70,75,200,100,100,122,0,0,0,0,0,0,0,0,0,0,0,20,0,0,0,0,2,0,0,0,0,0,0,1,0,0,3,255,0,255,0,255,0,0,0,0,0,0,0,0,0,0,0,4,1,0,0,0,0,0,0,0,9,0,0,-1,-1,2100,2010,-1,-1,-1,-1,-1,-1,-1,-1,-1,-1,-1,-1,-1,-1,-1,-1,-1,-1,-1,-1,-1,-1,-1,-1,-1,-1,-1,-1,0,0,0,0,0,0,0,0,0,0,0,0,-1,-1,-1,-1,-1,-1,-1,-1,-1,-1,-1,-1,-1,-1,-1,-1,-1,-1,-1,-1,-1,-1,-1,-1,0,0,0,0,0,0,0,0,0,0,0,0,0,0,0,0,0,0,0,0,0,0,0,0,255,139,139,70,0,0,0,0,0,0,0,50,50,100,100,0,0,50,-1,0,100,130,0,1,1,-1,0,0,100,0,[0|0|0],20,0,0,[0|0|0|0|0|0|0|0|0|0]
6700126,Light Greatsword - Default Attack,0.3,0.1,0,0,1.3,0.04,6904,-1,-1,1665,-1,120,120,-1,-1,100,110,-1,-1,0,95,95,95,95,75,200,100,100,122,0,0,0,0,0,0,0,0,0,0,0,20,0,0,0,0,2,0,0,0,0,0,0,1,0,0,2,255,0,255,0,255,0,0,0,0,0,0,0,0,0,0,0,0,1,0,0,0,0,0,0,0,0,0,0,-1,-1,2100,2010,-1,-1,-1,-1,-1,-1,-1,-1,-1,-1,-1,-1,-1,-1,-1,-1,-1,-1,-1,-1,-1,-1,-1,-1,-1,-1,-1,-1,0,0,0,0,0,0,0,0,0,0,0,0,-1,-1,-1,-1,-1,-1,-1,-1,-1,-1,-1,-1,-1,-1,-1,-1,-1,-1,-1,-1,-1,-1,-1,-1,0,0,0,0,0,0,0,0,0,0,0,0,0,0,0,0,0,0,0,0,0,0,0,0,255,139,139,95,0,0,0,0,0,0,0,100,100,100,100,0,0,100,-1,0,100,130,0,1,1,-1,0,0,100,0,[0|0|0],20,0,0,[0|0|0|0|0|0|0|0|0|0]
6700128,Light Greatsword - Default Attack,0.3,0,0,0,1.75,0.08,6904,-1,-1,1665,-1,120,0,-1,-1,100,0,-1,-1,0,95,95,95,95,75,200,100,100,122,0,0,0,0,0,0,0,0,0,0,0,20,0,0,0,0,0,0,0,0,0,0,0,1,2,0,2,255,0,255,0,255,0,0,0,0,0,0,0,0,0,0,0,4,1,0,0,0,0,0,0,0,0,0,0,-1,-1,2100,2010,-1,-1,-1,-1,-1,-1,-1,-1,-1,-1,-1,-1,-1,-1,-1,-1,-1,-1,-1,-1,-1,-1,-1,-1,-1,-1,-1,-1,0,0,0,0,0,0,0,0,0,0,0,0,-1,-1,-1,-1,-1,-1,-1,-1,-1,-1,-1,-1,-1,-1,-1,-1,-1,-1,-1,-1,-1,-1,-1,-1,0,0,0,0,0,0,0,0,0,0,0,0,0,0,0,0,0,0,0,0,0,0,0,0,255,139,139,95,0,0,0,0,0,0,0,50,50,100,100,0,0,50,-1,0,100,130,0,1,1,-1,0,0,100,0,[0|0|0],20,0,0,[0|0|0|0|0|0|0|0|0|0]
6700130,Light Greatsword - Default Attack,0.3,0.1,0,0,0.85,0.08,6903,-1,-1,1665,-1,120,120,-1,-1,100,110,-1,-1,0,90,90,90,90,110,200,100,100,121,0,0,0,0,0,0,0,0,0,0,0,20,0,0,0,0,2,0,0,0,0,0,0,1,0,0,3,255,2,255,0,255,0,0,0,0,0,0,0,0,0,0,0,4,1,0,0,0,0,0,0,0,0,0,0,-1,-1,2100,2010,-1,-1,-1,-1,-1,-1,-1,-1,-1,-1,-1,-1,-1,-1,-1,-1,-1,-1,-1,-1,-1,-1,-1,-1,-1,-1,-1,-1,0,0,0,0,0,0,0,0,0,0,0,0,-1,-1,-1,-1,-1,-1,-1,-1,-1,-1,-1,-1,-1,-1,-1,-1,-1,-1,-1,-1,-1,-1,-1,-1,0,0,0,0,0,0,0,0,0,0,0,0,0,0,0,0,0,0,0,0,0,0,0,0,255,139,139,90,0,0,0,0,0,0,0,100,100,100,100,0,0,100,-1,0,100,90,0,1,1,-1,0,0,100,0,[0|0|0],20,0,0,[0|0|0|0|0|0|0|0|0|0]
6700133,Light Greatsword - Default Attack,0.3,0.1,0,0,0.85,0.08,6903,-1,-1,1665,-1,120,120,-1,-1,100,110,-1,-1,0,90,90,90,90,110,200,100,100,121,0,0,0,0,0,0,0,0,0,0,0,20,0,0,0,0,2,0,0,0,0,0,0,1,2,0,3,255,2,255,0,255,0,0,0,0,0,0,0,0,0,0,0,4,1,0,0,0,0,0,0,0,0,0,0,-1,-1,2100,2010,-1,-1,-1,-1,-1,-1,-1,-1,-1,-1,-1,-1,-1,-1,-1,-1,-1,-1,-1,-1,-1,-1,-1,-1,-1,-1,-1,-1,0,0,0,0,0,0,0,0,0,0,0,0,-1,-1,-1,-1,-1,-1,-1,-1,-1,-1,-1,-1,-1,-1,-1,-1,-1,-1,-1,-1,-1,-1,-1,-1,0,0,0,0,0,0,0,0,0,0,0,0,0,0,0,0,0,0,0,0,0,0,0,0,255,139,139,90,0,0,0,0,0,0,0,100,100,100,100,0,0,100,-1,0,100,90,0,1,1,-1,0,0,100,0,[0|0|0],20,0,0,[0|0|0|0|0|0|0|0|0|0]
6700140,Light Greatsword - Default Attack,0.3,0.15,0,0,1.1,0.08,6903,-1,-1,1665,-1,120,120,-1,-1,100,110,-1,-1,0,90,90,90,90,110,200,100,100,121,0,0,0,0,0,0,0,0,0,0,0,20,0,0,0,0,2,0,0,0,0,0,0,1,0,0,2,255,0,255,0,255,0,0,0,0,0,0,0,0,0,0,0,0,1,0,0,0,0,0,0,0,0,0,0,-1,-1,2100,2010,-1,-1,-1,-1,-1,-1,-1,-1,-1,-1,-1,-1,-1,-1,-1,-1,-1,-1,-1,-1,-1,-1,-1,-1,-1,-1,-1,-1,0,0,0,0,0,0,0,0,0,0,0,0,-1,-1,-1,-1,-1,-1,-1,-1,-1,-1,-1,-1,-1,-1,-1,-1,-1,-1,-1,-1,-1,-1,-1,-1,0,0,0,0,0,0,0,0,0,0,0,0,0,0,0,0,0,0,0,0,0,0,0,0,255,139,139,90,0,0,0,0,0,0,0,100,100,100,100,0,0,100,-1,0,100,90,0,1,1,-1,0,0,100,0,[0|0|0],20,0,0,[0|0|0|0|0|0|0|0|0|0]
6700150,Light Greatsword - Default Attack,0.3,0.1,0,0,0.85,0.08,6903,-1,-1,1665,-1,120,120,-1,-1,100,110,-1,-1,0,107,107,107,107,100,9900,100,100,102,0,0,0,0,0,0,0,0,0,0,0,20,0,0,0,0,2,0,0,0,0,0,0,1,0,0,2,255,0,255,0,255,0,0,0,0,0,0,0,0,0,0,1,0,1,0,0,0,0,0,0,0,0,0,0,-1,-1,2100,2010,-1,-1,-1,-1,-1,-1,-1,-1,-1,-1,-1,-1,-1,-1,-1,-1,-1,-1,-1,-1,-1,-1,-1,-1,-1,-1,-1,-1,0,0,0,0,0,0,0,0,0,0,0,0,-1,-1,-1,-1,-1,-1,-1,-1,-1,-1,-1,-1,-1,-1,-1,-1,-1,-1,-1,-1,-1,-1,-1,-1,0,0,0,0,0,0,0,0,0,0,0,0,0,0,0,0,0,0,0,0,0,0,0,0,255,139,139,107,0,0,0,0,0,0,0,100,100,100,100,0,0,100,-1,0,100,130,0,1,1,-1,0,0,150,0,[0|0|0],20,0,0,[0|0|0|0|0|0|0|0|0|0]
6700160,Light Greatsword - Default Attack,0.3,0.1,0,0,0.2,0.04,6904,-1,-1,-1,-1,120,120,-1,-1,100,110,-1,-1,0,80,80,80,80,100,9900,100,100,102,0,0,0,0,0,0,0,0,0,0,0,20,0,0,0,0,2,0,0,0,0,0,0,1,0,0,3,255,0,255,0,255,0,0,0,0,0,0,0,0,0,0,1,4,1,0,0,0,0,0,0,0,9,0,0,-1,-1,2100,2010,-1,-1,-1,-1,-1,-1,-1,-1,-1,-1,-1,-1,-1,-1,-1,-1,-1,-1,-1,-1,-1,-1,-1,-1,-1,-1,-1,-1,0,0,0,0,0,0,0,0,0,0,0,0,-1,-1,-1,-1,-1,-1,-1,-1,-1,-1,-1,-1,-1,-1,-1,-1,-1,-1,-1,-1,-1,-1,-1,-1,0,0,0,0,0,0,0,0,0,0,0,0,0,0,0,0,0,0,0,0,0,0,0,0,255,139,139,80,0,0,0,0,0,0,0,50,50,100,100,0,0,50,-1,0,100,140,0,1,1,-1,0,0,200,0,[0|0|0],20,0,0,[0|0|0|0|0|0|0|0|0|0]
6700161,Light Greatsword - Default Attack,0.3,0.1,0,0,1.5,0.04,6904,-1,-1,1665,-1,120,120,-1,-1,100,110,-1,-1,0,95,95,95,95,100,9900,100,100,102,0,0,0,0,0,0,0,0,0,0,0,20,0,0,0,0,2,0,0,0,0,0,0,1,0,0,3,255,0,255,0,255,0,0,0,0,0,0,0,0,0,0,1,2,1,0,0,0,0,0,0,0,0,0,0,-1,-1,2100,2010,-1,-1,-1,-1,-1,-1,-1,-1,-1,-1,-1,-1,-1,-1,-1,-1,-1,-1,-1,-1,-1,-1,-1,-1,-1,-1,-1,-1,0,0,0,0,0,0,0,0,0,0,0,0,-1,-1,-1,-1,-1,-1,-1,-1,-1,-1,-1,-1,-1,-1,-1,-1,-1,-1,-1,-1,-1,-1,-1,-1,0,0,0,0,0,0,0,0,0,0,0,0,0,0,0,0,0,0,0,0,0,0,0,0,255,139,139,95,0,0,0,0,0,0,0,100,100,100,100,0,0,100,-1,0,100,140,0,1,1,-1,0,0,200,0,[0|0|0],20,0,0,[0|0|0|0|0|0|0|0|0|0]
6700163,Light Greatsword - Default Attack,0.3,0,0,0,0.2,0.04,6904,-1,-1,-1,-1,120,0,-1,-1,100,0,-1,-1,0,80,80,80,80,100,9900,100,100,102,0,0,0,0,0,0,0,0,0,0,0,20,0,0,0,0,0,0,0,0,0,0,0,1,2,0,3,255,0,255,0,255,0,0,0,0,0,0,0,0,0,0,1,4,1,0,0,0,0,0,0,0,9,0,0,-1,-1,2100,2010,-1,-1,-1,-1,-1,-1,-1,-1,-1,-1,-1,-1,-1,-1,-1,-1,-1,-1,-1,-1,-1,-1,-1,-1,-1,-1,-1,-1,0,0,0,0,0,0,0,0,0,0,0,0,-1,-1,-1,-1,-1,-1,-1,-1,-1,-1,-1,-1,-1,-1,-1,-1,-1,-1,-1,-1,-1,-1,-1,-1,0,0,0,0,0,0,0,0,0,0,0,0,0,0,0,0,0,0,0,0,0,0,0,0,255,139,139,80,0,0,0,0,0,0,0,50,50,100,100,0,0,50,-1,0,100,140,0,1,1,-1,0,0,200,0,[0|0|0],20,0,0,[0|0|0|0|0|0|0|0|0|0]
6700164,Light Greatsword - Default Attack,0.3,0,0,0,1.5,0.04,6904,-1,-1,1665,-1,120,0,-1,-1,100,0,-1,-1,0,95,95,95,95,100,9900,100,100,102,0,0,0,0,0,0,0,0,0,0,0,20,0,0,0,0,0,0,0,0,0,0,0,1,2,0,3,255,0,255,0,255,0,0,0,0,0,0,0,0,0,0,1,2,1,0,0,0,0,0,0,0,0,0,0,-1,-1,2100,2010,-1,-1,-1,-1,-1,-1,-1,-1,-1,-1,-1,-1,-1,-1,-1,-1,-1,-1,-1,-1,-1,-1,-1,-1,-1,-1,-1,-1,0,0,0,0,0,0,0,0,0,0,0,0,-1,-1,-1,-1,-1,-1,-1,-1,-1,-1,-1,-1,-1,-1,-1,-1,-1,-1,-1,-1,-1,-1,-1,-1,0,0,0,0,0,0,0,0,0,0,0,0,0,0,0,0,0,0,0,0,0,0,0,0,255,139,139,95,0,0,0,0,0,0,0,100,100,100,100,0,0,100,-1,0,100,140,0,1,1,-1,0,0,200,0,[0|0|0],20,0,0,[0|0|0|0|0|0|0|0|0|0]
6700180,Light Greatsword - Default Attack,0.3,0.1,0,0,1.2,0.04,-1,-1,-1,-1,-1,120,120,-1,-1,100,110,-1,-1,0,80,80,80,80,55,9900,100,60000,103,0,0,0,0,0,0,0,0,0,0,0,20,0,0,0,0,2,0,0,0,0,0,0,1,0,0,3,255,0,255,0,255,0,0,0,0,0,0,0,0,0,0,0,4,1,0,0,0,0,0,0,0,9,0,0,-1,-1,2100,2010,-1,-1,-1,-1,-1,-1,-1,-1,-1,-1,-1,-1,-1,-1,-1,-1,-1,-1,-1,-1,-1,-1,-1,-1,-1,-1,-1,-1,0,0,0,0,0,0,0,0,0,0,0,0,-1,-1,-1,-1,-1,-1,-1,-1,-1,-1,-1,-1,-1,-1,-1,-1,-1,-1,-1,-1,-1,-1,-1,-1,0,0,0,0,0,0,0,0,0,0,0,0,0,0,0,0,0,0,0,0,0,0,0,0,255,139,139,80,0,0,0,0,0,0,0,50,50,100,100,0,0,50,-1,0,100,100,0,1,1,-1,0,0,300,0,[0|0|0],20,0,0,[0|0|0|0|0|0|0|0|0|0]
6700181,Light Greatsword - Default Attack,0.3,0.1,0,0,1.4,0.04,-1,-1,-1,1665,-1,120,120,-1,-1,100,110,-1,-1,0,95,95,95,95,55,9900,100,60000,103,0,0,0,0,0,0,0,0,0,0,0,20,0,0,0,0,2,0,0,0,0,0,0,1,0,0,3,255,0,255,0,255,0,0,0,0,0,0,0,0,0,0,0,1,1,0,0,0,0,0,0,0,0,0,0,-1,-1,2100,2010,-1,-1,-1,-1,-1,-1,-1,-1,-1,-1,-1,-1,-1,-1,-1,-1,-1,-1,-1,-1,-1,-1,-1,-1,-1,-1,-1,-1,0,0,0,0,0,0,0,0,0,0,0,0,-1,-1,-1,-1,-1,-1,-1,-1,-1,-1,-1,-1,-1,-1,-1,-1,-1,-1,-1,-1,-1,-1,-1,-1,0,0,0,0,0,0,0,0,0,0,0,0,0,0,0,0,0,0,0,0,0,0,0,0,255,139,139,95,0,0,0,0,0,0,0,100,100,100,100,0,0,100,-1,0,100,100,0,1,1,-1,0,0,300,0,[0|0|0],20,0,0,[0|0|0|0|0|0|0|0|0|0]
6700183,Light Greatsword - Default Attack,0.3,0,0,0,1.2,0.04,-1,-1,-1,-1,-1,120,0,-1,-1,100,0,-1,-1,0,80,80,80,80,55,9900,100,60000,103,0,0,0,0,0,0,0,0,0,0,0,20,0,0,0,0,0,0,0,0,0,0,0,1,2,0,3,255,0,255,0,255,0,0,0,0,0,0,0,0,0,0,0,4,1,0,0,0,0,0,0,0,9,0,0,-1,-1,2100,2010,-1,-1,-1,-1,-1,-1,-1,-1,-1,-1,-1,-1,-1,-1,-1,-1,-1,-1,-1,-1,-1,-1,-1,-1,-1,-1,-1,-1,0,0,0,0,0,0,0,0,0,0,0,0,-1,-1,-1,-1,-1,-1,-1,-1,-1,-1,-1,-1,-1,-1,-1,-1,-1,-1,-1,-1,-1,-1,-1,-1,0,0,0,0,0,0,0,0,0,0,0,0,0,0,0,0,0,0,0,0,0,0,0,0,255,139,139,80,0,0,0,0,0,0,0,50,50,100,100,0,0,50,-1,0,100,100,0,1,1,-1,0,0,300,0,[0|0|0],20,0,0,[0|0|0|0|0|0|0|0|0|0]
6700184,Light Greatsword - Default Attack,0.3,0,0,0,1.4,0.04,-1,-1,-1,1665,-1,120,0,-1,-1,100,0,-1,-1,0,95,95,95,95,55,9900,100,60000,103,0,0,0,0,0,0,0,0,0,0,0,20,0,0,0,0,0,0,0,0,0,0,0,1,2,0,3,255,0,255,0,255,0,0,0,0,0,0,0,0,0,0,0,1,1,0,0,0,0,0,0,0,0,0,0,-1,-1,2100,2010,-1,-1,-1,-1,-1,-1,-1,-1,-1,-1,-1,-1,-1,-1,-1,-1,-1,-1,-1,-1,-1,-1,-1,-1,-1,-1,-1,-1,0,0,0,0,0,0,0,0,0,0,0,0,-1,-1,-1,-1,-1,-1,-1,-1,-1,-1,-1,-1,-1,-1,-1,-1,-1,-1,-1,-1,-1,-1,-1,-1,0,0,0,0,0,0,0,0,0,0,0,0,0,0,0,0,0,0,0,0,0,0,0,0,255,139,139,95,0,0,0,0,0,0,0,100,100,100,100,0,0,100,-1,0,100,100,0,1,1,-1,0,0,300,0,[0|0|0],20,0,0,[0|0|0|0|0|0|0|0|0|0]
6700200,Light Greatsword - Default Attack,0.3,0.1,0,0,0.9,0.08,6903,-1,-1,1665,1667,120,120,-1,-1,100,110,-1,-1,0,103,103,103,103,120,500,100,100,0,120,0,0,0,0,0,0,0,0,0,0,40,0,0,0,0,2,0,0,0,0,0,0,1,0,0,2,255,0,255,0,255,0,0,0,0,0,0,0,0,0,0,0,0,1,0,0,0,0,0,0,0,0,0,0,-1,-1,2100,2010,-1,-1,-1,-1,-1,-1,-1,-1,-1,-1,-1,-1,-1,-1,-1,-1,-1,-1,-1,-1,-1,-1,-1,-1,-1,-1,-1,-1,0,0,0,0,0,0,0,0,0,0,0,0,-1,-1,-1,-1,-1,-1,-1,-1,-1,-1,-1,-1,-1,-1,-1,-1,-1,-1,-1,-1,-1,-1,-1,-1,0,0,0,0,0,0,0,0,0,0,0,0,0,0,0,0,0,0,0,0,0,0,0,0,255,139,139,103,0,0,0,0,0,0,0,100,100,100,100,0,0,100,-1,0,100,100,0,1,1,-1,0,0,130,0,[0|0|0],20,0,0,[0|0|0|0|0|0|0|0|0|0]
6700210,Light Greatsword - Default Attack,0.3,0.1,0,0,1.4,0.08,6903,-1,-1,1665,1667,120,120,-1,-1,100,110,-1,-1,0,104,104,104,104,120,500,100,100,0,120,0,0,0,0,0,0,0,0,0,0,40,0,0,0,0,2,0,0,0,0,0,0,1,0,0,3,255,0,255,0,255,0,0,0,0,0,0,0,0,0,0,0,1,1,0,0,0,0,0,0,0,0,0,0,-1,-1,2100,2010,-1,-1,-1,-1,-1,-1,-1,-1,-1,-1,-1,-1,-1,-1,-1,-1,-1,-1,-1,-1,-1,-1,-1,-1,-1,-1,-1,-1,0,0,0,0,0,0,0,0,0,0,0,0,-1,-1,-1,-1,-1,-1,-1,-1,-1,-1,-1,-1,-1,-1,-1,-1,-1,-1,-1,-1,-1,-1,-1,-1,0,0,0,0,0,0,0,0,0,0,0,0,0,0,0,0,0,0,0,0,0,0,0,0,255,139,139,104,0,0,0,0,0,0,0,100,100,100,100,0,0,100,-1,0,100,100,0,1,1,-1,0,0,130,0,[0|0|0],20,0,0,[0|0|0|0|0|0|0|0|0|0]
6700213,Light Greatsword - Default Attack,0.3,0.1,0,0,1.4,0.08,6903,-1,-1,1665,1667,120,120,-1,-1,100,110,-1,-1,0,104,104,104,104,120,500,100,100,0,120,0,0,0,0,0,0,0,0,0,0,40,0,0,0,0,2,0,0,0,0,0,0,1,2,0,3,255,0,255,0,255,0,0,0,0,0,0,0,0,0,0,0,1,1,0,0,0,0,0,0,0,0,0,0,-1,-1,2100,2010,-1,-1,-1,-1,-1,-1,-1,-1,-1,-1,-1,-1,-1,-1,-1,-1,-1,-1,-1,-1,-1,-1,-1,-1,-1,-1,-1,-1,0,0,0,0,0,0,0,0,0,0,0,0,-1,-1,-1,-1,-1,-1,-1,-1,-1,-1,-1,-1,-1,-1,-1,-1,-1,-1,-1,-1,-1,-1,-1,-1,0,0,0,0,0,0,0,0,0,0,0,0,0,0,0,0,0,0,0,0,0,0,0,0,255,139,139,104,0,0,0,0,0,0,0,100,100,100,100,0,0,100,-1,0,100,100,0,1,1,-1,0,0,130,0,[0|0|0],20,0,0,[0|0|0|0|0|0|0|0|0|0]
6700220,Light Greatsword - Default Attack,0.3,0.1,0,0,1.1,0.08,6903,-1,-1,1665,1667,120,120,-1,-1,100,110,-1,-1,0,105,105,105,105,120,500,100,100,0,120,0,0,0,0,0,0,0,0,0,0,40,0,0,0,0,2,0,0,0,0,0,0,1,0,0,3,255,0,255,0,255,0,0,0,0,0,0,0,0,0,0,0,2,1,0,0,0,0,0,0,0,0,0,0,-1,-1,2100,2010,-1,-1,-1,-1,-1,-1,-1,-1,-1,-1,-1,-1,-1,-1,-1,-1,-1,-1,-1,-1,-1,-1,-1,-1,-1,-1,-1,-1,0,0,0,0,0,0,0,0,0,0,0,0,-1,-1,-1,-1,-1,-1,-1,-1,-1,-1,-1,-1,-1,-1,-1,-1,-1,-1,-1,-1,-1,-1,-1,-1,0,0,0,0,0,0,0,0,0,0,0,0,0,0,0,0,0,0,0,0,0,0,0,0,255,139,139,105,0,0,0,0,0,0,0,100,100,100,100,0,0,100,-1,0,100,105,0,1,1,-1,0,0,130,0,[0|0|0],20,0,0,[0|0|0|0|0|0|0|0|0|0]
6700223,Light Greatsword - Default Attack,0.3,0.1,0,0,1.1,0.08,6903,-1,-1,1665,1667,120,120,-1,-1,100,110,-1,-1,0,105,105,105,105,120,500,100,100,0,120,0,0,0,0,0,0,0,0,0,0,40,0,0,0,0,2,0,0,0,0,0,0,1,2,0,3,255,0,255,0,255,0,0,0,0,0,0,0,0,0,0,0,2,1,0,0,0,0,0,0,0,0,0,0,-1,-1,2100,2010,-1,-1,-1,-1,-1,-1,-1,-1,-1,-1,-1,-1,-1,-1,-1,-1,-1,-1,-1,-1,-1,-1,-1,-1,-1,-1,-1,-1,0,0,0,0,0,0,0,0,0,0,0,0,-1,-1,-1,-1,-1,-1,-1,-1,-1,-1,-1,-1,-1,-1,-1,-1,-1,-1,-1,-1,-1,-1,-1,-1,0,0,0,0,0,0,0,0,0,0,0,0,0,0,0,0,0,0,0,0,0,0,0,0,255,139,139,105,0,0,0,0,0,0,0,100,100,100,100,0,0,100,-1,0,100,105,0,1,1,-1,0,0,130,0,[0|0|0],20,0,0,[0|0|0|0|0|0|0|0|0|0]
6700230,Light Greatsword - Default Attack,0.3,0.1,0,0,1.1,0.08,6903,-1,-1,1665,1667,120,120,-1,-1,100,110,-1,-1,0,106,106,106,106,120,500,100,100,0,120,0,0,0,0,0,0,0,0,0,0,40,0,0,0,0,2,0,0,0,0,0,0,1,0,0,3,255,0,255,0,255,0,0,0,0,0,0,0,0,0,0,0,4,1,0,0,0,0,0,0,0,0,0,0,-1,-1,2100,2010,-1,-1,-1,-1,-1,-1,-1,-1,-1,-1,-1,-1,-1,-1,-1,-1,-1,-1,-1,-1,-1,-1,-1,-1,-1,-1,-1,-1,0,0,0,0,0,0,0,0,0,0,0,0,-1,-1,-1,-1,-1,-1,-1,-1,-1,-1,-1,-1,-1,-1,-1,-1,-1,-1,-1,-1,-1,-1,-1,-1,0,0,0,0,0,0,0,0,0,0,0,0,0,0,0,0,0,0,0,0,0,0,0,0,255,139,139,106,0,0,0,0,0,0,0,100,100,100,100,0,0,100,-1,0,100,105,0,1,1,-1,0,0,130,0,[0|0|0],20,0,0,[0|0|0|0|0|0|0|0|0|0]
6700240,Light Greatsword - Default Attack,0.3,0.1,0,0,1.7,0.04,6903,-1,-1,-1,-1,120,120,-1,-1,100,110,-1,-1,0,70,70,70,70,60,500,100,100,104,120,0,0,0,0,0,0,0,0,0,0,40,0,0,0,0,2,0,0,0,0,0,0,1,0,0,3,255,0,255,0,255,0,0,0,0,0,0,0,0,0,0,0,3,1,0,0,0,0,0,0,0,9,0,0,-1,-1,2100,2010,-1,-1,-1,-1,-1,-1,-1,-1,-1,-1,-1,-1,-1,-1,-1,-1,-1,-1,-1,-1,-1,-1,-1,-1,-1,-1,-1,-1,0,0,0,0,0,0,0,0,0,0,0,0,-1,-1,-1,-1,-1,-1,-1,-1,-1,-1,-1,-1,-1,-1,-1,-1,-1,-1,-1,-1,-1,-1,-1,-1,0,0,0,0,0,0,0,0,0,0,0,0,0,0,0,0,0,0,0,0,0,0,0,0,255,139,139,70,0,0,0,0,0,0,0,50,50,100,100,0,0,50,-1,0,100,115,0,1,1,-1,0,0,130,0,[0|0|0],20,0,0,[0|0|0|0|0|0|0|0|0|0]
6700241,Light Greatsword - Default Attack,0.3,0.1,0,0,1.6,0.04,6903,-1,-1,1665,1667,120,120,-1,-1,100,110,-1,-1,0,85,85,85,85,60,500,100,100,104,120,0,0,0,0,0,0,0,0,0,0,40,0,0,0,0,2,0,0,0,0,0,0,1,0,0,2,255,0,255,0,255,0,0,0,0,0,0,0,0,0,0,0,0,1,0,0,0,0,0,0,0,0,0,0,-1,-1,2100,2010,-1,-1,-1,-1,-1,-1,-1,-1,-1,-1,-1,-1,-1,-1,-1,-1,-1,-1,-1,-1,-1,-1,-1,-1,-1,-1,-1,-1,0,0,0,0,0,0,0,0,0,0,0,0,-1,-1,-1,-1,-1,-1,-1,-1,-1,-1,-1,-1,-1,-1,-1,-1,-1,-1,-1,-1,-1,-1,-1,-1,0,0,0,0,0,0,0,0,0,0,0,0,0,0,0,0,0,0,0,0,0,0,0,0,255,139,139,85,0,0,0,0,0,0,0,100,100,100,100,0,0,100,-1,0,100,115,0,1,1,-1,0,0,130,0,[0|0|0],20,0,0,[0|0|0|0|0|0|0|0|0|0]
6700243,Light Greatsword - Default Attack,0.3,0.1,0,0,1.6,0.04,6903,-1,-1,1665,1667,120,120,-1,-1,100,110,-1,-1,0,70,70,70,70,60,500,100,100,104,120,0,0,0,0,0,0,0,0,0,0,40,0,0,0,0,2,0,0,0,0,0,0,1,2,0,3,255,0,255,0,255,0,0,0,0,0,0,0,0,0,0,0,3,1,0,0,0,0,0,0,0,0,0,0,-1,-1,2100,2010,-1,-1,-1,-1,-1,-1,-1,-1,-1,-1,-1,-1,-1,-1,-1,-1,-1,-1,-1,-1,-1,-1,-1,-1,-1,-1,-1,-1,0,0,0,0,0,0,0,0,0,0,0,0,-1,-1,-1,-1,-1,-1,-1,-1,-1,-1,-1,-1,-1,-1,-1,-1,-1,-1,-1,-1,-1,-1,-1,-1,0,0,0,0,0,0,0,0,0,0,0,0,0,0,0,0,0,0,0,0,0,0,0,0,255,139,139,70,0,0,0,0,0,0,0,50,50,100,100,0,0,50,-1,0,100,115,0,1,1,-1,0,0,130,0,[0|0|0],20,0,0,[0|0|0|0|0|0|0|0|0|0]
6700300,Light Greatsword - Default Attack,0.3,0.1,0,0,1.5,0.04,6904,-1,-1,-1,-1,120,120,-1,-1,100,110,-1,-1,0,80,80,80,80,85,500,100,100,0,120,0,0,0,0,0,0,0,0,0,0,40,0,0,0,0,2,0,0,0,0,0,0,1,0,0,3,255,0,255,0,255,0,0,0,0,0,0,0,0,0,0,0,3,1,0,0,0,0,0,0,0,9,0,0,-1,-1,2100,2010,-1,-1,-1,-1,-1,-1,-1,-1,-1,-1,-1,-1,-1,-1,-1,-1,-1,-1,-1,-1,-1,-1,-1,-1,-1,-1,-1,-1,0,0,0,0,0,0,0,0,0,0,0,0,-1,-1,-1,-1,-1,-1,-1,-1,-1,-1,-1,-1,-1,-1,-1,-1,-1,-1,-1,-1,-1,-1,-1,-1,0,0,0,0,0,0,0,0,0,0,0,0,0,0,0,0,0,0,0,0,0,0,0,0,255,139,139,80,0,0,0,0,0,0,0,50,50,100,100,0,0,50,-1,0,100,130,0,1,1,-1,0,0,110,0,[0|0|0],20,0,0,[0|0|0|0|0|0|0|0|0|0]
6700301,Light Greatsword - Default Attack,0.3,0.1,0,0,1.8,0.04,6904,-1,-1,1665,1667,120,120,-1,-1,100,110,-1,-1,0,90,90,90,90,85,500,100,100,0,120,0,0,0,0,0,0,0,0,0,0,40,0,0,0,0,2,0,0,0,0,0,0,1,0,0,3,255,0,255,0,255,0,0,0,0,0,0,0,0,0,0,0,4,1,0,0,0,0,0,0,0,0,0,0,-1,-1,2100,2010,-1,-1,-1,-1,-1,-1,-1,-1,-1,-1,-1,-1,-1,-1,-1,-1,-1,-1,-1,-1,-1,-1,-1,-1,-1,-1,-1,-1,0,0,0,0,0,0,0,0,0,0,0,0,-1,-1,-1,-1,-1,-1,-1,-1,-1,-1,-1,-1,-1,-1,-1,-1,-1,-1,-1,-1,-1,-1,-1,-1,0,0,0,0,0,0,0,0,0,0,0,0,0,0,0,0,0,0,0,0,0,0,0,0,255,139,139,90,0,0,0,0,0,0,0,100,100,100,100,0,0,100,-1,0,100,130,0,1,1,-1,0,0,110,0,[0|0|0],20,0,0,[0|0|0|0|0|0|0|0|0|0]
6700304,Light Greatsword - Default Attack,0.3,0.1,0,0,1.8,0.04,6904,-1,-1,1665,1667,120,120,-1,-1,100,110,-1,-1,0,90,90,90,90,85,500,100,100,0,120,0,0,0,0,0,0,0,0,0,0,40,0,0,0,0,2,0,0,0,0,0,0,1,2,0,3,255,0,255,0,255,0,0,0,0,0,0,0,0,0,0,0,4,1,0,0,0,0,0,0,0,0,0,0,-1,-1,2100,2010,-1,-1,-1,-1,-1,-1,-1,-1,-1,-1,-1,-1,-1,-1,-1,-1,-1,-1,-1,-1,-1,-1,-1,-1,-1,-1,-1,-1,0,0,0,0,0,0,0,0,0,0,0,0,-1,-1,-1,-1,-1,-1,-1,-1,-1,-1,-1,-1,-1,-1,-1,-1,-1,-1,-1,-1,-1,-1,-1,-1,0,0,0,0,0,0,0,0,0,0,0,0,0,0,0,0,0,0,0,0,0,0,0,0,255,139,139,90,0,0,0,0,0,0,0,100,100,100,100,0,0,100,-1,0,100,130,0,1,1,-1,0,0,110,0,[0|0|0],20,0,0,[0|0|0|0|0|0|0|0|0|0]
6700305,Light Greatsword - Default Attack,0.3,0.1,0,0,1.7,0.04,6906,-1,-1,-1,-1,120,120,-1,-1,100,110,-1,-1,0,95,95,95,95,120,500,100,100,100,120,0,0,0,0,0,0,0,0,0,0,40,0,0,0,0,2,0,0,0,0,0,0,1,0,0,3,255,0,255,0,255,0,0,0,0,0,0,0,0,0,0,0,3,1,0,0,0,0,0,0,0,9,0,0,-1,-1,2100,2010,-1,-1,-1,-1,-1,-1,-1,-1,-1,-1,-1,-1,-1,-1,-1,-1,-1,-1,-1,-1,-1,-1,-1,-1,-1,-1,-1,-1,0,0,0,0,0,0,0,0,0,0,0,0,-1,-1,-1,-1,-1,-1,-1,-1,-1,-1,-1,-1,-1,-1,-1,-1,-1,-1,-1,-1,-1,-1,-1,-1,0,0,0,0,0,0,0,0,0,0,0,0,0,0,0,0,0,0,0,0,0,0,0,0,255,139,139,95,0,0,0,0,0,0,0,50,50,100,100,0,0,50,-1,0,100,150,0,1,1,-1,0,0,330,0,[0|0|0],20,0,0,[0|0|0|0|0|0|0|0|0|0]
6700306,Light Greatsword - Default Attack,0.3,0.1,0,0,1.55,0.04,6906,-1,-1,1665,1667,120,120,-1,-1,100,110,-1,-1,0,105,105,105,105,120,500,100,100,100,120,0,0,0,0,0,0,0,0,0,0,40,0,0,0,0,2,0,0,0,0,0,0,1,0,0,3,255,0,255,0,255,0,0,0,0,0,0,0,0,0,0,0,4,1,0,0,0,0,0,0,0,0,0,0,-1,-1,2100,2010,-1,-1,-1,-1,-1,-1,-1,-1,-1,-1,-1,-1,-1,-1,-1,-1,-1,-1,-1,-1,-1,-1,-1,-1,-1,-1,-1,-1,0,0,0,0,0,0,0,0,0,0,0,0,-1,-1,-1,-1,-1,-1,-1,-1,-1,-1,-1,-1,-1,-1,-1,-1,-1,-1,-1,-1,-1,-1,-1,-1,0,0,0,0,0,0,0,0,0,0,0,0,0,0,0,0,0,0,0,0,0,0,0,0,255,139,139,105,0,0,0,0,0,0,0,100,100,100,100,0,0,100,-1,0,100,150,0,1,1,-1,0,0,330,0,[0|0|0],20,0,0,[0|0|0|0|0|0|0|0|0|0]
6700309,Light Greatsword - Default Attack,0.3,0.1,0,0,1.55,0.04,6906,-1,-1,1665,1667,120,120,-1,-1,100,110,-1,-1,0,105,105,105,105,120,500,100,100,100,120,0,0,0,0,0,0,0,0,0,0,40,0,0,0,0,2,0,0,0,0,0,0,1,2,0,3,255,0,255,0,255,0,0,0,0,0,0,0,0,0,0,0,4,1,0,0,0,0,0,0,0,0,0,0,-1,-1,2100,2010,-1,-1,-1,-1,-1,-1,-1,-1,-1,-1,-1,-1,-1,-1,-1,-1,-1,-1,-1,-1,-1,-1,-1,-1,-1,-1,-1,-1,0,0,0,0,0,0,0,0,0,0,0,0,-1,-1,-1,-1,-1,-1,-1,-1,-1,-1,-1,-1,-1,-1,-1,-1,-1,-1,-1,-1,-1,-1,-1,-1,0,0,0,0,0,0,0,0,0,0,0,0,0,0,0,0,0,0,0,0,0,0,0,0,255,139,139,105,0,0,0,0,0,0,0,100,100,100,100,0,0,100,-1,0,100,150,0,1,1,-1,0,0,330,0,[0|0|0],20,0,0,[0|0|0|0|0|0|0|0|0|0]
6700310,Light Greatsword - Default Attack,0.3,0.1,0,0,0.5,0.04,6904,-1,-1,-1,-1,120,120,-1,-1,100,110,-1,-1,0,80,80,80,80,85,500,100,100,0,120,0,0,0,0,0,0,0,0,0,0,40,0,0,0,0,2,0,0,0,0,0,0,1,0,0,3,255,0,255,0,255,0,0,0,0,0,0,0,0,0,0,0,4,1,0,0,0,0,0,0,0,9,0,0,-1,-1,2100,2010,-1,-1,-1,-1,-1,-1,-1,-1,-1,-1,-1,-1,-1,-1,-1,-1,-1,-1,-1,-1,-1,-1,-1,-1,-1,-1,-1,-1,0,0,0,0,0,0,0,0,0,0,0,0,-1,-1,-1,-1,-1,-1,-1,-1,-1,-1,-1,-1,-1,-1,-1,-1,-1,-1,-1,-1,-1,-1,-1,-1,0,0,0,0,0,0,0,0,0,0,0,0,0,0,0,0,0,0,0,0,0,0,0,0,255,139,139,80,0,0,0,0,0,0,0,50,50,100,100,0,0,50,-1,0,100,130,0,1,1,-1,0,0,110,0,[0|0|0],20,0,0,[0|0|0|0|0|0|0|0|0|0]
6700311,Light Greatsword - Default Attack,0.3,0.1,0,0,1.9,0.04,6904,-1,-1,1665,1667,120,120,-1,-1,100,110,-1,-1,0,90,90,90,90,85,500,100,100,0,120,0,0,0,0,0,0,0,0,0,0,40,0,0,0,0,2,0,0,0,0,0,0,1,0,0,3,255,0,255,0,255,0,0,0,0,0,0,0,0,0,0,0,1,1,0,0,0,0,0,0,0,0,0,0,-1,-1,2100,2010,-1,-1,-1,-1,-1,-1,-1,-1,-1,-1,-1,-1,-1,-1,-1,-1,-1,-1,-1,-1,-1,-1,-1,-1,-1,-1,-1,-1,0,0,0,0,0,0,0,0,0,0,0,0,-1,-1,-1,-1,-1,-1,-1,-1,-1,-1,-1,-1,-1,-1,-1,-1,-1,-1,-1,-1,-1,-1,-1,-1,0,0,0,0,0,0,0,0,0,0,0,0,0,0,0,0,0,0,0,0,0,0,0,0,255,139,139,90,0,0,0,0,0,0,0,100,100,100,100,0,0,100,-1,0,100,130,0,1,1,-1,0,0,110,0,[0|0|0],20,0,0,[0|0|0|0|0|0|0|0|0|0]
6700313,Light Greatsword - Default Attack,0.3,0.1,0,0,0.5,0.04,6904,-1,-1,-1,-1,120,120,-1,-1,100,110,-1,-1,0,80,80,80,80,85,500,100,100,0,120,0,0,0,0,0,0,0,0,0,0,40,0,0,0,0,2,0,0,0,0,0,0,1,2,0,3,255,0,255,0,255,0,0,0,0,0,0,0,0,0,0,0,4,1,0,0,0,0,0,0,0,9,0,0,-1,-1,2100,2010,-1,-1,-1,-1,-1,-1,-1,-1,-1,-1,-1,-1,-1,-1,-1,-1,-1,-1,-1,-1,-1,-1,-1,-1,-1,-1,-1,-1,0,0,0,0,0,0,0,0,0,0,0,0,-1,-1,-1,-1,-1,-1,-1,-1,-1,-1,-1,-1,-1,-1,-1,-1,-1,-1,-1,-1,-1,-1,-1,-1,0,0,0,0,0,0,0,0,0,0,0,0,0,0,0,0,0,0,0,0,0,0,0,0,255,139,139,80,0,0,0,0,0,0,0,50,50,100,100,0,0,50,-1,0,100,130,0,1,1,-1,0,0,110,0,[0|0|0],20,0,0,[0|0|0|0|0|0|0|0|0|0]
6700314,Light Greatsword - Default Attack,0.3,0.1,0,0,1.9,0.04,6904,-1,-1,1665,1667,120,120,-1,-1,100,110,-1,-1,0,90,90,90,90,85,500,100,100,0,120,0,0,0,0,0,0,0,0,0,0,40,0,0,0,0,2,0,0,0,0,0,0,1,2,0,3,255,0,255,0,255,0,0,0,0,0,0,0,0,0,0,0,1,1,0,0,0,0,0,0,0,0,0,0,-1,-1,2100,2010,-1,-1,-1,-1,-1,-1,-1,-1,-1,-1,-1,-1,-1,-1,-1,-1,-1,-1,-1,-1,-1,-1,-1,-1,-1,-1,-1,-1,0,0,0,0,0,0,0,0,0,0,0,0,-1,-1,-1,-1,-1,-1,-1,-1,-1,-1,-1,-1,-1,-1,-1,-1,-1,-1,-1,-1,-1,-1,-1,-1,0,0,0,0,0,0,0,0,0,0,0,0,0,0,0,0,0,0,0,0,0,0,0,0,255,139,139,90,0,0,0,0,0,0,0,100,100,100,100,0,0,100,-1,0,100,130,0,1,1,-1,0,0,110,0,[0|0|0],20,0,0,[0|0|0|0|0|0|0|0|0|0]
6700315,Light Greatsword - Default Attack,0.3,0.1,0,0,1.7,0.04,6906,-1,-1,-1,-1,120,120,-1,-1,100,110,-1,-1,0,95,95,95,95,120,500,100,100,100,120,0,0,0,0,0,0,0,0,0,0,40,0,0,0,0,2,0,0,0,0,0,0,2,0,0,3,255,0,255,0,255,0,0,0,0,0,0,0,0,0,0,0,4,1,0,0,0,0,0,0,0,9,0,0,-1,-1,2100,2010,-1,-1,-1,-1,-1,-1,-1,-1,-1,-1,-1,-1,-1,-1,-1,-1,-1,-1,-1,-1,-1,-1,-1,-1,-1,-1,-1,-1,0,0,0,0,0,0,0,0,0,0,0,0,-1,-1,-1,-1,-1,-1,-1,-1,-1,-1,-1,-1,-1,-1,-1,-1,-1,-1,-1,-1,-1,-1,-1,-1,0,0,0,0,0,0,0,0,0,0,0,0,0,0,0,0,0,0,0,0,0,0,0,0,255,139,139,95,0,0,0,0,0,0,0,50,50,100,100,0,0,50,-1,0,100,150,0,1,1,-1,0,0,330,0,[0|0|0],20,0,0,[0|0|0|0|0|0|0|0|0|0]
6700316,Light Greatsword - Default Attack,0.3,0.1,0,0,1.7,0.04,6906,-1,-1,1665,1667,120,120,-1,-1,100,110,-1,-1,0,105,105,105,105,120,500,100,100,100,120,0,0,0,0,0,0,0,0,0,0,40,0,0,0,0,2,0,0,0,0,0,0,2,0,0,3,255,0,255,0,255,0,0,0,0,0,0,0,0,0,0,0,1,1,0,0,0,0,0,0,0,0,0,0,-1,-1,2100,2010,-1,-1,-1,-1,-1,-1,-1,-1,-1,-1,-1,-1,-1,-1,-1,-1,-1,-1,-1,-1,-1,-1,-1,-1,-1,-1,-1,-1,0,0,0,0,0,0,0,0,0,0,0,0,-1,-1,-1,-1,-1,-1,-1,-1,-1,-1,-1,-1,-1,-1,-1,-1,-1,-1,-1,-1,-1,-1,-1,-1,0,0,0,0,0,0,0,0,0,0,0,0,0,0,0,0,0,0,0,0,0,0,0,0,255,139,139,105,0,0,0,0,0,0,0,100,100,100,100,0,0,100,-1,0,100,150,0,1,1,-1,0,0,330,0,[0|0|0],20,0,0,[0|0|0|0|0|0|0|0|0|0]
6700318,Light Greatsword - Default Attack,0.3,0.1,0,0,1.7,0.04,6906,-1,-1,-1,-1,120,120,-1,-1,100,110,-1,-1,0,95,95,95,95,120,500,100,100,100,120,0,0,0,0,0,0,0,0,0,0,40,0,0,0,0,2,0,0,0,0,0,0,2,2,0,3,255,0,255,0,255,0,0,0,0,0,0,0,0,0,0,0,4,1,0,0,0,0,0,0,0,9,0,0,-1,-1,2100,2010,-1,-1,-1,-1,-1,-1,-1,-1,-1,-1,-1,-1,-1,-1,-1,-1,-1,-1,-1,-1,-1,-1,-1,-1,-1,-1,-1,-1,0,0,0,0,0,0,0,0,0,0,0,0,-1,-1,-1,-1,-1,-1,-1,-1,-1,-1,-1,-1,-1,-1,-1,-1,-1,-1,-1,-1,-1,-1,-1,-1,0,0,0,0,0,0,0,0,0,0,0,0,0,0,0,0,0,0,0,0,0,0,0,0,255,139,139,95,0,0,0,0,0,0,0,50,50,100,100,0,0,50,-1,0,100,150,0,1,1,-1,0,0,330,0,[0|0|0],20,0,0,[0|0|0|0|0|0|0|0|0|0]
6700319,Light Greatsword - Default Attack,0.3,0.1,0,0,1.7,0.04,6906,-1,-1,1665,1667,120,120,-1,-1,100,110,-1,-1,0,105,105,105,105,120,500,100,100,100,120,0,0,0,0,0,0,0,0,0,0,40,0,0,0,0,2,0,0,0,0,0,0,2,2,0,3,255,0,255,0,255,0,0,0,0,0,0,0,0,0,0,0,1,1,0,0,0,0,0,0,0,0,0,0,-1,-1,2100,2010,-1,-1,-1,-1,-1,-1,-1,-1,-1,-1,-1,-1,-1,-1,-1,-1,-1,-1,-1,-1,-1,-1,-1,-1,-1,-1,-1,-1,0,0,0,0,0,0,0,0,0,0,0,0,-1,-1,-1,-1,-1,-1,-1,-1,-1,-1,-1,-1,-1,-1,-1,-1,-1,-1,-1,-1,-1,-1,-1,-1,0,0,0,0,0,0,0,0,0,0,0,0,0,0,0,0,0,0,0,0,0,0,0,0,255,139,139,105,0,0,0,0,0,0,0,100,100,100,100,0,0,100,-1,0,100,150,0,1,1,-1,0,0,330,0,[0|0|0],20,0,0,[0|0|0|0|0|0|0|0|0|0]
6700320,Light Greatsword - Default Attack,0.3,0.1,0,0,1.5,0.08,6903,-1,-1,1665,1667,120,120,-1,-1,100,110,-1,-1,0,110,110,110,110,140,500,100,100,122,120,0,0,0,0,0,0,0,0,0,0,40,0,0,0,0,2,0,0,0,0,0,0,1,0,0,2,255,0,255,0,255,0,0,0,0,0,0,0,0,0,0,0,0,1,0,0,0,0,0,0,0,0,0,0,-1,-1,2100,2010,-1,-1,-1,-1,-1,-1,-1,-1,-1,-1,-1,-1,-1,-1,-1,-1,-1,-1,-1,-1,-1,-1,-1,-1,-1,-1,-1,-1,0,0,0,0,0,0,0,0,0,0,0,0,-1,-1,-1,-1,-1,-1,-1,-1,-1,-1,-1,-1,-1,-1,-1,-1,-1,-1,-1,-1,-1,-1,-1,-1,0,0,0,0,0,0,0,0,0,0,0,0,0,0,0,0,0,0,0,0,0,0,0,0,255,139,139,110,0,0,0,0,0,0,0,100,100,100,100,0,0,100,-1,0,100,110,0,1,1,-1,0,0,130,0,[0|0|0],20,0,0,[0|0|0|0|0|0|0|0|0|0]
6700325,Light Greatsword - Default Attack,0.3,0.1,0,0,1.1,0.04,6904,-1,-1,-1,-1,120,120,-1,-1,100,110,-1,-1,0,70,70,70,70,90,500,100,100,122,120,0,0,0,0,0,0,0,0,0,0,40,0,0,0,0,2,0,0,0,0,0,0,1,0,0,3,255,0,255,0,255,0,0,0,0,0,0,0,0,0,0,0,3,1,0,0,0,0,0,0,0,9,0,0,-1,-1,2100,2010,-1,-1,-1,-1,-1,-1,-1,-1,-1,-1,-1,-1,-1,-1,-1,-1,-1,-1,-1,-1,-1,-1,-1,-1,-1,-1,-1,-1,0,0,0,0,0,0,0,0,0,0,0,0,-1,-1,-1,-1,-1,-1,-1,-1,-1,-1,-1,-1,-1,-1,-1,-1,-1,-1,-1,-1,-1,-1,-1,-1,0,0,0,0,0,0,0,0,0,0,0,0,0,0,0,0,0,0,0,0,0,0,0,0,255,139,139,70,0,0,0,0,0,0,0,50,50,100,100,0,0,50,-1,0,100,130,0,1,1,-1,0,0,110,0,[0|0|0],20,0,0,[0|0|0|0|0|0|0|0|0|0]
6700326,Light Greatsword - Default Attack,0.3,0.1,0,0,1,0.04,6904,-1,-1,1665,1667,120,120,-1,-1,100,110,-1,-1,0,100,100,100,100,90,500,100,100,122,120,0,0,0,0,0,0,0,0,0,0,40,0,0,0,0,2,0,0,0,0,0,0,1,0,0,3,255,0,255,0,255,0,0,0,0,0,0,0,0,0,0,0,2,1,0,0,0,0,0,0,0,0,0,0,-1,-1,2100,2010,-1,-1,-1,-1,-1,-1,-1,-1,-1,-1,-1,-1,-1,-1,-1,-1,-1,-1,-1,-1,-1,-1,-1,-1,-1,-1,-1,-1,0,0,0,0,0,0,0,0,0,0,0,0,-1,-1,-1,-1,-1,-1,-1,-1,-1,-1,-1,-1,-1,-1,-1,-1,-1,-1,-1,-1,-1,-1,-1,-1,0,0,0,0,0,0,0,0,0,0,0,0,0,0,0,0,0,0,0,0,0,0,0,0,255,139,139,100,0,0,0,0,0,0,0,100,100,100,100,0,0,100,-1,0,100,130,0,1,1,-1,0,0,110,0,[0|0|0],20,0,0,[0|0|0|0|0|0|0|0|0|0]
6700329,Light Greatsword - Default Attack,0.3,0.1,0,0,1,0.04,6904,-1,-1,1665,1667,120,120,-1,-1,100,110,-1,-1,0,100,100,100,100,90,500,100,100,122,120,0,0,0,0,0,0,0,0,0,0,40,0,0,0,0,2,0,0,0,0,0,0,1,2,0,3,255,0,255,0,255,0,0,0,0,0,0,0,0,0,0,0,2,1,0,0,0,0,0,0,0,0,0,0,-1,-1,2100,2010,-1,-1,-1,-1,-1,-1,-1,-1,-1,-1,-1,-1,-1,-1,-1,-1,-1,-1,-1,-1,-1,-1,-1,-1,-1,-1,-1,-1,0,0,0,0,0,0,0,0,0,0,0,0,-1,-1,-1,-1,-1,-1,-1,-1,-1,-1,-1,-1,-1,-1,-1,-1,-1,-1,-1,-1,-1,-1,-1,-1,0,0,0,0,0,0,0,0,0,0,0,0,0,0,0,0,0,0,0,0,0,0,0,0,255,139,139,100,0,0,0,0,0,0,0,100,100,100,100,0,0,100,-1,0,100,130,0,1,1,-1,0,0,110,0,[0|0|0],20,0,0,[0|0|0|0|0|0|0|0|0|0]
6700330,Light Greatsword - Default Attack,0.3,0.1,0,0,1.1,0.08,6903,-1,-1,1665,1667,120,120,-1,-1,100,110,-1,-1,0,95,95,95,95,130,500,100,100,121,120,0,0,0,0,0,0,0,0,0,0,40,0,0,0,0,2,0,0,0,0,0,0,1,0,0,3,255,2,255,0,255,0,0,0,0,0,0,0,0,0,0,0,4,1,0,0,0,0,0,0,0,0,0,0,-1,-1,2100,2010,-1,-1,-1,-1,-1,-1,-1,-1,-1,-1,-1,-1,-1,-1,-1,-1,-1,-1,-1,-1,-1,-1,-1,-1,-1,-1,-1,-1,0,0,0,0,0,0,0,0,0,0,0,0,-1,-1,-1,-1,-1,-1,-1,-1,-1,-1,-1,-1,-1,-1,-1,-1,-1,-1,-1,-1,-1,-1,-1,-1,0,0,0,0,0,0,0,0,0,0,0,0,0,0,0,0,0,0,0,0,0,0,0,0,255,139,139,95,0,0,0,0,0,0,0,100,100,100,100,0,0,100,-1,0,100,90,0,1,1,-1,0,0,130,0,[0|0|0],20,0,0,[0|0|0|0|0|0|0|0|0|0]
6700333,Light Greatsword - Default Attack,0.3,0.1,0,0,1.1,0.08,6903,-1,-1,1665,1667,120,120,-1,-1,100,110,-1,-1,0,95,95,95,95,130,500,100,100,121,120,0,0,0,0,0,0,0,0,0,0,40,0,0,0,0,2,0,0,0,0,0,0,1,2,0,3,255,2,255,0,255,0,0,0,0,0,0,0,0,0,0,0,4,1,0,0,0,0,0,0,0,0,0,0,-1,-1,2100,2010,-1,-1,-1,-1,-1,-1,-1,-1,-1,-1,-1,-1,-1,-1,-1,-1,-1,-1,-1,-1,-1,-1,-1,-1,-1,-1,-1,-1,0,0,0,0,0,0,0,0,0,0,0,0,-1,-1,-1,-1,-1,-1,-1,-1,-1,-1,-1,-1,-1,-1,-1,-1,-1,-1,-1,-1,-1,-1,-1,-1,0,0,0,0,0,0,0,0,0,0,0,0,0,0,0,0,0,0,0,0,0,0,0,0,255,139,139,95,0,0,0,0,0,0,0,100,100,100,100,0,0,100,-1,0,100,90,0,1,1,-1,0,0,130,0,[0|0|0],20,0,0,[0|0|0|0|0|0|0|0|0|0]
6700340,Light Greatsword - Default Attack,0.3,0.1,0,0,1.25,0.08,6903,-1,-1,1665,1667,120,120,-1,-1,100,110,-1,-1,0,95,95,95,95,130,500,100,100,121,120,0,0,0,0,0,0,0,0,0,0,40,0,0,0,0,2,0,0,0,0,0,0,1,0,0,3,255,0,255,0,255,0,0,0,0,0,0,0,0,0,0,0,2,1,0,0,0,0,0,0,0,0,0,0,-1,-1,2100,2010,-1,-1,-1,-1,-1,-1,-1,-1,-1,-1,-1,-1,-1,-1,-1,-1,-1,-1,-1,-1,-1,-1,-1,-1,-1,-1,-1,-1,0,0,0,0,0,0,0,0,0,0,0,0,-1,-1,-1,-1,-1,-1,-1,-1,-1,-1,-1,-1,-1,-1,-1,-1,-1,-1,-1,-1,-1,-1,-1,-1,0,0,0,0,0,0,0,0,0,0,0,0,0,0,0,0,0,0,0,0,0,0,0,0,255,139,139,95,0,0,0,0,0,0,0,100,100,100,100,0,0,100,-1,0,100,90,0,1,1,-1,0,0,130,0,[0|0|0],20,0,0,[0|0|0|0|0|0|0|0|0|0]
6700343,Light Greatsword - Default Attack,0.3,0.1,0,0,1.25,0.08,6903,-1,-1,1665,1667,120,120,-1,-1,100,110,-1,-1,0,95,95,95,95,130,500,100,100,121,120,0,0,0,0,0,0,0,0,0,0,40,0,0,0,0,2,0,0,0,0,0,0,1,2,0,3,255,0,255,0,255,0,0,0,0,0,0,0,0,0,0,0,2,1,0,0,0,0,0,0,0,0,0,0,-1,-1,2100,2010,-1,-1,-1,-1,-1,-1,-1,-1,-1,-1,-1,-1,-1,-1,-1,-1,-1,-1,-1,-1,-1,-1,-1,-1,-1,-1,-1,-1,0,0,0,0,0,0,0,0,0,0,0,0,-1,-1,-1,-1,-1,-1,-1,-1,-1,-1,-1,-1,-1,-1,-1,-1,-1,-1,-1,-1,-1,-1,-1,-1,0,0,0,0,0,0,0,0,0,0,0,0,0,0,0,0,0,0,0,0,0,0,0,0,255,139,139,95,0,0,0,0,0,0,0,100,100,100,100,0,0,100,-1,0,100,90,0,1,1,-1,0,0,130,0,[0|0|0],20,0,0,[0|0|0|0|0|0|0|0|0|0]
6700350,Light Greatsword - Default Attack,0.3,0.1,0,0,0.8,0.08,6903,-1,-1,1665,1667,120,120,-1,-1,100,110,-1,-1,0,112,112,112,112,120,9900,100,100,102,120,0,0,0,0,0,0,0,0,0,0,40,0,0,0,0,2,0,0,0,0,0,0,1,0,0,2,255,0,255,0,255,0,0,0,0,0,0,0,0,0,0,1,0,1,0,0,0,0,0,0,0,0,0,0,-1,-1,2100,2010,-1,-1,-1,-1,-1,-1,-1,-1,-1,-1,-1,-1,-1,-1,-1,-1,-1,-1,-1,-1,-1,-1,-1,-1,-1,-1,-1,-1,0,0,0,0,0,0,0,0,0,0,0,0,-1,-1,-1,-1,-1,-1,-1,-1,-1,-1,-1,-1,-1,-1,-1,-1,-1,-1,-1,-1,-1,-1,-1,-1,0,0,0,0,0,0,0,0,0,0,0,0,0,0,0,0,0,0,0,0,0,0,0,0,255,139,139,112,0,0,0,0,0,0,0,100,100,100,100,0,0,100,-1,0,100,130,0,1,1,-1,0,0,195,0,[0|0|0],20,0,0,[0|0|0|0|0|0|0|0|0|0]
6700360,Light Greatsword - Default Attack,0.3,0.1,0,0,0.35,0.04,6904,-1,-1,-1,-1,120,120,-1,-1,100,110,-1,-1,0,80,80,80,80,120,9900,100,100,102,120,0,0,0,0,0,0,0,0,0,0,40,0,0,0,0,2,0,0,0,0,0,0,1,0,0,3,255,0,255,0,255,0,0,0,0,0,0,0,0,0,0,1,2,1,0,0,0,0,0,0,0,9,0,0,-1,-1,2100,2010,-1,-1,-1,-1,-1,-1,-1,-1,-1,-1,-1,-1,-1,-1,-1,-1,-1,-1,-1,-1,-1,-1,-1,-1,-1,-1,-1,-1,0,0,0,0,0,0,0,0,0,0,0,0,-1,-1,-1,-1,-1,-1,-1,-1,-1,-1,-1,-1,-1,-1,-1,-1,-1,-1,-1,-1,-1,-1,-1,-1,0,0,0,0,0,0,0,0,0,0,0,0,0,0,0,0,0,0,0,0,0,0,0,0,255,139,139,80,0,0,0,0,0,0,0,50,50,100,100,0,0,50,-1,0,100,140,0,1,1,-1,0,0,220,0,[0|0|0],20,0,0,[0|0|0|0|0|0|0|0|0|0]
6700361,Light Greatsword - Default Attack,0.3,0.1,0,0,1.6,0.04,6904,-1,-1,1665,1667,120,120,-1,-1,100,110,-1,-1,0,100,100,100,100,120,9900,100,100,102,120,0,0,0,0,0,0,0,0,0,0,40,0,0,0,0,2,0,0,0,0,0,0,1,0,0,3,255,0,255,0,255,0,0,0,0,0,0,0,0,0,0,1,1,1,0,0,0,0,0,0,0,0,0,0,-1,-1,2100,2010,-1,-1,-1,-1,-1,-1,-1,-1,-1,-1,-1,-1,-1,-1,-1,-1,-1,-1,-1,-1,-1,-1,-1,-1,-1,-1,-1,-1,0,0,0,0,0,0,0,0,0,0,0,0,-1,-1,-1,-1,-1,-1,-1,-1,-1,-1,-1,-1,-1,-1,-1,-1,-1,-1,-1,-1,-1,-1,-1,-1,0,0,0,0,0,0,0,0,0,0,0,0,0,0,0,0,0,0,0,0,0,0,0,0,255,139,139,100,0,0,0,0,0,0,0,100,100,100,100,0,0,100,-1,0,100,140,0,1,1,-1,0,0,220,0,[0|0|0],20,0,0,[0|0|0|0|0|0|0|0|0|0]
6700363,Light Greatsword - Default Attack,0.3,0.1,0,0,0.35,0.04,6904,-1,-1,-1,-1,120,120,-1,-1,100,110,-1,-1,0,80,80,80,80,120,9900,100,100,102,120,0,0,0,0,0,0,0,0,0,0,40,0,0,0,0,2,0,0,0,0,0,0,1,2,0,3,255,0,255,0,255,0,0,0,0,0,0,0,0,0,0,1,2,1,0,0,0,0,0,0,0,0,0,0,-1,-1,2100,2010,-1,-1,-1,-1,-1,-1,-1,-1,-1,-1,-1,-1,-1,-1,-1,-1,-1,-1,-1,-1,-1,-1,-1,-1,-1,-1,-1,-1,0,0,0,0,0,0,0,0,0,0,0,0,-1,-1,-1,-1,-1,-1,-1,-1,-1,-1,-1,-1,-1,-1,-1,-1,-1,-1,-1,-1,-1,-1,-1,-1,0,0,0,0,0,0,0,0,0,0,0,0,0,0,0,0,0,0,0,0,0,0,0,0,255,139,139,80,0,0,0,0,0,0,0,50,50,100,100,0,0,50,-1,0,100,140,0,1,1,-1,0,0,220,0,[0|0|0],20,0,0,[0|0|0|0|0|0|0|0|0|0]
6700364,Light Greatsword - Default Attack,0.3,0.1,0,0,1.6,0.04,6904,-1,-1,1665,1667,120,120,-1,-1,100,110,-1,-1,0,100,100,100,100,120,9900,100,100,102,120,0,0,0,0,0,0,0,0,0,0,40,0,0,0,0,2,0,0,0,0,0,0,1,2,0,3,255,0,255,0,255,0,0,0,0,0,0,0,0,0,0,1,1,1,0,0,0,0,0,0,0,0,0,0,-1,-1,2100,2010,-1,-1,-1,-1,-1,-1,-1,-1,-1,-1,-1,-1,-1,-1,-1,-1,-1,-1,-1,-1,-1,-1,-1,-1,-1,-1,-1,-1,0,0,0,0,0,0,0,0,0,0,0,0,-1,-1,-1,-1,-1,-1,-1,-1,-1,-1,-1,-1,-1,-1,-1,-1,-1,-1,-1,-1,-1,-1,-1,-1,0,0,0,0,0,0,0,0,0,0,0,0,0,0,0,0,0,0,0,0,0,0,0,0,255,139,139,100,0,0,0,0,0,0,0,100,100,100,100,0,0,100,-1,0,100,140,0,1,1,-1,0,0,220,0,[0|0|0],20,0,0,[0|0|0|0|0|0|0|0|0|0]
6700380,Light Greatsword - Default Attack,0.3,0.1,0,0,1.5,0.04,-1,-1,-1,-1,-1,120,120,-1,-1,100,110,-1,-1,0,80,80,80,80,65,9900,100,60000,103,120,0,0,0,0,0,0,0,0,0,0,40,0,0,0,0,2,0,0,0,0,0,0,1,0,0,3,255,0,255,0,255,0,0,0,0,0,0,0,0,0,0,0,3,1,0,0,0,0,0,0,0,9,0,0,-1,-1,2100,2010,-1,-1,-1,-1,-1,-1,-1,-1,-1,-1,-1,-1,-1,-1,-1,-1,-1,-1,-1,-1,-1,-1,-1,-1,-1,-1,-1,-1,0,0,0,0,0,0,0,0,0,0,0,0,-1,-1,-1,-1,-1,-1,-1,-1,-1,-1,-1,-1,-1,-1,-1,-1,-1,-1,-1,-1,-1,-1,-1,-1,0,0,0,0,0,0,0,0,0,0,0,0,0,0,0,0,0,0,0,0,0,0,0,0,255,139,139,80,0,0,0,0,0,0,0,50,50,100,100,0,0,50,-1,0,100,100,0,1,1,-1,0,0,330,0,[0|0|0],20,0,0,[0|0|0|0|0|0|0|0|0|0]
6700381,Light Greatsword - Default Attack,0.3,0.1,0,0,1.4,0.04,-1,-1,-1,1665,1667,120,120,-1,-1,100,110,-1,-1,0,100,100,100,100,65,9900,100,60000,103,120,0,0,0,0,0,0,0,0,0,0,40,0,0,0,0,2,0,0,0,0,0,0,1,0,0,3,255,0,255,0,255,0,0,0,0,0,0,0,0,0,0,0,4,1,0,0,0,0,0,0,0,0,0,0,-1,-1,2100,2010,-1,-1,-1,-1,-1,-1,-1,-1,-1,-1,-1,-1,-1,-1,-1,-1,-1,-1,-1,-1,-1,-1,-1,-1,-1,-1,-1,-1,0,0,0,0,0,0,0,0,0,0,0,0,-1,-1,-1,-1,-1,-1,-1,-1,-1,-1,-1,-1,-1,-1,-1,-1,-1,-1,-1,-1,-1,-1,-1,-1,0,0,0,0,0,0,0,0,0,0,0,0,0,0,0,0,0,0,0,0,0,0,0,0,255,139,139,100,0,0,0,0,0,0,0,100,100,100,100,0,0,100,-1,0,100,100,0,1,1,-1,0,0,330,0,[0|0|0],20,0,0,[0|0|0|0|0|0|0|0|0|0]
6700383,Light Greatsword - Default Attack,0.3,0.1,0,0,1.2,0.04,-1,-1,-1,-1,-1,120,120,-1,-1,100,110,-1,-1,0,80,80,80,80,65,9900,100,60000,103,120,0,0,0,0,0,0,0,0,0,0,40,0,0,0,0,2,0,0,0,0,0,0,1,2,0,3,255,0,255,0,255,0,0,0,0,0,0,0,0,0,0,0,3,1,0,0,0,0,0,0,0,9,0,0,-1,-1,2100,2010,-1,-1,-1,-1,-1,-1,-1,-1,-1,-1,-1,-1,-1,-1,-1,-1,-1,-1,-1,-1,-1,-1,-1,-1,-1,-1,-1,-1,0,0,0,0,0,0,0,0,0,0,0,0,-1,-1,-1,-1,-1,-1,-1,-1,-1,-1,-1,-1,-1,-1,-1,-1,-1,-1,-1,-1,-1,-1,-1,-1,0,0,0,0,0,0,0,0,0,0,0,0,0,0,0,0,0,0,0,0,0,0,0,0,255,139,139,80,0,0,0,0,0,0,0,50,50,100,100,0,0,50,-1,0,100,100,0,1,1,-1,0,0,330,0,[0|0|0],20,0,0,[0|0|0|0|0|0|0|0|0|0]
6700384,Light Greatsword - Default Attack,0.3,0.1,0,0,1.4,0.04,-1,-1,-1,1665,1667,120,120,-1,-1,100,110,-1,-1,0,100,100,100,100,65,9900,100,60000,103,120,0,0,0,0,0,0,0,0,0,0,40,0,0,0,0,2,0,0,0,0,0,0,1,2,0,3,255,0,255,0,255,0,0,0,0,0,0,0,0,0,0,0,4,1,0,0,0,0,0,0,0,0,0,0,-1,-1,2100,2010,-1,-1,-1,-1,-1,-1,-1,-1,-1,-1,-1,-1,-1,-1,-1,-1,-1,-1,-1,-1,-1,-1,-1,-1,-1,-1,-1,-1,0,0,0,0,0,0,0,0,0,0,0,0,-1,-1,-1,-1,-1,-1,-1,-1,-1,-1,-1,-1,-1,-1,-1,-1,-1,-1,-1,-1,-1,-1,-1,-1,0,0,0,0,0,0,0,0,0,0,0,0,0,0,0,0,0,0,0,0,0,0,0,0,255,139,139,100,0,0,0,0,0,0,0,100,100,100,100,0,0,100,-1,0,100,100,0,1,1,-1,0,0,330,0,[0|0|0],20,0,0,[0|0|0|0|0|0|0|0|0|0]
6700400,Light Greatsword - Default Attack,0.3,0.1,0,0,1.15,0.08,6903,-1,-1,-1,1667,120,120,-1,-1,100,110,-1,-1,0,100,100,100,100,100,100,100,100,0,0,0,0,0,0,0,0,0,0,0,0,20,0,0,0,0,2,0,0,0,0,0,0,1,0,0,2,255,0,255,0,255,0,0,0,0,0,0,0,0,0,0,0,0,1,0,0,0,0,0,0,0,0,0,0,-1,-1,2100,2010,-1,-1,-1,-1,-1,-1,-1,-1,-1,-1,-1,-1,-1,-1,-1,-1,-1,-1,-1,-1,-1,-1,-1,-1,-1,-1,-1,-1,0,0,0,0,0,0,0,0,0,0,0,0,-1,-1,-1,-1,-1,-1,-1,-1,-1,-1,-1,-1,-1,-1,-1,-1,-1,-1,-1,-1,-1,-1,-1,-1,0,0,0,0,0,0,0,0,0,0,0,0,0,0,0,0,0,0,0,0,0,0,0,0,255,139,139,100,0,0,0,0,0,0,0,100,100,100,100,0,0,100,-1,0,100,100,0,1,1,-1,0,0,100,0,[0|0|0],20,0,0,[0|0|0|0|0|0|0|0|0|0]
6700410,Light Greatsword - Default Attack,0.3,0.1,0,0,1,0.08,6903,-1,-1,-1,1667,120,120,-1,-1,100,110,-1,-1,0,101,101,101,101,100,100,100,100,0,0,0,0,0,0,0,0,0,0,0,0,20,0,0,0,0,2,0,0,0,0,0,0,1,0,0,3,255,0,255,0,255,0,0,0,0,0,0,0,0,0,0,0,1,1,0,0,0,0,0,0,0,0,0,0,-1,-1,2100,2010,-1,-1,-1,-1,-1,-1,-1,-1,-1,-1,-1,-1,-1,-1,-1,-1,-1,-1,-1,-1,-1,-1,-1,-1,-1,-1,-1,-1,0,0,0,0,0,0,0,0,0,0,0,0,-1,-1,-1,-1,-1,-1,-1,-1,-1,-1,-1,-1,-1,-1,-1,-1,-1,-1,-1,-1,-1,-1,-1,-1,0,0,0,0,0,0,0,0,0,0,0,0,0,0,0,0,0,0,0,0,0,0,0,0,255,139,139,101,0,0,0,0,0,0,0,100,100,100,100,0,0,100,-1,0,100,100,0,1,1,-1,0,0,100,0,[0|0|0],20,0,0,[0|0|0|0|0|0|0|0|0|0]
6700413,Light Greatsword - Default Attack,0.3,0.1,0,0,1,0.08,6903,-1,-1,-1,1667,120,120,-1,-1,100,110,-1,-1,0,101,101,101,101,100,100,100,100,0,0,0,0,0,0,0,0,0,0,0,0,20,0,0,0,0,2,0,0,0,0,0,0,1,2,0,3,255,0,255,0,255,0,0,0,0,0,0,0,0,0,0,0,1,1,0,0,0,0,0,0,0,0,0,0,-1,-1,2100,2010,-1,-1,-1,-1,-1,-1,-1,-1,-1,-1,-1,-1,-1,-1,-1,-1,-1,-1,-1,-1,-1,-1,-1,-1,-1,-1,-1,-1,0,0,0,0,0,0,0,0,0,0,0,0,-1,-1,-1,-1,-1,-1,-1,-1,-1,-1,-1,-1,-1,-1,-1,-1,-1,-1,-1,-1,-1,-1,-1,-1,0,0,0,0,0,0,0,0,0,0,0,0,0,0,0,0,0,0,0,0,0,0,0,0,255,139,139,101,0,0,0,0,0,0,0,100,100,100,100,0,0,100,-1,0,100,100,0,1,1,-1,0,0,100,0,[0|0|0],20,0,0,[0|0|0|0|0|0|0|0|0|0]
6700420,Light Greatsword - Default Attack,0.3,0.1,0,0,1.6,0.08,6903,-1,-1,-1,1667,120,120,-1,-1,100,110,-1,-1,0,102,102,102,102,100,100,100,100,0,0,0,0,0,0,0,0,0,0,0,0,20,0,0,0,0,2,0,0,0,0,0,0,1,0,0,3,255,0,255,0,255,0,0,0,0,0,0,0,0,0,0,0,2,1,0,0,0,0,0,0,0,0,0,0,-1,-1,2100,2010,-1,-1,-1,-1,-1,-1,-1,-1,-1,-1,-1,-1,-1,-1,-1,-1,-1,-1,-1,-1,-1,-1,-1,-1,-1,-1,-1,-1,0,0,0,0,0,0,0,0,0,0,0,0,-1,-1,-1,-1,-1,-1,-1,-1,-1,-1,-1,-1,-1,-1,-1,-1,-1,-1,-1,-1,-1,-1,-1,-1,0,0,0,0,0,0,0,0,0,0,0,0,0,0,0,0,0,0,0,0,0,0,0,0,255,139,139,102,0,0,0,0,0,0,0,100,100,100,100,0,0,100,-1,0,100,105,0,1,1,-1,0,0,100,0,[0|0|0],20,0,0,[0|0|0|0|0|0|0|0|0|0]
6700423,Light Greatsword - Default Attack,0.3,0.1,0,0,1.6,0.08,6903,-1,-1,-1,1667,120,120,-1,-1,100,110,-1,-1,0,102,102,102,102,100,100,100,100,0,0,0,0,0,0,0,0,0,0,0,0,20,0,0,0,0,2,0,0,0,0,0,0,1,2,0,3,255,0,255,0,255,0,0,0,0,0,0,0,0,0,0,0,2,1,0,0,0,0,0,0,0,0,0,0,-1,-1,2100,2010,-1,-1,-1,-1,-1,-1,-1,-1,-1,-1,-1,-1,-1,-1,-1,-1,-1,-1,-1,-1,-1,-1,-1,-1,-1,-1,-1,-1,0,0,0,0,0,0,0,0,0,0,0,0,-1,-1,-1,-1,-1,-1,-1,-1,-1,-1,-1,-1,-1,-1,-1,-1,-1,-1,-1,-1,-1,-1,-1,-1,0,0,0,0,0,0,0,0,0,0,0,0,0,0,0,0,0,0,0,0,0,0,0,0,255,139,139,102,0,0,0,0,0,0,0,100,100,100,100,0,0,100,-1,0,100,105,0,1,1,-1,0,0,100,0,[0|0|0],20,0,0,[0|0|0|0|0|0|0|0|0|0]
6700430,Light Greatsword - Default Attack,0.3,0.1,0,0,0.95,0.08,6903,-1,-1,-1,1667,120,120,-1,-1,100,110,-1,-1,0,103,103,103,103,100,100,100,100,0,0,0,0,0,0,0,0,0,0,0,0,20,0,0,0,0,2,0,0,0,0,0,0,1,0,0,3,255,0,255,0,255,0,0,0,0,0,0,0,0,0,0,0,4,1,0,0,0,0,0,0,0,0,0,0,-1,-1,2100,2010,-1,-1,-1,-1,-1,-1,-1,-1,-1,-1,-1,-1,-1,-1,-1,-1,-1,-1,-1,-1,-1,-1,-1,-1,-1,-1,-1,-1,0,0,0,0,0,0,0,0,0,0,0,0,-1,-1,-1,-1,-1,-1,-1,-1,-1,-1,-1,-1,-1,-1,-1,-1,-1,-1,-1,-1,-1,-1,-1,-1,0,0,0,0,0,0,0,0,0,0,0,0,0,0,0,0,0,0,0,0,0,0,0,0,255,139,139,103,0,0,0,0,0,0,0,100,100,100,100,0,0,100,-1,0,100,105,0,1,1,-1,0,0,100,0,[0|0|0],20,0,0,[0|0|0|0|0|0|0|0|0|0]
6700440,Light Greatsword - Default Attack,0.3,0.1,0,0,1.2,0.08,6903,-1,-1,-1,-1,120,120,-1,-1,100,110,-1,-1,0,70,70,70,70,100,100,100,100,104,0,0,0,0,0,0,0,0,0,0,0,20,0,0,0,0,2,0,0,0,0,0,0,1,0,0,3,255,0,255,0,255,0,0,0,0,0,0,0,0,0,0,0,3,1,0,0,0,0,0,0,0,9,0,0,-1,-1,2100,2010,-1,-1,-1,-1,-1,-1,-1,-1,-1,-1,-1,-1,-1,-1,-1,-1,-1,-1,-1,-1,-1,-1,-1,-1,-1,-1,-1,-1,0,0,0,0,0,0,0,0,0,0,0,0,-1,-1,-1,-1,-1,-1,-1,-1,-1,-1,-1,-1,-1,-1,-1,-1,-1,-1,-1,-1,-1,-1,-1,-1,0,0,0,0,0,0,0,0,0,0,0,0,0,0,0,0,0,0,0,0,0,0,0,0,255,139,139,70,0,0,0,0,0,0,0,50,50,100,100,0,0,50,-1,0,100,115,0,1,1,-1,0,0,100,0,[0|0|0],20,0,0,[0|0|0|0|0|0|0|0|0|0]
6700441,Light Greatsword - Default Attack,0.3,0.1,0,0,1.7,0.04,6903,-1,-1,-1,1667,120,120,-1,-1,100,110,-1,-1,0,80,80,80,80,100,100,100,100,104,0,0,0,0,0,0,0,0,0,0,0,20,0,0,0,0,2,0,0,0,0,0,0,1,0,0,3,255,0,255,0,255,0,0,0,0,0,0,0,0,0,0,0,1,1,0,0,0,0,0,0,0,0,0,0,-1,-1,2100,2010,-1,-1,-1,-1,-1,-1,-1,-1,-1,-1,-1,-1,-1,-1,-1,-1,-1,-1,-1,-1,-1,-1,-1,-1,-1,-1,-1,-1,0,0,0,0,0,0,0,0,0,0,0,0,-1,-1,-1,-1,-1,-1,-1,-1,-1,-1,-1,-1,-1,-1,-1,-1,-1,-1,-1,-1,-1,-1,-1,-1,0,0,0,0,0,0,0,0,0,0,0,0,0,0,0,0,0,0,0,0,0,0,0,0,255,139,139,80,0,0,0,0,0,0,0,100,100,100,100,0,0,100,-1,0,100,115,0,1,1,-1,0,0,100,0,[0|0|0],20,0,0,[0|0|0|0|0|0|0|0|0|0]
6700444,Light Greatsword - Default Attack,0.3,0.1,0,0,1.7,0.04,6903,-1,-1,-1,1667,120,120,-1,-1,100,110,-1,-1,0,80,80,80,80,100,100,100,100,104,0,0,0,0,0,0,0,0,0,0,0,20,0,0,0,0,2,0,0,0,0,0,0,1,2,0,3,255,0,255,0,255,0,0,0,0,0,0,0,0,0,0,0,1,1,0,0,0,0,0,0,0,0,0,0,-1,-1,2100,2010,-1,-1,-1,-1,-1,-1,-1,-1,-1,-1,-1,-1,-1,-1,-1,-1,-1,-1,-1,-1,-1,-1,-1,-1,-1,-1,-1,-1,0,0,0,0,0,0,0,0,0,0,0,0,-1,-1,-1,-1,-1,-1,-1,-1,-1,-1,-1,-1,-1,-1,-1,-1,-1,-1,-1,-1,-1,-1,-1,-1,0,0,0,0,0,0,0,0,0,0,0,0,0,0,0,0,0,0,0,0,0,0,0,0,255,139,139,80,0,0,0,0,0,0,0,100,100,100,100,0,0,100,-1,0,100,115,0,1,1,-1,0,0,100,0,[0|0|0],20,0,0,[0|0|0|0|0|0|0|0|0|0]
6700509,Light Greatsword - Default Attack,0.3,0,0,0,0.6,0.08,-1,-1,-1,1665,1667,100,-1,-1,-1,120,-1,-1,-1,0,100,100,100,100,100,100,100,100,0,0,0,0,0,0,0,0,0,0,0,0,20,0,0,0,0,0,0,0,0,0,0,0,1,0,0,2,255,2,255,0,255,0,0,0,0,0,0,0,0,0,0,0,0,1,0,0,0,0,0,0,0,0,0,0,-1,-1,2100,2010,-1,-1,-1,-1,-1,-1,-1,-1,-1,-1,-1,-1,-1,-1,-1,-1,-1,-1,-1,-1,-1,-1,-1,-1,-1,-1,-1,-1,0,0,0,0,0,0,0,0,0,0,0,0,-1,-1,-1,-1,-1,-1,-1,-1,-1,-1,-1,-1,-1,-1,-1,-1,-1,-1,-1,-1,-1,-1,-1,-1,0,0,0,0,0,0,0,0,0,0,0,0,0,0,0,0,0,0,0,0,0,0,0,0,255,139,139,100,0,0,1,1,0,0,0,100,100,100,100,0,0,100,-1,0,100,0,0,1,1,-1,0,0,0,0,[0|0|0],20,0,0,[0|0|0|0|0|0|0|0|0|0]
6700800,Light Greatsword - Default Attack,0.3,0.1,0,0,1,0.04,6903,-1,-1,1665,-1,120,120,-1,-1,100,110,-1,-1,0,92,92,92,92,90,100,100,100,0,0,0,0,0,0,0,0,0,0,0,0,20,0,0,0,0,2,0,0,0,0,0,0,1,0,0,2,255,0,255,0,255,0,0,0,0,0,0,0,0,0,0,0,0,1,0,0,0,0,0,0,0,9,0,0,-1,-1,2100,2010,-1,-1,-1,-1,-1,-1,-1,-1,-1,-1,-1,-1,-1,-1,-1,-1,-1,-1,-1,-1,-1,-1,-1,-1,-1,-1,-1,-1,0,0,0,0,0,0,0,0,0,0,0,0,-1,-1,-1,-1,-1,-1,-1,-1,-1,-1,-1,-1,-1,-1,-1,-1,-1,-1,-1,-1,-1,-1,-1,-1,0,0,0,0,0,0,0,0,0,0,0,0,0,0,0,0,0,0,0,0,0,0,0,0,255,139,139,92,0,0,0,0,0,0,0,65,90,100,100,0,0,100,-1,0,100,100,0,1,1,-1,0,0,60,0,[0|0|0],20,0,0,[0|0|0|0|0|0|0|0|0|0]
6700805,Light Greatsword - Default Attack,0.3,0.1,0,0,1.5,0.04,6903,-1,-1,-1,1667,120,120,-1,-1,100,110,-1,-1,0,92,92,92,92,90,100,100,100,0,0,0,0,0,0,0,0,0,0,0,0,20,0,0,0,0,2,0,0,0,0,0,0,1,0,0,2,255,0,255,0,255,0,0,0,0,0,0,0,0,0,0,0,0,1,0,0,0,0,0,0,0,0,0,0,-1,-1,2100,2010,-1,-1,-1,-1,-1,-1,-1,-1,-1,-1,-1,-1,-1,-1,-1,-1,-1,-1,-1,-1,-1,-1,-1,-1,-1,-1,-1,-1,0,0,0,0,0,0,0,0,0,0,0,0,-1,-1,-1,-1,-1,-1,-1,-1,-1,-1,-1,-1,-1,-1,-1,-1,-1,-1,-1,-1,-1,-1,-1,-1,0,0,0,0,0,0,0,0,0,0,0,0,0,0,0,0,0,0,0,0,0,0,0,0,255,139,139,92,0,0,0,0,0,0,0,65,90,100,100,0,0,100,-1,0,100,100,0,1,1,-1,0,0,60,0,[0|0|0],20,0,0,[0|0|0|0|0|0|0|0|0|0]
6700810,Light Greatsword - Default Attack,0.3,0.1,0,0,1.5,0.04,6903,-1,-1,1665,-1,120,120,-1,-1,100,110,-1,-1,0,94,94,94,94,90,100,100,100,0,0,0,0,0,0,0,0,0,0,0,0,20,0,0,0,0,2,0,0,0,0,0,0,1,0,0,3,255,0,255,0,255,0,0,0,0,0,0,0,0,0,0,0,1,1,0,0,0,0,0,0,0,9,0,0,-1,-1,2100,2010,-1,-1,-1,-1,-1,-1,-1,-1,-1,-1,-1,-1,-1,-1,-1,-1,-1,-1,-1,-1,-1,-1,-1,-1,-1,-1,-1,-1,0,0,0,0,0,0,0,0,0,0,0,0,-1,-1,-1,-1,-1,-1,-1,-1,-1,-1,-1,-1,-1,-1,-1,-1,-1,-1,-1,-1,-1,-1,-1,-1,0,0,0,0,0,0,0,0,0,0,0,0,0,0,0,0,0,0,0,0,0,0,0,0,255,139,139,94,0,0,0,0,0,0,0,65,90,100,100,0,0,100,-1,0,100,100,0,1,1,-1,0,0,60,0,[0|0|0],20,0,0,[0|0|0|0|0|0|0|0|0|0]
6700813,Light Greatsword - Default Attack,0.3,0.1,0,0,1.5,0.04,6903,-1,-1,1665,-1,120,120,-1,-1,100,110,-1,-1,0,94,94,94,94,90,100,100,100,0,0,0,0,0,0,0,0,0,0,0,0,20,0,0,0,0,2,0,0,0,0,0,0,1,2,0,3,255,0,255,0,255,0,0,0,0,0,0,0,0,0,0,0,1,1,0,0,0,0,0,0,0,9,0,0,-1,-1,2100,2010,-1,-1,-1,-1,-1,-1,-1,-1,-1,-1,-1,-1,-1,-1,-1,-1,-1,-1,-1,-1,-1,-1,-1,-1,-1,-1,-1,-1,0,0,0,0,0,0,0,0,0,0,0,0,-1,-1,-1,-1,-1,-1,-1,-1,-1,-1,-1,-1,-1,-1,-1,-1,-1,-1,-1,-1,-1,-1,-1,-1,0,0,0,0,0,0,0,0,0,0,0,0,0,0,0,0,0,0,0,0,0,0,0,0,255,139,139,94,0,0,0,0,0,0,0,65,90,100,100,0,0,100,-1,0,100,100,0,1,1,-1,0,0,60,0,[0|0|0],20,0,0,[0|0|0|0|0|0|0|0|0|0]
6700815,Light Greatsword - Default Attack,0.3,0.1,0,0,1.5,0.04,6903,-1,-1,-1,1667,120,120,-1,-1,100,110,-1,-1,0,94,94,94,94,90,100,100,100,0,0,0,0,0,0,0,0,0,0,0,0,20,0,0,0,0,2,0,0,0,0,0,0,1,0,0,3,255,0,255,0,255,0,0,0,0,0,0,0,0,0,0,0,1,1,0,0,0,0,0,0,0,0,0,0,-1,-1,2100,2010,-1,-1,-1,-1,-1,-1,-1,-1,-1,-1,-1,-1,-1,-1,-1,-1,-1,-1,-1,-1,-1,-1,-1,-1,-1,-1,-1,-1,0,0,0,0,0,0,0,0,0,0,0,0,-1,-1,-1,-1,-1,-1,-1,-1,-1,-1,-1,-1,-1,-1,-1,-1,-1,-1,-1,-1,-1,-1,-1,-1,0,0,0,0,0,0,0,0,0,0,0,0,0,0,0,0,0,0,0,0,0,0,0,0,255,139,139,94,0,0,0,0,0,0,0,65,90,100,100,0,0,100,-1,0,100,100,0,1,1,-1,0,0,60,0,[0|0|0],20,0,0,[0|0|0|0|0|0|0|0|0|0]
6700819,Light Greatsword - Default Attack,0.3,0.1,0,0,1.5,0.04,6903,-1,-1,-1,1667,120,120,-1,-1,100,110,-1,-1,0,94,94,94,94,90,100,100,100,0,0,0,0,0,0,0,0,0,0,0,0,20,0,0,0,0,2,0,0,0,0,0,0,1,2,0,3,255,0,255,0,255,0,0,0,0,0,0,0,0,0,0,0,1,1,0,0,0,0,0,0,0,0,0,0,-1,-1,2100,2010,-1,-1,-1,-1,-1,-1,-1,-1,-1,-1,-1,-1,-1,-1,-1,-1,-1,-1,-1,-1,-1,-1,-1,-1,-1,-1,-1,-1,0,0,0,0,0,0,0,0,0,0,0,0,-1,-1,-1,-1,-1,-1,-1,-1,-1,-1,-1,-1,-1,-1,-1,-1,-1,-1,-1,-1,-1,-1,-1,-1,0,0,0,0,0,0,0,0,0,0,0,0,0,0,0,0,0,0,0,0,0,0,0,0,255,139,139,94,0,0,0,0,0,0,0,65,90,100,100,0,0,100,-1,0,100,100,0,1,1,-1,0,0,60,0,[0|0|0],20,0,0,[0|0|0|0|0|0|0|0|0|0]
6700820,Light Greatsword - Default Attack,0.3,0.1,0,0,0.5,0.03,6903,-1,-1,1665,-1,120,120,-1,-1,100,110,-1,-1,0,75,75,75,75,60,100,100,100,0,0,0,0,0,0,0,0,0,0,0,0,20,0,0,0,0,2,0,0,0,0,0,0,1,0,0,3,255,2,255,0,255,0,0,0,0,0,0,0,0,0,0,0,3,1,0,0,0,0,0,0,0,9,0,0,-1,-1,2100,2010,-1,-1,-1,-1,-1,-1,-1,-1,-1,-1,-1,-1,-1,-1,-1,-1,-1,-1,-1,-1,-1,-1,-1,-1,-1,-1,-1,-1,0,0,0,0,0,0,0,0,0,0,0,0,-1,-1,-1,-1,-1,-1,-1,-1,-1,-1,-1,-1,-1,-1,-1,-1,-1,-1,-1,-1,-1,-1,-1,-1,0,0,0,0,0,0,0,0,0,0,0,0,0,0,0,0,0,0,0,0,0,0,0,0,255,139,139,75,0,0,0,0,0,0,0,65,90,100,100,0,0,100,-1,0,100,105,0,1,1,-1,0,0,40,0,[0|0|0],20,0,0,[0|0|0|0|0|0|0|0|0|0]
6700823,Light Greatsword - Default Attack,0.3,0.1,0,0,0.5,0.03,6903,-1,-1,1665,-1,120,120,-1,-1,100,110,-1,-1,0,75,75,75,75,60,100,100,100,0,0,0,0,0,0,0,0,0,0,0,0,20,0,0,0,0,2,0,0,0,0,0,0,1,2,0,3,255,2,255,0,255,0,0,0,0,0,0,0,0,0,0,0,3,1,0,0,0,0,0,0,0,9,0,0,-1,-1,2100,2010,-1,-1,-1,-1,-1,-1,-1,-1,-1,-1,-1,-1,-1,-1,-1,-1,-1,-1,-1,-1,-1,-1,-1,-1,-1,-1,-1,-1,0,0,0,0,0,0,0,0,0,0,0,0,-1,-1,-1,-1,-1,-1,-1,-1,-1,-1,-1,-1,-1,-1,-1,-1,-1,-1,-1,-1,-1,-1,-1,-1,0,0,0,0,0,0,0,0,0,0,0,0,0,0,0,0,0,0,0,0,0,0,0,0,255,139,139,75,0,0,0,0,0,0,0,65,90,100,100,0,0,100,-1,0,100,105,0,1,1,-1,0,0,40,0,[0|0|0],20,0,0,[0|0|0|0|0|0|0|0|0|0]
6700825,Light Greatsword - Default Attack,0.3,0.1,0,0,0.5,0.03,6903,-1,-1,-1,-1,120,120,-1,-1,100,110,-1,-1,0,75,75,75,75,60,100,100,100,0,0,0,0,0,0,0,0,0,0,0,0,20,0,0,0,0,2,0,0,0,0,0,0,1,0,0,3,255,2,255,0,255,0,0,0,0,0,0,0,0,0,0,0,2,1,0,0,0,0,0,0,0,9,0,0,-1,-1,2100,2010,-1,-1,-1,-1,-1,-1,-1,-1,-1,-1,-1,-1,-1,-1,-1,-1,-1,-1,-1,-1,-1,-1,-1,-1,-1,-1,-1,-1,0,0,0,0,0,0,0,0,0,0,0,0,-1,-1,-1,-1,-1,-1,-1,-1,-1,-1,-1,-1,-1,-1,-1,-1,-1,-1,-1,-1,-1,-1,-1,-1,0,0,0,0,0,0,0,0,0,0,0,0,0,0,0,0,0,0,0,0,0,0,0,0,255,139,139,75,0,0,0,0,0,0,0,65,90,100,100,0,0,100,-1,0,100,105,0,1,1,-1,0,0,40,0,[0|0|0],20,0,0,[0|0|0|0|0|0|0|0|0|0]
6700826,Light Greatsword - Default Attack,0.3,0.1,0,0,1.3,0.03,6903,-1,-1,-1,1667,120,120,-1,-1,100,110,-1,-1,0,85,85,85,85,60,100,100,100,0,0,0,0,0,0,0,0,0,0,0,0,20,0,0,0,0,2,0,0,0,0,0,0,1,0,0,3,255,2,255,0,255,0,0,0,0,0,0,0,0,0,0,0,3,1,0,0,0,0,0,0,0,0,0,0,-1,-1,2100,2010,-1,-1,-1,-1,-1,-1,-1,-1,-1,-1,-1,-1,-1,-1,-1,-1,-1,-1,-1,-1,-1,-1,-1,-1,-1,-1,-1,-1,0,0,0,0,0,0,0,0,0,0,0,0,-1,-1,-1,-1,-1,-1,-1,-1,-1,-1,-1,-1,-1,-1,-1,-1,-1,-1,-1,-1,-1,-1,-1,-1,0,0,0,0,0,0,0,0,0,0,0,0,0,0,0,0,0,0,0,0,0,0,0,0,255,139,139,85,0,0,0,0,0,0,0,65,90,100,100,0,0,100,-1,0,100,105,0,1,1,-1,0,0,40,0,[0|0|0],20,0,0,[0|0|0|0|0|0|0|0|0|0]
6700829,Light Greatsword - Default Attack,0.3,0.1,0,0,0.5,0.03,6903,-1,-1,-1,-1,120,120,-1,-1,100,110,-1,-1,0,75,75,75,75,60,100,100,100,0,0,0,0,0,0,0,0,0,0,0,0,20,0,0,0,0,2,0,0,0,0,0,0,1,2,0,3,255,2,255,0,255,0,0,0,0,0,0,0,0,0,0,0,3,1,0,0,0,0,0,0,0,9,0,0,-1,-1,2100,2010,-1,-1,-1,-1,-1,-1,-1,-1,-1,-1,-1,-1,-1,-1,-1,-1,-1,-1,-1,-1,-1,-1,-1,-1,-1,-1,-1,-1,0,0,0,0,0,0,0,0,0,0,0,0,-1,-1,-1,-1,-1,-1,-1,-1,-1,-1,-1,-1,-1,-1,-1,-1,-1,-1,-1,-1,-1,-1,-1,-1,0,0,0,0,0,0,0,0,0,0,0,0,0,0,0,0,0,0,0,0,0,0,0,0,255,139,139,75,0,0,0,0,0,0,0,65,90,100,100,0,0,100,-1,0,100,105,0,1,1,-1,0,0,40,0,[0|0|0],20,0,0,[0|0|0|0|0|0|0|0|0|0]
6700830,Light Greatsword - Default Attack,0.3,0.1,0,0,1,0.02,6903,-1,-1,-1,-1,120,120,-1,-1,100,110,-1,-1,0,40,40,40,40,45,100,100,100,104,0,0,0,0,0,0,0,0,0,0,0,20,0,0,0,0,2,0,0,0,0,0,0,1,0,0,3,255,0,255,0,255,0,0,0,0,0,0,0,0,0,0,0,4,1,0,0,0,0,0,0,0,9,0,0,-1,-1,2100,2010,-1,-1,-1,-1,-1,-1,-1,-1,-1,-1,-1,-1,-1,-1,-1,-1,-1,-1,-1,-1,-1,-1,-1,-1,-1,-1,-1,-1,0,0,0,0,0,0,0,0,0,0,0,0,-1,-1,-1,-1,-1,-1,-1,-1,-1,-1,-1,-1,-1,-1,-1,-1,-1,-1,-1,-1,-1,-1,-1,-1,0,0,0,0,0,0,0,0,0,0,0,0,0,0,0,0,0,0,0,0,0,0,0,0,255,139,139,40,0,0,0,0,0,0,0,65,90,100,100,0,0,100,-1,0,100,105,0,1,1,-1,0,0,60,0,[0|0|0],20,0,0,[0|0|0|0|0|0|0|0|0|0]
6700831,Light Greatsword - Default Attack,0.3,0.1,0,0,1.4,0.02,6903,-1,-1,1665,-1,120,120,-1,-1,100,110,-1,-1,0,60,60,60,60,45,100,100,100,104,0,0,0,0,0,0,0,0,0,0,0,20,0,0,0,0,2,0,0,0,0,0,0,1,0,0,3,255,0,255,0,255,0,0,0,0,0,0,0,0,0,0,0,3,1,0,0,0,0,0,0,0,0,0,0,-1,-1,2100,2010,-1,-1,-1,-1,-1,-1,-1,-1,-1,-1,-1,-1,-1,-1,-1,-1,-1,-1,-1,-1,-1,-1,-1,-1,-1,-1,-1,-1,0,0,0,0,0,0,0,0,0,0,0,0,-1,-1,-1,-1,-1,-1,-1,-1,-1,-1,-1,-1,-1,-1,-1,-1,-1,-1,-1,-1,-1,-1,-1,-1,0,0,0,0,0,0,0,0,0,0,0,0,0,0,0,0,0,0,0,0,0,0,0,0,255,139,139,60,0,0,0,0,0,0,0,65,90,100,100,0,0,100,-1,0,100,105,0,1,1,-1,0,0,60,0,[0|0|0],20,0,0,[0|0|0|0|0|0|0|0|0|0]
6700833,Light Greatsword - Default Attack,0.3,0.1,0,0,1.2,0.02,6903,-1,-1,-1,-1,120,120,-1,-1,100,110,-1,-1,0,40,40,40,40,45,100,100,100,104,0,0,0,0,0,0,0,0,0,0,0,20,0,0,0,0,2,0,0,0,0,0,0,1,2,0,3,255,0,255,0,255,0,0,0,0,0,0,0,0,0,0,0,4,1,0,0,0,0,0,0,0,9,0,0,-1,-1,2100,2010,-1,-1,-1,-1,-1,-1,-1,-1,-1,-1,-1,-1,-1,-1,-1,-1,-1,-1,-1,-1,-1,-1,-1,-1,-1,-1,-1,-1,0,0,0,0,0,0,0,0,0,0,0,0,-1,-1,-1,-1,-1,-1,-1,-1,-1,-1,-1,-1,-1,-1,-1,-1,-1,-1,-1,-1,-1,-1,-1,-1,0,0,0,0,0,0,0,0,0,0,0,0,0,0,0,0,0,0,0,0,0,0,0,0,255,139,139,40,0,0,0,0,0,0,0,65,90,100,100,0,0,100,-1,0,100,105,0,1,1,-1,0,0,60,0,[0|0|0],20,0,0,[0|0|0|0|0|0|0|0|0|0]
6700834,Light Greatsword - Default Attack,0.3,0.1,0,0,1.4,0.02,6903,-1,-1,1665,-1,120,120,-1,-1,100,110,-1,-1,0,60,60,60,60,45,100,100,100,104,0,0,0,0,0,0,0,0,0,0,0,20,0,0,0,0,2,0,0,0,0,0,0,1,2,0,3,255,0,255,0,255,0,0,0,0,0,0,0,0,0,0,0,3,1,0,0,0,0,0,0,0,0,0,0,-1,-1,2100,2010,-1,-1,-1,-1,-1,-1,-1,-1,-1,-1,-1,-1,-1,-1,-1,-1,-1,-1,-1,-1,-1,-1,-1,-1,-1,-1,-1,-1,0,0,0,0,0,0,0,0,0,0,0,0,-1,-1,-1,-1,-1,-1,-1,-1,-1,-1,-1,-1,-1,-1,-1,-1,-1,-1,-1,-1,-1,-1,-1,-1,0,0,0,0,0,0,0,0,0,0,0,0,0,0,0,0,0,0,0,0,0,0,0,0,255,139,139,60,0,0,0,0,0,0,0,65,90,100,100,0,0,100,-1,0,100,105,0,1,1,-1,0,0,60,0,[0|0|0],20,0,0,[0|0|0|0|0|0|0|0|0|0]
6700835,Light Greatsword - Default Attack,0.3,0.1,0,0,1.4,0.02,6903,-1,-1,-1,-1,120,120,-1,-1,100,110,-1,-1,0,40,40,40,40,45,100,100,100,104,0,0,0,0,0,0,0,0,0,0,0,20,0,0,0,0,2,0,0,0,0,0,0,1,0,0,3,255,0,255,0,255,0,0,0,0,0,0,0,0,0,0,0,4,1,0,0,0,0,0,0,0,9,0,0,-1,-1,2100,2010,-1,-1,-1,-1,-1,-1,-1,-1,-1,-1,-1,-1,-1,-1,-1,-1,-1,-1,-1,-1,-1,-1,-1,-1,-1,-1,-1,-1,0,0,0,0,0,0,0,0,0,0,0,0,-1,-1,-1,-1,-1,-1,-1,-1,-1,-1,-1,-1,-1,-1,-1,-1,-1,-1,-1,-1,-1,-1,-1,-1,0,0,0,0,0,0,0,0,0,0,0,0,0,0,0,0,0,0,0,0,0,0,0,0,255,139,139,40,0,0,0,0,0,0,0,65,90,100,100,0,0,100,-1,0,100,105,0,1,1,-1,0,0,60,0,[0|0|0],20,0,0,[0|0|0|0|0|0|0|0|0|0]
6700836,Light Greatsword - Default Attack,0.3,0.1,0,0,1.4,0.02,6903,-1,-1,-1,1667,120,120,-1,-1,100,110,-1,-1,0,60,60,60,60,45,100,100,100,104,0,0,0,0,0,0,0,0,0,0,0,20,0,0,0,0,2,0,0,0,0,0,0,1,0,0,3,255,0,255,0,255,0,0,0,0,0,0,0,0,0,0,0,3,1,0,0,0,0,0,0,0,0,0,0,-1,-1,2100,2010,-1,-1,-1,-1,-1,-1,-1,-1,-1,-1,-1,-1,-1,-1,-1,-1,-1,-1,-1,-1,-1,-1,-1,-1,-1,-1,-1,-1,0,0,0,0,0,0,0,0,0,0,0,0,-1,-1,-1,-1,-1,-1,-1,-1,-1,-1,-1,-1,-1,-1,-1,-1,-1,-1,-1,-1,-1,-1,-1,-1,0,0,0,0,0,0,0,0,0,0,0,0,0,0,0,0,0,0,0,0,0,0,0,0,255,139,139,60,0,0,0,0,0,0,0,65,90,100,100,0,0,100,-1,0,100,105,0,1,1,-1,0,0,60,0,[0|0|0],20,0,0,[0|0|0|0|0|0|0|0|0|0]
6700838,Light Greatsword - Default Attack,0.3,0.1,0,0,1.4,0.02,6903,-1,-1,-1,-1,120,120,-1,-1,100,110,-1,-1,0,40,40,40,40,45,100,100,100,104,0,0,0,0,0,0,0,0,0,0,0,20,0,0,0,0,2,0,0,0,0,0,0,1,2,0,3,255,0,255,0,255,0,0,0,0,0,0,0,0,0,0,0,4,1,0,0,0,0,0,0,0,9,0,0,-1,-1,2100,2010,-1,-1,-1,-1,-1,-1,-1,-1,-1,-1,-1,-1,-1,-1,-1,-1,-1,-1,-1,-1,-1,-1,-1,-1,-1,-1,-1,-1,0,0,0,0,0,0,0,0,0,0,0,0,-1,-1,-1,-1,-1,-1,-1,-1,-1,-1,-1,-1,-1,-1,-1,-1,-1,-1,-1,-1,-1,-1,-1,-1,0,0,0,0,0,0,0,0,0,0,0,0,0,0,0,0,0,0,0,0,0,0,0,0,255,139,139,40,0,0,0,0,0,0,0,65,90,100,100,0,0,100,-1,0,100,105,0,1,1,-1,0,0,60,0,[0|0|0],20,0,0,[0|0|0|0|0|0|0|0|0|0]
6700839,Light Greatsword - Default Attack,0.3,0.1,0,0,1.4,0.02,6903,-1,-1,-1,1667,120,120,-1,-1,100,110,-1,-1,0,60,60,60,60,45,100,100,100,104,0,0,0,0,0,0,0,0,0,0,0,20,0,0,0,0,2,0,0,0,0,0,0,1,2,0,3,255,0,255,0,255,0,0,0,0,0,0,0,0,0,0,0,3,1,0,0,0,0,0,0,0,0,0,0,-1,-1,2100,2010,-1,-1,-1,-1,-1,-1,-1,-1,-1,-1,-1,-1,-1,-1,-1,-1,-1,-1,-1,-1,-1,-1,-1,-1,-1,-1,-1,-1,0,0,0,0,0,0,0,0,0,0,0,0,-1,-1,-1,-1,-1,-1,-1,-1,-1,-1,-1,-1,-1,-1,-1,-1,-1,-1,-1,-1,-1,-1,-1,-1,0,0,0,0,0,0,0,0,0,0,0,0,0,0,0,0,0,0,0,0,0,0,0,0,255,139,139,60,0,0,0,0,0,0,0,65,90,100,100,0,0,100,-1,0,100,105,0,1,1,-1,0,0,60,0,[0|0|0],20,0,0,[0|0|0|0|0|0|0|0|0|0]
6700860,Light Greatsword - Default Attack,0.3,0.1,0,0,1.5,0.04,6903,-1,-1,1665,-1,120,120,-1,-1,100,110,-1,-1,0,100,100,100,100,105,120,100,100,122,0,0,0,0,0,0,0,0,0,0,0,20,0,0,0,0,2,0,0,0,0,0,0,1,0,0,2,255,0,255,0,255,0,0,0,0,0,0,0,0,0,0,0,0,1,0,0,0,0,0,0,0,9,0,0,-1,-1,2100,2010,-1,-1,-1,-1,-1,-1,-1,-1,-1,-1,-1,-1,-1,-1,-1,-1,-1,-1,-1,-1,-1,-1,-1,-1,-1,-1,-1,-1,0,0,0,0,0,0,0,0,0,0,0,0,-1,-1,-1,-1,-1,-1,-1,-1,-1,-1,-1,-1,-1,-1,-1,-1,-1,-1,-1,-1,-1,-1,-1,-1,0,0,0,0,0,0,0,0,0,0,0,0,0,0,0,0,0,0,0,0,0,0,0,0,255,139,139,100,0,0,0,0,0,0,0,65,90,100,100,0,0,100,-1,0,100,110,0,1,1,-1,0,0,60,0,[0|0|0],20,0,0,[0|0|0|0|0|0|0|0|0|0]
6700865,Light Greatsword - Default Attack,0.3,0.1,0,0,1,0.04,6903,-1,-1,-1,1667,120,120,-1,-1,100,110,-1,-1,0,95,95,95,95,105,120,100,100,122,0,0,0,0,0,0,0,0,0,0,0,20,0,0,0,0,2,0,0,0,0,0,0,1,0,0,3,255,2,255,0,255,0,0,0,0,0,0,0,0,0,0,0,2,1,0,0,0,0,0,0,0,0,0,0,-1,-1,2100,2010,-1,-1,-1,-1,-1,-1,-1,-1,-1,-1,-1,-1,-1,-1,-1,-1,-1,-1,-1,-1,-1,-1,-1,-1,-1,-1,-1,-1,0,0,0,0,0,0,0,0,0,0,0,0,-1,-1,-1,-1,-1,-1,-1,-1,-1,-1,-1,-1,-1,-1,-1,-1,-1,-1,-1,-1,-1,-1,-1,-1,0,0,0,0,0,0,0,0,0,0,0,0,0,0,0,0,0,0,0,0,0,0,0,0,255,139,139,95,0,0,0,0,0,0,0,65,90,100,100,0,0,100,-1,0,100,110,0,1,1,-1,0,0,60,0,[0|0|0],20,0,0,[0|0|0|0|0|0|0|0|0|0]
6700869,Light Greatsword - Default Attack,0.3,0.1,0,0,1,0.04,6903,-1,-1,-1,1667,120,120,-1,-1,100,110,-1,-1,0,95,95,95,95,105,120,100,100,122,0,0,0,0,0,0,0,0,0,0,0,20,0,0,0,0,2,0,0,0,0,0,0,1,2,0,3,255,2,255,0,255,0,0,0,0,0,0,0,0,0,0,0,2,1,0,0,0,0,0,0,0,0,0,0,-1,-1,2100,2010,-1,-1,-1,-1,-1,-1,-1,-1,-1,-1,-1,-1,-1,-1,-1,-1,-1,-1,-1,-1,-1,-1,-1,-1,-1,-1,-1,-1,0,0,0,0,0,0,0,0,0,0,0,0,-1,-1,-1,-1,-1,-1,-1,-1,-1,-1,-1,-1,-1,-1,-1,-1,-1,-1,-1,-1,-1,-1,-1,-1,0,0,0,0,0,0,0,0,0,0,0,0,0,0,0,0,0,0,0,0,0,0,0,0,255,139,139,95,0,0,0,0,0,0,0,65,90,100,100,0,0,100,-1,0,100,110,0,1,1,-1,0,0,60,0,[0|0|0],20,0,0,[0|0|0|0|0|0|0|0|0|0]
6700870,Light Greatsword - Default Attack,0.3,0.1,0,0,0.1,0.04,6903,-1,-1,1665,-1,120,120,-1,-1,100,110,-1,-1,0,85,85,85,85,100,200,100,100,121,0,0,0,0,0,0,0,0,0,0,0,20,0,0,0,0,2,0,0,0,0,0,0,1,0,0,3,255,0,255,0,255,0,0,0,0,0,0,0,0,0,0,0,3,1,0,0,0,0,0,0,0,9,0,0,-1,-1,2100,2010,-1,-1,-1,-1,-1,-1,-1,-1,-1,-1,-1,-1,-1,-1,-1,-1,-1,-1,-1,-1,-1,-1,-1,-1,-1,-1,-1,-1,0,0,0,0,0,0,0,0,0,0,0,0,-1,-1,-1,-1,-1,-1,-1,-1,-1,-1,-1,-1,-1,-1,-1,-1,-1,-1,-1,-1,-1,-1,-1,-1,0,0,0,0,0,0,0,0,0,0,0,0,0,0,0,0,0,0,0,0,0,0,0,0,255,139,139,85,0,0,0,0,0,0,0,65,90,100,100,0,0,100,-1,0,100,90,0,1,1,-1,0,0,60,0,[0|0|0],20,0,0,[0|0|0|0|0|0|0|0|0|0]
6700873,Light Greatsword - Default Attack,0.3,0.1,0,0,0.1,0.04,6903,-1,-1,1665,-1,120,120,-1,-1,100,110,-1,-1,0,85,85,85,85,100,200,100,100,121,0,0,0,0,0,0,0,0,0,0,0,20,0,0,0,0,2,0,0,0,0,0,0,1,2,0,3,255,0,255,0,255,0,0,0,0,0,0,0,0,0,0,0,3,1,0,0,0,0,0,0,0,9,0,0,-1,-1,2100,2010,-1,-1,-1,-1,-1,-1,-1,-1,-1,-1,-1,-1,-1,-1,-1,-1,-1,-1,-1,-1,-1,-1,-1,-1,-1,-1,-1,-1,0,0,0,0,0,0,0,0,0,0,0,0,-1,-1,-1,-1,-1,-1,-1,-1,-1,-1,-1,-1,-1,-1,-1,-1,-1,-1,-1,-1,-1,-1,-1,-1,0,0,0,0,0,0,0,0,0,0,0,0,0,0,0,0,0,0,0,0,0,0,0,0,255,139,139,85,0,0,0,0,0,0,0,65,90,100,100,0,0,100,-1,0,100,90,0,1,1,-1,0,0,60,0,[0|0|0],20,0,0,[0|0|0|0|0|0|0|0|0|0]
6700875,Light Greatsword - Default Attack,0.3,0.1,0,0,1,0.04,6903,-1,-1,-1,1667,120,120,-1,-1,100,110,-1,-1,0,85,85,85,85,100,200,100,100,121,0,0,0,0,0,0,0,0,0,0,0,20,0,0,0,0,2,0,0,0,0,0,0,1,0,0,3,255,0,255,0,255,0,0,0,0,0,0,0,0,0,0,0,3,1,0,0,0,0,0,0,0,0,0,0,-1,-1,2100,2010,-1,-1,-1,-1,-1,-1,-1,-1,-1,-1,-1,-1,-1,-1,-1,-1,-1,-1,-1,-1,-1,-1,-1,-1,-1,-1,-1,-1,0,0,0,0,0,0,0,0,0,0,0,0,-1,-1,-1,-1,-1,-1,-1,-1,-1,-1,-1,-1,-1,-1,-1,-1,-1,-1,-1,-1,-1,-1,-1,-1,0,0,0,0,0,0,0,0,0,0,0,0,0,0,0,0,0,0,0,0,0,0,0,0,255,139,139,85,0,0,0,0,0,0,0,65,90,100,100,0,0,100,-1,0,100,90,0,1,1,-1,0,0,60,0,[0|0|0],20,0,0,[0|0|0|0|0|0|0|0|0|0]
6700880,Light Greatsword - Default Attack,0.3,0.1,0,0,1.5,0.04,6903,-1,-1,1665,-1,120,120,-1,-1,100,110,-1,-1,0,85,85,85,85,100,200,100,100,121,0,0,0,0,0,0,0,0,0,0,0,20,0,0,0,0,2,0,0,0,0,0,0,1,0,0,3,255,2,255,0,255,0,0,0,0,0,0,0,0,0,0,0,1,1,0,0,0,0,0,0,0,9,0,0,-1,-1,2100,2010,-1,-1,-1,-1,-1,-1,-1,-1,-1,-1,-1,-1,-1,-1,-1,-1,-1,-1,-1,-1,-1,-1,-1,-1,-1,-1,-1,-1,0,0,0,0,0,0,0,0,0,0,0,0,-1,-1,-1,-1,-1,-1,-1,-1,-1,-1,-1,-1,-1,-1,-1,-1,-1,-1,-1,-1,-1,-1,-1,-1,0,0,0,0,0,0,0,0,0,0,0,0,0,0,0,0,0,0,0,0,0,0,0,0,255,139,139,85,0,0,0,0,0,0,0,65,90,100,100,0,0,100,-1,0,100,90,0,1,1,-1,0,0,60,0,[0|0|0],20,0,0,[0|0|0|0|0|0|0|0|0|0]
6700883,Light Greatsword - Default Attack,0.3,0.1,0,0,1.5,0.04,6903,-1,-1,1665,-1,120,120,-1,-1,100,110,-1,-1,0,85,85,85,85,100,200,100,100,121,0,0,0,0,0,0,0,0,0,0,0,20,0,0,0,0,2,0,0,0,0,0,0,1,2,0,3,255,2,255,0,255,0,0,0,0,0,0,0,0,0,0,0,1,1,0,0,0,0,0,0,0,9,0,0,-1,-1,2100,2010,-1,-1,-1,-1,-1,-1,-1,-1,-1,-1,-1,-1,-1,-1,-1,-1,-1,-1,-1,-1,-1,-1,-1,-1,-1,-1,-1,-1,0,0,0,0,0,0,0,0,0,0,0,0,-1,-1,-1,-1,-1,-1,-1,-1,-1,-1,-1,-1,-1,-1,-1,-1,-1,-1,-1,-1,-1,-1,-1,-1,0,0,0,0,0,0,0,0,0,0,0,0,0,0,0,0,0,0,0,0,0,0,0,0,255,139,139,85,0,0,0,0,0,0,0,65,90,100,100,0,0,100,-1,0,100,90,0,1,1,-1,0,0,60,0,[0|0|0],20,0,0,[0|0|0|0|0|0|0|0|0|0]
6700885,Light Greatsword - Default Attack,0.3,0.1,0,0,1.5,0.04,6903,-1,-1,-1,1667,120,120,-1,-1,100,110,-1,-1,0,85,85,85,85,100,200,100,100,121,0,0,0,0,0,0,0,0,0,0,0,20,0,0,0,0,2,0,0,0,0,0,0,1,0,0,3,255,2,255,0,255,0,0,0,0,0,0,0,0,0,0,0,1,1,0,0,0,0,0,0,0,0,0,0,-1,-1,2100,2010,-1,-1,-1,-1,-1,-1,-1,-1,-1,-1,-1,-1,-1,-1,-1,-1,-1,-1,-1,-1,-1,-1,-1,-1,-1,-1,-1,-1,0,0,0,0,0,0,0,0,0,0,0,0,-1,-1,-1,-1,-1,-1,-1,-1,-1,-1,-1,-1,-1,-1,-1,-1,-1,-1,-1,-1,-1,-1,-1,-1,0,0,0,0,0,0,0,0,0,0,0,0,0,0,0,0,0,0,0,0,0,0,0,0,255,139,139,85,0,0,0,0,0,0,0,65,90,100,100,0,0,100,-1,0,100,90,0,1,1,-1,0,0,60,0,[0|0|0],20,0,0,[0|0|0|0|0|0|0|0|0|0]
6700889,Light Greatsword - Default Attack,0.3,0.1,0,0,1.5,0.04,6903,-1,-1,-1,1667,120,120,-1,-1,100,110,-1,-1,0,85,85,85,85,100,200,100,100,121,0,0,0,0,0,0,0,0,0,0,0,20,0,0,0,0,2,0,0,0,0,0,0,1,2,0,3,255,2,255,0,255,0,0,0,0,0,0,0,0,0,0,0,1,1,0,0,0,0,0,0,0,0,0,0,-1,-1,2100,2010,-1,-1,-1,-1,-1,-1,-1,-1,-1,-1,-1,-1,-1,-1,-1,-1,-1,-1,-1,-1,-1,-1,-1,-1,-1,-1,-1,-1,0,0,0,0,0,0,0,0,0,0,0,0,-1,-1,-1,-1,-1,-1,-1,-1,-1,-1,-1,-1,-1,-1,-1,-1,-1,-1,-1,-1,-1,-1,-1,-1,0,0,0,0,0,0,0,0,0,0,0,0,0,0,0,0,0,0,0,0,0,0,0,0,255,139,139,85,0,0,0,0,0,0,0,65,90,100,100,0,0,100,-1,0,100,90,0,1,1,-1,0,0,60,0,[0|0|0],20,0,0,[0|0|0|0|0|0|0|0|0|0]
6700890,Light Greatsword - Default Attack,0.3,0.1,0,0,0.5,0.03,6903,-1,-1,-1,-1,120,120,-1,-1,100,110,-1,-1,0,80,80,80,80,75,9900,100,100,102,0,0,0,0,0,0,0,0,0,0,0,20,0,0,0,0,2,0,0,0,0,0,0,1,0,0,3,255,0,255,0,255,0,0,0,0,0,0,0,0,0,0,1,2,1,0,0,0,0,0,0,0,9,0,0,-1,-1,2100,2010,-1,-1,-1,-1,-1,-1,-1,-1,-1,-1,-1,-1,-1,-1,-1,-1,-1,-1,-1,-1,-1,-1,-1,-1,-1,-1,-1,-1,0,0,0,0,0,0,0,0,0,0,0,0,-1,-1,-1,-1,-1,-1,-1,-1,-1,-1,-1,-1,-1,-1,-1,-1,-1,-1,-1,-1,-1,-1,-1,-1,0,0,0,0,0,0,0,0,0,0,0,0,0,0,0,0,0,0,0,0,0,0,0,0,255,139,139,80,0,0,0,0,0,0,0,65,90,100,100,0,0,100,-1,0,100,130,0,1,1,-1,0,0,100,0,[0|0|0],21,0,0,[0|0|0|0|0|0|0|0|0|0]
6700891,Light Greatsword - Default Attack,0.3,0.1,0,0,0.5,0.03,6903,-1,-1,1665,-1,120,120,-1,-1,100,110,-1,-1,0,85,85,85,85,75,9900,100,100,102,0,0,0,0,0,0,0,0,0,0,0,20,0,0,0,0,2,0,0,0,0,0,0,1,0,0,3,255,0,255,0,255,0,0,0,0,0,0,0,0,0,0,1,3,1,0,0,0,0,0,0,0,9,0,0,-1,-1,2100,2010,-1,-1,-1,-1,-1,-1,-1,-1,-1,-1,-1,-1,-1,-1,-1,-1,-1,-1,-1,-1,-1,-1,-1,-1,-1,-1,-1,-1,0,0,0,0,0,0,0,0,0,0,0,0,-1,-1,-1,-1,-1,-1,-1,-1,-1,-1,-1,-1,-1,-1,-1,-1,-1,-1,-1,-1,-1,-1,-1,-1,0,0,0,0,0,0,0,0,0,0,0,0,0,0,0,0,0,0,0,0,0,0,0,0,255,139,139,85,0,0,0,0,0,0,0,65,90,100,100,0,0,100,-1,0,100,130,0,1,1,-1,0,0,100,0,[0|0|0],21,0,0,[0|0|0|0|0|0|0|0|0|0]
6700893,Light Greatsword - Default Attack,0.3,0.1,0,0,0.5,0.03,6903,-1,-1,-1,-1,120,120,-1,-1,100,110,-1,-1,0,80,80,80,80,75,9900,100,100,102,0,0,0,0,0,0,0,0,0,0,0,20,0,0,0,0,2,0,0,0,0,0,0,1,2,0,3,255,0,255,0,255,0,0,0,0,0,0,0,0,0,0,1,2,1,0,0,0,0,0,0,0,9,0,0,-1,-1,2100,2010,-1,-1,-1,-1,-1,-1,-1,-1,-1,-1,-1,-1,-1,-1,-1,-1,-1,-1,-1,-1,-1,-1,-1,-1,-1,-1,-1,-1,0,0,0,0,0,0,0,0,0,0,0,0,-1,-1,-1,-1,-1,-1,-1,-1,-1,-1,-1,-1,-1,-1,-1,-1,-1,-1,-1,-1,-1,-1,-1,-1,0,0,0,0,0,0,0,0,0,0,0,0,0,0,0,0,0,0,0,0,0,0,0,0,255,139,139,80,0,0,0,0,0,0,0,65,90,100,100,0,0,100,-1,0,100,130,0,1,1,-1,0,0,100,0,[0|0|0],21,0,0,[0|0|0|0|0|0|0|0|0|0]
6700894,Light Greatsword - Default Attack,0.3,0.1,0,0,0.5,0.03,6903,-1,-1,1665,-1,120,120,-1,-1,100,110,-1,-1,0,85,85,85,85,75,9900,100,100,102,0,0,0,0,0,0,0,0,0,0,0,20,0,0,0,0,2,0,0,0,0,0,0,1,2,0,3,255,0,255,0,255,0,0,0,0,0,0,0,0,0,0,1,3,1,0,0,0,0,0,0,0,9,0,0,-1,-1,2100,2010,-1,-1,-1,-1,-1,-1,-1,-1,-1,-1,-1,-1,-1,-1,-1,-1,-1,-1,-1,-1,-1,-1,-1,-1,-1,-1,-1,-1,0,0,0,0,0,0,0,0,0,0,0,0,-1,-1,-1,-1,-1,-1,-1,-1,-1,-1,-1,-1,-1,-1,-1,-1,-1,-1,-1,-1,-1,-1,-1,-1,0,0,0,0,0,0,0,0,0,0,0,0,0,0,0,0,0,0,0,0,0,0,0,0,255,139,139,85,0,0,0,0,0,0,0,65,90,100,100,0,0,100,-1,0,100,130,0,1,1,-1,0,0,100,0,[0|0|0],21,0,0,[0|0|0|0|0|0|0|0|0|0]
6700895,Light Greatsword - Default Attack,0.3,0.1,0,0,0.7,0.03,6903,-1,-1,-1,1667,120,120,-1,-1,100,110,-1,-1,0,85,85,85,85,75,9900,100,100,102,0,0,0,0,0,0,0,0,0,0,0,20,0,0,0,0,2,0,0,0,0,0,0,1,0,0,3,255,0,255,0,255,0,0,0,0,0,0,0,0,0,0,1,3,1,0,0,0,0,0,0,0,0,0,0,-1,-1,2100,2010,-1,-1,-1,-1,-1,-1,-1,-1,-1,-1,-1,-1,-1,-1,-1,-1,-1,-1,-1,-1,-1,-1,-1,-1,-1,-1,-1,-1,0,0,0,0,0,0,0,0,0,0,0,0,-1,-1,-1,-1,-1,-1,-1,-1,-1,-1,-1,-1,-1,-1,-1,-1,-1,-1,-1,-1,-1,-1,-1,-1,0,0,0,0,0,0,0,0,0,0,0,0,0,0,0,0,0,0,0,0,0,0,0,0,255,139,139,85,0,0,0,0,0,0,0,65,90,100,100,0,0,100,-1,0,100,130,0,1,1,-1,0,0,100,0,[0|0|0],21,0,0,[0|0|0|0|0|0|0|0|0|0]
6701000,Rellana's Twin Blades - Attack,0.4,0.1,0,0,1.15,0.08,6903,-1,-1,1665,-1,110,120,-1,-1,100,110,-1,-1,0,100,100,0,100,100,100,100,100,0,0,0,0,0,0,0,0,0,0,0,0,20,0,0,0,0,2,0,0,0,0,0,0,1,0,0,2,255,0,255,0,255,0,0,0,0,0,0,0,0,0,0,0,0,1,0,0,0,0,0,0,0,0,0,0,-1,-1,2100,2010,-1,-1,-1,-1,-1,-1,-1,-1,-1,-1,-1,-1,-1,-1,-1,-1,-1,-1,-1,-1,-1,-1,-1,-1,-1,-1,-1,-1,0,0,0,0,0,0,0,0,0,0,0,0,-1,-1,-1,-1,-1,-1,-1,-1,-1,-1,-1,-1,-1,-1,-1,-1,-1,-1,-1,-1,-1,-1,-1,-1,0,0,0,0,0,0,0,0,0,0,0,0,0,0,0,0,0,0,0,0,0,0,0,0,255,139,139,100,0,0,0,1,0,0,0,100,100,100,100,0,0,100,-1,0,100,100,0,1,1,-1,0,0,100,0,[0|0|0],20,0,0,[0|0|0|0|0|0|0|0|0|0]
6701010,Rellana's Twin Blades - Attack,0.4,0.1,0,0,1,0.08,6903,-1,-1,1665,-1,110,120,-1,-1,100,110,-1,-1,0,101,101,0,101,100,100,100,100,0,0,0,0,0,0,0,0,0,0,0,0,20,0,0,0,0,2,0,0,0,0,0,0,1,0,0,3,255,0,255,0,255,0,0,0,0,0,0,0,0,0,0,0,1,1,0,0,0,0,0,0,0,0,0,0,-1,-1,2100,2010,-1,-1,-1,-1,-1,-1,-1,-1,-1,-1,-1,-1,-1,-1,-1,-1,-1,-1,-1,-1,-1,-1,-1,-1,-1,-1,-1,-1,0,0,0,0,0,0,0,0,0,0,0,0,-1,-1,-1,-1,-1,-1,-1,-1,-1,-1,-1,-1,-1,-1,-1,-1,-1,-1,-1,-1,-1,-1,-1,-1,0,0,0,0,0,0,0,0,0,0,0,0,0,0,0,0,0,0,0,0,0,0,0,0,255,139,139,101,0,0,0,1,0,0,0,100,100,100,100,0,0,100,-1,0,100,100,0,1,1,-1,0,0,100,0,[0|0|0],20,0,0,[0|0|0|0|0|0|0|0|0|0]
6701013,Rellana's Twin Blades - Attack,0.4,0.1,0,0,1,0.08,6903,-1,-1,1665,-1,110,120,-1,-1,100,110,-1,-1,0,101,101,0,101,100,100,100,100,0,0,0,0,0,0,0,0,0,0,0,0,20,0,0,0,0,2,0,0,0,0,0,0,1,2,0,3,255,0,255,0,255,0,0,0,0,0,0,0,0,0,0,0,1,1,0,0,0,0,0,0,0,0,0,0,-1,-1,2100,2010,-1,-1,-1,-1,-1,-1,-1,-1,-1,-1,-1,-1,-1,-1,-1,-1,-1,-1,-1,-1,-1,-1,-1,-1,-1,-1,-1,-1,0,0,0,0,0,0,0,0,0,0,0,0,-1,-1,-1,-1,-1,-1,-1,-1,-1,-1,-1,-1,-1,-1,-1,-1,-1,-1,-1,-1,-1,-1,-1,-1,0,0,0,0,0,0,0,0,0,0,0,0,0,0,0,0,0,0,0,0,0,0,0,0,255,139,139,101,0,0,0,1,0,0,0,100,100,100,100,0,0,100,-1,0,100,100,0,1,1,-1,0,0,100,0,[0|0|0],20,0,0,[0|0|0|0|0|0|0|0|0|0]
6701020,Rellana's Twin Blades - Attack,0.4,0.1,0,0,1.83,0.08,6903,-1,-1,1665,-1,110,120,-1,-1,100,110,-1,-1,0,102,102,0,102,100,100,100,100,0,0,0,0,0,0,0,0,0,0,0,0,20,0,0,0,0,2,0,0,0,0,0,0,1,0,0,3,255,0,255,0,255,0,0,0,0,0,0,0,0,0,0,0,2,1,0,0,0,0,0,0,0,0,0,0,-1,-1,2100,2010,-1,-1,-1,-1,-1,-1,-1,-1,-1,-1,-1,-1,-1,-1,-1,-1,-1,-1,-1,-1,-1,-1,-1,-1,-1,-1,-1,-1,0,0,0,0,0,0,0,0,0,0,0,0,-1,-1,-1,-1,-1,-1,-1,-1,-1,-1,-1,-1,-1,-1,-1,-1,-1,-1,-1,-1,-1,-1,-1,-1,0,0,0,0,0,0,0,0,0,0,0,0,0,0,0,0,0,0,0,0,0,0,0,0,255,139,139,102,0,0,0,1,0,0,0,100,100,100,100,0,0,100,-1,0,100,105,0,1,1,-1,0,0,100,0,[0|0|0],20,0,0,[0|0|0|0|0|0|0|0|0|0]
6701023,Rellana's Twin Blades - Attack,0.4,0,0,0,1.83,0.08,6903,-1,-1,1665,-1,110,0,-1,-1,100,0,-1,-1,0,102,102,0,102,100,100,100,100,0,0,0,0,0,0,0,0,0,0,0,0,20,0,0,0,0,0,0,0,0,0,0,0,1,2,0,3,255,0,255,0,255,0,0,0,0,0,0,0,0,0,0,0,2,1,0,0,0,0,0,0,0,0,0,0,-1,-1,2100,2010,-1,-1,-1,-1,-1,-1,-1,-1,-1,-1,-1,-1,-1,-1,-1,-1,-1,-1,-1,-1,-1,-1,-1,-1,-1,-1,-1,-1,0,0,0,0,0,0,0,0,0,0,0,0,-1,-1,-1,-1,-1,-1,-1,-1,-1,-1,-1,-1,-1,-1,-1,-1,-1,-1,-1,-1,-1,-1,-1,-1,0,0,0,0,0,0,0,0,0,0,0,0,0,0,0,0,0,0,0,0,0,0,0,0,255,139,139,102,0,0,0,1,0,0,0,100,100,100,100,0,0,100,-1,0,100,105,0,1,1,-1,0,0,100,0,[0|0|0],20,0,0,[0|0|0|0|0|0|0|0|0|0]
6701030,Rellana's Twin Blades - Attack,0.4,0.1,0,0,1,0.08,6903,-1,-1,1665,-1,110,120,-1,-1,100,110,-1,-1,0,103,103,0,103,100,100,100,100,0,0,0,0,0,0,0,0,0,0,0,0,20,0,0,0,0,2,0,0,0,0,0,0,1,0,0,3,255,0,255,0,255,0,0,0,0,0,0,0,0,0,0,0,3,1,0,0,0,0,0,0,0,0,0,0,-1,-1,2100,2010,-1,-1,-1,-1,-1,-1,-1,-1,-1,-1,-1,-1,-1,-1,-1,-1,-1,-1,-1,-1,-1,-1,-1,-1,-1,-1,-1,-1,0,0,0,0,0,0,0,0,0,0,0,0,-1,-1,-1,-1,-1,-1,-1,-1,-1,-1,-1,-1,-1,-1,-1,-1,-1,-1,-1,-1,-1,-1,-1,-1,0,0,0,0,0,0,0,0,0,0,0,0,0,0,0,0,0,0,0,0,0,0,0,0,255,139,139,103,0,0,0,1,0,0,0,100,100,100,100,0,0,100,-1,0,100,105,0,1,1,-1,0,0,100,0,[0|0|0],20,0,0,[0|0|0|0|0|0|0|0|0|0]
6701040,Rellana's Twin Blades - Attack,0.4,0.1,0,0,1.1,0.08,6903,-1,-1,1665,-1,110,120,-1,-1,100,110,-1,-1,0,70,70,0,70,50,100,100,100,104,0,0,0,0,0,0,0,0,0,0,0,20,0,0,0,0,2,0,0,0,0,0,0,1,0,0,3,255,0,255,0,255,0,0,0,0,0,0,0,0,0,0,0,4,1,0,0,0,0,0,0,0,9,0,0,-1,-1,2100,2010,-1,-1,-1,-1,-1,-1,-1,-1,-1,-1,-1,-1,-1,-1,-1,-1,-1,-1,-1,-1,-1,-1,-1,-1,-1,-1,-1,-1,0,0,0,0,0,0,0,0,0,0,0,0,-1,-1,-1,-1,-1,-1,-1,-1,-1,-1,-1,-1,-1,-1,-1,-1,-1,-1,-1,-1,-1,-1,-1,-1,0,0,0,0,0,0,0,0,0,0,0,0,0,0,0,0,0,0,0,0,0,0,0,0,255,139,139,70,0,0,0,1,0,0,0,50,50,100,100,0,0,50,-1,0,100,80,0,1,1,-1,0,0,100,0,[0|0|0],20,0,0,[0|0|0|0|0|0|0|0|0|0]
6701041,Rellana's Twin Blades - Attack,0.4,0.1,0,0,1.9,0.04,6903,-1,-1,1665,-1,110,120,-1,-1,100,110,-1,-1,0,80,80,0,80,50,100,100,100,104,0,0,0,0,0,0,0,0,0,0,0,20,0,0,0,0,2,0,0,0,0,0,0,1,0,0,3,255,0,255,0,255,0,0,0,0,0,0,0,0,0,0,0,1,1,0,0,0,0,0,0,0,0,0,0,-1,-1,2100,2010,-1,-1,-1,-1,-1,-1,-1,-1,-1,-1,-1,-1,-1,-1,-1,-1,-1,-1,-1,-1,-1,-1,-1,-1,-1,-1,-1,-1,0,0,0,0,0,0,0,0,0,0,0,0,-1,-1,-1,-1,-1,-1,-1,-1,-1,-1,-1,-1,-1,-1,-1,-1,-1,-1,-1,-1,-1,-1,-1,-1,0,0,0,0,0,0,0,0,0,0,0,0,0,0,0,0,0,0,0,0,0,0,0,0,255,139,139,80,0,0,0,1,0,0,0,100,100,100,100,0,0,100,-1,0,100,100,0,1,1,-1,0,0,100,0,[0|0|0],20,0,0,[0|0|0|0|0|0|0|0|0|0]
6701044,Rellana's Twin Blades - Attack,0.4,0.1,0,0,1.9,0.04,6903,-1,-1,1665,-1,110,120,-1,-1,100,110,-1,-1,0,80,80,0,80,50,100,100,100,104,0,0,0,0,0,0,0,0,0,0,0,20,0,0,0,0,2,0,0,0,0,0,0,1,2,0,3,255,0,255,0,255,0,0,0,0,0,0,0,0,0,0,0,1,1,0,0,0,0,0,0,0,0,0,0,-1,-1,2100,2010,-1,-1,-1,-1,-1,-1,-1,-1,-1,-1,-1,-1,-1,-1,-1,-1,-1,-1,-1,-1,-1,-1,-1,-1,-1,-1,-1,-1,0,0,0,0,0,0,0,0,0,0,0,0,-1,-1,-1,-1,-1,-1,-1,-1,-1,-1,-1,-1,-1,-1,-1,-1,-1,-1,-1,-1,-1,-1,-1,-1,0,0,0,0,0,0,0,0,0,0,0,0,0,0,0,0,0,0,0,0,0,0,0,0,255,139,139,80,0,0,0,1,0,0,0,100,100,100,100,0,0,100,-1,0,100,100,0,1,1,-1,0,0,100,0,[0|0|0],20,0,0,[0|0|0|0|0|0|0|0|0|0]
6701100,Rellana's Twin Blades - Attack,0.4,0.1,0,0,1.2,0.04,6904,-1,-1,1665,-1,110,120,-1,-1,100,110,-1,-1,0,80,80,0,80,70,60,100,100,0,0,0,0,0,0,0,0,0,0,0,0,20,0,0,0,0,2,0,0,0,0,0,0,1,0,0,3,255,2,255,0,255,0,0,0,0,0,0,0,0,0,0,0,4,1,0,0,0,0,0,0,0,9,0,0,-1,-1,2100,2010,-1,-1,-1,-1,-1,-1,-1,-1,-1,-1,-1,-1,-1,-1,-1,-1,-1,-1,-1,-1,-1,-1,-1,-1,-1,-1,-1,-1,0,0,0,0,0,0,0,0,0,0,0,0,-1,-1,-1,-1,-1,-1,-1,-1,-1,-1,-1,-1,-1,-1,-1,-1,-1,-1,-1,-1,-1,-1,-1,-1,0,0,0,0,0,0,0,0,0,0,0,0,0,0,0,0,0,0,0,0,0,0,0,0,255,139,139,80,0,0,0,1,0,0,0,50,50,100,100,0,0,50,-1,0,100,130,0,1,1,-1,0,0,100,0,[0|0|0],20,0,0,[0|0|0|0|0|0|0|0|0|0]
6701101,Rellana's Twin Blades - Attack,0.4,0,0,0,1.9,0.04,6904,-1,-1,1665,-1,110,0,-1,-1,100,0,-1,-1,0,90,90,0,90,70,60,100,100,0,0,0,0,0,0,0,0,0,0,0,0,20,0,0,0,0,0,0,0,0,0,0,0,1,0,0,3,255,2,255,0,255,0,0,0,0,0,0,0,0,0,0,0,2,1,0,0,0,0,0,0,0,0,0,0,-1,-1,2100,2010,-1,-1,-1,-1,-1,-1,-1,-1,-1,-1,-1,-1,-1,-1,-1,-1,-1,-1,-1,-1,-1,-1,-1,-1,-1,-1,-1,-1,0,0,0,0,0,0,0,0,0,0,0,0,-1,-1,-1,-1,-1,-1,-1,-1,-1,-1,-1,-1,-1,-1,-1,-1,-1,-1,-1,-1,-1,-1,-1,-1,0,0,0,0,0,0,0,0,0,0,0,0,0,0,0,0,0,0,0,0,0,0,0,0,255,139,139,90,0,0,0,1,0,0,0,100,100,100,100,0,0,100,-1,0,100,130,0,1,1,-1,0,0,100,0,[0|0|0],20,0,0,[0|0|0|0|0|0|0|0|0|0]
6701104,Rellana's Twin Blades - Attack,0.4,0,0,0,1.9,0.04,6904,-1,-1,1665,-1,110,0,-1,-1,100,0,-1,-1,0,90,90,0,90,70,60,100,100,0,0,0,0,0,0,0,0,0,0,0,0,20,0,0,0,0,0,0,0,0,0,0,0,1,2,0,3,255,2,255,0,255,0,0,0,0,0,0,0,0,0,0,0,2,1,0,0,0,0,0,0,0,0,0,0,-1,-1,2100,2010,-1,-1,-1,-1,-1,-1,-1,-1,-1,-1,-1,-1,-1,-1,-1,-1,-1,-1,-1,-1,-1,-1,-1,-1,-1,-1,-1,-1,0,0,0,0,0,0,0,0,0,0,0,0,-1,-1,-1,-1,-1,-1,-1,-1,-1,-1,-1,-1,-1,-1,-1,-1,-1,-1,-1,-1,-1,-1,-1,-1,0,0,0,0,0,0,0,0,0,0,0,0,0,0,0,0,0,0,0,0,0,0,0,0,255,139,139,90,0,0,0,1,0,0,0,100,100,100,100,0,0,100,-1,0,100,130,0,1,1,-1,0,0,100,0,[0|0|0],20,0,0,[0|0|0|0|0|0|0|0|0|0]
6701105,Rellana's Twin Blades - Attack,0.4,0.1,0,0,1.6,0.04,6906,-1,-1,1665,-1,110,120,-1,-1,100,110,-1,-1,0,95,95,0,95,100,200,100,100,100,0,0,0,0,0,0,0,0,0,0,0,20,0,0,0,0,2,0,0,0,0,0,0,1,0,0,3,255,2,255,0,255,0,0,0,0,0,0,0,0,0,0,0,4,1,0,0,0,0,0,0,0,9,0,0,-1,-1,2100,2010,-1,-1,-1,-1,-1,-1,-1,-1,-1,-1,-1,-1,-1,-1,-1,-1,-1,-1,-1,-1,-1,-1,-1,-1,-1,-1,-1,-1,0,0,0,0,0,0,0,0,0,0,0,0,-1,-1,-1,-1,-1,-1,-1,-1,-1,-1,-1,-1,-1,-1,-1,-1,-1,-1,-1,-1,-1,-1,-1,-1,0,0,0,0,0,0,0,0,0,0,0,0,0,0,0,0,0,0,0,0,0,0,0,0,255,139,139,95,0,0,0,1,0,0,0,50,50,100,100,0,0,50,-1,0,100,150,0,1,1,-1,0,0,300,0,[0|0|0],20,0,0,[0|0|0|0|0|0|0|0|0|0]
6701106,Rellana's Twin Blades - Attack,0.4,0.1,0,0,1.6,0.04,6906,-1,-1,1665,-1,110,120,-1,-1,100,110,-1,-1,0,100,100,0,100,100,200,100,100,100,0,0,0,0,0,0,0,0,0,0,0,20,0,0,0,0,2,0,0,0,0,0,0,1,0,0,3,255,2,255,0,255,0,0,0,0,0,0,0,0,0,0,0,2,1,0,0,0,0,0,0,0,0,0,0,-1,-1,2100,2010,-1,-1,-1,-1,-1,-1,-1,-1,-1,-1,-1,-1,-1,-1,-1,-1,-1,-1,-1,-1,-1,-1,-1,-1,-1,-1,-1,-1,0,0,0,0,0,0,0,0,0,0,0,0,-1,-1,-1,-1,-1,-1,-1,-1,-1,-1,-1,-1,-1,-1,-1,-1,-1,-1,-1,-1,-1,-1,-1,-1,0,0,0,0,0,0,0,0,0,0,0,0,0,0,0,0,0,0,0,0,0,0,0,0,255,139,139,100,0,0,0,1,0,0,0,100,100,100,100,0,0,100,-1,0,100,150,0,1,1,-1,0,0,300,0,[0|0|0],20,0,0,[0|0|0|0|0|0|0|0|0|0]
6701109,Rellana's Twin Blades - Attack,0.4,0,0,0,1.6,0.04,6906,-1,-1,1665,-1,110,0,-1,-1,100,0,-1,-1,0,100,100,0,100,100,200,100,100,100,0,0,0,0,0,0,0,0,0,0,0,20,0,0,0,0,0,0,0,0,0,0,0,1,2,0,3,255,2,255,0,255,0,0,0,0,0,0,0,0,0,0,0,2,1,0,0,0,0,0,0,0,0,0,0,-1,-1,2100,2010,-1,-1,-1,-1,-1,-1,-1,-1,-1,-1,-1,-1,-1,-1,-1,-1,-1,-1,-1,-1,-1,-1,-1,-1,-1,-1,-1,-1,0,0,0,0,0,0,0,0,0,0,0,0,-1,-1,-1,-1,-1,-1,-1,-1,-1,-1,-1,-1,-1,-1,-1,-1,-1,-1,-1,-1,-1,-1,-1,-1,0,0,0,0,0,0,0,0,0,0,0,0,0,0,0,0,0,0,0,0,0,0,0,0,255,139,139,100,0,0,0,1,0,0,0,100,100,100,100,0,0,100,-1,0,100,150,0,1,1,-1,0,0,300,0,[0|0|0],20,0,0,[0|0|0|0|0|0|0|0|0|0]
6701110,Rellana's Twin Blades - Attack,0.4,0.1,0,0,1.2,0.04,6904,-1,-1,1665,-1,110,120,-1,-1,100,110,-1,-1,0,80,80,0,80,70,60,100,100,0,0,0,0,0,0,0,0,0,0,0,0,20,0,0,0,0,2,0,0,0,0,0,0,1,0,0,3,255,0,255,0,255,0,0,0,0,0,0,0,0,0,0,0,4,1,0,0,0,0,0,0,0,9,0,0,-1,-1,2100,2010,-1,-1,-1,-1,-1,-1,-1,-1,-1,-1,-1,-1,-1,-1,-1,-1,-1,-1,-1,-1,-1,-1,-1,-1,-1,-1,-1,-1,0,0,0,0,0,0,0,0,0,0,0,0,-1,-1,-1,-1,-1,-1,-1,-1,-1,-1,-1,-1,-1,-1,-1,-1,-1,-1,-1,-1,-1,-1,-1,-1,0,0,0,0,0,0,0,0,0,0,0,0,0,0,0,0,0,0,0,0,0,0,0,0,255,139,139,80,0,0,0,1,0,0,0,50,50,100,100,0,0,50,-1,0,100,130,0,1,1,-1,0,0,100,0,[0|0|0],20,0,0,[0|0|0|0|0|0|0|0|0|0]
6701111,Rellana's Twin Blades - Attack,0.4,0.2,0,0,1.15,0.04,6904,-1,-1,1665,-1,110,120,-1,-1,100,-1,-1,-1,0,90,90,0,90,70,60,100,100,0,0,0,0,0,0,0,0,0,0,0,0,20,0,0,0,0,2,0,0,0,0,0,0,1,0,0,3,255,0,255,0,255,0,0,0,0,0,0,0,0,0,0,0,1,1,0,0,0,0,0,0,0,0,0,0,-1,-1,2100,2010,-1,-1,-1,-1,-1,-1,-1,-1,-1,-1,-1,-1,-1,-1,-1,-1,-1,-1,-1,-1,-1,-1,-1,-1,-1,-1,-1,-1,0,0,0,0,0,0,0,0,0,0,0,0,-1,-1,-1,-1,-1,-1,-1,-1,-1,-1,-1,-1,-1,-1,-1,-1,-1,-1,-1,-1,-1,-1,-1,-1,0,0,0,0,0,0,0,0,0,0,0,0,0,0,0,0,0,0,0,0,0,0,0,0,255,139,139,90,0,0,0,1,0,0,0,100,100,100,100,0,0,100,-1,0,100,130,0,1,1,-1,0,0,100,0,[0|0|0],20,0,0,[0|0|0|0|0|0|0|0|0|0]
6701113,Rellana's Twin Blades - Attack,0.4,0,0,0,1.2,0.04,6904,-1,-1,1665,-1,110,0,-1,-1,100,0,-1,-1,0,80,80,0,80,70,60,100,100,0,0,0,0,0,0,0,0,0,0,0,0,20,0,0,0,0,0,0,0,0,0,0,0,1,2,0,3,255,0,255,0,255,0,0,0,0,0,0,0,0,0,0,0,4,1,0,0,0,0,0,0,0,9,0,0,-1,-1,2100,2010,-1,-1,-1,-1,-1,-1,-1,-1,-1,-1,-1,-1,-1,-1,-1,-1,-1,-1,-1,-1,-1,-1,-1,-1,-1,-1,-1,-1,0,0,0,0,0,0,0,0,0,0,0,0,-1,-1,-1,-1,-1,-1,-1,-1,-1,-1,-1,-1,-1,-1,-1,-1,-1,-1,-1,-1,-1,-1,-1,-1,0,0,0,0,0,0,0,0,0,0,0,0,0,0,0,0,0,0,0,0,0,0,0,0,255,139,139,80,0,0,0,1,0,0,0,50,50,100,100,0,0,50,-1,0,100,130,0,1,1,-1,0,0,100,0,[0|0|0],20,0,0,[0|0|0|0|0|0|0|0|0|0]
6701114,Rellana's Twin Blades - Attack,0.4,0,0,0,1.15,0.04,6904,-1,-1,1665,-1,110,0,-1,-1,100,0,-1,-1,0,90,90,0,90,70,60,100,100,0,0,0,0,0,0,0,0,0,0,0,0,20,0,0,0,0,0,0,0,0,0,0,0,1,2,0,3,255,0,255,0,255,0,0,0,0,0,0,0,0,0,0,0,1,1,0,0,0,0,0,0,0,0,0,0,-1,-1,2100,2010,-1,-1,-1,-1,-1,-1,-1,-1,-1,-1,-1,-1,-1,-1,-1,-1,-1,-1,-1,-1,-1,-1,-1,-1,-1,-1,-1,-1,0,0,0,0,0,0,0,0,0,0,0,0,-1,-1,-1,-1,-1,-1,-1,-1,-1,-1,-1,-1,-1,-1,-1,-1,-1,-1,-1,-1,-1,-1,-1,-1,0,0,0,0,0,0,0,0,0,0,0,0,0,0,0,0,0,0,0,0,0,0,0,0,255,139,139,90,0,0,0,1,0,0,0,100,100,100,100,0,0,100,-1,0,100,130,0,1,1,-1,0,0,100,0,[0|0|0],20,0,0,[0|0|0|0|0|0|0|0|0|0]
6701115,Rellana's Twin Blades - Attack,0.4,0.1,0,0,2,0.04,6906,-1,-1,1665,-1,110,120,-1,-1,100,110,-1,-1,0,95,95,0,95,100,200,100,100,100,0,0,0,0,0,0,0,0,0,0,0,20,0,0,0,0,2,0,0,0,0,0,0,2,0,0,3,255,0,255,0,255,0,0,0,0,0,0,0,0,0,0,0,4,1,0,0,0,0,0,0,0,9,0,0,-1,-1,2100,2010,-1,-1,-1,-1,-1,-1,-1,-1,-1,-1,-1,-1,-1,-1,-1,-1,-1,-1,-1,-1,-1,-1,-1,-1,-1,-1,-1,-1,0,0,0,0,0,0,0,0,0,0,0,0,-1,-1,-1,-1,-1,-1,-1,-1,-1,-1,-1,-1,-1,-1,-1,-1,-1,-1,-1,-1,-1,-1,-1,-1,0,0,0,0,0,0,0,0,0,0,0,0,0,0,0,0,0,0,0,0,0,0,0,0,255,139,139,95,0,0,0,1,0,0,0,50,50,100,100,0,0,50,-1,0,100,150,0,1,1,-1,0,0,300,0,[0|0|0],20,0,0,[0|0|0|0|0|0|0|0|0|0]
6701116,Rellana's Twin Blades - Attack,0.4,0.2,0,0,1.5,0.04,6906,-1,-1,1665,-1,110,120,-1,-1,100,-1,-1,-1,0,100,100,0,100,100,200,100,100,100,0,0,0,0,0,0,0,0,0,0,0,20,0,0,0,0,2,0,0,0,0,0,0,2,0,0,3,255,0,255,0,255,0,0,0,0,0,0,0,0,0,0,0,1,1,0,0,0,0,0,0,0,0,0,0,-1,-1,2100,2010,-1,-1,-1,-1,-1,-1,-1,-1,-1,-1,-1,-1,-1,-1,-1,-1,-1,-1,-1,-1,-1,-1,-1,-1,-1,-1,-1,-1,0,0,0,0,0,0,0,0,0,0,0,0,-1,-1,-1,-1,-1,-1,-1,-1,-1,-1,-1,-1,-1,-1,-1,-1,-1,-1,-1,-1,-1,-1,-1,-1,0,0,0,0,0,0,0,0,0,0,0,0,0,0,0,0,0,0,0,0,0,0,0,0,255,139,139,100,0,0,0,1,0,0,0,100,100,100,100,0,0,100,-1,0,100,150,0,1,1,-1,0,0,300,0,[0|0|0],20,0,0,[0|0|0|0|0|0|0|0|0|0]
6701118,Rellana's Twin Blades - Attack,0.4,0,0,0,2,0.04,6906,-1,-1,1665,-1,110,0,-1,-1,100,0,-1,-1,0,95,95,0,95,100,200,100,100,100,0,0,0,0,0,0,0,0,0,0,0,20,0,0,0,0,0,0,0,0,0,0,0,2,2,0,3,255,0,255,0,255,0,0,0,0,0,0,0,0,0,0,0,4,1,0,0,0,0,0,0,0,9,0,0,-1,-1,2100,2010,-1,-1,-1,-1,-1,-1,-1,-1,-1,-1,-1,-1,-1,-1,-1,-1,-1,-1,-1,-1,-1,-1,-1,-1,-1,-1,-1,-1,0,0,0,0,0,0,0,0,0,0,0,0,-1,-1,-1,-1,-1,-1,-1,-1,-1,-1,-1,-1,-1,-1,-1,-1,-1,-1,-1,-1,-1,-1,-1,-1,0,0,0,0,0,0,0,0,0,0,0,0,0,0,0,0,0,0,0,0,0,0,0,0,255,139,139,95,0,0,0,1,0,0,0,50,50,100,100,0,0,50,-1,0,100,150,0,1,1,-1,0,0,300,0,[0|0|0],20,0,0,[0|0|0|0|0|0|0|0|0|0]
6701119,Rellana's Twin Blades - Attack,0.4,0,0,0,1.5,0.04,6906,-1,-1,1665,-1,110,0,-1,-1,100,0,-1,-1,0,100,100,0,100,100,200,100,100,100,0,0,0,0,0,0,0,0,0,0,0,20,0,0,0,0,0,0,0,0,0,0,0,2,2,0,3,255,0,255,0,255,0,0,0,0,0,0,0,0,0,0,0,1,1,0,0,0,0,0,0,0,0,0,0,-1,-1,2100,2010,-1,-1,-1,-1,-1,-1,-1,-1,-1,-1,-1,-1,-1,-1,-1,-1,-1,-1,-1,-1,-1,-1,-1,-1,-1,-1,-1,-1,0,0,0,0,0,0,0,0,0,0,0,0,-1,-1,-1,-1,-1,-1,-1,-1,-1,-1,-1,-1,-1,-1,-1,-1,-1,-1,-1,-1,-1,-1,-1,-1,0,0,0,0,0,0,0,0,0,0,0,0,0,0,0,0,0,0,0,0,0,0,0,0,255,139,139,100,0,0,0,1,0,0,0,100,100,100,100,0,0,100,-1,0,100,150,0,1,1,-1,0,0,300,0,[0|0|0],20,0,0,[0|0|0|0|0|0|0|0|0|0]
6701120,Rellana's Twin Blades - Attack,0.4,0.1,0,0,1.9,0.08,6903,-1,-1,1665,-1,110,120,-1,-1,100,110,-1,-1,0,105,105,0,105,120,120,100,100,122,0,0,0,0,0,0,0,0,0,0,0,20,0,0,0,0,2,0,0,0,0,0,0,1,0,0,3,255,0,255,0,255,0,0,0,0,0,0,0,0,0,0,0,2,1,0,0,0,0,0,0,0,0,0,0,-1,-1,2100,2010,-1,-1,-1,-1,-1,-1,-1,-1,-1,-1,-1,-1,-1,-1,-1,-1,-1,-1,-1,-1,-1,-1,-1,-1,-1,-1,-1,-1,0,0,0,0,0,0,0,0,0,0,0,0,-1,-1,-1,-1,-1,-1,-1,-1,-1,-1,-1,-1,-1,-1,-1,-1,-1,-1,-1,-1,-1,-1,-1,-1,0,0,0,0,0,0,0,0,0,0,0,0,0,0,0,0,0,0,0,0,0,0,0,0,255,139,139,105,0,0,0,1,0,0,0,100,100,100,100,0,0,100,-1,0,100,110,0,1,1,-1,0,0,100,0,[0|0|0],20,0,0,[0|0|0|0|0|0|0|0|0|0]
6701123,Rellana's Twin Blades - Attack,0.4,0,0,0,1.9,0.08,6903,-1,-1,1665,-1,110,0,-1,-1,100,0,-1,-1,0,105,105,0,105,120,120,100,100,122,0,0,0,0,0,0,0,0,0,0,0,20,0,0,0,0,0,0,0,0,0,0,0,1,2,0,3,255,0,255,0,255,0,0,0,0,0,0,0,0,0,0,0,2,1,0,0,0,0,0,0,0,0,0,0,-1,-1,2100,2010,-1,-1,-1,-1,-1,-1,-1,-1,-1,-1,-1,-1,-1,-1,-1,-1,-1,-1,-1,-1,-1,-1,-1,-1,-1,-1,-1,-1,0,0,0,0,0,0,0,0,0,0,0,0,-1,-1,-1,-1,-1,-1,-1,-1,-1,-1,-1,-1,-1,-1,-1,-1,-1,-1,-1,-1,-1,-1,-1,-1,0,0,0,0,0,0,0,0,0,0,0,0,0,0,0,0,0,0,0,0,0,0,0,0,255,139,139,105,0,0,0,1,0,0,0,100,100,100,100,0,0,100,-1,0,100,110,0,1,1,-1,0,0,100,0,[0|0|0],20,0,0,[0|0|0|0|0|0|0|0|0|0]
6701125,Rellana's Twin Blades - Attack,0.4,0.1,0,0,1.75,0.04,6904,-1,-1,1665,-1,110,120,-1,-1,100,110,-1,-1,0,70,70,0,70,75,200,100,100,122,0,0,0,0,0,0,0,0,0,0,0,20,0,0,0,0,2,0,0,0,0,0,0,1,0,0,3,255,0,255,0,255,0,0,0,0,0,0,0,0,0,0,0,4,1,0,0,0,0,0,0,0,9,0,0,-1,-1,2100,2010,-1,-1,-1,-1,-1,-1,-1,-1,-1,-1,-1,-1,-1,-1,-1,-1,-1,-1,-1,-1,-1,-1,-1,-1,-1,-1,-1,-1,0,0,0,0,0,0,0,0,0,0,0,0,-1,-1,-1,-1,-1,-1,-1,-1,-1,-1,-1,-1,-1,-1,-1,-1,-1,-1,-1,-1,-1,-1,-1,-1,0,0,0,0,0,0,0,0,0,0,0,0,0,0,0,0,0,0,0,0,0,0,0,0,255,139,139,70,0,0,0,1,0,0,0,50,50,100,100,0,0,50,-1,0,100,130,0,1,1,-1,0,0,100,0,[0|0|0],20,0,0,[0|0|0|0|0|0|0|0|0|0]
6701126,Rellana's Twin Blades - Attack,0.4,0.1,0,0,1.3,0.04,6904,-1,-1,1665,-1,110,120,-1,-1,100,110,-1,-1,0,95,95,0,95,75,200,100,100,122,0,0,0,0,0,0,0,0,0,0,0,20,0,0,0,0,2,0,0,0,0,0,0,1,0,0,2,255,0,255,0,255,0,0,0,0,0,0,0,0,0,0,0,0,1,0,0,0,0,0,0,0,0,0,0,-1,-1,2100,2010,-1,-1,-1,-1,-1,-1,-1,-1,-1,-1,-1,-1,-1,-1,-1,-1,-1,-1,-1,-1,-1,-1,-1,-1,-1,-1,-1,-1,0,0,0,0,0,0,0,0,0,0,0,0,-1,-1,-1,-1,-1,-1,-1,-1,-1,-1,-1,-1,-1,-1,-1,-1,-1,-1,-1,-1,-1,-1,-1,-1,0,0,0,0,0,0,0,0,0,0,0,0,0,0,0,0,0,0,0,0,0,0,0,0,255,139,139,95,0,0,0,1,0,0,0,100,100,100,100,0,0,100,-1,0,100,130,0,1,1,-1,0,0,100,0,[0|0|0],20,0,0,[0|0|0|0|0|0|0|0|0|0]
6701128,Rellana's Twin Blades - Attack,0.4,0,0,0,1.75,0.08,6904,-1,-1,1665,-1,110,0,-1,-1,100,0,-1,-1,0,95,95,0,95,75,200,100,100,122,0,0,0,0,0,0,0,0,0,0,0,20,0,0,0,0,0,0,0,0,0,0,0,1,2,0,3,255,0,255,0,255,0,0,0,0,0,0,0,0,0,0,0,4,1,0,0,0,0,0,0,0,0,0,0,-1,-1,2100,2010,-1,-1,-1,-1,-1,-1,-1,-1,-1,-1,-1,-1,-1,-1,-1,-1,-1,-1,-1,-1,-1,-1,-1,-1,-1,-1,-1,-1,0,0,0,0,0,0,0,0,0,0,0,0,-1,-1,-1,-1,-1,-1,-1,-1,-1,-1,-1,-1,-1,-1,-1,-1,-1,-1,-1,-1,-1,-1,-1,-1,0,0,0,0,0,0,0,0,0,0,0,0,0,0,0,0,0,0,0,0,0,0,0,0,255,139,139,95,0,0,0,1,0,0,0,50,50,100,100,0,0,50,-1,0,100,130,0,1,1,-1,0,0,100,0,[0|0|0],20,0,0,[0|0|0|0|0|0|0|0|0|0]
6701130,Rellana's Twin Blades - Attack,0.4,0.1,0,0,0.85,0.08,6903,-1,-1,1665,-1,110,120,-1,-1,100,110,-1,-1,0,90,90,0,90,110,200,100,100,121,0,0,0,0,0,0,0,0,0,0,0,20,0,0,0,0,2,0,0,0,0,0,0,1,0,0,3,255,2,255,0,255,0,0,0,0,0,0,0,0,0,0,0,4,1,0,0,0,0,0,0,0,0,0,0,-1,-1,2100,2010,-1,-1,-1,-1,-1,-1,-1,-1,-1,-1,-1,-1,-1,-1,-1,-1,-1,-1,-1,-1,-1,-1,-1,-1,-1,-1,-1,-1,0,0,0,0,0,0,0,0,0,0,0,0,-1,-1,-1,-1,-1,-1,-1,-1,-1,-1,-1,-1,-1,-1,-1,-1,-1,-1,-1,-1,-1,-1,-1,-1,0,0,0,0,0,0,0,0,0,0,0,0,0,0,0,0,0,0,0,0,0,0,0,0,255,139,139,90,0,0,0,1,0,0,0,100,100,100,100,0,0,100,-1,0,100,90,0,1,1,-1,0,0,100,0,[0|0|0],20,0,0,[0|0|0|0|0|0|0|0|0|0]
6701133,Rellana's Twin Blades - Attack,0.4,0.1,0,0,0.85,0.08,6903,-1,-1,1665,-1,110,120,-1,-1,100,110,-1,-1,0,90,90,0,90,110,200,100,100,121,0,0,0,0,0,0,0,0,0,0,0,20,0,0,0,0,2,0,0,0,0,0,0,1,2,0,3,255,2,255,0,255,0,0,0,0,0,0,0,0,0,0,0,4,1,0,0,0,0,0,0,0,0,0,0,-1,-1,2100,2010,-1,-1,-1,-1,-1,-1,-1,-1,-1,-1,-1,-1,-1,-1,-1,-1,-1,-1,-1,-1,-1,-1,-1,-1,-1,-1,-1,-1,0,0,0,0,0,0,0,0,0,0,0,0,-1,-1,-1,-1,-1,-1,-1,-1,-1,-1,-1,-1,-1,-1,-1,-1,-1,-1,-1,-1,-1,-1,-1,-1,0,0,0,0,0,0,0,0,0,0,0,0,0,0,0,0,0,0,0,0,0,0,0,0,255,139,139,90,0,0,0,1,0,0,0,100,100,100,100,0,0,100,-1,0,100,90,0,1,1,-1,0,0,100,0,[0|0|0],20,0,0,[0|0|0|0|0|0|0|0|0|0]
6701140,Rellana's Twin Blades - Attack,0.4,0.15,0,0,1.1,0.08,6903,-1,-1,1665,-1,110,120,-1,-1,100,110,-1,-1,0,90,90,0,90,110,200,100,100,121,0,0,0,0,0,0,0,0,0,0,0,20,0,0,0,0,2,0,0,0,0,0,0,1,0,0,2,255,0,255,0,255,0,0,0,0,0,0,0,0,0,0,0,0,1,0,0,0,0,0,0,0,0,0,0,-1,-1,2100,2010,-1,-1,-1,-1,-1,-1,-1,-1,-1,-1,-1,-1,-1,-1,-1,-1,-1,-1,-1,-1,-1,-1,-1,-1,-1,-1,-1,-1,0,0,0,0,0,0,0,0,0,0,0,0,-1,-1,-1,-1,-1,-1,-1,-1,-1,-1,-1,-1,-1,-1,-1,-1,-1,-1,-1,-1,-1,-1,-1,-1,0,0,0,0,0,0,0,0,0,0,0,0,0,0,0,0,0,0,0,0,0,0,0,0,255,139,139,90,0,0,0,1,0,0,0,100,100,100,100,0,0,100,-1,0,100,90,0,1,1,-1,0,0,100,0,[0|0|0],20,0,0,[0|0|0|0|0|0|0|0|0|0]
6701150,Rellana's Twin Blades - Attack,0.4,0.1,0,0,0.85,0.08,6903,-1,-1,1665,-1,110,120,-1,-1,100,110,-1,-1,0,107,107,0,107,100,9900,100,100,102,0,0,0,0,0,0,0,0,0,0,0,20,0,0,0,0,2,0,0,0,0,0,0,1,0,0,2,255,0,255,0,255,0,0,0,0,0,0,0,0,0,0,1,0,1,0,0,0,0,0,0,0,0,0,0,-1,-1,2100,2010,-1,-1,-1,-1,-1,-1,-1,-1,-1,-1,-1,-1,-1,-1,-1,-1,-1,-1,-1,-1,-1,-1,-1,-1,-1,-1,-1,-1,0,0,0,0,0,0,0,0,0,0,0,0,-1,-1,-1,-1,-1,-1,-1,-1,-1,-1,-1,-1,-1,-1,-1,-1,-1,-1,-1,-1,-1,-1,-1,-1,0,0,0,0,0,0,0,0,0,0,0,0,0,0,0,0,0,0,0,0,0,0,0,0,255,139,139,107,0,0,0,1,0,0,0,100,100,100,100,0,0,100,-1,0,100,130,0,1,1,-1,0,0,150,0,[0|0|0],20,0,0,[0|0|0|0|0|0|0|0|0|0]
6701160,Rellana's Twin Blades - Attack,0.4,0.1,0,0,0.2,0.04,6904,-1,-1,1665,-1,110,120,-1,-1,100,110,-1,-1,0,80,80,0,80,100,9900,100,100,102,0,0,0,0,0,0,0,0,0,0,0,20,0,0,0,0,2,0,0,0,0,0,0,1,0,0,3,255,0,255,0,255,0,0,0,0,0,0,0,0,0,0,1,4,1,0,0,0,0,0,0,0,9,0,0,-1,-1,2100,2010,-1,-1,-1,-1,-1,-1,-1,-1,-1,-1,-1,-1,-1,-1,-1,-1,-1,-1,-1,-1,-1,-1,-1,-1,-1,-1,-1,-1,0,0,0,0,0,0,0,0,0,0,0,0,-1,-1,-1,-1,-1,-1,-1,-1,-1,-1,-1,-1,-1,-1,-1,-1,-1,-1,-1,-1,-1,-1,-1,-1,0,0,0,0,0,0,0,0,0,0,0,0,0,0,0,0,0,0,0,0,0,0,0,0,255,139,139,80,0,0,0,1,0,0,0,50,50,100,100,0,0,50,-1,0,100,140,0,1,1,-1,0,0,200,0,[0|0|0],20,0,0,[0|0|0|0|0|0|0|0|0|0]
6701161,Rellana's Twin Blades - Attack,0.4,0.1,0,0,1.5,0.04,6904,-1,-1,1665,-1,110,120,-1,-1,100,110,-1,-1,0,95,95,0,95,100,9900,100,100,102,0,0,0,0,0,0,0,0,0,0,0,20,0,0,0,0,2,0,0,0,0,0,0,1,0,0,3,255,0,255,0,255,0,0,0,0,0,0,0,0,0,0,1,2,1,0,0,0,0,0,0,0,0,0,0,-1,-1,2100,2010,-1,-1,-1,-1,-1,-1,-1,-1,-1,-1,-1,-1,-1,-1,-1,-1,-1,-1,-1,-1,-1,-1,-1,-1,-1,-1,-1,-1,0,0,0,0,0,0,0,0,0,0,0,0,-1,-1,-1,-1,-1,-1,-1,-1,-1,-1,-1,-1,-1,-1,-1,-1,-1,-1,-1,-1,-1,-1,-1,-1,0,0,0,0,0,0,0,0,0,0,0,0,0,0,0,0,0,0,0,0,0,0,0,0,255,139,139,95,0,0,0,1,0,0,0,100,100,100,100,0,0,100,-1,0,100,140,0,1,1,-1,0,0,200,0,[0|0|0],20,0,0,[0|0|0|0|0|0|0|0|0|0]
6701163,Rellana's Twin Blades - Attack,0.4,0,0,0,0.2,0.04,6904,-1,-1,1665,-1,110,0,-1,-1,100,0,-1,-1,0,80,80,0,80,100,9900,100,100,102,0,0,0,0,0,0,0,0,0,0,0,20,0,0,0,0,0,0,0,0,0,0,0,1,2,0,3,255,0,255,0,255,0,0,0,0,0,0,0,0,0,0,1,4,1,0,0,0,0,0,0,0,9,0,0,-1,-1,2100,2010,-1,-1,-1,-1,-1,-1,-1,-1,-1,-1,-1,-1,-1,-1,-1,-1,-1,-1,-1,-1,-1,-1,-1,-1,-1,-1,-1,-1,0,0,0,0,0,0,0,0,0,0,0,0,-1,-1,-1,-1,-1,-1,-1,-1,-1,-1,-1,-1,-1,-1,-1,-1,-1,-1,-1,-1,-1,-1,-1,-1,0,0,0,0,0,0,0,0,0,0,0,0,0,0,0,0,0,0,0,0,0,0,0,0,255,139,139,80,0,0,0,1,0,0,0,50,50,100,100,0,0,50,-1,0,100,140,0,1,1,-1,0,0,200,0,[0|0|0],20,0,0,[0|0|0|0|0|0|0|0|0|0]
6701164,Rellana's Twin Blades - Attack,0.4,0,0,0,1.5,0.04,6904,-1,-1,1665,-1,110,0,-1,-1,100,0,-1,-1,0,95,95,0,95,100,9900,100,100,102,0,0,0,0,0,0,0,0,0,0,0,20,0,0,0,0,0,0,0,0,0,0,0,1,2,0,3,255,0,255,0,255,0,0,0,0,0,0,0,0,0,0,1,2,1,0,0,0,0,0,0,0,0,0,0,-1,-1,2100,2010,-1,-1,-1,-1,-1,-1,-1,-1,-1,-1,-1,-1,-1,-1,-1,-1,-1,-1,-1,-1,-1,-1,-1,-1,-1,-1,-1,-1,0,0,0,0,0,0,0,0,0,0,0,0,-1,-1,-1,-1,-1,-1,-1,-1,-1,-1,-1,-1,-1,-1,-1,-1,-1,-1,-1,-1,-1,-1,-1,-1,0,0,0,0,0,0,0,0,0,0,0,0,0,0,0,0,0,0,0,0,0,0,0,0,255,139,139,95,0,0,0,1,0,0,0,100,100,100,100,0,0,100,-1,0,100,140,0,1,1,-1,0,0,200,0,[0|0|0],20,0,0,[0|0|0|0|0|0|0|0|0|0]
6701180,Rellana's Twin Blades - Attack,0.4,0.1,0,0,1.2,0.04,-1,-1,-1,1665,-1,110,120,-1,-1,100,110,-1,-1,0,80,80,0,80,55,9900,100,60000,103,0,0,0,0,0,0,0,0,0,0,0,20,0,0,0,0,2,0,0,0,0,0,0,1,0,0,3,255,0,255,0,255,0,0,0,0,0,0,0,0,0,0,0,4,1,0,0,0,0,0,0,0,9,0,0,-1,-1,2100,2010,-1,-1,-1,-1,-1,-1,-1,-1,-1,-1,-1,-1,-1,-1,-1,-1,-1,-1,-1,-1,-1,-1,-1,-1,-1,-1,-1,-1,0,0,0,0,0,0,0,0,0,0,0,0,-1,-1,-1,-1,-1,-1,-1,-1,-1,-1,-1,-1,-1,-1,-1,-1,-1,-1,-1,-1,-1,-1,-1,-1,0,0,0,0,0,0,0,0,0,0,0,0,0,0,0,0,0,0,0,0,0,0,0,0,255,139,139,80,0,0,0,1,0,0,0,50,50,100,100,0,0,50,-1,0,100,100,0,1,1,-1,0,0,300,0,[0|0|0],20,0,0,[0|0|0|0|0|0|0|0|0|0]
6701181,Rellana's Twin Blades - Attack,0.4,0.1,0,0,1.4,0.04,-1,-1,-1,1665,-1,110,120,-1,-1,100,110,-1,-1,0,95,95,0,95,55,9900,100,60000,103,0,0,0,0,0,0,0,0,0,0,0,20,0,0,0,0,2,0,0,0,0,0,0,1,0,0,3,255,0,255,0,255,0,0,0,0,0,0,0,0,0,0,0,1,1,0,0,0,0,0,0,0,0,0,0,-1,-1,2100,2010,-1,-1,-1,-1,-1,-1,-1,-1,-1,-1,-1,-1,-1,-1,-1,-1,-1,-1,-1,-1,-1,-1,-1,-1,-1,-1,-1,-1,0,0,0,0,0,0,0,0,0,0,0,0,-1,-1,-1,-1,-1,-1,-1,-1,-1,-1,-1,-1,-1,-1,-1,-1,-1,-1,-1,-1,-1,-1,-1,-1,0,0,0,0,0,0,0,0,0,0,0,0,0,0,0,0,0,0,0,0,0,0,0,0,255,139,139,95,0,0,0,1,0,0,0,100,100,100,100,0,0,100,-1,0,100,100,0,1,1,-1,0,0,300,0,[0|0|0],20,0,0,[0|0|0|0|0|0|0|0|0|0]
6701183,Rellana's Twin Blades - Attack,0.4,0,0,0,1.2,0.04,-1,-1,-1,1665,-1,110,0,-1,-1,100,0,-1,-1,0,80,80,0,80,55,9900,100,60000,103,0,0,0,0,0,0,0,0,0,0,0,20,0,0,0,0,0,0,0,0,0,0,0,1,2,0,3,255,0,255,0,255,0,0,0,0,0,0,0,0,0,0,0,4,1,0,0,0,0,0,0,0,9,0,0,-1,-1,2100,2010,-1,-1,-1,-1,-1,-1,-1,-1,-1,-1,-1,-1,-1,-1,-1,-1,-1,-1,-1,-1,-1,-1,-1,-1,-1,-1,-1,-1,0,0,0,0,0,0,0,0,0,0,0,0,-1,-1,-1,-1,-1,-1,-1,-1,-1,-1,-1,-1,-1,-1,-1,-1,-1,-1,-1,-1,-1,-1,-1,-1,0,0,0,0,0,0,0,0,0,0,0,0,0,0,0,0,0,0,0,0,0,0,0,0,255,139,139,80,0,0,0,1,0,0,0,50,50,100,100,0,0,50,-1,0,100,100,0,1,1,-1,0,0,300,0,[0|0|0],20,0,0,[0|0|0|0|0|0|0|0|0|0]
6701184,Rellana's Twin Blades - Attack,0.4,0,0,0,1.4,0.04,-1,-1,-1,1665,-1,110,0,-1,-1,100,0,-1,-1,0,95,95,0,95,55,9900,100,60000,103,0,0,0,0,0,0,0,0,0,0,0,20,0,0,0,0,0,0,0,0,0,0,0,1,2,0,3,255,0,255,0,255,0,0,0,0,0,0,0,0,0,0,0,1,1,0,0,0,0,0,0,0,0,0,0,-1,-1,2100,2010,-1,-1,-1,-1,-1,-1,-1,-1,-1,-1,-1,-1,-1,-1,-1,-1,-1,-1,-1,-1,-1,-1,-1,-1,-1,-1,-1,-1,0,0,0,0,0,0,0,0,0,0,0,0,-1,-1,-1,-1,-1,-1,-1,-1,-1,-1,-1,-1,-1,-1,-1,-1,-1,-1,-1,-1,-1,-1,-1,-1,0,0,0,0,0,0,0,0,0,0,0,0,0,0,0,0,0,0,0,0,0,0,0,0,255,139,139,95,0,0,0,1,0,0,0,100,100,100,100,0,0,100,-1,0,100,100,0,1,1,-1,0,0,300,0,[0|0|0],20,0,0,[0|0|0|0|0|0|0|0|0|0]
6701200,Rellana's Twin Blades - Attack,0.4,0.1,0,0,1,0.04,6903,-1,-1,1665,-1,10100,10120,-1,-1,10110,10110,-1,-1,0,92,92,0,92,90,100,100,100,0,0,0,0,0,0,0,0,0,0,0,0,20,0,0,0,0,2,0,0,0,0,0,0,1,0,0,2,10,0,255,0,255,0,0,0,0,0,0,0,0,0,0,0,0,1,0,0,0,0,0,0,0,9,0,0,-1,-1,2100,2010,-1,-1,-1,-1,-1,-1,-1,-1,-1,-1,-1,-1,-1,-1,-1,-1,-1,-1,-1,-1,-1,-1,-1,-1,-1,-1,-1,-1,0,0,0,0,0,0,0,0,0,0,0,0,-1,-1,-1,-1,-1,-1,-1,-1,-1,-1,-1,-1,-1,-1,-1,-1,-1,-1,-1,-1,-1,-1,-1,-1,0,0,0,0,0,0,0,0,0,0,0,0,0,0,0,0,0,0,0,0,0,0,0,0,255,139,139,92,0,0,0,1,0,0,0,65,90,100,100,0,0,100,-1,0,100,100,0,1,1,-1,3,0,60,0,[0|0|0],20,0,0,[0|0|0|0|0|0|0|0|0|0]
6701205,Rellana's Twin Blades - Attack,0.4,0.1,0,0,1.5,0.04,6903,-1,-1,-1,1667,11100,11120,-1,-1,11110,11110,-1,-1,0,92,0,92,92,90,100,100,100,0,0,0,0,0,0,0,0,0,0,0,0,20,0,0,0,0,2,0,0,0,0,0,0,1,0,0,2,11,0,255,0,255,0,0,0,0,0,0,0,0,0,0,0,0,1,0,0,0,0,0,0,0,0,0,0,-1,-1,2100,2010,-1,-1,-1,-1,-1,-1,-1,-1,-1,-1,-1,-1,-1,-1,-1,-1,-1,-1,-1,-1,-1,-1,-1,-1,-1,-1,-1,-1,0,0,0,0,0,0,0,0,0,0,0,0,-1,-1,-1,-1,-1,-1,-1,-1,-1,-1,-1,-1,-1,-1,-1,-1,-1,-1,-1,-1,-1,-1,-1,-1,0,0,0,0,0,0,0,0,0,0,0,0,0,0,0,0,0,0,0,0,0,0,0,0,255,139,139,92,0,0,0,1,0,0,0,65,90,100,100,0,0,100,-1,0,100,100,0,1,1,-1,7,0,60,0,[0|0|0],20,0,0,[0|0|0|0|0|0|0|0|0|0]
6701210,Rellana's Twin Blades - Attack,0.4,0.1,0,0,1.5,0.04,6903,-1,-1,1665,-1,10100,10120,-1,-1,10110,10110,-1,-1,0,94,94,0,94,90,100,100,100,0,0,0,0,0,0,0,0,0,0,0,0,20,0,0,0,0,2,0,0,0,0,0,0,1,0,0,3,10,0,255,0,255,0,0,0,0,0,0,0,0,0,0,0,1,1,0,0,0,0,0,0,0,9,0,0,-1,-1,2100,2010,-1,-1,-1,-1,-1,-1,-1,-1,-1,-1,-1,-1,-1,-1,-1,-1,-1,-1,-1,-1,-1,-1,-1,-1,-1,-1,-1,-1,0,0,0,0,0,0,0,0,0,0,0,0,-1,-1,-1,-1,-1,-1,-1,-1,-1,-1,-1,-1,-1,-1,-1,-1,-1,-1,-1,-1,-1,-1,-1,-1,0,0,0,0,0,0,0,0,0,0,0,0,0,0,0,0,0,0,0,0,0,0,0,0,255,139,139,94,0,0,0,1,0,0,0,65,90,100,100,0,0,100,-1,0,100,100,0,1,1,-1,3,0,60,0,[0|0|0],20,0,0,[0|0|0|0|0|0|0|0|0|0]
6701213,Rellana's Twin Blades - Attack,0.4,0.1,0,0,1.5,0.04,6903,-1,-1,1665,-1,10100,10120,-1,-1,10110,10110,-1,-1,0,94,94,0,94,90,100,100,100,0,0,0,0,0,0,0,0,0,0,0,0,20,0,0,0,0,2,0,0,0,0,0,0,1,2,0,3,10,0,255,0,255,0,0,0,0,0,0,0,0,0,0,0,1,1,0,0,0,0,0,0,0,9,0,0,-1,-1,2100,2010,-1,-1,-1,-1,-1,-1,-1,-1,-1,-1,-1,-1,-1,-1,-1,-1,-1,-1,-1,-1,-1,-1,-1,-1,-1,-1,-1,-1,0,0,0,0,0,0,0,0,0,0,0,0,-1,-1,-1,-1,-1,-1,-1,-1,-1,-1,-1,-1,-1,-1,-1,-1,-1,-1,-1,-1,-1,-1,-1,-1,0,0,0,0,0,0,0,0,0,0,0,0,0,0,0,0,0,0,0,0,0,0,0,0,255,139,139,94,0,0,0,1,0,0,0,65,90,100,100,0,0,100,-1,0,100,100,0,1,1,-1,3,0,60,0,[0|0|0],20,0,0,[0|0|0|0|0|0|0|0|0|0]
6701215,Rellana's Twin Blades - Attack,0.4,0.1,0,0,1.5,0.04,6903,-1,-1,-1,1667,11100,11120,-1,-1,11110,11110,-1,-1,0,94,0,94,94,90,100,100,100,0,0,0,0,0,0,0,0,0,0,0,0,20,0,0,0,0,2,0,0,0,0,0,0,1,0,0,3,11,0,255,0,255,0,0,0,0,0,0,0,0,0,0,0,1,1,0,0,0,0,0,0,0,0,0,0,-1,-1,2100,2010,-1,-1,-1,-1,-1,-1,-1,-1,-1,-1,-1,-1,-1,-1,-1,-1,-1,-1,-1,-1,-1,-1,-1,-1,-1,-1,-1,-1,0,0,0,0,0,0,0,0,0,0,0,0,-1,-1,-1,-1,-1,-1,-1,-1,-1,-1,-1,-1,-1,-1,-1,-1,-1,-1,-1,-1,-1,-1,-1,-1,0,0,0,0,0,0,0,0,0,0,0,0,0,0,0,0,0,0,0,0,0,0,0,0,255,139,139,94,0,0,0,1,0,0,0,65,90,100,100,0,0,100,-1,0,100,100,0,1,1,-1,7,0,60,0,[0|0|0],20,0,0,[0|0|0|0|0|0|0|0|0|0]
6701219,Rellana's Twin Blades - Attack,0.4,0.1,0,0,1.5,0.04,6903,-1,-1,-1,1667,11100,11120,-1,-1,11110,11110,-1,-1,0,94,0,94,94,90,100,100,100,0,0,0,0,0,0,0,0,0,0,0,0,20,0,0,0,0,2,0,0,0,0,0,0,1,2,0,3,11,0,255,0,255,0,0,0,0,0,0,0,0,0,0,0,1,1,0,0,0,0,0,0,0,0,0,0,-1,-1,2100,2010,-1,-1,-1,-1,-1,-1,-1,-1,-1,-1,-1,-1,-1,-1,-1,-1,-1,-1,-1,-1,-1,-1,-1,-1,-1,-1,-1,-1,0,0,0,0,0,0,0,0,0,0,0,0,-1,-1,-1,-1,-1,-1,-1,-1,-1,-1,-1,-1,-1,-1,-1,-1,-1,-1,-1,-1,-1,-1,-1,-1,0,0,0,0,0,0,0,0,0,0,0,0,0,0,0,0,0,0,0,0,0,0,0,0,255,139,139,94,0,0,0,1,0,0,0,65,90,100,100,0,0,100,-1,0,100,100,0,1,1,-1,7,0,60,0,[0|0|0],20,0,0,[0|0|0|0|0|0|0|0|0|0]
6701220,Rellana's Twin Blades - Attack,0.4,0.1,0,0,0.5,0.04,6903,-1,-1,1665,-1,10100,10120,-1,-1,10110,10110,-1,-1,0,75,75,0,75,60,100,100,100,0,0,0,0,0,0,0,0,0,0,0,0,20,0,0,0,0,2,0,0,0,0,0,0,1,0,0,3,10,2,255,0,255,0,0,0,0,0,0,0,0,0,0,0,3,1,0,0,0,0,0,0,0,9,0,0,-1,-1,2100,2010,-1,-1,-1,-1,-1,-1,-1,-1,-1,-1,-1,-1,-1,-1,-1,-1,-1,-1,-1,-1,-1,-1,-1,-1,-1,-1,-1,-1,0,0,0,0,0,0,0,0,0,0,0,0,-1,-1,-1,-1,-1,-1,-1,-1,-1,-1,-1,-1,-1,-1,-1,-1,-1,-1,-1,-1,-1,-1,-1,-1,0,0,0,0,0,0,0,0,0,0,0,0,0,0,0,0,0,0,0,0,0,0,0,0,255,139,139,75,0,0,0,1,0,0,0,65,90,100,100,0,0,100,-1,0,100,105,0,1,1,-1,3,0,40,0,[0|0|0],20,0,0,[0|0|0|0|0|0|0|0|0|0]
6701223,Rellana's Twin Blades - Attack,0.4,0.1,0,0,0.5,0.04,6903,-1,-1,1665,-1,10100,10120,-1,-1,10110,10110,-1,-1,0,75,75,0,75,60,100,100,100,0,0,0,0,0,0,0,0,0,0,0,0,20,0,0,0,0,2,0,0,0,0,0,0,1,2,0,3,10,2,255,0,255,0,0,0,0,0,0,0,0,0,0,0,3,1,0,0,0,0,0,0,0,9,0,0,-1,-1,2100,2010,-1,-1,-1,-1,-1,-1,-1,-1,-1,-1,-1,-1,-1,-1,-1,-1,-1,-1,-1,-1,-1,-1,-1,-1,-1,-1,-1,-1,0,0,0,0,0,0,0,0,0,0,0,0,-1,-1,-1,-1,-1,-1,-1,-1,-1,-1,-1,-1,-1,-1,-1,-1,-1,-1,-1,-1,-1,-1,-1,-1,0,0,0,0,0,0,0,0,0,0,0,0,0,0,0,0,0,0,0,0,0,0,0,0,255,139,139,75,0,0,0,1,0,0,0,65,90,100,100,0,0,100,-1,0,100,105,0,1,1,-1,3,0,40,0,[0|0|0],20,0,0,[0|0|0|0|0|0|0|0|0|0]
6701225,Rellana's Twin Blades - Attack,0.4,0.1,0,0,0.5,0.04,6903,-1,-1,-1,1667,11100,11120,-1,-1,11110,11110,-1,-1,0,75,0,75,75,60,100,100,100,0,0,0,0,0,0,0,0,0,0,0,0,20,0,0,0,0,2,0,0,0,0,0,0,1,0,0,3,11,2,255,0,255,0,0,0,0,0,0,0,0,0,0,0,2,1,0,0,0,0,0,0,0,0,0,0,-1,-1,2100,2010,-1,-1,-1,-1,-1,-1,-1,-1,-1,-1,-1,-1,-1,-1,-1,-1,-1,-1,-1,-1,-1,-1,-1,-1,-1,-1,-1,-1,0,0,0,0,0,0,0,0,0,0,0,0,-1,-1,-1,-1,-1,-1,-1,-1,-1,-1,-1,-1,-1,-1,-1,-1,-1,-1,-1,-1,-1,-1,-1,-1,0,0,0,0,0,0,0,0,0,0,0,0,0,0,0,0,0,0,0,0,0,0,0,0,255,139,139,75,0,0,0,1,0,0,0,65,90,100,100,0,0,100,-1,0,100,105,0,1,1,-1,7,0,40,0,[0|0|0],20,0,0,[0|0|0|0|0|0|0|0|0|0]
6701226,Rellana's Twin Blades - Attack,0.4,0.1,0,0,1.3,0.04,6903,-1,-1,-1,1667,11100,11120,-1,-1,11110,11110,-1,-1,0,85,0,85,85,60,100,100,100,0,0,0,0,0,0,0,0,0,0,0,0,20,0,0,0,0,2,0,0,0,0,0,0,1,0,0,3,11,2,255,0,255,0,0,0,0,0,0,0,0,0,0,0,3,1,0,0,0,0,0,0,0,0,0,0,-1,-1,2100,2010,-1,-1,-1,-1,-1,-1,-1,-1,-1,-1,-1,-1,-1,-1,-1,-1,-1,-1,-1,-1,-1,-1,-1,-1,-1,-1,-1,-1,0,0,0,0,0,0,0,0,0,0,0,0,-1,-1,-1,-1,-1,-1,-1,-1,-1,-1,-1,-1,-1,-1,-1,-1,-1,-1,-1,-1,-1,-1,-1,-1,0,0,0,0,0,0,0,0,0,0,0,0,0,0,0,0,0,0,0,0,0,0,0,0,255,139,139,85,0,0,0,1,0,0,0,65,90,100,100,0,0,100,-1,0,100,105,0,1,1,-1,7,0,40,0,[0|0|0],20,0,0,[0|0|0|0|0|0|0|0|0|0]
6701229,Rellana's Twin Blades - Attack,0.4,0.1,0,0,0.5,0.04,6903,-1,-1,-1,1667,11100,11120,-1,-1,11110,11110,-1,-1,0,75,0,75,75,60,100,100,100,0,0,0,0,0,0,0,0,0,0,0,0,20,0,0,0,0,2,0,0,0,0,0,0,1,2,0,3,11,2,255,0,255,0,0,0,0,0,0,0,0,0,0,0,3,1,0,0,0,0,0,0,0,0,0,0,-1,-1,2100,2010,-1,-1,-1,-1,-1,-1,-1,-1,-1,-1,-1,-1,-1,-1,-1,-1,-1,-1,-1,-1,-1,-1,-1,-1,-1,-1,-1,-1,0,0,0,0,0,0,0,0,0,0,0,0,-1,-1,-1,-1,-1,-1,-1,-1,-1,-1,-1,-1,-1,-1,-1,-1,-1,-1,-1,-1,-1,-1,-1,-1,0,0,0,0,0,0,0,0,0,0,0,0,0,0,0,0,0,0,0,0,0,0,0,0,255,139,139,75,0,0,0,1,0,0,0,65,90,100,100,0,0,100,-1,0,100,105,0,1,1,-1,7,0,40,0,[0|0|0],20,0,0,[0|0|0|0|0|0|0|0|0|0]
6701230,Rellana's Twin Blades - Attack,0.4,0.1,0,0,1,0.04,6903,-1,-1,1665,-1,10100,10120,-1,-1,10110,10110,-1,-1,0,40,40,0,40,45,100,100,100,104,0,0,0,0,0,0,0,0,0,0,0,20,0,0,0,0,2,0,0,0,0,0,0,1,0,0,3,10,0,255,0,255,0,0,0,0,0,0,0,0,0,0,0,4,1,0,0,0,0,0,0,0,9,0,0,-1,-1,2100,2010,-1,-1,-1,-1,-1,-1,-1,-1,-1,-1,-1,-1,-1,-1,-1,-1,-1,-1,-1,-1,-1,-1,-1,-1,-1,-1,-1,-1,0,0,0,0,0,0,0,0,0,0,0,0,-1,-1,-1,-1,-1,-1,-1,-1,-1,-1,-1,-1,-1,-1,-1,-1,-1,-1,-1,-1,-1,-1,-1,-1,0,0,0,0,0,0,0,0,0,0,0,0,0,0,0,0,0,0,0,0,0,0,0,0,255,139,139,40,0,0,0,1,0,0,0,65,90,100,100,0,0,100,-1,0,100,105,0,1,1,-1,3,0,60,0,[0|0|0],20,0,0,[0|0|0|0|0|0|0|0|0|0]
6701231,Rellana's Twin Blades - Attack,0.4,0.1,0,0,1.4,0.04,6903,-1,-1,1665,-1,10100,10120,-1,-1,10110,10110,-1,-1,0,60,60,0,60,45,100,100,100,104,0,0,0,0,0,0,0,0,0,0,0,20,0,0,0,0,2,0,0,0,0,0,0,1,0,0,3,10,0,255,0,255,0,0,0,0,0,0,0,0,0,0,0,3,1,0,0,0,0,0,0,0,9,0,0,-1,-1,2100,2010,-1,-1,-1,-1,-1,-1,-1,-1,-1,-1,-1,-1,-1,-1,-1,-1,-1,-1,-1,-1,-1,-1,-1,-1,-1,-1,-1,-1,0,0,0,0,0,0,0,0,0,0,0,0,-1,-1,-1,-1,-1,-1,-1,-1,-1,-1,-1,-1,-1,-1,-1,-1,-1,-1,-1,-1,-1,-1,-1,-1,0,0,0,0,0,0,0,0,0,0,0,0,0,0,0,0,0,0,0,0,0,0,0,0,255,139,139,60,0,0,0,1,0,0,0,65,90,100,100,0,0,100,-1,0,100,105,0,1,1,-1,3,0,60,0,[0|0|0],20,0,0,[0|0|0|0|0|0|0|0|0|0]
6701233,Rellana's Twin Blades - Attack,0.4,0.1,0,0,1.2,0.04,6903,-1,-1,1665,-1,10100,10120,-1,-1,10110,10110,-1,-1,0,40,40,0,40,45,100,100,100,104,0,0,0,0,0,0,0,0,0,0,0,20,0,0,0,0,2,0,0,0,0,0,0,1,2,0,3,10,0,255,0,255,0,0,0,0,0,0,0,0,0,0,0,4,1,0,0,0,0,0,0,0,9,0,0,-1,-1,2100,2010,-1,-1,-1,-1,-1,-1,-1,-1,-1,-1,-1,-1,-1,-1,-1,-1,-1,-1,-1,-1,-1,-1,-1,-1,-1,-1,-1,-1,0,0,0,0,0,0,0,0,0,0,0,0,-1,-1,-1,-1,-1,-1,-1,-1,-1,-1,-1,-1,-1,-1,-1,-1,-1,-1,-1,-1,-1,-1,-1,-1,0,0,0,0,0,0,0,0,0,0,0,0,0,0,0,0,0,0,0,0,0,0,0,0,255,139,139,40,0,0,0,1,0,0,0,65,90,100,100,0,0,100,-1,0,100,105,0,1,1,-1,3,0,60,0,[0|0|0],20,0,0,[0|0|0|0|0|0|0|0|0|0]
6701234,Rellana's Twin Blades - Attack,0.4,0.1,0,0,1.4,0.04,6903,-1,-1,1665,-1,10100,10120,-1,-1,10110,10110,-1,-1,0,60,60,0,60,45,100,100,100,104,0,0,0,0,0,0,0,0,0,0,0,20,0,0,0,0,2,0,0,0,0,0,0,1,2,0,3,10,0,255,0,255,0,0,0,0,0,0,0,0,0,0,0,3,1,0,0,0,0,0,0,0,9,0,0,-1,-1,2100,2010,-1,-1,-1,-1,-1,-1,-1,-1,-1,-1,-1,-1,-1,-1,-1,-1,-1,-1,-1,-1,-1,-1,-1,-1,-1,-1,-1,-1,0,0,0,0,0,0,0,0,0,0,0,0,-1,-1,-1,-1,-1,-1,-1,-1,-1,-1,-1,-1,-1,-1,-1,-1,-1,-1,-1,-1,-1,-1,-1,-1,0,0,0,0,0,0,0,0,0,0,0,0,0,0,0,0,0,0,0,0,0,0,0,0,255,139,139,60,0,0,0,1,0,0,0,65,90,100,100,0,0,100,-1,0,100,105,0,1,1,-1,3,0,60,0,[0|0|0],20,0,0,[0|0|0|0|0|0|0|0|0|0]
6701235,Rellana's Twin Blades - Attack,0.4,0.1,0,0,1.4,0.04,6903,-1,-1,-1,1667,11100,11120,-1,-1,11110,11110,-1,-1,0,40,0,40,40,45,100,100,100,104,0,0,0,0,0,0,0,0,0,0,0,20,0,0,0,0,2,0,0,0,0,0,0,1,0,0,3,11,0,255,0,255,0,0,0,0,0,0,0,0,0,0,0,4,1,0,0,0,0,0,0,0,0,0,0,-1,-1,2100,2010,-1,-1,-1,-1,-1,-1,-1,-1,-1,-1,-1,-1,-1,-1,-1,-1,-1,-1,-1,-1,-1,-1,-1,-1,-1,-1,-1,-1,0,0,0,0,0,0,0,0,0,0,0,0,-1,-1,-1,-1,-1,-1,-1,-1,-1,-1,-1,-1,-1,-1,-1,-1,-1,-1,-1,-1,-1,-1,-1,-1,0,0,0,0,0,0,0,0,0,0,0,0,0,0,0,0,0,0,0,0,0,0,0,0,255,139,139,40,0,0,0,1,0,0,0,65,90,100,100,0,0,100,-1,0,100,105,0,1,1,-1,7,0,60,0,[0|0|0],20,0,0,[0|0|0|0|0|0|0|0|0|0]
6701236,Rellana's Twin Blades - Attack,0.4,0.1,0,0,1.4,0.04,6903,-1,-1,-1,1667,11100,11120,-1,-1,11110,11110,-1,-1,0,60,0,60,60,45,100,100,100,104,0,0,0,0,0,0,0,0,0,0,0,20,0,0,0,0,2,0,0,0,0,0,0,1,0,0,3,11,0,255,0,255,0,0,0,0,0,0,0,0,0,0,0,3,1,0,0,0,0,0,0,0,0,0,0,-1,-1,2100,2010,-1,-1,-1,-1,-1,-1,-1,-1,-1,-1,-1,-1,-1,-1,-1,-1,-1,-1,-1,-1,-1,-1,-1,-1,-1,-1,-1,-1,0,0,0,0,0,0,0,0,0,0,0,0,-1,-1,-1,-1,-1,-1,-1,-1,-1,-1,-1,-1,-1,-1,-1,-1,-1,-1,-1,-1,-1,-1,-1,-1,0,0,0,0,0,0,0,0,0,0,0,0,0,0,0,0,0,0,0,0,0,0,0,0,255,139,139,60,0,0,0,1,0,0,0,65,90,100,100,0,0,100,-1,0,100,105,0,1,1,-1,7,0,60,0,[0|0|0],20,0,0,[0|0|0|0|0|0|0|0|0|0]
6701238,Rellana's Twin Blades - Attack,0.4,0.1,0,0,1.4,0.04,6903,-1,-1,-1,1667,11100,11120,-1,-1,11110,11110,-1,-1,0,40,0,40,40,45,100,100,100,104,0,0,0,0,0,0,0,0,0,0,0,20,0,0,0,0,2,0,0,0,0,0,0,1,2,0,3,11,0,255,0,255,0,0,0,0,0,0,0,0,0,0,0,4,1,0,0,0,0,0,0,0,0,0,0,-1,-1,2100,2010,-1,-1,-1,-1,-1,-1,-1,-1,-1,-1,-1,-1,-1,-1,-1,-1,-1,-1,-1,-1,-1,-1,-1,-1,-1,-1,-1,-1,0,0,0,0,0,0,0,0,0,0,0,0,-1,-1,-1,-1,-1,-1,-1,-1,-1,-1,-1,-1,-1,-1,-1,-1,-1,-1,-1,-1,-1,-1,-1,-1,0,0,0,0,0,0,0,0,0,0,0,0,0,0,0,0,0,0,0,0,0,0,0,0,255,139,139,40,0,0,0,1,0,0,0,65,90,100,100,0,0,100,-1,0,100,105,0,1,1,-1,7,0,60,0,[0|0|0],20,0,0,[0|0|0|0|0|0|0|0|0|0]
6701239,Rellana's Twin Blades - Attack,0.4,0.1,0,0,1.4,0.04,6903,-1,-1,-1,1667,11100,11120,-1,-1,11110,11110,-1,-1,0,60,0,60,60,45,100,100,100,104,0,0,0,0,0,0,0,0,0,0,0,20,0,0,0,0,2,0,0,0,0,0,0,1,2,0,3,11,0,255,0,255,0,0,0,0,0,0,0,0,0,0,0,3,1,0,0,0,0,0,0,0,0,0,0,-1,-1,2100,2010,-1,-1,-1,-1,-1,-1,-1,-1,-1,-1,-1,-1,-1,-1,-1,-1,-1,-1,-1,-1,-1,-1,-1,-1,-1,-1,-1,-1,0,0,0,0,0,0,0,0,0,0,0,0,-1,-1,-1,-1,-1,-1,-1,-1,-1,-1,-1,-1,-1,-1,-1,-1,-1,-1,-1,-1,-1,-1,-1,-1,0,0,0,0,0,0,0,0,0,0,0,0,0,0,0,0,0,0,0,0,0,0,0,0,255,139,139,60,0,0,0,1,0,0,0,65,90,100,100,0,0,100,-1,0,100,105,0,1,1,-1,7,0,60,0,[0|0|0],20,0,0,[0|0|0|0|0|0|0|0|0|0]
6701320,Rellana's Twin Blades - Attack,0.4,0.1,0,0,1.5,0.04,6903,-1,-1,1665,-1,10100,10120,-1,-1,10110,10110,-1,-1,0,100,100,0,100,105,120,100,100,122,0,0,0,0,0,0,0,0,0,0,0,20,0,0,0,0,2,0,0,0,0,0,0,1,0,0,2,10,0,255,0,255,0,0,0,0,0,0,0,0,0,0,0,0,1,0,0,0,0,0,0,0,9,0,0,-1,-1,2100,2010,-1,-1,-1,-1,-1,-1,-1,-1,-1,-1,-1,-1,-1,-1,-1,-1,-1,-1,-1,-1,-1,-1,-1,-1,-1,-1,-1,-1,0,0,0,0,0,0,0,0,0,0,0,0,-1,-1,-1,-1,-1,-1,-1,-1,-1,-1,-1,-1,-1,-1,-1,-1,-1,-1,-1,-1,-1,-1,-1,-1,0,0,0,0,0,0,0,0,0,0,0,0,0,0,0,0,0,0,0,0,0,0,0,0,255,139,139,100,0,0,0,1,0,0,0,65,90,100,100,0,0,100,-1,0,100,110,0,1,1,-1,3,0,60,0,[0|0|0],20,0,0,[0|0|0|0|0|0|0|0|0|0]
6701321,Rellana's Twin Blades - Attack,0.4,0.1,0,0,1,0.04,6903,-1,-1,-1,1667,11100,11120,-1,-1,11110,11110,-1,-1,0,95,0,95,95,105,120,100,100,122,0,0,0,0,0,0,0,0,0,0,0,20,0,0,0,0,2,0,0,0,0,0,0,1,0,0,3,11,2,255,0,255,0,0,0,0,0,0,0,0,0,0,0,2,1,0,0,0,0,0,0,0,0,0,0,-1,-1,2100,2010,-1,-1,-1,-1,-1,-1,-1,-1,-1,-1,-1,-1,-1,-1,-1,-1,-1,-1,-1,-1,-1,-1,-1,-1,-1,-1,-1,-1,0,0,0,0,0,0,0,0,0,0,0,0,-1,-1,-1,-1,-1,-1,-1,-1,-1,-1,-1,-1,-1,-1,-1,-1,-1,-1,-1,-1,-1,-1,-1,-1,0,0,0,0,0,0,0,0,0,0,0,0,0,0,0,0,0,0,0,0,0,0,0,0,255,139,139,95,0,0,0,1,0,0,0,65,90,100,100,0,0,100,-1,0,100,110,0,1,1,-1,7,0,60,0,[0|0|0],20,0,0,[0|0|0|0|0|0|0|0|0|0]
6701322,Rellana's Twin Blades - Attack,0.4,0.1,0,0,1,0.04,6903,-1,-1,-1,1667,11100,11120,-1,-1,11110,11110,-1,-1,0,95,0,95,95,105,120,100,100,122,0,0,0,0,0,0,0,0,0,0,0,20,0,0,0,0,2,0,0,0,0,0,0,1,2,0,3,11,2,255,0,255,0,0,0,0,0,0,0,0,0,0,0,2,1,0,0,0,0,0,0,0,0,0,0,-1,-1,2100,2010,-1,-1,-1,-1,-1,-1,-1,-1,-1,-1,-1,-1,-1,-1,-1,-1,-1,-1,-1,-1,-1,-1,-1,-1,-1,-1,-1,-1,0,0,0,0,0,0,0,0,0,0,0,0,-1,-1,-1,-1,-1,-1,-1,-1,-1,-1,-1,-1,-1,-1,-1,-1,-1,-1,-1,-1,-1,-1,-1,-1,0,0,0,0,0,0,0,0,0,0,0,0,0,0,0,0,0,0,0,0,0,0,0,0,255,139,139,95,0,0,0,1,0,0,0,65,90,100,100,0,0,100,-1,0,100,110,0,1,1,-1,7,0,60,0,[0|0|0],20,0,0,[0|0|0|0|0|0|0|0|0|0]
6701330,Rellana's Twin Blades - Attack,0.4,0.1,0,0,0.1,0.04,6903,-1,-1,1665,-1,10100,10120,-1,-1,10110,10110,-1,-1,0,85,85,0,85,100,200,100,100,121,0,0,0,0,0,0,0,0,0,0,0,20,0,0,0,0,2,0,0,0,0,0,0,1,0,0,3,10,0,255,0,255,0,0,0,0,0,0,0,0,0,0,0,3,1,0,0,0,0,0,0,0,9,0,0,-1,-1,2100,2010,-1,-1,-1,-1,-1,-1,-1,-1,-1,-1,-1,-1,-1,-1,-1,-1,-1,-1,-1,-1,-1,-1,-1,-1,-1,-1,-1,-1,0,0,0,0,0,0,0,0,0,0,0,0,-1,-1,-1,-1,-1,-1,-1,-1,-1,-1,-1,-1,-1,-1,-1,-1,-1,-1,-1,-1,-1,-1,-1,-1,0,0,0,0,0,0,0,0,0,0,0,0,0,0,0,0,0,0,0,0,0,0,0,0,255,139,139,85,0,0,0,1,0,0,0,65,90,100,100,0,0,100,-1,0,100,90,0,1,1,-1,3,0,60,0,[0|0|0],20,0,0,[0|0|0|0|0|0|0|0|0|0]
6701331,Rellana's Twin Blades - Attack,0.4,0.1,0,0,0.1,0.04,6903,-1,-1,1665,-1,10100,10120,-1,-1,10110,10110,-1,-1,0,85,85,0,85,100,200,100,100,121,0,0,0,0,0,0,0,0,0,0,0,20,0,0,0,0,2,0,0,0,0,0,0,1,2,0,3,10,0,255,0,255,0,0,0,0,0,0,0,0,0,0,0,3,1,0,0,0,0,0,0,0,9,0,0,-1,-1,2100,2010,-1,-1,-1,-1,-1,-1,-1,-1,-1,-1,-1,-1,-1,-1,-1,-1,-1,-1,-1,-1,-1,-1,-1,-1,-1,-1,-1,-1,0,0,0,0,0,0,0,0,0,0,0,0,-1,-1,-1,-1,-1,-1,-1,-1,-1,-1,-1,-1,-1,-1,-1,-1,-1,-1,-1,-1,-1,-1,-1,-1,0,0,0,0,0,0,0,0,0,0,0,0,0,0,0,0,0,0,0,0,0,0,0,0,255,139,139,85,0,0,0,1,0,0,0,65,90,100,100,0,0,100,-1,0,100,90,0,1,1,-1,3,0,60,0,[0|0|0],20,0,0,[0|0|0|0|0|0|0|0|0|0]
6701332,Rellana's Twin Blades - Attack,0.4,0.1,0,0,1,0.04,6903,-1,-1,-1,1667,11100,11120,-1,-1,11110,11110,-1,-1,0,85,0,85,85,100,200,100,100,121,0,0,0,0,0,0,0,0,0,0,0,20,0,0,0,0,2,0,0,0,0,0,0,1,0,0,3,11,0,255,0,255,0,0,0,0,0,0,0,0,0,0,0,3,1,0,0,0,0,0,0,0,0,0,0,-1,-1,2100,2010,-1,-1,-1,-1,-1,-1,-1,-1,-1,-1,-1,-1,-1,-1,-1,-1,-1,-1,-1,-1,-1,-1,-1,-1,-1,-1,-1,-1,0,0,0,0,0,0,0,0,0,0,0,0,-1,-1,-1,-1,-1,-1,-1,-1,-1,-1,-1,-1,-1,-1,-1,-1,-1,-1,-1,-1,-1,-1,-1,-1,0,0,0,0,0,0,0,0,0,0,0,0,0,0,0,0,0,0,0,0,0,0,0,0,255,139,139,85,0,0,0,1,0,0,0,65,90,100,100,0,0,100,-1,0,100,90,0,1,1,-1,7,0,60,0,[0|0|0],20,0,0,[0|0|0|0|0|0|0|0|0|0]
6701340,Rellana's Twin Blades - Attack,0.4,0.1,0,0,1.5,0.04,6903,-1,-1,1665,-1,10100,10120,-1,-1,10110,10110,-1,-1,0,85,85,0,85,100,200,100,100,121,0,0,0,0,0,0,0,0,0,0,0,20,0,0,0,0,2,0,0,0,0,0,0,1,0,0,3,10,2,255,0,255,0,0,0,0,0,0,0,0,0,0,0,1,1,0,0,0,0,0,0,0,9,0,0,-1,-1,2100,2010,-1,-1,-1,-1,-1,-1,-1,-1,-1,-1,-1,-1,-1,-1,-1,-1,-1,-1,-1,-1,-1,-1,-1,-1,-1,-1,-1,-1,0,0,0,0,0,0,0,0,0,0,0,0,-1,-1,-1,-1,-1,-1,-1,-1,-1,-1,-1,-1,-1,-1,-1,-1,-1,-1,-1,-1,-1,-1,-1,-1,0,0,0,0,0,0,0,0,0,0,0,0,0,0,0,0,0,0,0,0,0,0,0,0,255,139,139,85,0,0,0,1,0,0,0,65,90,100,100,0,0,100,-1,0,100,90,0,1,1,-1,3,0,60,0,[0|0|0],20,0,0,[0|0|0|0|0|0|0|0|0|0]
6701341,Rellana's Twin Blades - Attack,0.4,0.1,0,0,1.5,0.04,6903,-1,-1,1665,-1,10100,10120,-1,-1,10110,10110,-1,-1,0,85,85,0,85,100,200,100,100,121,0,0,0,0,0,0,0,0,0,0,0,20,0,0,0,0,2,0,0,0,0,0,0,1,2,0,3,10,2,255,0,255,0,0,0,0,0,0,0,0,0,0,0,1,1,0,0,0,0,0,0,0,9,0,0,-1,-1,2100,2010,-1,-1,-1,-1,-1,-1,-1,-1,-1,-1,-1,-1,-1,-1,-1,-1,-1,-1,-1,-1,-1,-1,-1,-1,-1,-1,-1,-1,0,0,0,0,0,0,0,0,0,0,0,0,-1,-1,-1,-1,-1,-1,-1,-1,-1,-1,-1,-1,-1,-1,-1,-1,-1,-1,-1,-1,-1,-1,-1,-1,0,0,0,0,0,0,0,0,0,0,0,0,0,0,0,0,0,0,0,0,0,0,0,0,255,139,139,85,0,0,0,1,0,0,0,65,90,100,100,0,0,100,-1,0,100,90,0,1,1,-1,3,0,60,0,[0|0|0],20,0,0,[0|0|0|0|0|0|0|0|0|0]
6701342,Rellana's Twin Blades - Attack,0.4,0.1,0,0,1.5,0.04,6903,-1,-1,-1,1667,11100,11120,-1,-1,11110,11110,-1,-1,0,85,0,85,85,100,200,100,100,121,0,0,0,0,0,0,0,0,0,0,0,20,0,0,0,0,2,0,0,0,0,0,0,1,0,0,3,11,2,255,0,255,0,0,0,0,0,0,0,0,0,0,0,1,1,0,0,0,0,0,0,0,0,0,0,-1,-1,2100,2010,-1,-1,-1,-1,-1,-1,-1,-1,-1,-1,-1,-1,-1,-1,-1,-1,-1,-1,-1,-1,-1,-1,-1,-1,-1,-1,-1,-1,0,0,0,0,0,0,0,0,0,0,0,0,-1,-1,-1,-1,-1,-1,-1,-1,-1,-1,-1,-1,-1,-1,-1,-1,-1,-1,-1,-1,-1,-1,-1,-1,0,0,0,0,0,0,0,0,0,0,0,0,0,0,0,0,0,0,0,0,0,0,0,0,255,139,139,85,0,0,0,1,0,0,0,65,90,100,100,0,0,100,-1,0,100,90,0,1,1,-1,7,0,60,0,[0|0|0],20,0,0,[0|0|0|0|0|0|0|0|0|0]
6701343,Rellana's Twin Blades - Attack,0.4,0.1,0,0,1.5,0.04,6903,-1,-1,-1,1667,11100,11120,-1,-1,11110,11110,-1,-1,0,85,0,85,85,100,200,100,100,121,0,0,0,0,0,0,0,0,0,0,0,20,0,0,0,0,2,0,0,0,0,0,0,1,2,0,3,11,2,255,0,255,0,0,0,0,0,0,0,0,0,0,0,1,1,0,0,0,0,0,0,0,0,0,0,-1,-1,2100,2010,-1,-1,-1,-1,-1,-1,-1,-1,-1,-1,-1,-1,-1,-1,-1,-1,-1,-1,-1,-1,-1,-1,-1,-1,-1,-1,-1,-1,0,0,0,0,0,0,0,0,0,0,0,0,-1,-1,-1,-1,-1,-1,-1,-1,-1,-1,-1,-1,-1,-1,-1,-1,-1,-1,-1,-1,-1,-1,-1,-1,0,0,0,0,0,0,0,0,0,0,0,0,0,0,0,0,0,0,0,0,0,0,0,0,255,139,139,85,0,0,0,1,0,0,0,65,90,100,100,0,0,100,-1,0,100,90,0,1,1,-1,7,0,60,0,[0|0|0],20,0,0,[0|0|0|0|0|0|0|0|0|0]
6701350,Rellana's Twin Blades - Attack,0.4,0.1,0,0,0.5,0.04,6903,-1,-1,1665,-1,10100,10120,-1,-1,10110,10110,-1,-1,0,80,80,0,80,75,9900,100,100,102,0,0,0,0,0,0,0,0,0,0,0,20,0,0,0,0,2,0,0,0,0,0,0,1,0,0,3,10,0,255,0,255,0,0,0,0,0,0,0,0,0,0,1,2,1,0,0,0,0,0,0,0,9,0,0,-1,-1,2100,2010,-1,-1,-1,-1,-1,-1,-1,-1,-1,-1,-1,-1,-1,-1,-1,-1,-1,-1,-1,-1,-1,-1,-1,-1,-1,-1,-1,-1,0,0,0,0,0,0,0,0,0,0,0,0,-1,-1,-1,-1,-1,-1,-1,-1,-1,-1,-1,-1,-1,-1,-1,-1,-1,-1,-1,-1,-1,-1,-1,-1,0,0,0,0,0,0,0,0,0,0,0,0,0,0,0,0,0,0,0,0,0,0,0,0,255,139,139,80,0,0,0,1,0,0,0,65,90,100,100,0,0,100,-1,0,100,130,0,1,1,-1,3,0,100,0,[0|0|0],21,0,0,[0|0|0|0|0|0|0|0|0|0]
6701351,Rellana's Twin Blades - Attack,0.4,0.1,0,0,0.5,0.04,6903,-1,-1,1665,-1,10100,10120,-1,-1,10110,10110,-1,-1,0,85,85,0,85,75,9900,100,100,102,0,0,0,0,0,0,0,0,0,0,0,20,0,0,0,0,2,0,0,0,0,0,0,1,0,0,3,10,0,255,0,255,0,0,0,0,0,0,0,0,0,0,1,3,1,0,0,0,0,0,0,0,9,0,0,-1,-1,2100,2010,-1,-1,-1,-1,-1,-1,-1,-1,-1,-1,-1,-1,-1,-1,-1,-1,-1,-1,-1,-1,-1,-1,-1,-1,-1,-1,-1,-1,0,0,0,0,0,0,0,0,0,0,0,0,-1,-1,-1,-1,-1,-1,-1,-1,-1,-1,-1,-1,-1,-1,-1,-1,-1,-1,-1,-1,-1,-1,-1,-1,0,0,0,0,0,0,0,0,0,0,0,0,0,0,0,0,0,0,0,0,0,0,0,0,255,139,139,85,0,0,0,1,0,0,0,65,90,100,100,0,0,100,-1,0,100,130,0,1,1,-1,3,0,100,0,[0|0|0],21,0,0,[0|0|0|0|0|0|0|0|0|0]
6701352,Rellana's Twin Blades - Attack,0.4,0.1,0,0,0.5,0.04,6903,-1,-1,1665,-1,10100,10120,-1,-1,10110,10110,-1,-1,0,80,80,0,80,75,9900,100,100,102,0,0,0,0,0,0,0,0,0,0,0,20,0,0,0,0,2,0,0,0,0,0,0,1,2,0,3,10,0,255,0,255,0,0,0,0,0,0,0,0,0,0,1,2,1,0,0,0,0,0,0,0,9,0,0,-1,-1,2100,2010,-1,-1,-1,-1,-1,-1,-1,-1,-1,-1,-1,-1,-1,-1,-1,-1,-1,-1,-1,-1,-1,-1,-1,-1,-1,-1,-1,-1,0,0,0,0,0,0,0,0,0,0,0,0,-1,-1,-1,-1,-1,-1,-1,-1,-1,-1,-1,-1,-1,-1,-1,-1,-1,-1,-1,-1,-1,-1,-1,-1,0,0,0,0,0,0,0,0,0,0,0,0,0,0,0,0,0,0,0,0,0,0,0,0,255,139,139,80,0,0,0,1,0,0,0,65,90,100,100,0,0,100,-1,0,100,130,0,1,1,-1,3,0,100,0,[0|0|0],21,0,0,[0|0|0|0|0|0|0|0|0|0]
6701353,Rellana's Twin Blades - Attack,0.4,0.1,0,0,0.5,0.04,6903,-1,-1,1665,-1,10100,10120,-1,-1,10110,10110,-1,-1,0,85,85,0,85,75,9900,100,100,102,0,0,0,0,0,0,0,0,0,0,0,20,0,0,0,0,2,0,0,0,0,0,0,1,2,0,3,10,0,255,0,255,0,0,0,0,0,0,0,0,0,0,1,3,1,0,0,0,0,0,0,0,9,0,0,-1,-1,2100,2010,-1,-1,-1,-1,-1,-1,-1,-1,-1,-1,-1,-1,-1,-1,-1,-1,-1,-1,-1,-1,-1,-1,-1,-1,-1,-1,-1,-1,0,0,0,0,0,0,0,0,0,0,0,0,-1,-1,-1,-1,-1,-1,-1,-1,-1,-1,-1,-1,-1,-1,-1,-1,-1,-1,-1,-1,-1,-1,-1,-1,0,0,0,0,0,0,0,0,0,0,0,0,0,0,0,0,0,0,0,0,0,0,0,0,255,139,139,85,0,0,0,1,0,0,0,65,90,100,100,0,0,100,-1,0,100,130,0,1,1,-1,3,0,100,0,[0|0|0],21,0,0,[0|0|0|0|0|0|0|0|0|0]
6701354,Rellana's Twin Blades - Attack,0.4,0.1,0,0,0.7,0.04,6903,-1,-1,-1,1667,11100,11120,-1,-1,11110,11110,-1,-1,0,85,0,85,85,75,9900,100,100,102,0,0,0,0,0,0,0,0,0,0,0,20,0,0,0,0,2,0,0,0,0,0,0,1,0,0,3,11,0,255,0,255,0,0,0,0,0,0,0,0,0,0,1,3,1,0,0,0,0,0,0,0,0,0,0,-1,-1,2100,2010,-1,-1,-1,-1,-1,-1,-1,-1,-1,-1,-1,-1,-1,-1,-1,-1,-1,-1,-1,-1,-1,-1,-1,-1,-1,-1,-1,-1,0,0,0,0,0,0,0,0,0,0,0,0,-1,-1,-1,-1,-1,-1,-1,-1,-1,-1,-1,-1,-1,-1,-1,-1,-1,-1,-1,-1,-1,-1,-1,-1,0,0,0,0,0,0,0,0,0,0,0,0,0,0,0,0,0,0,0,0,0,0,0,0,255,139,139,85,0,0,0,1,0,0,0,65,90,100,100,0,0,100,-1,0,100,130,0,1,1,-1,7,0,100,0,[0|0|0],21,0,0,[0|0|0|0|0|0|0|0|0|0]
6701400,Rellana's Twin Blades - Attack,0.4,0.1,0,0,1,0.08,6903,-1,-1,-1,1667,21110,21120,-1,-1,21100,21110,-1,-1,0,100,0,100,100,100,100,100,100,0,0,0,0,0,0,0,0,0,0,0,0,20,0,0,0,0,2,0,0,0,0,0,0,1,0,0,3,11,0,255,0,255,0,0,0,0,0,0,0,0,0,0,0,3,1,0,0,0,0,0,0,0,0,0,0,-1,-1,2100,2010,-1,-1,-1,-1,-1,-1,-1,-1,-1,-1,-1,-1,-1,-1,-1,-1,-1,-1,-1,-1,-1,-1,-1,-1,-1,-1,-1,-1,0,0,0,0,0,0,0,0,0,0,0,0,-1,-1,-1,-1,-1,-1,-1,-1,-1,-1,-1,-1,-1,-1,-1,-1,-1,-1,-1,-1,-1,-1,-1,-1,0,0,0,0,0,0,0,0,0,0,0,0,0,0,0,0,0,0,0,0,0,0,0,0,255,139,139,100,0,0,0,1,0,0,0,100,100,100,100,0,0,100,-1,0,100,100,0,1,1,-1,7,0,100,0,[0|0|0],20,0,0,[0|0|0|0|0|0|0|0|0|0]
6701401,Rellana's Twin Blades - Attack,0.4,0.1,0,0,1,0.08,6903,-1,-1,-1,1667,11110,11120,-1,-1,11100,11110,-1,-1,0,100,0,100,100,100,100,100,100,0,0,0,0,0,0,0,0,0,0,0,0,20,0,0,0,0,2,0,0,0,0,0,0,1,0,0,3,11,0,255,0,255,0,0,0,0,0,0,0,0,0,0,0,3,1,0,0,0,0,0,0,0,0,0,0,-1,-1,2100,2010,-1,-1,-1,-1,-1,-1,-1,-1,-1,-1,-1,-1,-1,-1,-1,-1,-1,-1,-1,-1,-1,-1,-1,-1,-1,-1,-1,-1,0,0,0,0,0,0,0,0,0,0,0,0,-1,-1,-1,-1,-1,-1,-1,-1,-1,-1,-1,-1,-1,-1,-1,-1,-1,-1,-1,-1,-1,-1,-1,-1,0,0,0,0,0,0,0,0,0,0,0,0,0,0,0,0,0,0,0,0,0,0,0,0,255,139,139,100,0,0,0,1,0,0,0,100,100,100,100,0,0,100,-1,0,100,100,0,1,1,-1,7,0,100,0,[0|0|0],20,0,0,[0|0|0|0|0|0|0|0|0|0]
6701410,Rellana's Twin Blades - Attack,0.4,0.1,0,0,0.9,0.08,6903,-1,-1,-1,1667,21110,21120,-1,-1,21100,21110,-1,-1,0,101,0,101,101,100,100,100,100,0,0,0,0,0,0,0,0,0,0,0,0,20,0,0,0,0,2,0,0,0,0,0,0,1,0,0,3,11,0,255,0,255,0,0,0,0,0,0,0,0,0,0,0,4,1,0,0,0,0,0,0,0,0,0,0,-1,-1,2100,2010,-1,-1,-1,-1,-1,-1,-1,-1,-1,-1,-1,-1,-1,-1,-1,-1,-1,-1,-1,-1,-1,-1,-1,-1,-1,-1,-1,-1,0,0,0,0,0,0,0,0,0,0,0,0,-1,-1,-1,-1,-1,-1,-1,-1,-1,-1,-1,-1,-1,-1,-1,-1,-1,-1,-1,-1,-1,-1,-1,-1,0,0,0,0,0,0,0,0,0,0,0,0,0,0,0,0,0,0,0,0,0,0,0,0,255,139,139,101,0,0,0,1,0,0,0,100,100,100,100,0,0,100,-1,0,100,100,0,1,1,-1,7,0,100,0,[0|0|0],20,0,0,[0|0|0|0|0|0|0|0|0|0]
6701411,Rellana's Twin Blades - Attack,0.4,0.1,0,0,0.9,0.08,6903,-1,-1,-1,1667,11110,11120,-1,-1,11100,11110,-1,-1,0,101,0,101,101,100,100,100,100,0,0,0,0,0,0,0,0,0,0,0,0,20,0,0,0,0,2,0,0,0,0,0,0,1,0,0,3,11,0,255,0,255,0,0,0,0,0,0,0,0,0,0,0,4,1,0,0,0,0,0,0,0,0,0,0,-1,-1,2100,2010,-1,-1,-1,-1,-1,-1,-1,-1,-1,-1,-1,-1,-1,-1,-1,-1,-1,-1,-1,-1,-1,-1,-1,-1,-1,-1,-1,-1,0,0,0,0,0,0,0,0,0,0,0,0,-1,-1,-1,-1,-1,-1,-1,-1,-1,-1,-1,-1,-1,-1,-1,-1,-1,-1,-1,-1,-1,-1,-1,-1,0,0,0,0,0,0,0,0,0,0,0,0,0,0,0,0,0,0,0,0,0,0,0,0,255,139,139,101,0,0,0,1,0,0,0,100,100,100,100,0,0,100,-1,0,100,100,0,1,1,-1,7,0,100,0,[0|0|0],20,0,0,[0|0|0|0|0|0|0|0|0|0]
6701420,Rellana's Twin Blades - Attack,0.4,0.1,0,0,0.9,0.08,6903,-1,-1,-1,1667,21110,21120,-1,-1,21100,21110,-1,-1,0,102,0,102,102,100,100,100,100,0,0,0,0,0,0,0,0,0,0,0,0,20,0,0,0,0,2,0,0,0,0,0,0,1,0,0,3,11,0,255,0,255,0,0,0,0,0,0,0,0,0,0,0,3,1,0,0,0,0,0,0,0,0,0,0,-1,-1,2100,2010,-1,-1,-1,-1,-1,-1,-1,-1,-1,-1,-1,-1,-1,-1,-1,-1,-1,-1,-1,-1,-1,-1,-1,-1,-1,-1,-1,-1,0,0,0,0,0,0,0,0,0,0,0,0,-1,-1,-1,-1,-1,-1,-1,-1,-1,-1,-1,-1,-1,-1,-1,-1,-1,-1,-1,-1,-1,-1,-1,-1,0,0,0,0,0,0,0,0,0,0,0,0,0,0,0,0,0,0,0,0,0,0,0,0,255,139,139,102,0,0,0,1,0,0,0,100,100,100,100,0,0,100,-1,0,100,105,0,1,1,-1,7,0,100,0,[0|0|0],20,0,0,[0|0|0|0|0|0|0|0|0|0]
6701421,Rellana's Twin Blades - Attack,0.4,0.1,0,0,0.9,0.08,6903,-1,-1,-1,1667,11110,11120,-1,-1,11100,11110,-1,-1,0,102,0,102,102,100,100,100,100,0,0,0,0,0,0,0,0,0,0,0,0,20,0,0,0,0,2,0,0,0,0,0,0,1,0,0,3,11,0,255,0,255,0,0,0,0,0,0,0,0,0,0,0,3,1,0,0,0,0,0,0,0,0,0,0,-1,-1,2100,2010,-1,-1,-1,-1,-1,-1,-1,-1,-1,-1,-1,-1,-1,-1,-1,-1,-1,-1,-1,-1,-1,-1,-1,-1,-1,-1,-1,-1,0,0,0,0,0,0,0,0,0,0,0,0,-1,-1,-1,-1,-1,-1,-1,-1,-1,-1,-1,-1,-1,-1,-1,-1,-1,-1,-1,-1,-1,-1,-1,-1,0,0,0,0,0,0,0,0,0,0,0,0,0,0,0,0,0,0,0,0,0,0,0,0,255,139,139,102,0,0,0,1,0,0,0,100,100,100,100,0,0,100,-1,0,100,105,0,1,1,-1,7,0,100,0,[0|0|0],20,0,0,[0|0|0|0|0|0|0|0|0|0]
6701430,Rellana's Twin Blades - Attack,0.4,0.1,0,0,1,0.08,6903,-1,-1,-1,1667,21110,21120,-1,-1,21100,21110,-1,-1,0,103,0,103,103,100,100,100,100,0,0,0,0,0,0,0,0,0,0,0,0,20,0,0,0,0,2,0,0,0,0,0,0,1,0,0,3,11,0,255,0,255,0,0,0,0,0,0,0,0,0,0,0,4,1,0,0,0,0,0,0,0,0,0,0,-1,-1,2100,2010,-1,-1,-1,-1,-1,-1,-1,-1,-1,-1,-1,-1,-1,-1,-1,-1,-1,-1,-1,-1,-1,-1,-1,-1,-1,-1,-1,-1,0,0,0,0,0,0,0,0,0,0,0,0,-1,-1,-1,-1,-1,-1,-1,-1,-1,-1,-1,-1,-1,-1,-1,-1,-1,-1,-1,-1,-1,-1,-1,-1,0,0,0,0,0,0,0,0,0,0,0,0,0,0,0,0,0,0,0,0,0,0,0,0,255,139,139,103,0,0,0,1,0,0,0,100,100,100,100,0,0,100,-1,0,100,105,0,1,1,-1,7,0,100,0,[0|0|0],20,0,0,[0|0|0|0|0|0|0|0|0|0]
6701431,Rellana's Twin Blades - Attack,0.4,0.1,0,0,1,0.08,6903,-1,-1,-1,1667,11110,11120,-1,-1,11100,11110,-1,-1,0,103,0,103,103,100,100,100,100,0,0,0,0,0,0,0,0,0,0,0,0,20,0,0,0,0,2,0,0,0,0,0,0,1,0,0,3,11,0,255,0,255,0,0,0,0,0,0,0,0,0,0,0,4,1,0,0,0,0,0,0,0,0,0,0,-1,-1,2100,2010,-1,-1,-1,-1,-1,-1,-1,-1,-1,-1,-1,-1,-1,-1,-1,-1,-1,-1,-1,-1,-1,-1,-1,-1,-1,-1,-1,-1,0,0,0,0,0,0,0,0,0,0,0,0,-1,-1,-1,-1,-1,-1,-1,-1,-1,-1,-1,-1,-1,-1,-1,-1,-1,-1,-1,-1,-1,-1,-1,-1,0,0,0,0,0,0,0,0,0,0,0,0,0,0,0,0,0,0,0,0,0,0,0,0,255,139,139,103,0,0,0,1,0,0,0,100,100,100,100,0,0,100,-1,0,100,105,0,1,1,-1,7,0,100,0,[0|0|0],20,0,0,[0|0|0|0|0|0|0|0|0|0]
6701440,Rellana's Twin Blades - Attack,0.4,0.1,0,0,1,0.08,6903,-1,-1,-1,1667,21110,21120,-1,-1,21100,21110,-1,-1,0,104,0,104,104,100,100,100,100,104,0,0,0,0,0,0,0,0,0,0,0,20,0,0,0,0,2,0,0,0,0,0,0,1,0,0,3,11,0,255,0,255,0,0,0,0,0,0,0,0,0,0,0,4,1,0,0,0,0,0,0,0,0,0,0,-1,-1,2100,2010,-1,-1,-1,-1,-1,-1,-1,-1,-1,-1,-1,-1,-1,-1,-1,-1,-1,-1,-1,-1,-1,-1,-1,-1,-1,-1,-1,-1,0,0,0,0,0,0,0,0,0,0,0,0,-1,-1,-1,-1,-1,-1,-1,-1,-1,-1,-1,-1,-1,-1,-1,-1,-1,-1,-1,-1,-1,-1,-1,-1,0,0,0,0,0,0,0,0,0,0,0,0,0,0,0,0,0,0,0,0,0,0,0,0,255,139,139,104,0,0,0,1,0,0,0,100,100,100,100,0,0,100,-1,0,100,115,0,1,1,-1,7,0,100,0,[0|0|0],20,0,0,[0|0|0|0|0|0|0|0|0|0]
6701441,Rellana's Twin Blades - Attack,0.4,0.1,0,0,1,0.08,6903,-1,-1,-1,1667,11110,11120,-1,-1,11100,11110,-1,-1,0,104,0,104,104,100,100,100,100,104,0,0,0,0,0,0,0,0,0,0,0,20,0,0,0,0,2,0,0,0,0,0,0,1,0,0,3,11,0,255,0,255,0,0,0,0,0,0,0,0,0,0,0,4,1,0,0,0,0,0,0,0,0,0,0,-1,-1,2100,2010,-1,-1,-1,-1,-1,-1,-1,-1,-1,-1,-1,-1,-1,-1,-1,-1,-1,-1,-1,-1,-1,-1,-1,-1,-1,-1,-1,-1,0,0,0,0,0,0,0,0,0,0,0,0,-1,-1,-1,-1,-1,-1,-1,-1,-1,-1,-1,-1,-1,-1,-1,-1,-1,-1,-1,-1,-1,-1,-1,-1,0,0,0,0,0,0,0,0,0,0,0,0,0,0,0,0,0,0,0,0,0,0,0,0,255,139,139,104,0,0,0,1,0,0,0,100,100,100,100,0,0,100,-1,0,100,115,0,1,1,-1,7,0,100,0,[0|0|0],20,0,0,[0|0|0|0|0|0|0|0|0|0]
6701800,Rellana's Twin Blades - Attack,0.4,0.1,0,0,1,0.04,6903,-1,-1,1665,-1,110,120,-1,-1,100,110,-1,-1,0,92,92,0,92,90,100,100,100,0,0,0,0,0,0,0,0,0,0,0,0,20,0,0,0,0,2,0,0,0,0,0,0,1,0,0,2,255,0,255,0,255,0,0,0,0,0,0,0,0,0,0,0,0,1,0,0,0,0,0,0,0,9,0,0,-1,-1,2100,2010,-1,-1,-1,-1,-1,-1,-1,-1,-1,-1,-1,-1,-1,-1,-1,-1,-1,-1,-1,-1,-1,-1,-1,-1,-1,-1,-1,-1,0,0,0,0,0,0,0,0,0,0,0,0,-1,-1,-1,-1,-1,-1,-1,-1,-1,-1,-1,-1,-1,-1,-1,-1,-1,-1,-1,-1,-1,-1,-1,-1,0,0,0,0,0,0,0,0,0,0,0,0,0,0,0,0,0,0,0,0,0,0,0,0,255,139,139,92,0,0,0,0,0,0,0,65,90,100,100,0,0,100,-1,0,100,100,0,1,1,-1,0,0,60,0,[0|0|0],20,0,0,[0|0|0|0|0|0|0|0|0|0]
6701805,Rellana's Twin Blades - Attack,0.4,0.1,0,0,1.5,0.04,6903,-1,-1,-1,1667,21110,21120,-1,-1,21100,21110,-1,-1,0,92,0,92,92,90,100,100,100,0,0,0,0,0,0,0,0,0,0,0,0,20,0,0,0,0,2,0,0,0,0,0,0,1,0,0,2,11,0,255,0,255,0,0,0,0,0,0,0,0,0,0,0,0,1,0,0,0,0,0,0,0,0,0,0,-1,-1,2100,2010,-1,-1,-1,-1,-1,-1,-1,-1,-1,-1,-1,-1,-1,-1,-1,-1,-1,-1,-1,-1,-1,-1,-1,-1,-1,-1,-1,-1,0,0,0,0,0,0,0,0,0,0,0,0,-1,-1,-1,-1,-1,-1,-1,-1,-1,-1,-1,-1,-1,-1,-1,-1,-1,-1,-1,-1,-1,-1,-1,-1,0,0,0,0,0,0,0,0,0,0,0,0,0,0,0,0,0,0,0,0,0,0,0,0,255,139,139,92,0,0,0,0,0,0,0,65,90,100,100,0,0,100,-1,0,100,100,0,1,1,-1,7,0,60,0,[0|0|0],20,0,0,[0|0|0|0|0|0|0|0|0|0]
6701810,Rellana's Twin Blades - Attack,0.4,0.1,0,0,1.5,0.04,6903,-1,-1,1665,-1,110,120,-1,-1,100,110,-1,-1,0,94,94,0,94,90,100,100,100,0,0,0,0,0,0,0,0,0,0,0,0,20,0,0,0,0,2,0,0,0,0,0,0,1,0,0,3,255,0,255,0,255,0,0,0,0,0,0,0,0,0,0,0,1,1,0,0,0,0,0,0,0,9,0,0,-1,-1,2100,2010,-1,-1,-1,-1,-1,-1,-1,-1,-1,-1,-1,-1,-1,-1,-1,-1,-1,-1,-1,-1,-1,-1,-1,-1,-1,-1,-1,-1,0,0,0,0,0,0,0,0,0,0,0,0,-1,-1,-1,-1,-1,-1,-1,-1,-1,-1,-1,-1,-1,-1,-1,-1,-1,-1,-1,-1,-1,-1,-1,-1,0,0,0,0,0,0,0,0,0,0,0,0,0,0,0,0,0,0,0,0,0,0,0,0,255,139,139,94,0,0,0,0,0,0,0,65,90,100,100,0,0,100,-1,0,100,100,0,1,1,-1,0,0,60,0,[0|0|0],20,0,0,[0|0|0|0|0|0|0|0|0|0]
6701813,Rellana's Twin Blades - Attack,0.4,0.1,0,0,1.5,0.04,6903,-1,-1,1665,-1,110,120,-1,-1,100,110,-1,-1,0,94,94,0,94,90,100,100,100,0,0,0,0,0,0,0,0,0,0,0,0,20,0,0,0,0,2,0,0,0,0,0,0,1,2,0,3,255,0,255,0,255,0,0,0,0,0,0,0,0,0,0,0,1,1,0,0,0,0,0,0,0,9,0,0,-1,-1,2100,2010,-1,-1,-1,-1,-1,-1,-1,-1,-1,-1,-1,-1,-1,-1,-1,-1,-1,-1,-1,-1,-1,-1,-1,-1,-1,-1,-1,-1,0,0,0,0,0,0,0,0,0,0,0,0,-1,-1,-1,-1,-1,-1,-1,-1,-1,-1,-1,-1,-1,-1,-1,-1,-1,-1,-1,-1,-1,-1,-1,-1,0,0,0,0,0,0,0,0,0,0,0,0,0,0,0,0,0,0,0,0,0,0,0,0,255,139,139,94,0,0,0,0,0,0,0,65,90,100,100,0,0,100,-1,0,100,100,0,1,1,-1,0,0,60,0,[0|0|0],20,0,0,[0|0|0|0|0|0|0|0|0|0]
6701815,Rellana's Twin Blades - Attack,0.4,0.1,0,0,1.5,0.04,6903,-1,-1,-1,1667,21110,21120,-1,-1,21100,21110,-1,-1,0,94,0,94,94,90,100,100,100,0,0,0,0,0,0,0,0,0,0,0,0,20,0,0,0,0,2,0,0,0,0,0,0,1,0,0,3,11,0,255,0,255,0,0,0,0,0,0,0,0,0,0,0,1,1,0,0,0,0,0,0,0,0,0,0,-1,-1,2100,2010,-1,-1,-1,-1,-1,-1,-1,-1,-1,-1,-1,-1,-1,-1,-1,-1,-1,-1,-1,-1,-1,-1,-1,-1,-1,-1,-1,-1,0,0,0,0,0,0,0,0,0,0,0,0,-1,-1,-1,-1,-1,-1,-1,-1,-1,-1,-1,-1,-1,-1,-1,-1,-1,-1,-1,-1,-1,-1,-1,-1,0,0,0,0,0,0,0,0,0,0,0,0,0,0,0,0,0,0,0,0,0,0,0,0,255,139,139,94,0,0,0,0,0,0,0,65,90,100,100,0,0,100,-1,0,100,100,0,1,1,-1,7,0,60,0,[0|0|0],20,0,0,[0|0|0|0|0|0|0|0|0|0]
6701819,Rellana's Twin Blades - Attack,0.4,0.1,0,0,1.5,0.04,6903,-1,-1,-1,1667,21110,21120,-1,-1,21100,21110,-1,-1,0,94,0,94,94,90,100,100,100,0,0,0,0,0,0,0,0,0,0,0,0,20,0,0,0,0,2,0,0,0,0,0,0,1,2,0,3,11,0,255,0,255,0,0,0,0,0,0,0,0,0,0,0,1,1,0,0,0,0,0,0,0,0,0,0,-1,-1,2100,2010,-1,-1,-1,-1,-1,-1,-1,-1,-1,-1,-1,-1,-1,-1,-1,-1,-1,-1,-1,-1,-1,-1,-1,-1,-1,-1,-1,-1,0,0,0,0,0,0,0,0,0,0,0,0,-1,-1,-1,-1,-1,-1,-1,-1,-1,-1,-1,-1,-1,-1,-1,-1,-1,-1,-1,-1,-1,-1,-1,-1,0,0,0,0,0,0,0,0,0,0,0,0,0,0,0,0,0,0,0,0,0,0,0,0,255,139,139,94,0,0,0,0,0,0,0,65,90,100,100,0,0,100,-1,0,100,100,0,1,1,-1,7,0,60,0,[0|0|0],20,0,0,[0|0|0|0|0|0|0|0|0|0]
6701820,Rellana's Twin Blades - Attack,0.4,0.1,0,0,0.5,0.04,6903,-1,-1,1665,-1,110,120,-1,-1,100,110,-1,-1,0,75,75,0,75,60,100,100,100,0,0,0,0,0,0,0,0,0,0,0,0,20,0,0,0,0,2,0,0,0,0,0,0,1,0,0,3,255,2,255,0,255,0,0,0,0,0,0,0,0,0,0,0,3,1,0,0,0,0,0,0,0,9,0,0,-1,-1,2100,2010,-1,-1,-1,-1,-1,-1,-1,-1,-1,-1,-1,-1,-1,-1,-1,-1,-1,-1,-1,-1,-1,-1,-1,-1,-1,-1,-1,-1,0,0,0,0,0,0,0,0,0,0,0,0,-1,-1,-1,-1,-1,-1,-1,-1,-1,-1,-1,-1,-1,-1,-1,-1,-1,-1,-1,-1,-1,-1,-1,-1,0,0,0,0,0,0,0,0,0,0,0,0,0,0,0,0,0,0,0,0,0,0,0,0,255,139,139,75,0,0,0,0,0,0,0,65,90,100,100,0,0,100,-1,0,100,105,0,1,1,-1,0,0,40,0,[0|0|0],20,0,0,[0|0|0|0|0|0|0|0|0|0]
6701823,Rellana's Twin Blades - Attack,0.4,0.1,0,0,0.5,0.04,6903,-1,-1,1665,-1,110,120,-1,-1,100,110,-1,-1,0,75,75,0,75,60,100,100,100,0,0,0,0,0,0,0,0,0,0,0,0,20,0,0,0,0,2,0,0,0,0,0,0,1,2,0,3,255,2,255,0,255,0,0,0,0,0,0,0,0,0,0,0,3,1,0,0,0,0,0,0,0,9,0,0,-1,-1,2100,2010,-1,-1,-1,-1,-1,-1,-1,-1,-1,-1,-1,-1,-1,-1,-1,-1,-1,-1,-1,-1,-1,-1,-1,-1,-1,-1,-1,-1,0,0,0,0,0,0,0,0,0,0,0,0,-1,-1,-1,-1,-1,-1,-1,-1,-1,-1,-1,-1,-1,-1,-1,-1,-1,-1,-1,-1,-1,-1,-1,-1,0,0,0,0,0,0,0,0,0,0,0,0,0,0,0,0,0,0,0,0,0,0,0,0,255,139,139,75,0,0,0,0,0,0,0,65,90,100,100,0,0,100,-1,0,100,105,0,1,1,-1,0,0,40,0,[0|0|0],20,0,0,[0|0|0|0|0|0|0|0|0|0]
6701825,Rellana's Twin Blades - Attack,0.4,0.1,0,0,0.5,0.04,6903,-1,-1,-1,1667,21110,21120,-1,-1,21100,21110,-1,-1,0,75,0,75,75,60,100,100,100,0,0,0,0,0,0,0,0,0,0,0,0,20,0,0,0,0,2,0,0,0,0,0,0,1,0,0,3,11,2,255,0,255,0,0,0,0,0,0,0,0,0,0,0,2,1,0,0,0,0,0,0,0,0,0,0,-1,-1,2100,2010,-1,-1,-1,-1,-1,-1,-1,-1,-1,-1,-1,-1,-1,-1,-1,-1,-1,-1,-1,-1,-1,-1,-1,-1,-1,-1,-1,-1,0,0,0,0,0,0,0,0,0,0,0,0,-1,-1,-1,-1,-1,-1,-1,-1,-1,-1,-1,-1,-1,-1,-1,-1,-1,-1,-1,-1,-1,-1,-1,-1,0,0,0,0,0,0,0,0,0,0,0,0,0,0,0,0,0,0,0,0,0,0,0,0,255,139,139,75,0,0,0,0,0,0,0,65,90,100,100,0,0,100,-1,0,100,105,0,1,1,-1,7,0,40,0,[0|0|0],20,0,0,[0|0|0|0|0|0|0|0|0|0]
6701826,Rellana's Twin Blades - Attack,0.4,0.1,0,0,1.3,0.04,6903,-1,-1,-1,1667,21110,21120,-1,-1,21100,21110,-1,-1,0,85,0,85,85,60,100,100,100,0,0,0,0,0,0,0,0,0,0,0,0,20,0,0,0,0,2,0,0,0,0,0,0,1,0,0,3,11,2,255,0,255,0,0,0,0,0,0,0,0,0,0,0,3,1,0,0,0,0,0,0,0,0,0,0,-1,-1,2100,2010,-1,-1,-1,-1,-1,-1,-1,-1,-1,-1,-1,-1,-1,-1,-1,-1,-1,-1,-1,-1,-1,-1,-1,-1,-1,-1,-1,-1,0,0,0,0,0,0,0,0,0,0,0,0,-1,-1,-1,-1,-1,-1,-1,-1,-1,-1,-1,-1,-1,-1,-1,-1,-1,-1,-1,-1,-1,-1,-1,-1,0,0,0,0,0,0,0,0,0,0,0,0,0,0,0,0,0,0,0,0,0,0,0,0,255,139,139,85,0,0,0,0,0,0,0,65,90,100,100,0,0,100,-1,0,100,105,0,1,1,-1,7,0,40,0,[0|0|0],20,0,0,[0|0|0|0|0|0|0|0|0|0]
6701829,Rellana's Twin Blades - Attack,0.4,0.1,0,0,0.5,0.04,6903,-1,-1,-1,1667,21110,21120,-1,-1,21100,21110,-1,-1,0,75,0,75,75,60,100,100,100,0,0,0,0,0,0,0,0,0,0,0,0,20,0,0,0,0,2,0,0,0,0,0,0,1,2,0,3,255,2,255,0,255,0,0,0,0,0,0,0,0,0,0,0,3,1,0,0,0,0,0,0,0,0,0,0,-1,-1,2100,2010,-1,-1,-1,-1,-1,-1,-1,-1,-1,-1,-1,-1,-1,-1,-1,-1,-1,-1,-1,-1,-1,-1,-1,-1,-1,-1,-1,-1,0,0,0,0,0,0,0,0,0,0,0,0,-1,-1,-1,-1,-1,-1,-1,-1,-1,-1,-1,-1,-1,-1,-1,-1,-1,-1,-1,-1,-1,-1,-1,-1,0,0,0,0,0,0,0,0,0,0,0,0,0,0,0,0,0,0,0,0,0,0,0,0,255,139,139,75,0,0,0,0,0,0,0,65,90,100,100,0,0,100,-1,0,100,105,0,1,1,-1,0,0,40,0,[0|0|0],20,0,0,[0|0|0|0|0|0|0|0|0|0]
6701830,Rellana's Twin Blades - Attack,0.4,0.1,0,0,1,0.04,6903,-1,-1,1665,-1,110,120,-1,-1,100,110,-1,-1,0,40,40,0,40,45,100,100,100,104,0,0,0,0,0,0,0,0,0,0,0,20,0,0,0,0,2,0,0,0,0,0,0,1,0,0,3,255,0,255,0,255,0,0,0,0,0,0,0,0,0,0,0,4,1,0,0,0,0,0,0,0,9,0,0,-1,-1,2100,2010,-1,-1,-1,-1,-1,-1,-1,-1,-1,-1,-1,-1,-1,-1,-1,-1,-1,-1,-1,-1,-1,-1,-1,-1,-1,-1,-1,-1,0,0,0,0,0,0,0,0,0,0,0,0,-1,-1,-1,-1,-1,-1,-1,-1,-1,-1,-1,-1,-1,-1,-1,-1,-1,-1,-1,-1,-1,-1,-1,-1,0,0,0,0,0,0,0,0,0,0,0,0,0,0,0,0,0,0,0,0,0,0,0,0,255,139,139,40,0,0,0,0,0,0,0,65,90,100,100,0,0,100,-1,0,100,105,0,1,1,-1,0,0,60,0,[0|0|0],20,0,0,[0|0|0|0|0|0|0|0|0|0]
6701831,Rellana's Twin Blades - Attack,0.4,0.1,0,0,1.4,0.04,6903,-1,-1,1665,-1,110,120,-1,-1,100,110,-1,-1,0,60,60,0,60,45,100,100,100,104,0,0,0,0,0,0,0,0,0,0,0,20,0,0,0,0,2,0,0,0,0,0,0,1,0,0,3,255,0,255,0,255,0,0,0,0,0,0,0,0,0,0,0,3,1,0,0,0,0,0,0,0,9,0,0,-1,-1,2100,2010,-1,-1,-1,-1,-1,-1,-1,-1,-1,-1,-1,-1,-1,-1,-1,-1,-1,-1,-1,-1,-1,-1,-1,-1,-1,-1,-1,-1,0,0,0,0,0,0,0,0,0,0,0,0,-1,-1,-1,-1,-1,-1,-1,-1,-1,-1,-1,-1,-1,-1,-1,-1,-1,-1,-1,-1,-1,-1,-1,-1,0,0,0,0,0,0,0,0,0,0,0,0,0,0,0,0,0,0,0,0,0,0,0,0,255,139,139,60,0,0,0,0,0,0,0,65,90,100,100,0,0,100,-1,0,100,105,0,1,1,-1,0,0,60,0,[0|0|0],20,0,0,[0|0|0|0|0|0|0|0|0|0]
6701833,Rellana's Twin Blades - Attack,0.4,0.1,0,0,1.2,0.04,6903,-1,-1,1665,-1,110,120,-1,-1,100,110,-1,-1,0,40,40,0,40,45,100,100,100,104,0,0,0,0,0,0,0,0,0,0,0,20,0,0,0,0,2,0,0,0,0,0,0,1,2,0,3,255,0,255,0,255,0,0,0,0,0,0,0,0,0,0,0,4,1,0,0,0,0,0,0,0,9,0,0,-1,-1,2100,2010,-1,-1,-1,-1,-1,-1,-1,-1,-1,-1,-1,-1,-1,-1,-1,-1,-1,-1,-1,-1,-1,-1,-1,-1,-1,-1,-1,-1,0,0,0,0,0,0,0,0,0,0,0,0,-1,-1,-1,-1,-1,-1,-1,-1,-1,-1,-1,-1,-1,-1,-1,-1,-1,-1,-1,-1,-1,-1,-1,-1,0,0,0,0,0,0,0,0,0,0,0,0,0,0,0,0,0,0,0,0,0,0,0,0,255,139,139,40,0,0,0,0,0,0,0,65,90,100,100,0,0,100,-1,0,100,105,0,1,1,-1,0,0,60,0,[0|0|0],20,0,0,[0|0|0|0|0|0|0|0|0|0]
6701834,Rellana's Twin Blades - Attack,0.4,0.1,0,0,1.4,0.04,6903,-1,-1,1665,-1,110,120,-1,-1,100,110,-1,-1,0,60,60,0,60,45,100,100,100,104,0,0,0,0,0,0,0,0,0,0,0,20,0,0,0,0,2,0,0,0,0,0,0,1,2,0,3,255,0,255,0,255,0,0,0,0,0,0,0,0,0,0,0,3,1,0,0,0,0,0,0,0,9,0,0,-1,-1,2100,2010,-1,-1,-1,-1,-1,-1,-1,-1,-1,-1,-1,-1,-1,-1,-1,-1,-1,-1,-1,-1,-1,-1,-1,-1,-1,-1,-1,-1,0,0,0,0,0,0,0,0,0,0,0,0,-1,-1,-1,-1,-1,-1,-1,-1,-1,-1,-1,-1,-1,-1,-1,-1,-1,-1,-1,-1,-1,-1,-1,-1,0,0,0,0,0,0,0,0,0,0,0,0,0,0,0,0,0,0,0,0,0,0,0,0,255,139,139,60,0,0,0,0,0,0,0,65,90,100,100,0,0,100,-1,0,100,105,0,1,1,-1,0,0,60,0,[0|0|0],20,0,0,[0|0|0|0|0|0|0|0|0|0]
6701835,Rellana's Twin Blades - Attack,0.4,0.1,0,0,1.4,0.04,6903,-1,-1,-1,1667,21110,21120,-1,-1,21100,21110,-1,-1,0,40,0,40,40,45,100,100,100,104,0,0,0,0,0,0,0,0,0,0,0,20,0,0,0,0,2,0,0,0,0,0,0,1,0,0,3,11,0,255,0,255,0,0,0,0,0,0,0,0,0,0,0,4,1,0,0,0,0,0,0,0,0,0,0,-1,-1,2100,2010,-1,-1,-1,-1,-1,-1,-1,-1,-1,-1,-1,-1,-1,-1,-1,-1,-1,-1,-1,-1,-1,-1,-1,-1,-1,-1,-1,-1,0,0,0,0,0,0,0,0,0,0,0,0,-1,-1,-1,-1,-1,-1,-1,-1,-1,-1,-1,-1,-1,-1,-1,-1,-1,-1,-1,-1,-1,-1,-1,-1,0,0,0,0,0,0,0,0,0,0,0,0,0,0,0,0,0,0,0,0,0,0,0,0,255,139,139,40,0,0,0,0,0,0,0,65,90,100,100,0,0,100,-1,0,100,105,0,1,1,-1,7,0,60,0,[0|0|0],20,0,0,[0|0|0|0|0|0|0|0|0|0]
6701836,Rellana's Twin Blades - Attack,0.4,0.1,0,0,1.4,0.04,6903,-1,-1,-1,1667,21110,21120,-1,-1,21100,21110,-1,-1,0,60,0,60,60,45,100,100,100,104,0,0,0,0,0,0,0,0,0,0,0,20,0,0,0,0,2,0,0,0,0,0,0,1,0,0,3,11,0,255,0,255,0,0,0,0,0,0,0,0,0,0,0,3,1,0,0,0,0,0,0,0,0,0,0,-1,-1,2100,2010,-1,-1,-1,-1,-1,-1,-1,-1,-1,-1,-1,-1,-1,-1,-1,-1,-1,-1,-1,-1,-1,-1,-1,-1,-1,-1,-1,-1,0,0,0,0,0,0,0,0,0,0,0,0,-1,-1,-1,-1,-1,-1,-1,-1,-1,-1,-1,-1,-1,-1,-1,-1,-1,-1,-1,-1,-1,-1,-1,-1,0,0,0,0,0,0,0,0,0,0,0,0,0,0,0,0,0,0,0,0,0,0,0,0,255,139,139,60,0,0,0,0,0,0,0,65,90,100,100,0,0,100,-1,0,100,105,0,1,1,-1,7,0,60,0,[0|0|0],20,0,0,[0|0|0|0|0|0|0|0|0|0]
6701838,Rellana's Twin Blades - Attack,0.4,0.1,0,0,1.4,0.04,6903,-1,-1,-1,1667,21110,21120,-1,-1,21100,21110,-1,-1,0,40,0,40,40,45,100,100,100,104,0,0,0,0,0,0,0,0,0,0,0,20,0,0,0,0,2,0,0,0,0,0,0,1,2,0,3,11,0,255,0,255,0,0,0,0,0,0,0,0,0,0,0,4,1,0,0,0,0,0,0,0,0,0,0,-1,-1,2100,2010,-1,-1,-1,-1,-1,-1,-1,-1,-1,-1,-1,-1,-1,-1,-1,-1,-1,-1,-1,-1,-1,-1,-1,-1,-1,-1,-1,-1,0,0,0,0,0,0,0,0,0,0,0,0,-1,-1,-1,-1,-1,-1,-1,-1,-1,-1,-1,-1,-1,-1,-1,-1,-1,-1,-1,-1,-1,-1,-1,-1,0,0,0,0,0,0,0,0,0,0,0,0,0,0,0,0,0,0,0,0,0,0,0,0,255,139,139,40,0,0,0,0,0,0,0,65,90,100,100,0,0,100,-1,0,100,105,0,1,1,-1,7,0,60,0,[0|0|0],20,0,0,[0|0|0|0|0|0|0|0|0|0]
6701839,Rellana's Twin Blades - Attack,0.4,0.1,0,0,1.4,0.04,6903,-1,-1,-1,1667,21110,21120,-1,-1,21100,21110,-1,-1,0,60,0,60,60,45,100,100,100,104,0,0,0,0,0,0,0,0,0,0,0,20,0,0,0,0,2,0,0,0,0,0,0,1,2,0,3,11,0,255,0,255,0,0,0,0,0,0,0,0,0,0,0,3,1,0,0,0,0,0,0,0,0,0,0,-1,-1,2100,2010,-1,-1,-1,-1,-1,-1,-1,-1,-1,-1,-1,-1,-1,-1,-1,-1,-1,-1,-1,-1,-1,-1,-1,-1,-1,-1,-1,-1,0,0,0,0,0,0,0,0,0,0,0,0,-1,-1,-1,-1,-1,-1,-1,-1,-1,-1,-1,-1,-1,-1,-1,-1,-1,-1,-1,-1,-1,-1,-1,-1,0,0,0,0,0,0,0,0,0,0,0,0,0,0,0,0,0,0,0,0,0,0,0,0,255,139,139,60,0,0,0,0,0,0,0,65,90,100,100,0,0,100,-1,0,100,105,0,1,1,-1,7,0,60,0,[0|0|0],20,0,0,[0|0|0|0|0|0|0|0|0|0]
6701860,Rellana's Twin Blades - Attack,0.4,0.1,0,0,1.5,0.04,6903,-1,-1,1665,-1,110,120,-1,-1,100,110,-1,-1,0,100,100,0,100,105,120,100,100,122,0,0,0,0,0,0,0,0,0,0,0,20,0,0,0,0,2,0,0,0,0,0,0,1,0,0,2,255,0,255,0,255,0,0,0,0,0,0,0,0,0,0,0,0,1,0,0,0,0,0,0,0,9,0,0,-1,-1,2100,2010,-1,-1,-1,-1,-1,-1,-1,-1,-1,-1,-1,-1,-1,-1,-1,-1,-1,-1,-1,-1,-1,-1,-1,-1,-1,-1,-1,-1,0,0,0,0,0,0,0,0,0,0,0,0,-1,-1,-1,-1,-1,-1,-1,-1,-1,-1,-1,-1,-1,-1,-1,-1,-1,-1,-1,-1,-1,-1,-1,-1,0,0,0,0,0,0,0,0,0,0,0,0,0,0,0,0,0,0,0,0,0,0,0,0,255,139,139,100,0,0,0,0,0,0,0,65,90,100,100,0,0,100,-1,0,100,110,0,1,1,-1,0,0,60,0,[0|0|0],20,0,0,[0|0|0|0|0|0|0|0|0|0]
6701865,Rellana's Twin Blades - Attack,0.4,0.1,0,0,1,0.04,6903,-1,-1,-1,1667,21110,21120,-1,-1,21100,21110,-1,-1,0,95,0,95,95,105,120,100,100,122,0,0,0,0,0,0,0,0,0,0,0,20,0,0,0,0,2,0,0,0,0,0,0,1,0,0,3,11,2,255,0,255,0,0,0,0,0,0,0,0,0,0,0,2,1,0,0,0,0,0,0,0,0,0,0,-1,-1,2100,2010,-1,-1,-1,-1,-1,-1,-1,-1,-1,-1,-1,-1,-1,-1,-1,-1,-1,-1,-1,-1,-1,-1,-1,-1,-1,-1,-1,-1,0,0,0,0,0,0,0,0,0,0,0,0,-1,-1,-1,-1,-1,-1,-1,-1,-1,-1,-1,-1,-1,-1,-1,-1,-1,-1,-1,-1,-1,-1,-1,-1,0,0,0,0,0,0,0,0,0,0,0,0,0,0,0,0,0,0,0,0,0,0,0,0,255,139,139,95,0,0,0,0,0,0,0,65,90,100,100,0,0,100,-1,0,100,110,0,1,1,-1,7,0,60,0,[0|0|0],20,0,0,[0|0|0|0|0|0|0|0|0|0]
6701869,Rellana's Twin Blades - Attack,0.4,0.1,0,0,1,0.04,6903,-1,-1,-1,1667,21110,21120,-1,-1,21100,21110,-1,-1,0,95,0,95,95,105,120,100,100,122,0,0,0,0,0,0,0,0,0,0,0,20,0,0,0,0,2,0,0,0,0,0,0,1,2,0,3,11,2,255,0,255,0,0,0,0,0,0,0,0,0,0,0,2,1,0,0,0,0,0,0,0,0,0,0,-1,-1,2100,2010,-1,-1,-1,-1,-1,-1,-1,-1,-1,-1,-1,-1,-1,-1,-1,-1,-1,-1,-1,-1,-1,-1,-1,-1,-1,-1,-1,-1,0,0,0,0,0,0,0,0,0,0,0,0,-1,-1,-1,-1,-1,-1,-1,-1,-1,-1,-1,-1,-1,-1,-1,-1,-1,-1,-1,-1,-1,-1,-1,-1,0,0,0,0,0,0,0,0,0,0,0,0,0,0,0,0,0,0,0,0,0,0,0,0,255,139,139,95,0,0,0,0,0,0,0,65,90,100,100,0,0,100,-1,0,100,110,0,1,1,-1,7,0,60,0,[0|0|0],20,0,0,[0|0|0|0|0|0|0|0|0|0]
6701870,Rellana's Twin Blades - Attack,0.4,0.1,0,0,0.1,0.04,6903,-1,-1,1665,-1,110,120,-1,-1,100,110,-1,-1,0,85,85,0,85,100,200,100,100,121,0,0,0,0,0,0,0,0,0,0,0,20,0,0,0,0,2,0,0,0,0,0,0,1,0,0,3,255,0,255,0,255,0,0,0,0,0,0,0,0,0,0,0,3,1,0,0,0,0,0,0,0,9,0,0,-1,-1,2100,2010,-1,-1,-1,-1,-1,-1,-1,-1,-1,-1,-1,-1,-1,-1,-1,-1,-1,-1,-1,-1,-1,-1,-1,-1,-1,-1,-1,-1,0,0,0,0,0,0,0,0,0,0,0,0,-1,-1,-1,-1,-1,-1,-1,-1,-1,-1,-1,-1,-1,-1,-1,-1,-1,-1,-1,-1,-1,-1,-1,-1,0,0,0,0,0,0,0,0,0,0,0,0,0,0,0,0,0,0,0,0,0,0,0,0,255,139,139,85,0,0,0,0,0,0,0,65,90,100,100,0,0,100,-1,0,100,90,0,1,1,-1,0,0,60,0,[0|0|0],20,0,0,[0|0|0|0|0|0|0|0|0|0]
6701873,Rellana's Twin Blades - Attack,0.4,0.1,0,0,0.1,0.04,6903,-1,-1,1665,-1,110,120,-1,-1,100,110,-1,-1,0,85,85,0,85,100,200,100,100,121,0,0,0,0,0,0,0,0,0,0,0,20,0,0,0,0,2,0,0,0,0,0,0,1,2,0,3,255,0,255,0,255,0,0,0,0,0,0,0,0,0,0,0,3,1,0,0,0,0,0,0,0,9,0,0,-1,-1,2100,2010,-1,-1,-1,-1,-1,-1,-1,-1,-1,-1,-1,-1,-1,-1,-1,-1,-1,-1,-1,-1,-1,-1,-1,-1,-1,-1,-1,-1,0,0,0,0,0,0,0,0,0,0,0,0,-1,-1,-1,-1,-1,-1,-1,-1,-1,-1,-1,-1,-1,-1,-1,-1,-1,-1,-1,-1,-1,-1,-1,-1,0,0,0,0,0,0,0,0,0,0,0,0,0,0,0,0,0,0,0,0,0,0,0,0,255,139,139,85,0,0,0,0,0,0,0,65,90,100,100,0,0,100,-1,0,100,90,0,1,1,-1,0,0,60,0,[0|0|0],20,0,0,[0|0|0|0|0|0|0|0|0|0]
6701875,Rellana's Twin Blades - Attack,0.4,0.1,0,0,1,0.04,6903,-1,-1,-1,1667,21110,21120,-1,-1,21100,21110,-1,-1,0,85,0,85,85,100,200,100,100,121,0,0,0,0,0,0,0,0,0,0,0,20,0,0,0,0,2,0,0,0,0,0,0,1,0,0,3,255,0,255,0,255,0,0,0,0,0,0,0,0,0,0,0,3,1,0,0,0,0,0,0,0,0,0,0,-1,-1,2100,2010,-1,-1,-1,-1,-1,-1,-1,-1,-1,-1,-1,-1,-1,-1,-1,-1,-1,-1,-1,-1,-1,-1,-1,-1,-1,-1,-1,-1,0,0,0,0,0,0,0,0,0,0,0,0,-1,-1,-1,-1,-1,-1,-1,-1,-1,-1,-1,-1,-1,-1,-1,-1,-1,-1,-1,-1,-1,-1,-1,-1,0,0,0,0,0,0,0,0,0,0,0,0,0,0,0,0,0,0,0,0,0,0,0,0,255,139,139,85,0,0,0,0,0,0,0,65,90,100,100,0,0,100,-1,0,100,90,0,1,1,-1,0,0,60,0,[0|0|0],20,0,0,[0|0|0|0|0|0|0|0|0|0]
6701880,Rellana's Twin Blades - Attack,0.4,0.1,0,0,1.5,0.04,6903,-1,-1,1665,-1,110,120,-1,-1,100,110,-1,-1,0,85,85,0,85,100,200,100,100,121,0,0,0,0,0,0,0,0,0,0,0,20,0,0,0,0,2,0,0,0,0,0,0,1,0,0,3,255,2,255,0,255,0,0,0,0,0,0,0,0,0,0,0,1,1,0,0,0,0,0,0,0,9,0,0,-1,-1,2100,2010,-1,-1,-1,-1,-1,-1,-1,-1,-1,-1,-1,-1,-1,-1,-1,-1,-1,-1,-1,-1,-1,-1,-1,-1,-1,-1,-1,-1,0,0,0,0,0,0,0,0,0,0,0,0,-1,-1,-1,-1,-1,-1,-1,-1,-1,-1,-1,-1,-1,-1,-1,-1,-1,-1,-1,-1,-1,-1,-1,-1,0,0,0,0,0,0,0,0,0,0,0,0,0,0,0,0,0,0,0,0,0,0,0,0,255,139,139,85,0,0,0,0,0,0,0,65,90,100,100,0,0,100,-1,0,100,90,0,1,1,-1,0,0,60,0,[0|0|0],20,0,0,[0|0|0|0|0|0|0|0|0|0]
6701883,Rellana's Twin Blades - Attack,0.4,0.1,0,0,1.5,0.04,6903,-1,-1,1665,-1,110,120,-1,-1,100,110,-1,-1,0,85,85,0,85,100,200,100,100,121,0,0,0,0,0,0,0,0,0,0,0,20,0,0,0,0,2,0,0,0,0,0,0,1,2,0,3,255,2,255,0,255,0,0,0,0,0,0,0,0,0,0,0,1,1,0,0,0,0,0,0,0,9,0,0,-1,-1,2100,2010,-1,-1,-1,-1,-1,-1,-1,-1,-1,-1,-1,-1,-1,-1,-1,-1,-1,-1,-1,-1,-1,-1,-1,-1,-1,-1,-1,-1,0,0,0,0,0,0,0,0,0,0,0,0,-1,-1,-1,-1,-1,-1,-1,-1,-1,-1,-1,-1,-1,-1,-1,-1,-1,-1,-1,-1,-1,-1,-1,-1,0,0,0,0,0,0,0,0,0,0,0,0,0,0,0,0,0,0,0,0,0,0,0,0,255,139,139,85,0,0,0,0,0,0,0,65,90,100,100,0,0,100,-1,0,100,90,0,1,1,-1,0,0,60,0,[0|0|0],20,0,0,[0|0|0|0|0|0|0|0|0|0]
6701885,Rellana's Twin Blades - Attack,0.4,0.1,0,0,1.5,0.04,6903,-1,-1,-1,1667,21110,21120,-1,-1,21100,21110,-1,-1,0,85,0,85,85,100,200,100,100,121,0,0,0,0,0,0,0,0,0,0,0,20,0,0,0,0,2,0,0,0,0,0,0,1,0,0,3,11,2,255,0,255,0,0,0,0,0,0,0,0,0,0,0,1,1,0,0,0,0,0,0,0,0,0,0,-1,-1,2100,2010,-1,-1,-1,-1,-1,-1,-1,-1,-1,-1,-1,-1,-1,-1,-1,-1,-1,-1,-1,-1,-1,-1,-1,-1,-1,-1,-1,-1,0,0,0,0,0,0,0,0,0,0,0,0,-1,-1,-1,-1,-1,-1,-1,-1,-1,-1,-1,-1,-1,-1,-1,-1,-1,-1,-1,-1,-1,-1,-1,-1,0,0,0,0,0,0,0,0,0,0,0,0,0,0,0,0,0,0,0,0,0,0,0,0,255,139,139,85,0,0,0,0,0,0,0,65,90,100,100,0,0,100,-1,0,100,90,0,1,1,-1,7,0,60,0,[0|0|0],20,0,0,[0|0|0|0|0|0|0|0|0|0]
6701889,Rellana's Twin Blades - Attack,0.4,0.1,0,0,1.5,0.04,6903,-1,-1,-1,1667,21110,21120,-1,-1,21100,21110,-1,-1,0,85,0,85,85,100,200,100,100,121,0,0,0,0,0,0,0,0,0,0,0,20,0,0,0,0,2,0,0,0,0,0,0,1,2,0,3,11,2,255,0,255,0,0,0,0,0,0,0,0,0,0,0,1,1,0,0,0,0,0,0,0,0,0,0,-1,-1,2100,2010,-1,-1,-1,-1,-1,-1,-1,-1,-1,-1,-1,-1,-1,-1,-1,-1,-1,-1,-1,-1,-1,-1,-1,-1,-1,-1,-1,-1,0,0,0,0,0,0,0,0,0,0,0,0,-1,-1,-1,-1,-1,-1,-1,-1,-1,-1,-1,-1,-1,-1,-1,-1,-1,-1,-1,-1,-1,-1,-1,-1,0,0,0,0,0,0,0,0,0,0,0,0,0,0,0,0,0,0,0,0,0,0,0,0,255,139,139,85,0,0,0,0,0,0,0,65,90,100,100,0,0,100,-1,0,100,90,0,1,1,-1,7,0,60,0,[0|0|0],20,0,0,[0|0|0|0|0|0|0|0|0|0]
6701890,Rellana's Twin Blades - Attack,0.4,0.1,0,0,0.5,0.04,6903,-1,-1,1665,-1,110,120,-1,-1,100,110,-1,-1,0,80,80,0,80,75,9900,100,100,102,0,0,0,0,0,0,0,0,0,0,0,20,0,0,0,0,2,0,0,0,0,0,0,1,0,0,3,255,0,255,0,255,0,0,0,0,0,0,0,0,0,0,1,2,1,0,0,0,0,0,0,0,9,0,0,-1,-1,2100,2010,-1,-1,-1,-1,-1,-1,-1,-1,-1,-1,-1,-1,-1,-1,-1,-1,-1,-1,-1,-1,-1,-1,-1,-1,-1,-1,-1,-1,0,0,0,0,0,0,0,0,0,0,0,0,-1,-1,-1,-1,-1,-1,-1,-1,-1,-1,-1,-1,-1,-1,-1,-1,-1,-1,-1,-1,-1,-1,-1,-1,0,0,0,0,0,0,0,0,0,0,0,0,0,0,0,0,0,0,0,0,0,0,0,0,255,139,139,80,0,0,0,0,0,0,0,65,90,100,100,0,0,100,-1,0,100,130,0,1,1,-1,0,0,100,0,[0|0|0],21,0,0,[0|0|0|0|0|0|0|0|0|0]
6701891,Rellana's Twin Blades - Attack,0.4,0.1,0,0,0.5,0.04,6903,-1,-1,1665,-1,110,120,-1,-1,100,110,-1,-1,0,85,85,0,85,75,9900,100,100,102,0,0,0,0,0,0,0,0,0,0,0,20,0,0,0,0,2,0,0,0,0,0,0,1,0,0,3,255,0,255,0,255,0,0,0,0,0,0,0,0,0,0,1,3,1,0,0,0,0,0,0,0,9,0,0,-1,-1,2100,2010,-1,-1,-1,-1,-1,-1,-1,-1,-1,-1,-1,-1,-1,-1,-1,-1,-1,-1,-1,-1,-1,-1,-1,-1,-1,-1,-1,-1,0,0,0,0,0,0,0,0,0,0,0,0,-1,-1,-1,-1,-1,-1,-1,-1,-1,-1,-1,-1,-1,-1,-1,-1,-1,-1,-1,-1,-1,-1,-1,-1,0,0,0,0,0,0,0,0,0,0,0,0,0,0,0,0,0,0,0,0,0,0,0,0,255,139,139,85,0,0,0,0,0,0,0,65,90,100,100,0,0,100,-1,0,100,130,0,1,1,-1,0,0,100,0,[0|0|0],21,0,0,[0|0|0|0|0|0|0|0|0|0]
6701893,Rellana's Twin Blades - Attack,0.4,0.1,0,0,0.5,0.04,6903,-1,-1,1665,-1,110,120,-1,-1,100,110,-1,-1,0,80,80,0,80,75,9900,100,100,102,0,0,0,0,0,0,0,0,0,0,0,20,0,0,0,0,2,0,0,0,0,0,0,1,2,0,3,255,0,255,0,255,0,0,0,0,0,0,0,0,0,0,1,2,1,0,0,0,0,0,0,0,9,0,0,-1,-1,2100,2010,-1,-1,-1,-1,-1,-1,-1,-1,-1,-1,-1,-1,-1,-1,-1,-1,-1,-1,-1,-1,-1,-1,-1,-1,-1,-1,-1,-1,0,0,0,0,0,0,0,0,0,0,0,0,-1,-1,-1,-1,-1,-1,-1,-1,-1,-1,-1,-1,-1,-1,-1,-1,-1,-1,-1,-1,-1,-1,-1,-1,0,0,0,0,0,0,0,0,0,0,0,0,0,0,0,0,0,0,0,0,0,0,0,0,255,139,139,80,0,0,0,0,0,0,0,65,90,100,100,0,0,100,-1,0,100,130,0,1,1,-1,0,0,100,0,[0|0|0],21,0,0,[0|0|0|0|0|0|0|0|0|0]
6701894,Rellana's Twin Blades - Attack,0.4,0.1,0,0,0.5,0.04,6903,-1,-1,1665,-1,110,120,-1,-1,100,110,-1,-1,0,85,85,0,85,75,9900,100,100,102,0,0,0,0,0,0,0,0,0,0,0,20,0,0,0,0,2,0,0,0,0,0,0,1,2,0,3,255,0,255,0,255,0,0,0,0,0,0,0,0,0,0,1,3,1,0,0,0,0,0,0,0,9,0,0,-1,-1,2100,2010,-1,-1,-1,-1,-1,-1,-1,-1,-1,-1,-1,-1,-1,-1,-1,-1,-1,-1,-1,-1,-1,-1,-1,-1,-1,-1,-1,-1,0,0,0,0,0,0,0,0,0,0,0,0,-1,-1,-1,-1,-1,-1,-1,-1,-1,-1,-1,-1,-1,-1,-1,-1,-1,-1,-1,-1,-1,-1,-1,-1,0,0,0,0,0,0,0,0,0,0,0,0,0,0,0,0,0,0,0,0,0,0,0,0,255,139,139,85,0,0,0,0,0,0,0,65,90,100,100,0,0,100,-1,0,100,130,0,1,1,-1,0,0,100,0,[0|0|0],21,0,0,[0|0|0|0|0|0|0|0|0|0]
6701895,Rellana's Twin Blades - Attack,0.4,0.1,0,0,0.7,0.04,6903,-1,-1,-1,1667,21110,21120,-1,-1,21100,21110,-1,-1,0,85,0,85,85,75,9900,100,100,102,0,0,0,0,0,0,0,0,0,0,0,20,0,0,0,0,2,0,0,0,0,0,0,1,0,0,3,11,0,255,0,255,0,0,0,0,0,0,0,0,0,0,1,3,1,0,0,0,0,0,0,0,0,0,0,-1,-1,2100,2010,-1,-1,-1,-1,-1,-1,-1,-1,-1,-1,-1,-1,-1,-1,-1,-1,-1,-1,-1,-1,-1,-1,-1,-1,-1,-1,-1,-1,0,0,0,0,0,0,0,0,0,0,0,0,-1,-1,-1,-1,-1,-1,-1,-1,-1,-1,-1,-1,-1,-1,-1,-1,-1,-1,-1,-1,-1,-1,-1,-1,0,0,0,0,0,0,0,0,0,0,0,0,0,0,0,0,0,0,0,0,0,0,0,0,255,139,139,85,0,0,0,0,0,0,0,65,90,100,100,0,0,100,-1,0,100,130,0,1,1,-1,7,0,100,0,[0|0|0],21,0,0,[0|0|0|0|0|0|0|0|0|0]
6800000,Beast Claw: [030000] AttackRightLight1 Attack,0.35,0.1,0,0,0.8,0.08,6902,-1,-1,1665,-1,120,120,-1,-1,100,-1,-1,-1,0,100,100,100,100,100,100,100,100,0,0,0,0,0,0,0,0,0,0,0,0,10,0,0,0,0,2,0,0,0,0,0,0,1,0,0,253,255,0,255,0,255,0,0,0,0,0,0,0,0,0,0,0,1,1,0,0,0,0,0,0,0,0,0,0,-1,-1,2100,2010,-1,-1,-1,-1,-1,-1,-1,-1,-1,-1,-1,-1,-1,-1,-1,-1,-1,-1,-1,-1,-1,-1,-1,-1,-1,-1,-1,-1,0,0,0,0,0,0,0,0,0,0,0,0,-1,-1,-1,-1,-1,-1,-1,-1,-1,-1,-1,-1,-1,-1,-1,-1,-1,-1,-1,-1,-1,-1,-1,-1,0,0,0,0,0,0,0,0,0,0,0,0,0,0,0,0,0,0,0,0,0,0,0,0,255,139,139,100,0,0,0,0,0,0,0,100,100,100,100,0,0,100,-1,0,100,100,0,1,1,-1,0,0,100,0,[0|0|0],0,0,0,[0|0|0|0|0|0|0|0|0|0]
6800010,Beast Claw: [030010] AttackRightLight2 - Hit 1 Attack,0.35,0.1,0,0,0.75,0.04,6902,-1,-1,-1,-1,120,120,-1,-1,100,-1,-1,-1,0,75,75,75,75,75,100,100,100,0,0,0,0,0,0,0,0,0,0,0,0,10,0,0,0,0,2,0,0,0,0,0,0,1,0,0,253,255,0,255,0,255,0,0,0,0,0,0,0,0,0,0,0,3,1,0,0,0,0,0,0,0,9,0,0,-1,-1,2100,2010,-1,-1,-1,-1,-1,-1,-1,-1,-1,-1,-1,-1,-1,-1,-1,-1,-1,-1,-1,-1,-1,-1,-1,-1,-1,-1,-1,-1,0,0,0,0,0,0,0,0,0,0,0,0,-1,-1,-1,-1,-1,-1,-1,-1,-1,-1,-1,-1,-1,-1,-1,-1,-1,-1,-1,-1,-1,-1,-1,-1,0,0,0,0,0,0,0,0,0,0,0,0,0,0,0,0,0,0,0,0,0,0,0,0,255,139,139,75,0,0,0,0,0,0,0,65,90,100,100,0,0,100,-1,0,100,100,0,1,1,-1,0,0,50,0,[0|0|0],0,0,0,[0|0|0|0|0|0|0|0|0|0]
6800011,Beast Claw: [030010] AttackRightLight2 - Hit 2 Attack,0.35,0.1,0,0,0.75,0.04,6902,-1,-1,1665,-1,120,120,-1,-1,100,-1,-1,-1,0,80,80,80,80,80,100,100,100,0,0,0,0,0,0,0,0,0,0,0,0,10,0,0,0,0,2,0,0,0,0,0,0,1,0,0,253,255,0,255,0,255,0,0,0,0,0,0,0,0,0,0,0,1,1,0,0,0,0,0,0,0,0,0,0,-1,-1,2100,2010,-1,-1,-1,-1,-1,-1,-1,-1,-1,-1,-1,-1,-1,-1,-1,-1,-1,-1,-1,-1,-1,-1,-1,-1,-1,-1,-1,-1,0,0,0,0,0,0,0,0,0,0,0,0,-1,-1,-1,-1,-1,-1,-1,-1,-1,-1,-1,-1,-1,-1,-1,-1,-1,-1,-1,-1,-1,-1,-1,-1,0,0,0,0,0,0,0,0,0,0,0,0,0,0,0,0,0,0,0,0,0,0,0,0,255,139,139,80,0,0,0,0,0,0,0,65,90,100,100,0,0,100,-1,0,100,100,0,1,1,-1,0,0,50,0,[0|0|0],0,0,0,[0|0|0|0|0|0|0|0|0|0]
6800020,Beast Claw: [030020] AttackRightLight3 Attack,0.35,0.1,0,0,2.2,0.08,6902,-1,-1,1665,-1,120,120,-1,-1,100,-1,-1,-1,0,101,101,101,101,100,100,100,100,0,0,0,0,0,0,0,0,0,0,0,0,10,0,0,0,0,2,0,0,0,0,0,0,2,0,0,253,255,0,255,0,255,0,0,0,0,0,0,0,0,0,0,0,3,1,0,0,0,0,0,0,0,0,0,0,-1,-1,2100,2010,-1,-1,-1,-1,-1,-1,-1,-1,-1,-1,-1,-1,-1,-1,-1,-1,-1,-1,-1,-1,-1,-1,-1,-1,-1,-1,-1,-1,0,0,0,0,0,0,0,0,0,0,0,0,-1,-1,-1,-1,-1,-1,-1,-1,-1,-1,-1,-1,-1,-1,-1,-1,-1,-1,-1,-1,-1,-1,-1,-1,0,0,0,0,0,0,0,0,0,0,0,0,0,0,0,0,0,0,0,0,0,0,0,0,255,139,139,101,0,0,0,0,0,0,0,100,100,100,100,0,0,100,-1,0,100,100,0,1,1,-1,0,0,100,0,[0|0|0],0,0,0,[0|0|0|0|0|0|0|0|0|0]
6800030,Beast Claw: [030030] AttackRightLight4 Attack,0.35,0.1,0,0,1.75,0.08,6902,-1,-1,1665,-1,120,120,-1,-1,100,-1,-1,-1,0,103,103,103,103,100,100,100,100,104,0,0,0,0,0,0,0,0,0,0,0,10,0,0,0,0,2,0,0,0,0,0,0,2,0,0,253,255,0,255,0,255,0,0,0,0,0,0,0,0,0,0,0,1,1,0,0,0,0,0,0,0,0,0,0,-1,-1,2100,2010,-1,-1,-1,-1,-1,-1,-1,-1,-1,-1,-1,-1,-1,-1,-1,-1,-1,-1,-1,-1,-1,-1,-1,-1,-1,-1,-1,-1,0,0,0,0,0,0,0,0,0,0,0,0,-1,-1,-1,-1,-1,-1,-1,-1,-1,-1,-1,-1,-1,-1,-1,-1,-1,-1,-1,-1,-1,-1,-1,-1,0,0,0,0,0,0,0,0,0,0,0,0,0,0,0,0,0,0,0,0,0,0,0,0,255,139,139,103,0,0,0,0,0,0,0,100,100,100,100,0,0,100,-1,0,100,105,0,1,1,-1,0,0,200,0,[0|0|0],0,0,0,[0|0|0|0|0|0|0|0|0|0]
6800100,Beast Claw: [030505] AttackRightHeavy1End Attack,0.55,0.1,0,0,1.3,0.08,6904,-1,-1,1665,-1,120,120,-1,-1,100,-1,-1,-1,0,120,120,120,120,140,120,100,100,0,0,0,0,0,0,0,0,0,0,0,0,10,0,0,0,0,2,0,0,0,0,0,0,1,0,0,253,255,0,255,0,255,0,0,0,0,0,0,0,0,0,0,0,4,1,0,0,0,0,0,0,0,0,0,0,-1,-1,2100,2010,-1,-1,-1,-1,-1,-1,-1,-1,-1,-1,-1,-1,-1,-1,-1,-1,-1,-1,-1,-1,-1,-1,-1,-1,-1,-1,-1,-1,0,0,0,0,0,0,0,0,0,0,0,0,-1,-1,-1,-1,-1,-1,-1,-1,-1,-1,-1,-1,-1,-1,-1,-1,-1,-1,-1,-1,-1,-1,-1,-1,0,0,0,0,0,0,0,0,0,0,0,0,0,0,0,0,0,0,0,0,0,0,0,0,255,139,139,120,0,0,0,0,0,0,0,100,100,100,100,0,0,100,-1,0,100,130,0,1,1,-1,0,0,200,0,[0|0|0],0,0,0,[0|0|0|0|0|0|0|0|0|0]
6800105,Beast Claw: [030500] AttackRightHeavy1Start Attack,0.55,0.1,0,0,1.3,0.08,6906,-1,-1,1665,-1,120,120,-1,-1,100,-1,-1,-1,0,155,155,155,155,200,400,100,100,100,0,0,0,0,0,0,0,0,0,0,0,10,0,0,0,0,2,0,0,0,0,0,0,1,0,0,253,255,0,255,0,255,0,0,0,0,0,0,0,0,0,0,0,4,1,0,0,0,0,0,0,0,0,0,0,-1,-1,2100,2010,-1,-1,-1,-1,-1,-1,-1,-1,-1,-1,-1,-1,-1,-1,-1,-1,-1,-1,-1,-1,-1,-1,-1,-1,-1,-1,-1,-1,0,0,0,0,0,0,0,0,0,0,0,0,-1,-1,-1,-1,-1,-1,-1,-1,-1,-1,-1,-1,-1,-1,-1,-1,-1,-1,-1,-1,-1,-1,-1,-1,0,0,0,0,0,0,0,0,0,0,0,0,0,0,0,0,0,0,0,0,0,0,0,0,255,139,139,155,0,0,0,0,0,0,0,100,100,100,100,0,0,100,-1,0,100,150,0,1,1,-1,0,0,600,0,[0|0|0],0,0,0,[0|0|0|0|0|0|0|0|0|0]
6800110,Beast Claw: [030515] AttackRightHeavy2End Attack,0.55,0.1,0,0,1.9,0.08,6904,-1,-1,1665,-1,120,120,-1,-1,100,-1,-1,-1,0,120,120,120,120,140,120,100,100,0,0,0,0,0,0,0,0,0,0,0,0,10,0,0,0,0,2,0,0,0,0,0,0,2,0,0,253,255,0,255,0,255,0,0,0,0,0,0,0,0,0,0,0,3,1,0,0,0,0,0,0,0,0,0,0,-1,-1,2100,2010,-1,-1,-1,-1,-1,-1,-1,-1,-1,-1,-1,-1,-1,-1,-1,-1,-1,-1,-1,-1,-1,-1,-1,-1,-1,-1,-1,-1,0,0,0,0,0,0,0,0,0,0,0,0,-1,-1,-1,-1,-1,-1,-1,-1,-1,-1,-1,-1,-1,-1,-1,-1,-1,-1,-1,-1,-1,-1,-1,-1,0,0,0,0,0,0,0,0,0,0,0,0,0,0,0,0,0,0,0,0,0,0,0,0,255,139,139,120,0,0,0,0,0,0,0,100,100,100,100,0,0,100,-1,0,100,130,0,1,1,-1,0,0,200,0,[0|0|0],0,0,0,[0|0|0|0|0|0|0|0|0|0]
6800115,Beast Claw: [030510] AttackRightHeavy2Start Attack,0.55,0.1,0,0,1.9,0.08,6906,-1,-1,1665,-1,120,120,-1,-1,100,-1,-1,-1,0,155,155,155,155,200,400,100,100,100,0,0,0,0,0,0,0,0,0,0,0,10,0,0,0,0,2,0,0,0,0,0,0,2,0,0,253,255,0,255,0,255,0,0,0,0,0,0,0,0,0,0,0,3,1,0,0,0,0,0,0,0,0,0,0,-1,-1,2100,2010,-1,-1,-1,-1,-1,-1,-1,-1,-1,-1,-1,-1,-1,-1,-1,-1,-1,-1,-1,-1,-1,-1,-1,-1,-1,-1,-1,-1,0,0,0,0,0,0,0,0,0,0,0,0,-1,-1,-1,-1,-1,-1,-1,-1,-1,-1,-1,-1,-1,-1,-1,-1,-1,-1,-1,-1,-1,-1,-1,-1,0,0,0,0,0,0,0,0,0,0,0,0,0,0,0,0,0,0,0,0,0,0,0,0,255,139,139,155,0,0,0,0,0,0,0,100,100,100,100,0,0,100,-1,0,100,150,0,1,1,-1,0,0,600,0,[0|0|0],0,0,0,[0|0|0|0|0|0|0|0|0|0]
6800120,Beast Claw: [030200] AttackRightLightDash Attack,0.35,0.1,0,0,1.3,0.08,6903,-1,-1,1665,-1,120,120,-1,-1,100,-1,-1,-1,0,105,105,105,105,120,120,100,100,122,0,0,0,0,0,0,0,0,0,0,0,10,0,0,0,0,2,0,0,0,0,0,0,1,0,0,253,255,0,255,0,255,0,0,0,0,0,0,0,0,0,0,0,1,1,0,0,0,0,0,0,0,0,0,0,-1,-1,2100,2010,-1,-1,-1,-1,-1,-1,-1,-1,-1,-1,-1,-1,-1,-1,-1,-1,-1,-1,-1,-1,-1,-1,-1,-1,-1,-1,-1,-1,0,0,0,0,0,0,0,0,0,0,0,0,-1,-1,-1,-1,-1,-1,-1,-1,-1,-1,-1,-1,-1,-1,-1,-1,-1,-1,-1,-1,-1,-1,-1,-1,0,0,0,0,0,0,0,0,0,0,0,0,0,0,0,0,0,0,0,0,0,0,0,0,255,139,139,105,0,0,0,0,0,0,0,100,100,100,100,0,0,100,-1,0,100,110,0,1,1,-1,0,0,100,0,[0|0|0],0,0,0,[0|0|0|0|0|0|0|0|0|0]
6800125,Beast Claw: [030210] AttackRightHeavyDash - Hit 1 Attack,0.35,0.1,0,0,0.4,0.08,6903,-1,-1,-1,-1,120,120,-1,-1,100,-1,-1,-1,0,82,82,82,82,82,200,100,100,122,0,0,0,0,0,0,0,0,0,0,0,10,0,0,0,0,2,0,0,0,0,0,0,2,0,0,253,255,0,255,0,255,0,0,0,0,0,0,0,0,0,0,0,4,1,0,0,0,0,0,0,0,0,0,0,-1,-1,2100,2010,-1,-1,-1,-1,-1,-1,-1,-1,-1,-1,-1,-1,-1,-1,-1,-1,-1,-1,-1,-1,-1,-1,-1,-1,-1,-1,-1,-1,0,0,0,0,0,0,0,0,0,0,0,0,-1,-1,-1,-1,-1,-1,-1,-1,-1,-1,-1,-1,-1,-1,-1,-1,-1,-1,-1,-1,-1,-1,-1,-1,0,0,0,0,0,0,0,0,0,0,0,0,0,0,0,0,0,0,0,0,0,0,0,0,255,139,139,82,0,0,0,0,0,0,0,70,90,100,100,0,0,100,-1,0,100,130,0,1,1,-1,0,0,70,0,[0|0|0],0,0,0,[0|0|0|0|0|0|0|0|0|0]
6800126,Beast Claw: [030210] AttackRightHeavyDash - Hit 2 Attack,0.35,0.1,0,0,1.35,0.08,6903,-1,-1,1665,-1,120,120,-1,-1,100,-1,-1,-1,0,88,88,88,88,90,200,100,100,122,0,0,0,0,0,0,0,0,0,0,0,10,0,0,0,0,2,0,0,0,0,0,0,2,0,0,253,255,0,255,0,255,0,0,0,0,0,0,0,0,0,0,0,3,1,0,0,0,0,0,0,0,0,0,0,-1,-1,2100,2010,-1,-1,-1,-1,-1,-1,-1,-1,-1,-1,-1,-1,-1,-1,-1,-1,-1,-1,-1,-1,-1,-1,-1,-1,-1,-1,-1,-1,0,0,0,0,0,0,0,0,0,0,0,0,-1,-1,-1,-1,-1,-1,-1,-1,-1,-1,-1,-1,-1,-1,-1,-1,-1,-1,-1,-1,-1,-1,-1,-1,0,0,0,0,0,0,0,0,0,0,0,0,0,0,0,0,0,0,0,0,0,0,0,0,255,139,139,88,0,0,0,0,0,0,0,100,90,100,100,0,0,100,-1,0,100,130,0,1,1,-1,0,0,130,0,[0|0|0],0,0,0,[0|0|0|0|0|0|0|0|0|0]
6800130,Beast Claw: [030300] AttackRightLightStep Attack,0.35,0.1,0,0,1,0.08,6903,-1,-1,1665,-1,120,120,-1,-1,100,-1,-1,-1,0,90,90,90,90,110,200,100,100,121,0,0,0,0,0,0,0,0,0,0,0,10,0,0,0,0,2,0,0,0,0,0,0,1,0,0,253,255,0,255,0,255,0,0,0,0,0,0,0,0,0,0,0,1,1,0,0,0,0,0,0,0,0,0,0,-1,-1,2100,2010,-1,-1,-1,-1,-1,-1,-1,-1,-1,-1,-1,-1,-1,-1,-1,-1,-1,-1,-1,-1,-1,-1,-1,-1,-1,-1,-1,-1,0,0,0,0,0,0,0,0,0,0,0,0,-1,-1,-1,-1,-1,-1,-1,-1,-1,-1,-1,-1,-1,-1,-1,-1,-1,-1,-1,-1,-1,-1,-1,-1,0,0,0,0,0,0,0,0,0,0,0,0,0,0,0,0,0,0,0,0,0,0,0,0,255,139,139,90,0,0,0,0,0,0,0,100,100,100,100,0,0,100,-1,0,100,90,0,1,1,-1,0,0,100,0,[0|0|0],0,0,0,[0|0|0|0|0|0|0|0|0|0]
6800140,Beast Claw: [030400] AttackRightBackstep Attack,0.35,0.1,0,0,0.8,0.08,6903,-1,-1,1665,-1,120,120,-1,-1,100,-1,-1,-1,0,95,95,95,95,110,200,100,100,121,0,0,0,0,0,0,0,0,0,0,0,10,0,0,0,0,2,0,0,0,0,0,0,1,0,0,253,255,0,255,0,255,0,0,0,0,0,0,0,0,0,0,0,4,1,0,0,0,0,0,0,0,0,0,0,-1,-1,2100,2010,-1,-1,-1,-1,-1,-1,-1,-1,-1,-1,-1,-1,-1,-1,-1,-1,-1,-1,-1,-1,-1,-1,-1,-1,-1,-1,-1,-1,0,0,0,0,0,0,0,0,0,0,0,0,-1,-1,-1,-1,-1,-1,-1,-1,-1,-1,-1,-1,-1,-1,-1,-1,-1,-1,-1,-1,-1,-1,-1,-1,0,0,0,0,0,0,0,0,0,0,0,0,0,0,0,0,0,0,0,0,0,0,0,0,255,139,139,95,0,0,0,0,0,0,0,100,100,100,100,0,0,100,-1,0,100,90,0,1,1,-1,0,0,100,0,[0|0|0],0,0,0,[0|0|0|0|0|0|0|0|0|0]
6800150,Beast Claw - Default: JumpAttack Attack,0.35,0.1,0,0,0.8,0.08,6903,-1,-1,1665,-1,120,120,-1,-1,100,-1,-1,-1,0,107,107,107,107,100,9900,100,100,102,0,0,0,0,0,0,0,0,0,0,0,10,0,0,0,0,2,0,0,0,0,0,0,1,0,0,253,255,0,255,0,255,0,0,0,0,0,0,0,0,0,0,0,4,1,0,0,0,0,0,0,0,0,0,0,-1,-1,2100,2010,-1,-1,-1,-1,-1,-1,-1,-1,-1,-1,-1,-1,-1,-1,-1,-1,-1,-1,-1,-1,-1,-1,-1,-1,-1,-1,-1,-1,0,0,0,0,0,0,0,0,0,0,0,0,-1,-1,-1,-1,-1,-1,-1,-1,-1,-1,-1,-1,-1,-1,-1,-1,-1,-1,-1,-1,-1,-1,-1,-1,0,0,0,0,0,0,0,0,0,0,0,0,0,0,0,0,0,0,0,0,0,0,0,0,255,139,139,107,0,0,0,0,0,0,0,100,100,100,100,0,0,100,-1,0,100,130,0,1,1,-1,0,0,150,0,[0|0|0],0,0,0,[0|0|0|0|0|0|0|0|0|0]
6800160,Beast Claw - Default: JumpAttack_Land Attack,0.35,0.1,0,0,0.95,0.08,6904,-1,-1,1665,-1,120,120,-1,-1,100,-1,-1,-1,0,122,122,122,122,200,9900,100,100,102,0,0,0,0,0,0,0,0,0,0,0,10,0,0,0,0,2,0,0,0,0,0,0,2,0,0,253,255,0,255,0,255,0,0,0,0,0,0,0,0,0,0,0,1,1,0,0,0,0,0,0,0,0,0,0,-1,-1,2100,2010,-1,-1,-1,-1,-1,-1,-1,-1,-1,-1,-1,-1,-1,-1,-1,-1,-1,-1,-1,-1,-1,-1,-1,-1,-1,-1,-1,-1,0,0,0,0,0,0,0,0,0,0,0,0,-1,-1,-1,-1,-1,-1,-1,-1,-1,-1,-1,-1,-1,-1,-1,-1,-1,-1,-1,-1,-1,-1,-1,-1,0,0,0,0,0,0,0,0,0,0,0,0,0,0,0,0,0,0,0,0,0,0,0,0,255,139,139,122,0,0,0,0,0,0,0,100,100,100,100,0,0,100,-1,0,100,140,0,1,1,-1,0,0,400,0,[0|0|0],0,0,0,[0|0|0|0|0|0|0|0|0|0]
6800175,Beast Claw: [030950] AttackRightSpecial1 Attack,0.35,0.1,0,0,0.55,0.08,6903,-1,-1,1665,-1,120,120,-1,-1,100,-1,-1,-1,0,125,125,125,125,100,100,100,100,0,0,0,0,0,0,0,0,0,0,0,0,10,0,0,0,0,2,0,0,0,0,0,0,1,0,0,253,255,0,255,0,255,0,0,0,0,0,0,0,0,0,0,0,4,1,0,0,0,0,0,0,0,0,0,0,-1,-1,2100,2010,-1,-1,-1,-1,-1,-1,-1,-1,-1,-1,-1,-1,-1,-1,-1,-1,-1,-1,-1,-1,-1,-1,-1,-1,-1,-1,-1,-1,0,0,0,0,0,0,0,0,0,0,0,0,-1,-1,-1,-1,-1,-1,-1,-1,-1,-1,-1,-1,-1,-1,-1,-1,-1,-1,-1,-1,-1,-1,-1,-1,0,0,0,0,0,0,0,0,0,0,0,0,0,0,0,0,0,0,0,0,0,0,0,0,255,139,139,125,0,0,0,0,0,0,0,100,100,100,100,0,0,100,-1,0,100,95,0,1,1,-1,0,0,200,0,[0|0|0],50,0,0,[0|0|0|0|0|0|0|0|0|0]
6800176,Beast Claw: [030955] AttackRightSpecial2 Attack,0.35,0.1,0,0,0.55,0.08,6903,-1,-1,1665,-1,120,120,-1,-1,100,-1,-1,-1,0,125,125,125,125,100,100,100,100,0,0,0,0,0,0,0,0,0,0,0,0,10,0,0,0,0,2,0,0,0,0,0,0,1,0,0,253,255,0,255,0,255,0,0,0,0,0,0,0,0,0,0,0,3,1,0,0,0,0,0,0,0,0,0,0,-1,-1,2100,2010,-1,-1,-1,-1,-1,-1,-1,-1,-1,-1,-1,-1,-1,-1,-1,-1,-1,-1,-1,-1,-1,-1,-1,-1,-1,-1,-1,-1,0,0,0,0,0,0,0,0,0,0,0,0,-1,-1,-1,-1,-1,-1,-1,-1,-1,-1,-1,-1,-1,-1,-1,-1,-1,-1,-1,-1,-1,-1,-1,-1,0,0,0,0,0,0,0,0,0,0,0,0,0,0,0,0,0,0,0,0,0,0,0,0,255,139,139,125,0,0,0,0,0,0,0,100,100,100,100,0,0,100,-1,0,100,95,0,1,1,-1,0,0,200,0,[0|0|0],50,0,0,[0|0|0|0|0|0|0|0|0|0]
6800180,Beast Claw: [030700] AttackRightLightCounter - Hit 1 Attack,0.35,0.1,0,0,0.4,0.04,-1,-1,-1,-1,-1,120,120,-1,-1,100,-1,-1,-1,0,82,82,82,82,100,9900,100,100,103,0,0,0,0,0,0,0,0,0,0,0,10,0,0,0,0,2,0,0,0,0,0,0,1,0,0,253,255,0,255,0,255,0,0,0,0,0,0,0,0,0,0,0,2,1,0,0,0,0,0,0,0,9,0,0,-1,-1,2100,2010,-1,-1,-1,-1,-1,-1,-1,-1,-1,-1,-1,-1,-1,-1,-1,-1,-1,-1,-1,-1,-1,-1,-1,-1,-1,-1,-1,-1,0,0,0,0,0,0,0,0,0,0,0,0,-1,-1,-1,-1,-1,-1,-1,-1,-1,-1,-1,-1,-1,-1,-1,-1,-1,-1,-1,-1,-1,-1,-1,-1,0,0,0,0,0,0,0,0,0,0,0,0,0,0,0,0,0,0,0,0,0,0,0,0,255,139,139,82,0,0,0,0,0,0,0,70,90,100,100,0,0,100,-1,0,100,100,0,1,1,-1,0,0,300,0,[0|0|0],0,0,0,[0|0|0|0|0|0|0|0|0|0]
6800181,Beast Claw: [030700] AttackRightLightCounter - Hit 2 Attack,0.35,0.1,0,0,1.3,0.04,-1,-1,-1,1665,-1,120,120,-1,-1,100,-1,-1,-1,0,90,90,90,90,100,9900,100,100,103,0,0,0,0,0,0,0,0,0,0,0,10,0,0,0,0,2,0,0,0,0,0,0,1,0,0,253,255,0,255,0,255,0,0,0,0,0,0,0,0,0,0,0,3,1,0,0,0,0,0,0,0,0,0,0,-1,-1,2100,2010,-1,-1,-1,-1,-1,-1,-1,-1,-1,-1,-1,-1,-1,-1,-1,-1,-1,-1,-1,-1,-1,-1,-1,-1,-1,-1,-1,-1,0,0,0,0,0,0,0,0,0,0,0,0,-1,-1,-1,-1,-1,-1,-1,-1,-1,-1,-1,-1,-1,-1,-1,-1,-1,-1,-1,-1,-1,-1,-1,-1,0,0,0,0,0,0,0,0,0,0,0,0,0,0,0,0,0,0,0,0,0,0,0,0,255,139,139,90,0,0,0,0,0,0,0,100,90,100,100,0,0,100,-1,0,100,100,0,1,1,-1,0,0,300,0,[0|0|0],0,0,0,[0|0|0|0|0|0|0|0|0|0]
6800200,Beast Claw - Default: AttackBothLight1 - Hit 1 Attack,0.35,0.1,0,0,0.6,0.04,6902,-1,-1,-1,-1,10120,10120,-1,-1,10100,-1,-1,-1,0,82,82,82,82,92,500,100,100,0,0,0,0,0,0,0,0,0,0,0,0,10,0,0,0,0,2,0,0,0,0,0,0,1,0,0,253,255,0,255,0,255,0,0,0,0,0,0,0,0,0,0,0,1,1,0,0,0,0,0,0,0,9,0,0,-1,-1,2100,2010,-1,-1,-1,-1,-1,-1,-1,-1,-1,-1,-1,-1,-1,-1,-1,-1,-1,-1,-1,-1,-1,-1,-1,-1,-1,-1,-1,-1,0,0,0,0,0,0,0,0,0,0,0,0,-1,-1,-1,-1,-1,-1,-1,-1,-1,-1,-1,-1,-1,-1,-1,-1,-1,-1,-1,-1,-1,-1,-1,-1,0,0,0,0,0,0,0,0,0,0,0,0,0,0,0,0,0,0,0,0,0,0,0,0,255,139,139,82,0,0,0,1,0,0,0,65,90,100,100,0,0,100,-1,0,100,100,0,1,1,-1,0,0,60,0,[0|0|0],0,0,0,[0|0|0|0|0|0|0|0|0|0]
6800201,Beast Claw - Default: AttackBothLight1 - Hit 2 Attack,0.35,0.1,0,0,0.9,0.04,6902,-1,-1,1665,1667,11120,11120,-1,-1,11100,-1,-1,-1,0,90,90,90,90,92,500,100,100,0,0,0,0,0,0,0,0,0,0,0,0,10,0,0,0,0,2,0,0,0,0,0,0,1,0,0,253,255,0,255,0,255,0,0,0,0,0,0,0,0,0,0,0,1,1,0,0,0,0,0,0,0,0,0,0,-1,-1,2100,2010,-1,-1,-1,-1,-1,-1,-1,-1,-1,-1,-1,-1,-1,-1,-1,-1,-1,-1,-1,-1,-1,-1,-1,-1,-1,-1,-1,-1,0,0,0,0,0,0,0,0,0,0,0,0,-1,-1,-1,-1,-1,-1,-1,-1,-1,-1,-1,-1,-1,-1,-1,-1,-1,-1,-1,-1,-1,-1,-1,-1,0,0,0,0,0,0,0,0,0,0,0,0,0,0,0,0,0,0,0,0,0,0,0,0,255,139,139,90,0,0,0,1,0,0,0,65,90,100,100,0,0,100,-1,0,100,100,0,1,1,-1,0,0,60,0,[0|0|0],0,0,0,[0|0|0|0|0|0|0|0|0|0]
6800210,Beast Claw - Default: AttackBothLight2 - Hit 1 Attack,0.35,0.1,0,0,0.7,0.03,6902,-1,-1,-1,-1,10120,10120,-1,-1,10100,-1,-1,-1,0,70,70,70,70,90,500,100,100,0,0,0,0,0,0,0,0,0,0,0,0,10,0,0,0,0,2,0,0,0,0,0,0,1,0,0,253,255,0,255,0,255,0,0,0,0,0,0,0,0,0,0,0,4,1,0,0,0,0,0,0,0,9,0,0,-1,-1,2100,2010,-1,-1,-1,-1,-1,-1,-1,-1,-1,-1,-1,-1,-1,-1,-1,-1,-1,-1,-1,-1,-1,-1,-1,-1,-1,-1,-1,-1,0,0,0,0,0,0,0,0,0,0,0,0,-1,-1,-1,-1,-1,-1,-1,-1,-1,-1,-1,-1,-1,-1,-1,-1,-1,-1,-1,-1,-1,-1,-1,-1,0,0,0,0,0,0,0,0,0,0,0,0,0,0,0,0,0,0,0,0,0,0,0,0,255,139,139,70,0,0,0,1,0,0,0,55,85,100,100,0,0,100,-1,0,100,100,0,1,1,-1,0,0,40,0,[0|0|0],0,0,0,[0|0|0|0|0|0|0|0|0|0]
6800211,Beast Claw - Default: AttackBothLight2 - Hit 2 Attack,0.35,0.1,0,0,0.7,0.03,6902,-1,-1,-1,-1,11120,11120,-1,-1,11100,-1,-1,-1,0,72,72,72,72,85,500,100,100,0,0,0,0,0,0,0,0,0,0,0,0,10,0,0,0,0,2,0,0,0,0,0,0,1,0,0,253,255,0,255,0,255,0,0,0,0,0,0,0,0,0,0,0,3,1,0,0,0,0,0,0,0,9,0,0,-1,-1,2100,2010,-1,-1,-1,-1,-1,-1,-1,-1,-1,-1,-1,-1,-1,-1,-1,-1,-1,-1,-1,-1,-1,-1,-1,-1,-1,-1,-1,-1,0,0,0,0,0,0,0,0,0,0,0,0,-1,-1,-1,-1,-1,-1,-1,-1,-1,-1,-1,-1,-1,-1,-1,-1,-1,-1,-1,-1,-1,-1,-1,-1,0,0,0,0,0,0,0,0,0,0,0,0,0,0,0,0,0,0,0,0,0,0,0,0,255,139,139,72,0,0,0,1,0,0,0,50,82,100,100,0,0,100,-1,0,100,100,0,1,1,-1,0,0,40,0,[0|0|0],0,0,0,[0|0|0|0|0|0|0|0|0|0]
6800212,Beast Claw - Default: AttackBothLight2 - Hit 3 Attack,0.35,0.1,0,0,0.7,0.03,6902,-1,-1,1665,1667,10120,10120,-1,-1,10100,-1,-1,-1,0,78,78,78,78,85,500,100,100,0,0,0,0,0,0,0,0,0,0,0,0,10,0,0,0,0,2,0,0,0,0,0,0,1,0,0,253,255,0,255,0,255,0,0,0,0,0,0,0,0,0,0,0,1,1,0,0,0,0,0,0,0,0,0,0,-1,-1,2100,2010,-1,-1,-1,-1,-1,-1,-1,-1,-1,-1,-1,-1,-1,-1,-1,-1,-1,-1,-1,-1,-1,-1,-1,-1,-1,-1,-1,-1,0,0,0,0,0,0,0,0,0,0,0,0,-1,-1,-1,-1,-1,-1,-1,-1,-1,-1,-1,-1,-1,-1,-1,-1,-1,-1,-1,-1,-1,-1,-1,-1,0,0,0,0,0,0,0,0,0,0,0,0,0,0,0,0,0,0,0,0,0,0,0,0,255,139,139,78,0,0,0,1,0,0,0,50,82,100,100,0,0,100,-1,0,100,100,0,1,1,-1,0,0,40,0,[0|0|0],0,0,0,[0|0|0|0|0|0|0|0|0|0]
6800220,Beast Claw - Default: AttackBothLight3 - Hit 1 Attack,0.35,0.1,0,0,0.4,0.04,6902,-1,-1,-1,-1,10120,10120,-1,-1,10100,-1,-1,-1,0,82,82,82,82,96,500,100,100,0,0,0,0,0,0,0,0,0,0,0,0,10,0,0,0,0,2,0,0,0,0,0,0,1,0,0,253,255,0,255,0,255,0,0,0,0,0,0,0,0,0,0,0,4,1,0,0,0,0,0,0,0,9,0,0,-1,-1,2100,2010,-1,-1,-1,-1,-1,-1,-1,-1,-1,-1,-1,-1,-1,-1,-1,-1,-1,-1,-1,-1,-1,-1,-1,-1,-1,-1,-1,-1,0,0,0,0,0,0,0,0,0,0,0,0,-1,-1,-1,-1,-1,-1,-1,-1,-1,-1,-1,-1,-1,-1,-1,-1,-1,-1,-1,-1,-1,-1,-1,-1,0,0,0,0,0,0,0,0,0,0,0,0,0,0,0,0,0,0,0,0,0,0,0,0,255,139,139,82,0,0,0,1,0,0,0,65,90,100,100,0,0,100,-1,0,100,105,0,1,1,-1,0,0,60,0,[0|0|0],0,0,0,[0|0|0|0|0|0|0|0|0|0]
6800221,Beast Claw - Default: AttackBothLight3 - Hit 2 Attack,0.35,0.1,0,0,2.15,0.04,6902,-1,-1,1665,1667,11120,11120,-1,-1,11100,-1,-1,-1,0,95,95,95,95,96,500,100,100,0,0,0,0,0,0,0,0,0,0,0,0,10,0,0,0,0,2,0,0,0,0,0,0,2,0,0,253,255,0,255,0,255,0,0,0,0,0,0,0,0,0,0,0,4,1,0,0,0,0,0,0,0,0,0,0,-1,-1,2100,2010,-1,-1,-1,-1,-1,-1,-1,-1,-1,-1,-1,-1,-1,-1,-1,-1,-1,-1,-1,-1,-1,-1,-1,-1,-1,-1,-1,-1,0,0,0,0,0,0,0,0,0,0,0,0,-1,-1,-1,-1,-1,-1,-1,-1,-1,-1,-1,-1,-1,-1,-1,-1,-1,-1,-1,-1,-1,-1,-1,-1,0,0,0,0,0,0,0,0,0,0,0,0,0,0,0,0,0,0,0,0,0,0,0,0,255,139,139,95,0,0,0,1,0,0,0,65,90,100,100,0,0,100,-1,0,100,105,0,1,1,-1,0,0,60,0,[0|0|0],0,0,0,[0|0|0|0|0|0|0|0|0|0]
6800230,Beast Claw - Default: AttackBothLight4 Attack,0.35,0.1,0.35,0.1,1.7,0.08,6902,-1,-1,1665,1667,10120,10120,11120,11120,10100,-1,11100,-1,0,155,155,155,155,140,500,100,100,104,0,0,0,0,0,0,0,0,0,0,0,10,0,0,0,0,2,0,2,0,0,0,0,2,0,0,253,255,0,255,0,255,0,0,0,0,0,0,0,0,0,0,0,1,1,0,0,0,0,0,0,0,0,0,0,-1,-1,2100,2010,-1,-1,-1,-1,-1,-1,-1,-1,-1,-1,-1,-1,-1,-1,-1,-1,-1,-1,-1,-1,-1,-1,-1,-1,-1,-1,-1,-1,0,0,0,0,0,0,0,0,0,0,0,0,-1,-1,-1,-1,-1,-1,-1,-1,-1,-1,-1,-1,-1,-1,-1,-1,-1,-1,-1,-1,-1,-1,-1,-1,0,0,0,0,0,0,0,0,0,0,0,0,0,0,0,0,0,0,0,0,0,0,0,0,255,139,139,155,0,0,0,1,0,0,0,100,100,100,100,0,0,100,-1,0,100,105,0,1,1,-1,0,0,240,0,[0|0|0],0,0,0,[0|0|0|0|0|0|0|0|0|0]
6800300,Beast Claw - Default: AttackBothHeavy1End - Hit 1 Attack,0.55,0.1,0,0,0.6,0.04,6904,-1,-1,-1,-1,10120,10120,-1,-1,10100,-1,-1,-1,0,92,92,92,92,130,500,100,100,0,0,0,0,0,0,0,0,0,0,0,0,10,0,0,0,0,2,0,0,0,0,0,0,1,0,0,253,255,0,255,0,255,0,0,0,0,0,0,0,0,0,0,0,4,1,0,0,0,0,0,0,0,9,0,0,-1,-1,2100,2010,-1,-1,-1,-1,-1,-1,-1,-1,-1,-1,-1,-1,-1,-1,-1,-1,-1,-1,-1,-1,-1,-1,-1,-1,-1,-1,-1,-1,0,0,0,0,0,0,0,0,0,0,0,0,-1,-1,-1,-1,-1,-1,-1,-1,-1,-1,-1,-1,-1,-1,-1,-1,-1,-1,-1,-1,-1,-1,-1,-1,0,0,0,0,0,0,0,0,0,0,0,0,0,0,0,0,0,0,0,0,0,0,0,0,255,139,139,92,0,0,0,1,0,0,0,100,100,100,100,0,0,100,-1,0,100,130,0,1,1,-1,0,0,110,0,[0|0|0],0,0,0,[0|0|0|0|0|0|0|0|0|0]
6800301,Beast Claw - Default: AttackBothHeavy1End - Hit 2 Attack,0.55,0.1,0,0,0.7,0.04,6904,-1,-1,1665,1667,11120,11120,-1,-1,11100,-1,-1,-1,0,101,101,101,101,130,500,100,100,0,0,0,0,0,0,0,0,0,0,0,0,10,0,0,0,0,2,0,0,0,0,0,0,1,0,0,253,255,0,255,0,255,0,0,0,0,0,0,0,0,0,0,0,3,1,0,0,0,0,0,0,0,0,0,0,-1,-1,2100,2010,-1,-1,-1,-1,-1,-1,-1,-1,-1,-1,-1,-1,-1,-1,-1,-1,-1,-1,-1,-1,-1,-1,-1,-1,-1,-1,-1,-1,0,0,0,0,0,0,0,0,0,0,0,0,-1,-1,-1,-1,-1,-1,-1,-1,-1,-1,-1,-1,-1,-1,-1,-1,-1,-1,-1,-1,-1,-1,-1,-1,0,0,0,0,0,0,0,0,0,0,0,0,0,0,0,0,0,0,0,0,0,0,0,0,255,139,139,101,0,0,0,1,0,0,0,100,100,100,100,0,0,100,-1,0,100,130,0,1,1,-1,0,0,110,0,[0|0|0],0,0,0,[0|0|0|0|0|0|0|0|0|0]
6800305,Beast Claw - Default: AttackBothHeavy1Start - Hit 1 Attack,0.55,0.1,0,0,0.5,0.04,6906,-1,-1,-1,-1,10120,10120,-1,-1,10100,-1,-1,-1,0,102,102,102,102,130,500,100,100,100,0,0,0,0,0,0,0,0,0,0,0,10,0,0,0,0,2,0,0,0,0,0,0,2,0,0,253,255,0,255,0,255,0,0,0,0,0,0,0,0,0,0,0,4,1,0,0,0,0,0,0,0,9,0,0,-1,-1,2100,2010,-1,-1,-1,-1,-1,-1,-1,-1,-1,-1,-1,-1,-1,-1,-1,-1,-1,-1,-1,-1,-1,-1,-1,-1,-1,-1,-1,-1,0,0,0,0,0,0,0,0,0,0,0,0,-1,-1,-1,-1,-1,-1,-1,-1,-1,-1,-1,-1,-1,-1,-1,-1,-1,-1,-1,-1,-1,-1,-1,-1,0,0,0,0,0,0,0,0,0,0,0,0,0,0,0,0,0,0,0,0,0,0,0,0,255,139,139,102,0,0,0,1,0,0,0,65,90,100,100,0,0,100,-1,0,100,150,0,1,1,-1,0,0,330,0,[0|0|0],0,0,0,[0|0|0|0|0|0|0|0|0|0]
6800306,Beast Claw - Default: AttackBothHeavy1Start - Hit 2 Attack,0.55,0.1,0,0,0.7,0.04,6906,-1,-1,1665,1667,11120,11120,-1,-1,11100,-1,-1,-1,0,118,118,118,118,200,500,100,100,100,0,0,0,0,0,0,0,0,0,0,0,10,0,0,0,0,2,0,0,0,0,0,0,2,0,0,253,255,0,255,0,255,0,0,0,0,0,0,0,0,0,0,0,3,1,0,0,0,0,0,0,0,0,0,0,-1,-1,2100,2010,-1,-1,-1,-1,-1,-1,-1,-1,-1,-1,-1,-1,-1,-1,-1,-1,-1,-1,-1,-1,-1,-1,-1,-1,-1,-1,-1,-1,0,0,0,0,0,0,0,0,0,0,0,0,-1,-1,-1,-1,-1,-1,-1,-1,-1,-1,-1,-1,-1,-1,-1,-1,-1,-1,-1,-1,-1,-1,-1,-1,0,0,0,0,0,0,0,0,0,0,0,0,0,0,0,0,0,0,0,0,0,0,0,0,255,139,139,118,0,0,0,1,0,0,0,65,90,100,100,0,0,100,-1,0,100,150,0,1,1,-1,0,0,330,0,[0|0|0],0,0,0,[0|0|0|0|0|0|0|0|0|0]
6800310,Beast Claw - Default: AttackBothHeavy2End - Hit 1 Attack,0.55,0.1,0,0,1.05,0.04,6904,-1,-1,-1,-1,10120,10120,-1,-1,10100,-1,-1,-1,0,92,92,92,92,130,500,100,100,0,0,0,0,0,0,0,0,0,0,0,0,10,0,0,0,0,2,0,0,0,0,0,0,2,0,0,253,255,0,255,0,255,0,0,0,0,0,0,0,0,0,0,0,2,1,0,0,0,0,0,0,0,9,0,0,-1,-1,2100,2010,-1,-1,-1,-1,-1,-1,-1,-1,-1,-1,-1,-1,-1,-1,-1,-1,-1,-1,-1,-1,-1,-1,-1,-1,-1,-1,-1,-1,0,0,0,0,0,0,0,0,0,0,0,0,-1,-1,-1,-1,-1,-1,-1,-1,-1,-1,-1,-1,-1,-1,-1,-1,-1,-1,-1,-1,-1,-1,-1,-1,0,0,0,0,0,0,0,0,0,0,0,0,0,0,0,0,0,0,0,0,0,0,0,0,255,139,139,92,0,0,0,1,0,0,0,100,100,100,100,0,0,100,-1,0,100,130,0,1,1,-1,0,0,110,0,[0|0|0],0,0,0,[0|0|0|0|0|0|0|0|0|0]
6800311,Beast Claw - Default: AttackBothHeavy2End - Hit 2 Attack,0.55,0.1,0,0,1.35,0.04,6904,-1,-1,1665,1667,11120,11120,-1,-1,11100,-1,-1,-1,0,102,102,102,102,130,500,100,100,0,0,0,0,0,0,0,0,0,0,0,0,10,0,0,0,0,2,0,0,0,0,0,0,2,0,0,253,255,0,255,0,255,0,0,0,0,0,0,0,0,0,0,0,1,1,0,0,0,0,0,0,0,0,0,0,-1,-1,2100,2010,-1,-1,-1,-1,-1,-1,-1,-1,-1,-1,-1,-1,-1,-1,-1,-1,-1,-1,-1,-1,-1,-1,-1,-1,-1,-1,-1,-1,0,0,0,0,0,0,0,0,0,0,0,0,-1,-1,-1,-1,-1,-1,-1,-1,-1,-1,-1,-1,-1,-1,-1,-1,-1,-1,-1,-1,-1,-1,-1,-1,0,0,0,0,0,0,0,0,0,0,0,0,0,0,0,0,0,0,0,0,0,0,0,0,255,139,139,102,0,0,0,1,0,0,0,100,100,100,100,0,0,100,-1,0,100,130,0,1,1,-1,0,0,110,0,[0|0|0],0,0,0,[0|0|0|0|0|0|0|0|0|0]
6800315,Beast Claw - Default: AttackBothHeavy2Start - Hit 1 Attack,0.55,0.1,0,0,1.05,0.04,6906,-1,-1,-1,-1,10120,10120,-1,-1,10100,-1,-1,-1,0,110,110,110,110,130,500,100,100,100,0,0,0,0,0,0,0,0,0,0,0,10,0,0,0,0,2,0,0,0,0,0,0,2,0,0,253,255,0,255,0,255,0,0,0,0,0,0,0,0,0,0,0,2,1,0,0,0,0,0,0,0,9,0,0,-1,-1,2100,2010,-1,-1,-1,-1,-1,-1,-1,-1,-1,-1,-1,-1,-1,-1,-1,-1,-1,-1,-1,-1,-1,-1,-1,-1,-1,-1,-1,-1,0,0,0,0,0,0,0,0,0,0,0,0,-1,-1,-1,-1,-1,-1,-1,-1,-1,-1,-1,-1,-1,-1,-1,-1,-1,-1,-1,-1,-1,-1,-1,-1,0,0,0,0,0,0,0,0,0,0,0,0,0,0,0,0,0,0,0,0,0,0,0,0,255,139,139,110,0,0,0,1,0,0,0,65,90,100,100,0,0,100,-1,0,100,150,0,1,1,-1,0,0,330,0,[0|0|0],0,0,0,[0|0|0|0|0|0|0|0|0|0]
6800316,Beast Claw - Default: AttackBothHeavy2Start - Hit 2 Attack,0.55,0.1,0,0,1.35,0.04,6906,-1,-1,1665,1667,11120,11120,-1,-1,11100,-1,-1,-1,0,122,122,122,122,200,500,100,100,100,0,0,0,0,0,0,0,0,0,0,0,10,0,0,0,0,2,0,0,0,0,0,0,2,0,0,253,255,0,255,0,255,0,0,0,0,0,0,0,0,0,0,0,1,1,0,0,0,0,0,0,0,0,0,0,-1,-1,2100,2010,-1,-1,-1,-1,-1,-1,-1,-1,-1,-1,-1,-1,-1,-1,-1,-1,-1,-1,-1,-1,-1,-1,-1,-1,-1,-1,-1,-1,0,0,0,0,0,0,0,0,0,0,0,0,-1,-1,-1,-1,-1,-1,-1,-1,-1,-1,-1,-1,-1,-1,-1,-1,-1,-1,-1,-1,-1,-1,-1,-1,0,0,0,0,0,0,0,0,0,0,0,0,0,0,0,0,0,0,0,0,0,0,0,0,255,139,139,122,0,0,0,1,0,0,0,65,90,100,100,0,0,100,-1,0,100,150,0,1,1,-1,0,0,330,0,[0|0|0],0,0,0,[0|0|0|0|0|0|0|0|0|0]
6800320,Beast Claw - Default: AttackArrowLeftFireDash - Hit 1 Attack,0.35,0.1,0,0,0.9,0.04,6903,-1,-1,-1,-1,10120,10120,-1,-1,10100,-1,-1,-1,0,90,90,90,90,110,500,100,100,122,0,0,0,0,0,0,0,0,0,0,0,10,0,0,0,0,2,0,0,0,0,0,0,1,0,0,253,255,0,255,0,255,0,0,0,0,0,0,0,0,0,0,0,4,1,0,0,0,0,0,0,0,9,0,0,-1,-1,2100,2010,-1,-1,-1,-1,-1,-1,-1,-1,-1,-1,-1,-1,-1,-1,-1,-1,-1,-1,-1,-1,-1,-1,-1,-1,-1,-1,-1,-1,0,0,0,0,0,0,0,0,0,0,0,0,-1,-1,-1,-1,-1,-1,-1,-1,-1,-1,-1,-1,-1,-1,-1,-1,-1,-1,-1,-1,-1,-1,-1,-1,0,0,0,0,0,0,0,0,0,0,0,0,0,0,0,0,0,0,0,0,0,0,0,0,255,139,139,90,0,0,0,1,0,0,0,65,90,100,100,0,0,100,-1,0,100,110,0,1,1,-1,0,0,60,0,[0|0|0],0,0,0,[0|0|0|0|0|0|0|0|0|0]
6800321,Beast Claw - Default: AttackArrowLeftFireDash - Hit 2 Attack,0.35,0.1,0,0,1,0.04,6903,-1,-1,1665,1667,11120,11120,-1,-1,11100,-1,-1,-1,0,96,96,96,96,110,500,100,100,122,0,0,0,0,0,0,0,0,0,0,0,10,0,0,0,0,2,0,0,0,0,0,0,1,0,0,253,255,0,255,0,255,0,0,0,0,0,0,0,0,0,0,0,1,1,0,0,0,0,0,0,0,0,0,0,-1,-1,2100,2010,-1,-1,-1,-1,-1,-1,-1,-1,-1,-1,-1,-1,-1,-1,-1,-1,-1,-1,-1,-1,-1,-1,-1,-1,-1,-1,-1,-1,0,0,0,0,0,0,0,0,0,0,0,0,-1,-1,-1,-1,-1,-1,-1,-1,-1,-1,-1,-1,-1,-1,-1,-1,-1,-1,-1,-1,-1,-1,-1,-1,0,0,0,0,0,0,0,0,0,0,0,0,0,0,0,0,0,0,0,0,0,0,0,0,255,139,139,96,0,0,0,1,0,0,0,65,90,100,100,0,0,100,-1,0,100,110,0,1,1,-1,0,0,60,0,[0|0|0],0,0,0,[0|0|0|0|0|0|0|0|0|0]
6800325,Beast Claw - Default: AttackBothHeavyDash - Hit 1 Attack,0.35,0.1,0,0,0.6,0.03,6903,-1,-1,-1,-1,10120,10120,-1,-1,10100,-1,-1,-1,0,60,60,60,60,60,500,100,100,122,0,0,0,0,0,0,0,0,0,0,0,10,0,0,0,0,2,0,0,0,0,0,0,2,0,0,253,255,0,255,0,255,0,0,0,0,0,0,0,0,0,0,0,2,1,0,0,0,0,0,0,0,9,0,0,-1,-1,2100,2010,-1,-1,-1,-1,-1,-1,-1,-1,-1,-1,-1,-1,-1,-1,-1,-1,-1,-1,-1,-1,-1,-1,-1,-1,-1,-1,-1,-1,0,0,0,0,0,0,0,0,0,0,0,0,-1,-1,-1,-1,-1,-1,-1,-1,-1,-1,-1,-1,-1,-1,-1,-1,-1,-1,-1,-1,-1,-1,-1,-1,0,0,0,0,0,0,0,0,0,0,0,0,0,0,0,0,0,0,0,0,0,0,0,0,255,139,139,60,0,0,0,1,0,0,0,50,88,100,100,0,0,100,-1,0,100,120,0,1,1,-1,0,0,60,0,[0|0|0],0,0,0,[0|0|0|0|0|0|0|0|0|0]
6800326,Beast Claw - Default: AttackBothHeavyDash - Hit 2 Attack,0.35,0.1,0,0,0,0.03,6903,-1,-1,-1,-1,10120,10120,-1,-1,10100,-1,-1,-1,0,65,65,65,65,60,500,100,100,122,0,0,0,0,0,0,0,0,0,0,0,10,0,0,0,0,2,0,0,0,0,0,0,2,0,0,253,255,0,255,0,255,0,0,0,0,0,0,0,0,0,0,0,3,1,0,0,0,0,0,0,0,0,0,0,-1,-1,2100,2010,-1,-1,-1,-1,-1,-1,-1,-1,-1,-1,-1,-1,-1,-1,-1,-1,-1,-1,-1,-1,-1,-1,-1,-1,-1,-1,-1,-1,0,0,0,0,0,0,0,0,0,0,0,0,-1,-1,-1,-1,-1,-1,-1,-1,-1,-1,-1,-1,-1,-1,-1,-1,-1,-1,-1,-1,-1,-1,-1,-1,0,0,0,0,0,0,0,0,0,0,0,0,0,0,0,0,0,0,0,0,0,0,0,0,255,139,139,65,0,0,0,1,0,0,0,60,88,100,100,0,0,100,-1,0,100,20,0,1,1,-1,0,0,90,0,[0|0|0],0,0,0,[0|0|0|0|0|0|0|0|0|0]
6800327,Beast Claw - Default: AttackBothHeavyDash - Hit 3 Attack,0.35,0.1,0,0,1.25,0.03,6903,-1,-1,1665,1667,11120,11120,-1,-1,11100,-1,-1,-1,0,80,80,80,80,100,500,100,100,122,0,0,0,0,0,0,0,0,0,0,0,10,0,0,0,0,2,0,0,0,0,0,0,2,0,0,253,255,0,255,0,255,0,0,0,0,0,0,0,0,0,0,0,3,1,0,0,0,0,0,0,0,0,0,0,-1,-1,2100,2010,-1,-1,-1,-1,-1,-1,-1,-1,-1,-1,-1,-1,-1,-1,-1,-1,-1,-1,-1,-1,-1,-1,-1,-1,-1,-1,-1,-1,0,0,0,0,0,0,0,0,0,0,0,0,-1,-1,-1,-1,-1,-1,-1,-1,-1,-1,-1,-1,-1,-1,-1,-1,-1,-1,-1,-1,-1,-1,-1,-1,0,0,0,0,0,0,0,0,0,0,0,0,0,0,0,0,0,0,0,0,0,0,0,0,255,139,139,80,0,0,0,1,0,0,0,65,88,100,100,0,0,100,-1,0,100,120,0,1,1,-1,0,0,90,0,[0|0|0],0,0,0,[0|0|0|0|0|0|0|0|0|0]
6800330,Beast Claw - Default: AttackArrowRightFireStep - Hit 1 Attack,0.35,0.1,0,0,0.5,0.04,6903,-1,-1,-1,-1,11120,11120,-1,-1,11100,-1,-1,-1,0,80,80,80,80,100,500,100,100,121,0,0,0,0,0,0,0,0,0,0,0,10,0,0,0,0,2,0,0,0,0,0,0,1,0,0,253,255,0,255,0,255,0,0,0,0,0,0,0,0,0,0,0,2,1,0,0,0,0,0,0,0,9,0,0,-1,-1,2100,2010,-1,-1,-1,-1,-1,-1,-1,-1,-1,-1,-1,-1,-1,-1,-1,-1,-1,-1,-1,-1,-1,-1,-1,-1,-1,-1,-1,-1,0,0,0,0,0,0,0,0,0,0,0,0,-1,-1,-1,-1,-1,-1,-1,-1,-1,-1,-1,-1,-1,-1,-1,-1,-1,-1,-1,-1,-1,-1,-1,-1,0,0,0,0,0,0,0,0,0,0,0,0,0,0,0,0,0,0,0,0,0,0,0,0,255,139,139,80,0,0,0,1,0,0,0,65,90,100,100,0,0,100,-1,0,100,90,0,1,1,-1,0,0,60,0,[0|0|0],0,0,0,[0|0|0|0|0|0|0|0|0|0]
6800331,Beast Claw - Default: AttackArrowRightFireStep - Hit 2 Attack,0.35,0.1,0,0,0.9,0.04,6903,-1,-1,1665,1667,10120,10120,-1,-1,10100,-1,-1,-1,0,84,84,84,84,100,500,100,100,121,0,0,0,0,0,0,0,0,0,0,0,10,0,0,0,0,2,0,0,0,0,0,0,1,0,0,253,255,0,255,0,255,0,0,0,0,0,0,0,0,0,0,0,1,1,0,0,0,0,0,0,0,0,0,0,-1,-1,2100,2010,-1,-1,-1,-1,-1,-1,-1,-1,-1,-1,-1,-1,-1,-1,-1,-1,-1,-1,-1,-1,-1,-1,-1,-1,-1,-1,-1,-1,0,0,0,0,0,0,0,0,0,0,0,0,-1,-1,-1,-1,-1,-1,-1,-1,-1,-1,-1,-1,-1,-1,-1,-1,-1,-1,-1,-1,-1,-1,-1,-1,0,0,0,0,0,0,0,0,0,0,0,0,0,0,0,0,0,0,0,0,0,0,0,0,255,139,139,84,0,0,0,1,0,0,0,65,90,100,100,0,0,100,-1,0,100,90,0,1,1,-1,0,0,60,0,[0|0|0],0,0,0,[0|0|0|0|0|0|0|0|0|0]
6800340,Beast Claw - Default: AttackBothBackstep - Hit 1 Attack,0.35,0.1,0,0,1,0.04,6903,-1,-1,-1,-1,10120,10120,-1,-1,10100,-1,-1,-1,0,80,80,80,80,100,500,100,100,121,0,0,0,0,0,0,0,0,0,0,0,10,0,0,0,0,2,0,0,0,0,0,0,1,0,0,253,255,0,255,0,255,0,0,0,0,0,0,0,0,0,0,0,4,1,0,0,0,0,0,0,0,9,0,0,-1,-1,2100,2010,-1,-1,-1,-1,-1,-1,-1,-1,-1,-1,-1,-1,-1,-1,-1,-1,-1,-1,-1,-1,-1,-1,-1,-1,-1,-1,-1,-1,0,0,0,0,0,0,0,0,0,0,0,0,-1,-1,-1,-1,-1,-1,-1,-1,-1,-1,-1,-1,-1,-1,-1,-1,-1,-1,-1,-1,-1,-1,-1,-1,0,0,0,0,0,0,0,0,0,0,0,0,0,0,0,0,0,0,0,0,0,0,0,0,255,139,139,80,0,0,0,1,0,0,0,65,90,100,100,0,0,100,-1,0,100,90,0,1,1,-1,0,0,60,0,[0|0|0],0,0,0,[0|0|0|0|0|0|0|0|0|0]
6800341,Beast Claw - Default: AttackBothBackstep - Hit 2 Attack,0.35,0.1,0,0,1.3,0.04,6903,-1,-1,1665,1667,11120,11120,-1,-1,11100,-1,-1,-1,0,84,84,84,84,100,500,100,100,121,0,0,0,0,0,0,0,0,0,0,0,10,0,0,0,0,2,0,0,0,0,0,0,1,0,0,253,255,0,255,0,255,0,0,0,0,0,0,0,0,0,0,0,3,1,0,0,0,0,0,0,0,0,0,0,-1,-1,2100,2010,-1,-1,-1,-1,-1,-1,-1,-1,-1,-1,-1,-1,-1,-1,-1,-1,-1,-1,-1,-1,-1,-1,-1,-1,-1,-1,-1,-1,0,0,0,0,0,0,0,0,0,0,0,0,-1,-1,-1,-1,-1,-1,-1,-1,-1,-1,-1,-1,-1,-1,-1,-1,-1,-1,-1,-1,-1,-1,-1,-1,0,0,0,0,0,0,0,0,0,0,0,0,0,0,0,0,0,0,0,0,0,0,0,0,255,139,139,84,0,0,0,1,0,0,0,65,90,100,100,0,0,100,-1,0,100,90,0,1,1,-1,0,0,60,0,[0|0|0],0,0,0,[0|0|0|0|0|0|0|0|0|0]
6800350,Beast Claw - Default: JumpAttack_Light_Both - Hit 1 Attack,0.35,0.1,0,0,1,0.04,6903,-1,-1,-1,-1,10120,10120,-1,-1,10100,-1,-1,-1,0,93,93,93,93,90,9900,100,100,102,0,0,0,0,0,0,0,0,0,0,0,10,0,0,0,0,2,0,0,0,0,0,0,1,0,0,253,255,0,255,0,255,0,0,0,0,0,0,0,0,0,0,0,4,1,0,0,0,0,0,0,0,9,0,0,-1,-1,2100,2010,-1,-1,-1,-1,-1,-1,-1,-1,-1,-1,-1,-1,-1,-1,-1,-1,-1,-1,-1,-1,-1,-1,-1,-1,-1,-1,-1,-1,0,0,0,0,0,0,0,0,0,0,0,0,-1,-1,-1,-1,-1,-1,-1,-1,-1,-1,-1,-1,-1,-1,-1,-1,-1,-1,-1,-1,-1,-1,-1,-1,0,0,0,0,0,0,0,0,0,0,0,0,0,0,0,0,0,0,0,0,0,0,0,0,255,139,139,102,0,0,0,1,0,0,0,65,90,100,100,0,0,100,-1,0,100,130,0,1,1,-1,0,0,90,0,[0|0|0],0,0,0,[0|0|0|0|0|0|0|0|0|0]
6800351,Beast Claw - Default: JumpAttack_Light_Both - Hit 2 Attack,0.35,0.1,0,0,1,0.04,6903,-1,-1,1665,1667,11120,11120,-1,-1,11100,-1,-1,-1,0,98,98,98,98,90,9900,100,100,102,0,0,0,0,0,0,0,0,0,0,0,10,0,0,0,0,2,0,0,0,0,0,0,1,0,0,253,255,0,255,0,255,0,0,0,0,0,0,0,0,0,0,0,3,1,0,0,0,0,0,0,0,0,0,0,-1,-1,2100,2010,-1,-1,-1,-1,-1,-1,-1,-1,-1,-1,-1,-1,-1,-1,-1,-1,-1,-1,-1,-1,-1,-1,-1,-1,-1,-1,-1,-1,0,0,0,0,0,0,0,0,0,0,0,0,-1,-1,-1,-1,-1,-1,-1,-1,-1,-1,-1,-1,-1,-1,-1,-1,-1,-1,-1,-1,-1,-1,-1,-1,0,0,0,0,0,0,0,0,0,0,0,0,0,0,0,0,0,0,0,0,0,0,0,0,255,139,139,102,0,0,0,1,0,0,0,65,90,100,100,0,0,100,-1,0,100,130,0,1,1,-1,0,0,90,0,[0|0|0],0,0,0,[0|0|0|0|0|0|0|0|0|0]
6800360,Beast Claw - Default: JumpAttack_Hard_Both - Hit 1 Attack,0.35,0.1,0,0,0.3,0.04,6904,-1,-1,-1,-1,11120,11120,-1,-1,11100,-1,-1,-1,0,95,95,95,95,150,9900,100,100,102,0,0,0,0,0,0,0,0,0,0,0,10,0,0,0,0,2,0,0,0,0,0,0,2,0,0,253,255,0,255,0,255,0,0,0,0,0,0,0,0,0,0,0,3,1,0,0,0,0,0,0,0,9,0,0,-1,-1,2100,2010,-1,-1,-1,-1,-1,-1,-1,-1,-1,-1,-1,-1,-1,-1,-1,-1,-1,-1,-1,-1,-1,-1,-1,-1,-1,-1,-1,-1,0,0,0,0,0,0,0,0,0,0,0,0,-1,-1,-1,-1,-1,-1,-1,-1,-1,-1,-1,-1,-1,-1,-1,-1,-1,-1,-1,-1,-1,-1,-1,-1,0,0,0,0,0,0,0,0,0,0,0,0,0,0,0,0,0,0,0,0,0,0,0,0,255,139,139,95,0,0,0,1,0,0,0,65,90,100,100,0,0,100,-1,0,100,140,0,1,1,-1,0,0,220,0,[0|0|0],0,0,0,[0|0|0|0|0|0|0|0|0|0]
6800361,Beast Claw - Default: JumpAttack_Hard_Both - Hit 2 Attack,0.35,0.1,0,0,1.4,0.04,6904,-1,-1,1665,1667,10120,10120,-1,-1,10100,-1,-1,-1,0,106,106,106,106,150,9900,100,100,102,0,0,0,0,0,0,0,0,0,0,0,10,0,0,0,0,2,0,0,0,0,0,0,2,0,0,253,255,0,255,0,255,0,0,0,0,0,0,0,0,0,0,0,1,1,0,0,0,0,0,0,0,0,0,0,-1,-1,2100,2010,-1,-1,-1,-1,-1,-1,-1,-1,-1,-1,-1,-1,-1,-1,-1,-1,-1,-1,-1,-1,-1,-1,-1,-1,-1,-1,-1,-1,0,0,0,0,0,0,0,0,0,0,0,0,-1,-1,-1,-1,-1,-1,-1,-1,-1,-1,-1,-1,-1,-1,-1,-1,-1,-1,-1,-1,-1,-1,-1,-1,0,0,0,0,0,0,0,0,0,0,0,0,0,0,0,0,0,0,0,0,0,0,0,0,255,139,139,106,0,0,0,1,0,0,0,65,90,100,100,0,0,100,-1,0,100,140,0,1,1,-1,0,0,220,0,[0|0|0],0,0,0,[0|0|0|0|0|0|0|0|0|0]
6800375,Beast Claw - Default: AttackBothSpecial1 Attack,0.35,0.1,0,0,0.95,0.08,6903,-1,-1,1665,1667,10120,10120,-1,-1,10100,-1,-1,-1,0,118,118,118,118,200,500,100,100,0,0,0,0,0,0,0,0,0,0,0,0,10,0,0,0,0,2,0,0,0,0,0,0,1,0,0,253,255,0,255,0,255,0,0,0,0,0,0,0,0,0,0,0,4,1,0,0,0,0,0,0,0,0,0,0,-1,-1,2100,2010,-1,-1,-1,-1,-1,-1,-1,-1,-1,-1,-1,-1,-1,-1,-1,-1,-1,-1,-1,-1,-1,-1,-1,-1,-1,-1,-1,-1,0,0,0,0,0,0,0,0,0,0,0,0,-1,-1,-1,-1,-1,-1,-1,-1,-1,-1,-1,-1,-1,-1,-1,-1,-1,-1,-1,-1,-1,-1,-1,-1,0,0,0,0,0,0,0,0,0,0,0,0,0,0,0,0,0,0,0,0,0,0,0,0,255,139,139,118,0,0,0,1,0,0,0,100,100,100,100,0,0,100,-1,0,100,95,0,1,1,-1,0,0,220,0,[0|0|0],50,0,0,[0|0|0|0|0|0|0|0|0|0]
6800376,Beast Claw - Default: AttackBothSpecial2 Attack,0.35,0.1,0,0,0.95,0.08,6903,-1,-1,1665,1667,10120,10120,-1,-1,10100,-1,-1,-1,0,118,118,118,118,200,500,100,100,0,0,0,0,0,0,0,0,0,0,0,0,10,0,0,0,0,2,0,0,0,0,0,0,1,0,0,253,255,0,255,0,255,0,0,0,0,0,0,0,0,0,0,0,3,1,0,0,0,0,0,0,0,0,0,0,-1,-1,2100,2010,-1,-1,-1,-1,-1,-1,-1,-1,-1,-1,-1,-1,-1,-1,-1,-1,-1,-1,-1,-1,-1,-1,-1,-1,-1,-1,-1,-1,0,0,0,0,0,0,0,0,0,0,0,0,-1,-1,-1,-1,-1,-1,-1,-1,-1,-1,-1,-1,-1,-1,-1,-1,-1,-1,-1,-1,-1,-1,-1,-1,0,0,0,0,0,0,0,0,0,0,0,0,0,0,0,0,0,0,0,0,0,0,0,0,255,139,139,118,0,0,0,1,0,0,0,100,100,100,100,0,0,100,-1,0,100,95,0,1,1,-1,0,0,220,0,[0|0|0],50,0,0,[0|0|0|0|0|0|0|0|0|0]
6800380,Beast Claw - Default: AttackBothLightCounter - Hit 1 Attack,0.35,0.1,0,0,0.2,0.02,-1,-1,-1,-1,-1,11120,11120,-1,-1,11100,-1,-1,-1,0,50,50,50,50,64,9900,100,100,103,0,0,0,0,0,0,0,0,0,0,0,10,0,0,0,0,2,0,0,0,0,0,0,1,0,0,253,255,0,255,0,255,0,0,0,0,0,0,0,0,0,0,0,2,1,0,0,0,0,0,0,0,9,0,0,-1,-1,2100,2010,-1,-1,-1,-1,-1,-1,-1,-1,-1,-1,-1,-1,-1,-1,-1,-1,-1,-1,-1,-1,-1,-1,-1,-1,-1,-1,-1,-1,0,0,0,0,0,0,0,0,0,0,0,0,-1,-1,-1,-1,-1,-1,-1,-1,-1,-1,-1,-1,-1,-1,-1,-1,-1,-1,-1,-1,-1,-1,-1,-1,0,0,0,0,0,0,0,0,0,0,0,0,0,0,0,0,0,0,0,0,0,0,0,0,255,139,139,50,0,0,0,1,0,0,0,40,75,100,100,0,0,100,-1,0,100,100,0,1,1,-1,0,0,165,0,[0|0|0],0,0,0,[0|0|0|0|0|0|0|0|0|0]
6800381,Beast Claw - Default: AttackBothLightCounter - Hit 2 Attack,0.35,0.1,0,0,0.5,0.02,-1,-1,-1,-1,-1,10120,10120,-1,-1,10100,-1,-1,-1,0,50,50,50,50,64,9900,100,100,103,0,0,0,0,0,0,0,0,0,0,0,10,0,0,0,0,2,0,0,0,0,0,0,1,0,0,253,255,0,255,0,255,0,0,0,0,0,0,0,0,0,0,0,2,1,0,0,0,0,0,0,0,9,0,0,-1,-1,2100,2010,-1,-1,-1,-1,-1,-1,-1,-1,-1,-1,-1,-1,-1,-1,-1,-1,-1,-1,-1,-1,-1,-1,-1,-1,-1,-1,-1,-1,0,0,0,0,0,0,0,0,0,0,0,0,-1,-1,-1,-1,-1,-1,-1,-1,-1,-1,-1,-1,-1,-1,-1,-1,-1,-1,-1,-1,-1,-1,-1,-1,0,0,0,0,0,0,0,0,0,0,0,0,0,0,0,0,0,0,0,0,0,0,0,0,255,139,139,50,0,0,0,1,0,0,0,40,75,100,100,0,0,100,-1,0,100,100,0,1,1,-1,0,0,165,0,[0|0|0],0,0,0,[0|0|0|0|0|0|0|0|0|0]
6800382,Beast Claw - Default: AttackBothLightCounter - Hit 3 Attack,0.35,0.1,0,0,0.2,0.02,-1,-1,-1,-1,-1,10120,10120,-1,-1,10100,-1,-1,-1,0,50,50,50,50,64,9900,100,100,103,0,0,0,0,0,0,0,0,0,0,0,10,0,0,0,0,2,0,0,0,0,0,0,1,0,0,253,255,0,255,0,255,0,0,0,0,0,0,0,0,0,0,0,3,1,0,0,0,0,0,0,0,9,0,0,-1,-1,2100,2010,-1,-1,-1,-1,-1,-1,-1,-1,-1,-1,-1,-1,-1,-1,-1,-1,-1,-1,-1,-1,-1,-1,-1,-1,-1,-1,-1,-1,0,0,0,0,0,0,0,0,0,0,0,0,-1,-1,-1,-1,-1,-1,-1,-1,-1,-1,-1,-1,-1,-1,-1,-1,-1,-1,-1,-1,-1,-1,-1,-1,0,0,0,0,0,0,0,0,0,0,0,0,0,0,0,0,0,0,0,0,0,0,0,0,255,139,139,50,0,0,0,1,0,0,0,40,75,100,100,0,0,100,-1,0,100,100,0,1,1,-1,0,0,165,0,[0|0|0],0,0,0,[0|0|0|0|0|0|0|0|0|0]
6800383,Beast Claw - Default: AttackBothLightCounter - Hit 4 Attack,0.35,0.1,0,0,0.8,0.02,-1,-1,-1,1665,1667,11120,11120,-1,-1,11100,-1,-1,-1,0,62,62,62,62,72,9900,100,100,103,0,0,0,0,0,0,0,0,0,0,0,10,0,0,0,0,2,0,0,0,0,0,0,1,0,0,253,255,0,255,0,255,0,0,0,0,0,0,0,0,0,0,0,3,1,0,0,0,0,0,0,0,0,0,0,-1,-1,2100,2010,-1,-1,-1,-1,-1,-1,-1,-1,-1,-1,-1,-1,-1,-1,-1,-1,-1,-1,-1,-1,-1,-1,-1,-1,-1,-1,-1,-1,0,0,0,0,0,0,0,0,0,0,0,0,-1,-1,-1,-1,-1,-1,-1,-1,-1,-1,-1,-1,-1,-1,-1,-1,-1,-1,-1,-1,-1,-1,-1,-1,0,0,0,0,0,0,0,0,0,0,0,0,0,0,0,0,0,0,0,0,0,0,0,0,255,139,139,62,0,0,0,1,0,0,0,40,75,100,100,0,0,100,-1,0,100,100,0,1,1,-1,0,0,165,0,[0|0|0],0,0,0,[0|0|0|0|0|0|0|0|0|0]
6800400,Beast Claw - Default Attack,0.35,0.1,0,0,0.8,0.08,6902,-1,-1,-1,1667,21120,21120,-1,-1,21100,-1,-1,-1,0,100,100,100,100,100,100,100,100,0,0,0,0,0,0,0,0,0,0,0,0,10,0,0,0,0,2,0,0,0,0,0,0,1,0,0,253,255,0,255,0,255,0,0,0,0,0,0,0,0,0,0,0,1,1,0,0,0,0,0,0,0,0,0,0,-1,-1,2100,2010,-1,-1,-1,-1,-1,-1,-1,-1,-1,-1,-1,-1,-1,-1,-1,-1,-1,-1,-1,-1,-1,-1,-1,-1,-1,-1,-1,-1,0,0,0,0,0,0,0,0,0,0,0,0,-1,-1,-1,-1,-1,-1,-1,-1,-1,-1,-1,-1,-1,-1,-1,-1,-1,-1,-1,-1,-1,-1,-1,-1,0,0,0,0,0,0,0,0,0,0,0,0,0,0,0,0,0,0,0,0,0,0,0,0,255,139,139,100,0,0,0,0,0,0,0,100,100,100,100,0,0,100,-1,0,100,100,0,1,1,-1,0,0,100,0,[0|0|0],0,0,0,[0|0|0|0|0|0|0|0|0|0]
6800410,Beast Claw - Default Attack,0.35,0.1,0,0,0.75,0.04,6902,-1,-1,-1,-1,21120,21120,-1,-1,21100,-1,-1,-1,0,75,75,75,75,75,100,100,100,0,0,0,0,0,0,0,0,0,0,0,0,10,0,0,0,0,2,0,0,0,0,0,0,1,0,0,253,255,0,255,0,255,0,0,0,0,0,0,0,0,0,0,0,4,1,0,0,0,0,0,0,0,9,0,0,-1,-1,2100,2010,-1,-1,-1,-1,-1,-1,-1,-1,-1,-1,-1,-1,-1,-1,-1,-1,-1,-1,-1,-1,-1,-1,-1,-1,-1,-1,-1,-1,0,0,0,0,0,0,0,0,0,0,0,0,-1,-1,-1,-1,-1,-1,-1,-1,-1,-1,-1,-1,-1,-1,-1,-1,-1,-1,-1,-1,-1,-1,-1,-1,0,0,0,0,0,0,0,0,0,0,0,0,0,0,0,0,0,0,0,0,0,0,0,0,255,139,139,75,0,0,0,0,0,0,0,65,90,100,100,0,0,100,-1,0,100,100,0,1,1,-1,0,0,50,0,[0|0|0],0,0,0,[0|0|0|0|0|0|0|0|0|0]
6800411,Beast Claw - Default Attack,0.35,0.1,0,0,0.75,0.04,6902,-1,-1,-1,1667,21120,21120,-1,-1,21100,-1,-1,-1,0,80,80,80,80,80,100,100,100,0,0,0,0,0,0,0,0,0,0,0,0,10,0,0,0,0,2,0,0,0,0,0,0,1,0,0,253,255,0,255,0,255,0,0,0,0,0,0,0,0,0,0,0,1,1,0,0,0,0,0,0,0,0,0,0,-1,-1,2100,2010,-1,-1,-1,-1,-1,-1,-1,-1,-1,-1,-1,-1,-1,-1,-1,-1,-1,-1,-1,-1,-1,-1,-1,-1,-1,-1,-1,-1,0,0,0,0,0,0,0,0,0,0,0,0,-1,-1,-1,-1,-1,-1,-1,-1,-1,-1,-1,-1,-1,-1,-1,-1,-1,-1,-1,-1,-1,-1,-1,-1,0,0,0,0,0,0,0,0,0,0,0,0,0,0,0,0,0,0,0,0,0,0,0,0,255,139,139,80,0,0,0,0,0,0,0,65,90,100,100,0,0,100,-1,0,100,100,0,1,1,-1,0,0,50,0,[0|0|0],0,0,0,[0|0|0|0|0|0|0|0|0|0]
6800420,Beast Claw - Default Attack,0.35,0.1,0,0,2.2,0.08,6902,-1,-1,-1,1667,21120,21120,-1,-1,21100,-1,-1,-1,0,101,101,101,101,100,100,100,100,0,0,0,0,0,0,0,0,0,0,0,0,10,0,0,0,0,2,0,0,0,0,0,0,2,0,0,253,255,0,255,0,255,0,0,0,0,0,0,0,0,0,0,0,4,1,0,0,0,0,0,0,0,0,0,0,-1,-1,2100,2010,-1,-1,-1,-1,-1,-1,-1,-1,-1,-1,-1,-1,-1,-1,-1,-1,-1,-1,-1,-1,-1,-1,-1,-1,-1,-1,-1,-1,0,0,0,0,0,0,0,0,0,0,0,0,-1,-1,-1,-1,-1,-1,-1,-1,-1,-1,-1,-1,-1,-1,-1,-1,-1,-1,-1,-1,-1,-1,-1,-1,0,0,0,0,0,0,0,0,0,0,0,0,0,0,0,0,0,0,0,0,0,0,0,0,255,139,139,101,0,0,0,0,0,0,0,100,100,100,100,0,0,100,-1,0,100,100,0,1,1,-1,0,0,100,0,[0|0|0],0,0,0,[0|0|0|0|0|0|0|0|0|0]
6800430,Beast Claw - Default Attack,0.35,0.1,0,0,1.75,0.08,6902,-1,-1,-1,1667,21120,21120,-1,-1,21100,-1,-1,-1,0,103,103,103,103,100,100,100,100,104,0,0,0,0,0,0,0,0,0,0,0,10,0,0,0,0,2,0,0,0,0,0,0,2,0,0,253,255,0,255,0,255,0,0,0,0,0,0,0,0,0,0,0,1,1,0,0,0,0,0,0,0,0,0,0,-1,-1,2100,2010,-1,-1,-1,-1,-1,-1,-1,-1,-1,-1,-1,-1,-1,-1,-1,-1,-1,-1,-1,-1,-1,-1,-1,-1,-1,-1,-1,-1,0,0,0,0,0,0,0,0,0,0,0,0,-1,-1,-1,-1,-1,-1,-1,-1,-1,-1,-1,-1,-1,-1,-1,-1,-1,-1,-1,-1,-1,-1,-1,-1,0,0,0,0,0,0,0,0,0,0,0,0,0,0,0,0,0,0,0,0,0,0,0,0,255,139,139,103,0,0,0,0,0,0,0,100,100,100,100,0,0,100,-1,0,100,105,0,1,1,-1,0,0,200,0,[0|0|0],0,0,0,[0|0|0|0|0|0|0|0|0|0]
6800509,Beast Claw - Default Attack,0.35,0,0,0,0.6,0.08,-1,-1,-1,1665,1667,120,-1,-1,-1,100,-1,-1,-1,0,100,100,100,100,100,100,100,100,0,0,0,0,0,0,0,0,0,0,0,0,10,0,0,0,0,0,0,0,0,0,0,0,1,0,0,252,255,2,255,0,255,0,0,0,0,0,0,0,0,0,0,0,0,1,0,0,0,0,0,0,0,0,0,0,-1,-1,2100,2010,-1,-1,-1,-1,-1,-1,-1,-1,-1,-1,-1,-1,-1,-1,-1,-1,-1,-1,-1,-1,-1,-1,-1,-1,-1,-1,-1,-1,0,0,0,0,0,0,0,0,0,0,0,0,-1,-1,-1,-1,-1,-1,-1,-1,-1,-1,-1,-1,-1,-1,-1,-1,-1,-1,-1,-1,-1,-1,-1,-1,0,0,0,0,0,0,0,0,0,0,0,0,0,0,0,0,0,0,0,0,0,0,0,0,255,139,139,100,0,0,1,1,0,0,0,100,100,100,100,0,0,100,-1,0,100,0,0,1,1,-1,0,0,0,0,[0|0|0],0,0,0,[0|0|0|0|0|0|0|0|0|0]
6800800,Beast Claw - Default Attack,0.35,0.1,0,0,0.6,0.04,6902,-1,-1,1665,-1,10120,10120,-1,-1,10100,-1,-1,-1,0,82,82,82,82,92,500,100,100,0,0,0,0,0,0,0,0,0,0,0,0,10,0,0,0,0,2,0,0,0,0,0,0,1,0,0,253,255,0,255,0,255,0,0,0,0,0,0,0,0,0,0,0,1,1,0,0,0,0,0,0,0,9,0,0,-1,-1,2100,2010,-1,-1,-1,-1,-1,-1,-1,-1,-1,-1,-1,-1,-1,-1,-1,-1,-1,-1,-1,-1,-1,-1,-1,-1,-1,-1,-1,-1,0,0,0,0,0,0,0,0,0,0,0,0,-1,-1,-1,-1,-1,-1,-1,-1,-1,-1,-1,-1,-1,-1,-1,-1,-1,-1,-1,-1,-1,-1,-1,-1,0,0,0,0,0,0,0,0,0,0,0,0,0,0,0,0,0,0,0,0,0,0,0,0,255,139,139,82,0,0,0,1,0,0,0,65,90,100,100,0,0,100,-1,0,100,100,0,1,1,-1,0,0,60,0,[0|0|0],0,0,0,[0|0|0|0|0|0|0|0|0|0]
6800801,Beast Claw - Default Attack,0.35,0.1,0,0,0.9,0.04,6902,-1,-1,-1,1667,21120,21120,-1,-1,21100,-1,-1,-1,0,90,90,90,90,92,500,100,100,0,0,0,0,0,0,0,0,0,0,0,0,10,0,0,0,0,2,0,0,0,0,0,0,1,0,0,253,255,0,255,0,255,0,0,0,0,0,0,0,0,0,0,0,1,1,0,0,0,0,0,0,0,0,0,0,-1,-1,2100,2010,-1,-1,-1,-1,-1,-1,-1,-1,-1,-1,-1,-1,-1,-1,-1,-1,-1,-1,-1,-1,-1,-1,-1,-1,-1,-1,-1,-1,0,0,0,0,0,0,0,0,0,0,0,0,-1,-1,-1,-1,-1,-1,-1,-1,-1,-1,-1,-1,-1,-1,-1,-1,-1,-1,-1,-1,-1,-1,-1,-1,0,0,0,0,0,0,0,0,0,0,0,0,0,0,0,0,0,0,0,0,0,0,0,0,255,139,139,90,0,0,0,1,0,0,0,65,90,100,100,0,0,100,-1,0,100,100,0,1,1,-1,0,0,60,0,[0|0|0],0,0,0,[0|0|0|0|0|0|0|0|0|0]
6800810,Beast Claw - Default Attack,0.35,0.1,0,0,0.7,0.03,6902,-1,-1,-1,-1,10120,10120,-1,-1,10100,-1,-1,-1,0,70,70,70,70,90,500,100,100,0,0,0,0,0,0,0,0,0,0,0,0,10,0,0,0,0,2,0,0,0,0,0,0,1,0,0,253,255,0,255,0,255,0,0,0,0,0,0,0,0,0,0,0,4,1,0,0,0,0,0,0,0,9,0,0,-1,-1,2100,2010,-1,-1,-1,-1,-1,-1,-1,-1,-1,-1,-1,-1,-1,-1,-1,-1,-1,-1,-1,-1,-1,-1,-1,-1,-1,-1,-1,-1,0,0,0,0,0,0,0,0,0,0,0,0,-1,-1,-1,-1,-1,-1,-1,-1,-1,-1,-1,-1,-1,-1,-1,-1,-1,-1,-1,-1,-1,-1,-1,-1,0,0,0,0,0,0,0,0,0,0,0,0,0,0,0,0,0,0,0,0,0,0,0,0,255,139,139,70,0,0,0,1,0,0,0,40,82,100,100,0,0,100,-1,0,100,100,0,1,1,-1,0,0,40,0,[0|0|0],0,0,0,[0|0|0|0|0|0|0|0|0|0]
6800811,Beast Claw - Default Attack,0.35,0.1,0,0,0.7,0.03,6902,-1,-1,-1,1667,21120,21120,-1,-1,21100,-1,-1,-1,0,72,72,72,72,85,500,100,100,0,0,0,0,0,0,0,0,0,0,0,0,10,0,0,0,0,2,0,0,0,0,0,0,1,0,0,253,255,0,255,0,255,0,0,0,0,0,0,0,0,0,0,0,3,1,0,0,0,0,0,0,0,9,0,0,-1,-1,2100,2010,-1,-1,-1,-1,-1,-1,-1,-1,-1,-1,-1,-1,-1,-1,-1,-1,-1,-1,-1,-1,-1,-1,-1,-1,-1,-1,-1,-1,0,0,0,0,0,0,0,0,0,0,0,0,-1,-1,-1,-1,-1,-1,-1,-1,-1,-1,-1,-1,-1,-1,-1,-1,-1,-1,-1,-1,-1,-1,-1,-1,0,0,0,0,0,0,0,0,0,0,0,0,0,0,0,0,0,0,0,0,0,0,0,0,255,139,139,72,0,0,0,1,0,0,0,40,82,100,100,0,0,100,-1,0,100,100,0,1,1,-1,0,0,40,0,[0|0|0],0,0,0,[0|0|0|0|0|0|0|0|0|0]
6800812,Beast Claw - Default Attack,0.35,0.1,0,0,0.7,0.03,6902,-1,-1,1665,-1,10120,10120,-1,-1,10100,-1,-1,-1,0,78,78,78,78,85,500,100,100,0,0,0,0,0,0,0,0,0,0,0,0,10,0,0,0,0,2,0,0,0,0,0,0,1,0,0,253,255,0,255,0,255,0,0,0,0,0,0,0,0,0,0,0,1,1,0,0,0,0,0,0,0,0,0,0,-1,-1,2100,2010,-1,-1,-1,-1,-1,-1,-1,-1,-1,-1,-1,-1,-1,-1,-1,-1,-1,-1,-1,-1,-1,-1,-1,-1,-1,-1,-1,-1,0,0,0,0,0,0,0,0,0,0,0,0,-1,-1,-1,-1,-1,-1,-1,-1,-1,-1,-1,-1,-1,-1,-1,-1,-1,-1,-1,-1,-1,-1,-1,-1,0,0,0,0,0,0,0,0,0,0,0,0,0,0,0,0,0,0,0,0,0,0,0,0,255,139,139,78,0,0,0,1,0,0,0,40,82,100,100,0,0,100,-1,0,100,100,0,1,1,-1,0,0,40,0,[0|0|0],0,0,0,[0|0|0|0|0|0|0|0|0|0]
6800820,Beast Claw - Default Attack,0.35,0.1,0,0,0.4,0.04,6902,-1,-1,1665,-1,10120,10120,-1,-1,10100,-1,-1,-1,0,82,82,82,82,96,500,100,100,0,0,0,0,0,0,0,0,0,0,0,0,10,0,0,0,0,2,0,0,0,0,0,0,1,0,0,253,255,0,255,0,255,0,0,0,0,0,0,0,0,0,0,0,4,1,0,0,0,0,0,0,0,9,0,0,-1,-1,2100,2010,-1,-1,-1,-1,-1,-1,-1,-1,-1,-1,-1,-1,-1,-1,-1,-1,-1,-1,-1,-1,-1,-1,-1,-1,-1,-1,-1,-1,0,0,0,0,0,0,0,0,0,0,0,0,-1,-1,-1,-1,-1,-1,-1,-1,-1,-1,-1,-1,-1,-1,-1,-1,-1,-1,-1,-1,-1,-1,-1,-1,0,0,0,0,0,0,0,0,0,0,0,0,0,0,0,0,0,0,0,0,0,0,0,0,255,139,139,82,0,0,0,1,0,0,0,65,90,100,100,0,0,100,-1,0,100,105,0,1,1,-1,0,0,60,0,[0|0|0],0,0,0,[0|0|0|0|0|0|0|0|0|0]
6800821,Beast Claw - Default Attack,0.35,0.1,0,0,2.15,0.04,6902,-1,-1,-1,1667,21120,21120,-1,-1,21100,-1,-1,-1,0,95,95,95,95,96,500,100,100,0,0,0,0,0,0,0,0,0,0,0,0,10,0,0,0,0,2,0,0,0,0,0,0,2,0,0,253,255,0,255,0,255,0,0,0,0,0,0,0,0,0,0,0,4,1,0,0,0,0,0,0,0,0,0,0,-1,-1,2100,2010,-1,-1,-1,-1,-1,-1,-1,-1,-1,-1,-1,-1,-1,-1,-1,-1,-1,-1,-1,-1,-1,-1,-1,-1,-1,-1,-1,-1,0,0,0,0,0,0,0,0,0,0,0,0,-1,-1,-1,-1,-1,-1,-1,-1,-1,-1,-1,-1,-1,-1,-1,-1,-1,-1,-1,-1,-1,-1,-1,-1,0,0,0,0,0,0,0,0,0,0,0,0,0,0,0,0,0,0,0,0,0,0,0,0,255,139,139,95,0,0,0,1,0,0,0,65,90,100,100,0,0,100,-1,0,100,105,0,1,1,-1,0,0,60,0,[0|0|0],0,0,0,[0|0|0|0|0|0|0|0|0|0]
6800830,Beast Claw - Default Attack,0.35,0.1,0.35,0.1,1.7,0.08,6902,-1,-1,1665,1667,10120,10120,21120,21120,10100,-1,21100,-1,0,155,155,155,155,140,500,100,100,104,0,0,0,0,0,0,0,0,0,0,0,10,0,0,0,0,2,0,2,0,0,0,0,2,0,0,253,255,0,255,0,255,0,0,0,0,0,0,0,0,0,0,0,1,1,0,0,0,0,0,0,0,0,0,0,-1,-1,2100,2010,-1,-1,-1,-1,-1,-1,-1,-1,-1,-1,-1,-1,-1,-1,-1,-1,-1,-1,-1,-1,-1,-1,-1,-1,-1,-1,-1,-1,0,0,0,0,0,0,0,0,0,0,0,0,-1,-1,-1,-1,-1,-1,-1,-1,-1,-1,-1,-1,-1,-1,-1,-1,-1,-1,-1,-1,-1,-1,-1,-1,0,0,0,0,0,0,0,0,0,0,0,0,0,0,0,0,0,0,0,0,0,0,0,0,255,139,139,155,0,0,0,1,0,0,0,100,100,100,100,0,0,100,-1,0,100,105,0,1,1,-1,0,0,220,0,[0|0|0],0,0,0,[0|0|0|0|0|0|0|0|0|0]
6800860,Beast Claw - Default Attack,0.35,0.1,0,0,0.9,0.04,6903,-1,-1,1665,-1,10120,10120,-1,-1,10100,-1,-1,-1,0,90,90,90,90,110,500,100,100,122,0,0,0,0,0,0,0,0,0,0,0,10,0,0,0,0,2,0,0,0,0,0,0,1,0,0,253,255,0,255,0,255,0,0,0,0,0,0,0,0,0,0,0,4,1,0,0,0,0,0,0,0,9,0,0,-1,-1,2100,2010,-1,-1,-1,-1,-1,-1,-1,-1,-1,-1,-1,-1,-1,-1,-1,-1,-1,-1,-1,-1,-1,-1,-1,-1,-1,-1,-1,-1,0,0,0,0,0,0,0,0,0,0,0,0,-1,-1,-1,-1,-1,-1,-1,-1,-1,-1,-1,-1,-1,-1,-1,-1,-1,-1,-1,-1,-1,-1,-1,-1,0,0,0,0,0,0,0,0,0,0,0,0,0,0,0,0,0,0,0,0,0,0,0,0,255,139,139,90,0,0,0,1,0,0,0,65,90,100,100,0,0,100,-1,0,100,110,0,1,1,-1,0,0,60,0,[0|0|0],0,0,0,[0|0|0|0|0|0|0|0|0|0]
6800861,Beast Claw - Default Attack,0.35,0.1,0,0,1,0.04,6903,-1,-1,-1,1667,21120,21120,-1,-1,21100,-1,-1,-1,0,96,96,96,96,110,500,100,100,122,0,0,0,0,0,0,0,0,0,0,0,10,0,0,0,0,2,0,0,0,0,0,0,1,0,0,253,255,0,255,0,255,0,0,0,0,0,0,0,0,0,0,0,1,1,0,0,0,0,0,0,0,0,0,0,-1,-1,2100,2010,-1,-1,-1,-1,-1,-1,-1,-1,-1,-1,-1,-1,-1,-1,-1,-1,-1,-1,-1,-1,-1,-1,-1,-1,-1,-1,-1,-1,0,0,0,0,0,0,0,0,0,0,0,0,-1,-1,-1,-1,-1,-1,-1,-1,-1,-1,-1,-1,-1,-1,-1,-1,-1,-1,-1,-1,-1,-1,-1,-1,0,0,0,0,0,0,0,0,0,0,0,0,0,0,0,0,0,0,0,0,0,0,0,0,255,139,139,96,0,0,0,1,0,0,0,65,90,100,100,0,0,100,-1,0,100,110,0,1,1,-1,0,0,60,0,[0|0|0],0,0,0,[0|0|0|0|0|0|0|0|0|0]
6800870,Beast Claw - Default Attack,0.35,0.1,0,0,0.5,0.04,6903,-1,-1,-1,1667,21120,21120,-1,-1,21100,-1,-1,-1,0,80,80,80,80,100,500,100,100,121,0,0,0,0,0,0,0,0,0,0,0,10,0,0,0,0,2,0,0,0,0,0,0,1,0,0,253,255,0,255,0,255,0,0,0,0,0,0,0,0,0,0,0,2,1,0,0,0,0,0,0,0,9,0,0,-1,-1,2100,2010,-1,-1,-1,-1,-1,-1,-1,-1,-1,-1,-1,-1,-1,-1,-1,-1,-1,-1,-1,-1,-1,-1,-1,-1,-1,-1,-1,-1,0,0,0,0,0,0,0,0,0,0,0,0,-1,-1,-1,-1,-1,-1,-1,-1,-1,-1,-1,-1,-1,-1,-1,-1,-1,-1,-1,-1,-1,-1,-1,-1,0,0,0,0,0,0,0,0,0,0,0,0,0,0,0,0,0,0,0,0,0,0,0,0,255,139,139,80,0,0,0,1,0,0,0,65,90,100,100,0,0,100,-1,0,100,90,0,1,1,-1,0,0,60,0,[0|0|0],0,0,0,[0|0|0|0|0|0|0|0|0|0]
6800871,Beast Claw - Default Attack,0.35,0.1,0,0,0.9,0.04,6903,-1,-1,1665,-1,10120,10120,-1,-1,10100,-1,-1,-1,0,84,84,84,84,100,500,100,100,121,0,0,0,0,0,0,0,0,0,0,0,10,0,0,0,0,2,0,0,0,0,0,0,1,0,0,253,255,0,255,0,255,0,0,0,0,0,0,0,0,0,0,0,1,1,0,0,0,0,0,0,0,0,0,0,-1,-1,2100,2010,-1,-1,-1,-1,-1,-1,-1,-1,-1,-1,-1,-1,-1,-1,-1,-1,-1,-1,-1,-1,-1,-1,-1,-1,-1,-1,-1,-1,0,0,0,0,0,0,0,0,0,0,0,0,-1,-1,-1,-1,-1,-1,-1,-1,-1,-1,-1,-1,-1,-1,-1,-1,-1,-1,-1,-1,-1,-1,-1,-1,0,0,0,0,0,0,0,0,0,0,0,0,0,0,0,0,0,0,0,0,0,0,0,0,255,139,139,84,0,0,0,1,0,0,0,65,90,100,100,0,0,100,-1,0,100,90,0,1,1,-1,0,0,60,0,[0|0|0],0,0,0,[0|0|0|0|0|0|0|0|0|0]
6800880,Beast Claw - Default Attack,0.35,0.1,0,0,1,0.04,6903,-1,-1,1665,-1,10120,10120,-1,-1,10100,-1,-1,-1,0,80,80,80,80,100,500,100,100,121,0,0,0,0,0,0,0,0,0,0,0,10,0,0,0,0,2,0,0,0,0,0,0,1,0,0,253,255,0,255,0,255,0,0,0,0,0,0,0,0,0,0,0,4,1,0,0,0,0,0,0,0,9,0,0,-1,-1,2100,2010,-1,-1,-1,-1,-1,-1,-1,-1,-1,-1,-1,-1,-1,-1,-1,-1,-1,-1,-1,-1,-1,-1,-1,-1,-1,-1,-1,-1,0,0,0,0,0,0,0,0,0,0,0,0,-1,-1,-1,-1,-1,-1,-1,-1,-1,-1,-1,-1,-1,-1,-1,-1,-1,-1,-1,-1,-1,-1,-1,-1,0,0,0,0,0,0,0,0,0,0,0,0,0,0,0,0,0,0,0,0,0,0,0,0,255,139,139,80,0,0,0,1,0,0,0,65,90,100,100,0,0,100,-1,0,100,90,0,1,1,-1,0,0,60,0,[0|0|0],0,0,0,[0|0|0|0|0|0|0|0|0|0]
6800881,Beast Claw - Default Attack,0.35,0.1,0,0,1.3,0.04,6903,-1,-1,-1,1667,21120,21120,-1,-1,21100,-1,-1,-1,0,84,84,84,84,100,500,100,100,121,0,0,0,0,0,0,0,0,0,0,0,10,0,0,0,0,2,0,0,0,0,0,0,1,0,0,253,255,0,255,0,255,0,0,0,0,0,0,0,0,0,0,0,3,1,0,0,0,0,0,0,0,0,0,0,-1,-1,2100,2010,-1,-1,-1,-1,-1,-1,-1,-1,-1,-1,-1,-1,-1,-1,-1,-1,-1,-1,-1,-1,-1,-1,-1,-1,-1,-1,-1,-1,0,0,0,0,0,0,0,0,0,0,0,0,-1,-1,-1,-1,-1,-1,-1,-1,-1,-1,-1,-1,-1,-1,-1,-1,-1,-1,-1,-1,-1,-1,-1,-1,0,0,0,0,0,0,0,0,0,0,0,0,0,0,0,0,0,0,0,0,0,0,0,0,255,139,139,84,0,0,0,1,0,0,0,65,90,100,100,0,0,100,-1,0,100,90,0,1,1,-1,0,0,60,0,[0|0|0],0,0,0,[0|0|0|0|0|0|0|0|0|0]
6800890,Beast Claw - Default Attack,0.35,0.1,0,0,0.3,0.04,6904,-1,-1,-1,1667,10120,10120,-1,-1,10100,-1,-1,-1,0,93,93,93,93,90,9900,100,100,102,0,0,0,0,0,0,0,0,0,0,0,10,0,0,0,0,2,0,0,0,0,0,0,2,0,0,253,255,0,255,0,255,0,0,0,0,0,0,0,0,0,0,0,3,1,0,0,0,0,0,0,0,9,0,0,-1,-1,2100,2010,-1,-1,-1,-1,-1,-1,-1,-1,-1,-1,-1,-1,-1,-1,-1,-1,-1,-1,-1,-1,-1,-1,-1,-1,-1,-1,-1,-1,0,0,0,0,0,0,0,0,0,0,0,0,-1,-1,-1,-1,-1,-1,-1,-1,-1,-1,-1,-1,-1,-1,-1,-1,-1,-1,-1,-1,-1,-1,-1,-1,0,0,0,0,0,0,0,0,0,0,0,0,0,0,0,0,0,0,0,0,0,0,0,0,255,139,139,102,0,0,0,1,0,0,0,65,90,100,100,0,0,100,-1,0,100,130,0,1,1,-1,0,0,90,0,[0|0|0],0,0,0,[0|0|0|0|0|0|0|0|0|0]
6800891,Beast Claw - Default Attack,0.35,0.1,0,0,1.4,0.04,6904,-1,-1,1665,-1,21120,21120,-1,-1,21100,-1,-1,-1,0,98,98,98,98,90,9900,100,100,102,0,0,0,0,0,0,0,0,0,0,0,10,0,0,0,0,2,0,0,0,0,0,0,2,0,0,253,255,0,255,0,255,0,0,0,0,0,0,0,0,0,0,0,1,1,0,0,0,0,0,0,0,0,0,0,-1,-1,2100,2010,-1,-1,-1,-1,-1,-1,-1,-1,-1,-1,-1,-1,-1,-1,-1,-1,-1,-1,-1,-1,-1,-1,-1,-1,-1,-1,-1,-1,0,0,0,0,0,0,0,0,0,0,0,0,-1,-1,-1,-1,-1,-1,-1,-1,-1,-1,-1,-1,-1,-1,-1,-1,-1,-1,-1,-1,-1,-1,-1,-1,0,0,0,0,0,0,0,0,0,0,0,0,0,0,0,0,0,0,0,0,0,0,0,0,255,139,139,102,0,0,0,1,0,0,0,65,90,100,100,0,0,100,-1,0,100,130,0,1,1,-1,0,0,90,0,[0|0|0],0,0,0,[0|0|0|0|0|0|0|0|0|0]
210431000,Glintblade Trio,0,0,0,0,0.7,0,-1,-1,-1,-1,-1,-1,-1,-1,-1,-1,-1,-1,-1,0,100,100,100,100,0,0,0,0,3,0,0,82,0,0,10,100,0,0,0,0,10,0,0,0,0,0,0,0,0,0,0,0,1,1,0,3,0,3,6,1,0,0,0,0,0,0,0,0,0,0,0,1,0,1,0,0,0,0,0,0,0,0,0,4,-1,-1,2100,2000,-1,-1,-1,-1,99999999,99999999,99999999,99999999,99999999,99999999,99999999,99999999,99999999,99999999,99999999,99999999,99999999,99999999,99999999,99999999,99999999,99999999,99999999,99999999,99999999,99999999,99999999,99999999,0,0,0,0,0,0,0,0,0,0,0,0,-1,-1,-1,-1,-1,-1,-1,-1,-1,-1,-1,-1,-1,-1,-1,-1,-1,-1,-1,-1,-1,-1,-1,-1,0,0,0,0,0,0,0,0,0,0,0,0,0,0,0,0,0,0,0,0,0,0,0,0,0,139,139,100,0,0,1,0,0,0,0,100,100,100,100,0,0,100,-1,-1,-1,100,0,1,1,-1,0,0,100,0,[0|0|0],20000,0,0,[0|0|0|0|0|0|0|0|0|0]
210431050,Glintblade Trio,0,0,0,0,0.7,0,-1,-1,-1,-1,-1,-1,-1,-1,-1,-1,-1,-1,-1,0,100,100,100,100,0,0,0,0,3,110,0,98,0,0,37,100,0,0,0,0,10,0,0,0,0,0,0,0,0,0,0,0,1,1,0,3,0,3,6,1,0,0,0,0,0,0,0,0,0,0,0,1,0,1,0,0,0,0,0,0,0,0,0,6,-1,-1,2100,2000,-1,-1,-1,-1,99999999,99999999,99999999,99999999,99999999,99999999,99999999,99999999,99999999,99999999,99999999,99999999,99999999,99999999,99999999,99999999,99999999,99999999,99999999,99999999,99999999,99999999,99999999,99999999,0,0,0,0,0,0,0,0,0,0,0,0,-1,-1,-1,-1,-1,-1,-1,-1,-1,-1,-1,-1,-1,-1,-1,-1,-1,-1,-1,-1,-1,-1,-1,-1,0,0,0,0,0,0,0,0,0,0,0,0,0,0,0,0,0,0,0,0,0,0,0,0,0,139,139,100,0,0,1,0,0,0,0,100,100,100,100,0,0,100,-1,-1,-1,100,0,1,1,-1,0,0,100,0,[0|0|0],24390,0,0,[0|0|0|0|0|0|0|0|0|0]
210432000,Rellana's Twin Moons,0,0,0,0,1.47,0,-1,-1,-1,-1,-1,-1,-1,-1,-1,-1,-1,-1,-1,0,100,100,100,100,100,100,100,0,1,0,0,300,0,0,200,100,0,0,0,0,10,0,0,0,0,0,0,0,0,0,0,0,3,2,0,3,0,3,6,0,0,0,0,0,0,0,0,0,0,0,0,0,0,1,0,0,0,0,0,0,0,0,0,10,-1,-1,2120,2020,-1,-1,-1,-1,-1,-1,-1,-1,-1,-1,-1,-1,-1,-1,-1,-1,-1,-1,-1,-1,-1,-1,-1,-1,-1,-1,-1,-1,0,0,0,0,0,0,0,0,0,0,0,0,-1,-1,-1,-1,-1,-1,-1,-1,-1,-1,-1,-1,-1,-1,-1,-1,-1,-1,-1,-1,-1,-1,-1,-1,0,0,0,0,0,0,0,0,0,0,0,0,0,0,0,0,0,0,0,0,0,0,0,0,0,139,139,100,0,0,1,0,1,0,0,100,100,100,100,0,0,100,-1,-1,-1,100,0,1,1,-1,0,0,100,0,[0|0|0],24360,0,0,[0|0|0|0|0|0|0|0|0|0]
210432001,Rellana's Twin Moons,0,0,0,0,1.47,0,-1,-1,-1,-1,-1,-1,-1,-1,-1,-1,-1,-1,-1,0,100,100,100,100,100,100,100,0,1,0,0,300,0,0,200,100,0,0,0,0,10,0,0,0,0,0,0,0,0,0,0,0,3,2,0,3,0,3,6,0,0,0,0,0,0,0,0,0,0,0,0,0,0,1,0,0,0,0,0,0,0,0,0,10,-1,-1,2130,2030,-1,-1,-1,-1,-1,-1,-1,-1,-1,-1,-1,-1,-1,-1,-1,-1,-1,-1,-1,-1,-1,-1,-1,-1,-1,-1,-1,-1,0,0,0,0,0,0,0,0,0,0,0,0,-1,-1,-1,-1,-1,-1,-1,-1,-1,-1,-1,-1,-1,-1,-1,-1,-1,-1,-1,-1,-1,-1,-1,-1,0,0,0,0,0,0,0,0,0,0,0,0,0,0,0,0,0,0,0,0,0,0,0,0,0,139,139,100,0,0,1,0,1,0,0,100,100,100,100,0,0,100,-1,-1,-1,100,0,1,1,-1,0,0,100,0,[0|0|0],24360,0,0,[0|0|0|0|0|0|0|0|0|0]
210450000,Glintstone Nail,0,0,0,0,0,0,-1,-1,-1,-1,-1,-1,-1,-1,-1,-1,-1,-1,-1,0,100,100,100,100,100,100,100,0,16,0,0,196,0,0,15,100,0,0,0,0,10,0,0,0,0,0,0,0,0,0,0,0,1,1,0,3,0,3,6,0,0,0,0,0,0,0,0,0,0,0,0,1,0,1,0,0,0,0,0,0,0,0,0,3,-1,-1,0,0,-1,-1,-1,-1,-1,-1,-1,-1,-1,-1,-1,-1,-1,-1,-1,-1,-1,-1,-1,-1,-1,-1,-1,-1,-1,-1,-1,-1,0,0,0,0,0,0,0,0,0,0,0,0,-1,-1,-1,-1,-1,-1,-1,-1,-1,-1,-1,-1,-1,-1,-1,-1,-1,-1,-1,-1,-1,-1,-1,-1,0,0,0,0,0,0,0,0,0,0,0,0,0,0,0,0,0,0,0,0,0,0,0,0,0,139,139,100,0,0,1,0,0,0,2,100,100,100,100,0,0,100,-1,-1,-1,100,0,1,1,-1,0,0,0,0,[0|0|0],20000,0,0,[0|0|0|0|0|0|0|0|0|0]
210450050,Glintstone Nail,0,0,0,0,0,0,-1,-1,-1,-1,-1,-1,-1,-1,-1,-1,-1,-1,-1,0,100,100,100,100,100,100,100,0,16,110,0,239,0,0,15,100,0,0,0,0,10,0,0,0,0,0,0,0,0,0,0,0,1,1,0,3,0,3,6,0,0,0,0,0,0,0,0,0,0,0,0,1,0,1,0,0,0,0,0,0,0,0,0,5,-1,-1,0,0,-1,-1,-1,-1,-1,-1,-1,-1,-1,-1,-1,-1,-1,-1,-1,-1,-1,-1,-1,-1,-1,-1,-1,-1,-1,-1,-1,-1,0,0,0,0,0,0,0,0,0,0,0,0,-1,-1,-1,-1,-1,-1,-1,-1,-1,-1,-1,-1,-1,-1,-1,-1,-1,-1,-1,-1,-1,-1,-1,-1,0,0,0,0,0,0,0,0,0,0,0,0,0,0,0,0,0,0,0,0,0,0,0,0,0,139,139,100,0,0,1,0,0,0,2,100,100,100,100,0,0,100,-1,-1,-1,100,0,1,1,-1,0,0,0,0,[0|0|0],20000,0,0,[0|0|0|0|0|0|0|0|0|0]
210451000,Glintstone Nails,0,0,0,0,0,0,-1,-1,-1,-1,-1,-1,-1,-1,-1,-1,-1,-1,-1,0,100,100,100,100,100,100,100,0,16,0,0,60,0,0,10,100,0,0,0,0,10,0,0,0,0,0,0,0,0,0,0,0,1,1,0,3,0,3,6,0,0,0,0,0,0,0,0,0,0,0,0,1,0,1,0,0,0,0,0,0,0,0,0,2,-1,-1,0,0,-1,-1,-1,-1,-1,-1,-1,-1,-1,-1,-1,-1,-1,-1,-1,-1,-1,-1,-1,-1,-1,-1,-1,-1,-1,-1,-1,-1,0,0,0,0,0,0,0,0,0,0,0,0,-1,-1,-1,-1,-1,-1,-1,-1,-1,-1,-1,-1,-1,-1,-1,-1,-1,-1,-1,-1,-1,-1,-1,-1,0,0,0,0,0,0,0,0,0,0,0,0,0,0,0,0,0,0,0,0,0,0,0,0,0,139,139,100,0,0,1,0,0,0,2,100,100,100,100,0,0,100,-1,-1,-1,100,0,1,1,-1,0,0,0,0,[0|0|0],20000,0,0,[0|0|0|0|0|0|0|0|0|0]
210451050,Glintstone Nails,0,0,0,0,0,0,-1,-1,-1,-1,-1,-1,-1,-1,-1,-1,-1,-1,-1,0,100,100,100,100,100,100,100,0,16,110,0,71,0,0,10,100,0,0,0,0,10,0,0,0,0,0,0,0,0,0,0,0,1,1,0,3,0,3,6,0,0,0,0,0,0,0,0,0,0,0,0,1,0,1,0,0,0,0,0,0,0,0,0,4,-1,-1,0,0,-1,-1,-1,-1,-1,-1,-1,-1,-1,-1,-1,-1,-1,-1,-1,-1,-1,-1,-1,-1,-1,-1,-1,-1,-1,-1,-1,-1,0,0,0,0,0,0,0,0,0,0,0,0,-1,-1,-1,-1,-1,-1,-1,-1,-1,-1,-1,-1,-1,-1,-1,-1,-1,-1,-1,-1,-1,-1,-1,-1,0,0,0,0,0,0,0,0,0,0,0,0,0,0,0,0,0,0,0,0,0,0,0,0,0,139,139,100,0,0,1,0,0,0,2,100,100,100,100,0,0,100,-1,-1,-1,100,0,1,1,-1,0,0,0,0,[0|0|0],20000,0,0,[0|0|0|0|0|0|0|0|0|0]
210470000,Blades of Stone,0,0,0,0,0,0,-1,-1,-1,-1,-1,-1,-1,-1,-1,-1,-1,-1,-1,0,100,100,100,100,100,100,100,0,11,0,223,0,0,0,50,100,0,0,0,0,10,0,0,0,0,0,0,0,0,0,0,0,1,2,0,3,0,3,6,0,0,0,0,0,0,0,0,0,0,0,0,1,0,1,0,0,0,0,0,0,0,0,0,8,-1,-1,0,0,-1,-1,-1,-1,-1,-1,-1,-1,-1,-1,-1,-1,-1,-1,-1,-1,-1,-1,-1,-1,-1,-1,-1,-1,-1,-1,-1,-1,0,0,0,0,0,0,0,0,0,0,0,0,-1,-1,-1,-1,-1,-1,-1,-1,-1,-1,-1,-1,-1,-1,-1,-1,-1,-1,-1,-1,-1,-1,-1,-1,0,0,0,0,0,0,0,0,0,0,0,0,0,0,0,0,0,0,0,0,0,0,0,0,0,139,139,100,0,0,1,0,0,0,3,100,100,100,100,0,0,100,-1,-1,-1,100,0,1,1,-1,0,0,0,0,[0|0|0],20000,0,0,[0|0|0|0|0|0|0|0|0|0]
210470050,Blades of Stone,0,0,0,0,0,0,-1,-1,-1,-1,-1,-1,-1,-1,-1,-1,-1,-1,-1,0,100,100,100,100,100,100,100,0,11,110,223,0,0,0,50,100,0,0,0,0,10,0,0,0,0,0,0,0,0,0,0,0,1,2,0,3,0,3,6,0,0,0,0,0,0,0,0,0,0,0,0,1,0,1,0,0,0,0,0,0,0,0,0,8,-1,-1,0,0,-1,-1,-1,-1,-1,-1,-1,-1,-1,-1,-1,-1,-1,-1,-1,-1,-1,-1,-1,-1,-1,-1,-1,-1,-1,-1,-1,-1,0,0,0,0,0,0,0,0,0,0,0,0,-1,-1,-1,-1,-1,-1,-1,-1,-1,-1,-1,-1,-1,-1,-1,-1,-1,-1,-1,-1,-1,-1,-1,-1,0,0,0,0,0,0,0,0,0,0,0,0,0,0,0,0,0,0,0,0,0,0,0,0,0,139,139,100,0,0,1,0,0,0,3,100,100,100,100,0,0,100,-1,-1,-1,100,0,1,1,-1,0,0,0,0,[0|0|0],20000,0,0,[0|0|0|0|0|0|0|0|0|0]
210491000,Impenetrable Thorns,0,0,0,0,0,0,-1,-1,-1,-1,-1,-1,-1,-1,-1,-1,-1,-1,-1,0,100,100,100,100,100,100,100,0,9,0,0,125,0,0,50,100,0,0,0,0,10,0,0,0,0,0,0,0,0,0,0,0,2,2,0,3,0,3,6,0,0,0,0,0,0,0,0,0,0,0,0,1,0,1,0,0,0,0,0,0,0,0,0,5,-1,-1,0,0,-1,-1,-1,-1,-1,-1,-1,-1,-1,-1,-1,-1,-1,-1,-1,-1,-1,-1,-1,-1,-1,-1,-1,-1,-1,-1,-1,-1,0,0,0,0,0,0,0,0,0,0,0,0,-1,-1,-1,-1,-1,-1,-1,-1,-1,-1,-1,-1,-1,-1,-1,-1,-1,-1,-1,-1,-1,-1,-1,-1,0,0,0,0,0,0,0,0,0,0,0,0,0,0,0,0,0,0,0,0,0,0,0,0,0,139,139,100,0,0,1,0,0,0,0,100,100,100,100,0,0,100,-1,-1,-1,100,0,1,1,-1,0,0,0,0,[0|0|0],20000,0,0,[0|0|0|0|0|0|0|0|0|0]
210500000,Rings of Spectral Light,0,0,0,0,0,0,-1,-1,-1,-1,-1,-1,-1,-1,-1,-1,-1,-1,-1,0,100,100,100,100,100,100,100,0,10,0,0,50,0,0,20,100,0,0,0,0,10,0,0,0,0,0,0,0,0,0,0,0,0,1,0,3,23,3,6,0,0,0,0,0,0,0,0,0,0,0,0,1,0,1,0,0,0,0,0,0,0,0,0,1,-1,-1,0,0,-1,-1,-1,-1,-1,-1,-1,-1,-1,-1,-1,-1,-1,-1,-1,-1,-1,-1,-1,-1,-1,-1,-1,-1,-1,-1,-1,-1,0,0,0,0,0,0,0,0,0,0,0,0,-1,-1,-1,-1,-1,-1,-1,-1,-1,-1,-1,-1,-1,-1,-1,-1,-1,-1,-1,-1,-1,-1,-1,-1,0,0,0,0,0,0,0,0,0,0,0,0,0,0,0,0,0,0,0,0,0,0,0,0,0,139,139,100,0,0,1,0,0,0,0,100,100,100,100,0,0,100,-1,-1,-1,100,0,1,1,-1,0,0,0,0,[0|0|0],20000,0,0,[0|0|0|0|0|0|0|0|0|0]
210500050,Rings of Spectral Light,0,0,0,0,0,0,-1,-1,-1,-1,-1,-1,-1,-1,-1,-1,-1,-1,-1,0,100,100,100,100,100,100,100,0,10,110,0,60,0,0,20,100,0,0,0,0,10,0,0,0,0,0,0,0,0,0,0,0,0,1,0,3,23,3,6,0,0,0,0,0,0,0,0,0,0,0,0,1,0,1,0,0,0,0,0,0,0,0,0,1.5,-1,-1,0,0,-1,-1,-1,-1,-1,-1,-1,-1,-1,-1,-1,-1,-1,-1,-1,-1,-1,-1,-1,-1,-1,-1,-1,-1,-1,-1,-1,-1,0,0,0,0,0,0,0,0,0,0,0,0,-1,-1,-1,-1,-1,-1,-1,-1,-1,-1,-1,-1,-1,-1,-1,-1,-1,-1,-1,-1,-1,-1,-1,-1,0,0,0,0,0,0,0,0,0,0,0,0,0,0,0,0,0,0,0,0,0,0,0,0,0,139,139,100,0,0,1,0,0,0,0,100,100,100,100,0,0,100,-1,-1,-1,100,0,1,1,-1,0,0,0,0,[0|0|0],20000,0,0,[0|0|0|0|0|0|0|0|0|0]
210620000,Vortex of Putrescence,0,0,0,0,0,0,-1,-1,-1,-1,-1,-1,-1,-1,-1,-1,-1,-1,-1,0,100,100,100,100,100,100,100,0,0,0,0,280,0,0,50,100,0,0,0,0,10,0,0,0,0,0,0,0,0,0,0,0,1,0,0,3,0,3,6,0,0,0,0,0,0,0,0,0,0,0,0,1,0,1,0,0,0,0,0,0,0,0,0,5,-1,-1,0,0,-1,-1,-1,-1,-1,-1,-1,-1,-1,-1,-1,-1,-1,-1,-1,-1,-1,-1,-1,-1,-1,-1,-1,-1,-1,-1,-1,-1,0,0,0,0,0,0,0,0,0,0,0,0,-1,-1,-1,-1,-1,-1,-1,-1,-1,-1,-1,-1,-1,-1,-1,-1,-1,-1,-1,-1,-1,-1,-1,-1,0,0,0,0,0,0,0,0,0,0,0,0,0,0,0,0,0,0,0,0,0,0,0,0,0,139,139,100,0,0,1,0,0,0,0,100,100,100,100,0,0,100,-1,-1,-1,100,0,1,1,-1,0,0,0,0,[0|0|0],20000,0,0,[0|0|0|0|0|0|0|0|0|0]
210630000,Furious Blade of Ansbach,0.2,0,0,0,0.3,0,6903,-1,-1,-1,-1,849,-1,-1,-1,120,-1,-1,-1,0,0,0,0,0,0,0,0,100,0,0,0,0,90,0,30,100,0,0,0,0,10,0,0,0,0,0,0,0,0,0,0,0,1,0,0,3,11,3,6,0,255,1,0,0,0,0,0,0,0,0,0,0,0,1,0,0,0,0,1,0,0,0,0,4,-1,-1,2100,2010,-1,-1,-1,-1,-1,-1,-1,-1,-1,-1,-1,-1,-1,-1,-1,-1,-1,-1,-1,-1,-1,-1,-1,-1,-1,-1,-1,-1,0,0,0,0,0,0,0,0,0,0,0,0,-1,-1,-1,-1,-1,-1,-1,-1,-1,-1,-1,-1,-1,-1,-1,-1,-1,-1,-1,-1,-1,-1,-1,-1,0,0,0,0,0,0,0,0,0,0,0,0,0,0,0,0,0,0,0,0,0,0,0,0,255,139,139,0,0,0,1,0,0,0,0,100,100,100,100,0,0,100,-1,-1,100,100,0,1,1,-1,3,0,0,0,[0|0|0],22006300,0,0,[0|0|0|0|0|0|0|0|0|0]
210630001,Furious Blade of Ansbach,0.2,0,0,0,0.3,0,6903,-1,-1,-1,-1,850,-1,-1,-1,130,-1,-1,-1,0,0,0,0,0,0,0,0,100,0,0,0,0,90,0,30,100,0,0,0,0,10,0,0,0,0,0,0,0,0,0,0,0,1,0,0,3,11,3,6,0,255,1,0,0,0,0,0,0,0,0,0,0,0,1,0,0,0,0,1,0,0,0,0,4,-1,-1,2100,2010,-1,-1,-1,-1,-1,-1,-1,-1,-1,-1,-1,-1,-1,-1,-1,-1,-1,-1,-1,-1,-1,-1,-1,-1,-1,-1,-1,-1,0,0,0,0,0,0,0,0,0,0,0,0,-1,-1,-1,-1,-1,-1,-1,-1,-1,-1,-1,-1,-1,-1,-1,-1,-1,-1,-1,-1,-1,-1,-1,-1,0,0,0,0,0,0,0,0,0,0,0,0,0,0,0,0,0,0,0,0,0,0,0,0,255,139,139,0,0,0,1,0,0,0,0,100,100,100,100,0,0,100,-1,-1,100,100,0,1,1,-1,3,0,0,0,[0|0|0],22006300,0,0,[0|0|0|0|0|0|0|0|0|0]
210630010,Furious Blade of Ansbach,0,0,0,0,0,0,6903,-1,-1,-1,-1,0,0,0,-1,0,0,0,-1,0,0,0,0,0,0,0,0,100,0,0,0,0,145,0,30,100,0,0,0,0,10,0,0,0,0,0,0,0,0,0,0,0,1,2,0,3,11,3,6,0,255,0,0,0,0,0,0,0,0,0,0,0,0,1,0,0,0,0,1,0,0,0,0,2,-1,-1,2100,2010,-1,-1,-1,-1,-1,-1,-1,-1,-1,-1,-1,-1,-1,-1,-1,-1,-1,-1,-1,-1,-1,-1,-1,-1,-1,-1,-1,-1,0,0,0,0,0,0,0,0,0,0,0,0,-1,-1,-1,-1,-1,-1,-1,-1,-1,-1,-1,-1,-1,-1,-1,-1,-1,-1,-1,-1,-1,-1,-1,-1,0,0,0,0,0,0,0,0,0,0,0,0,0,0,0,0,0,0,0,0,0,0,0,0,255,139,139,0,0,0,1,0,0,0,3,100,100,100,100,0,0,100,-1,-1,-1,100,0,1,1,-1,3,0,0,0,[0|0|0],22006300,0,0,[0|0|0|0|0|0|0|0|0|0]
210630050,Furious Blade of Ansbach,0.2,0.2,0,0,0.3,0,6903,-1,-1,-1,-1,854,849,-1,-1,849,120,-1,-1,0,0,0,0,0,0,0,0,100,110,0,0,0,90,0,30,100,0,0,0,0,10,0,0,0,0,0,0,0,0,0,0,0,2,0,0,3,11,3,6,0,255,1,0,0,0,0,0,0,0,0,0,0,0,1,0,0,0,0,1,0,0,9,0,4,-1,-1,2100,2010,-1,-1,-1,-1,-1,-1,-1,-1,-1,-1,-1,-1,-1,-1,-1,-1,-1,-1,-1,-1,-1,-1,-1,-1,-1,-1,-1,-1,0,0,0,0,0,0,0,0,0,0,0,0,-1,-1,-1,-1,-1,-1,-1,-1,-1,-1,-1,-1,-1,-1,-1,-1,-1,-1,-1,-1,-1,-1,-1,-1,0,0,0,0,0,0,0,0,0,0,0,0,0,0,0,0,0,0,0,0,0,0,0,0,255,139,139,0,0,0,1,0,0,0,0,100,100,100,100,0,0,100,-1,-1,100,100,0,1,1,-1,3,0,0,0,[0|0|0],22006300,0,0,[0|0|0|0|0|0|0|0|0|0]
210630051,Furious Blade of Ansbach,0.2,0.2,0,0,0.3,0,6903,-1,-1,-1,-1,855,850,-1,-1,850,130,-1,-1,0,0,0,0,0,0,0,0,100,110,0,0,0,90,0,30,100,0,0,0,0,10,0,0,0,0,0,0,0,0,0,0,0,2,0,0,3,11,3,6,0,255,1,0,0,0,0,0,0,0,0,0,0,0,1,0,0,0,0,1,0,0,9,0,4,-1,-1,2100,2010,-1,-1,-1,-1,-1,-1,-1,-1,-1,-1,-1,-1,-1,-1,-1,-1,-1,-1,-1,-1,-1,-1,-1,-1,-1,-1,-1,-1,0,0,0,0,0,0,0,0,0,0,0,0,-1,-1,-1,-1,-1,-1,-1,-1,-1,-1,-1,-1,-1,-1,-1,-1,-1,-1,-1,-1,-1,-1,-1,-1,0,0,0,0,0,0,0,0,0,0,0,0,0,0,0,0,0,0,0,0,0,0,0,0,255,139,139,0,0,0,1,0,0,0,0,100,100,100,100,0,0,100,-1,-1,100,100,0,1,1,-1,3,0,0,0,[0|0|0],22006300,0,0,[0|0|0|0|0|0|0|0|0|0]
210630060,Furious Blade of Ansbach,0,0,0,0,0,0,6903,-1,-1,-1,-1,-1,-1,-1,-1,-1,-1,-1,-1,0,0,0,0,0,0,0,0,100,110,0,0,0,145,0,30,100,0,0,0,0,10,0,0,0,0,0,0,0,0,0,0,0,1,2,0,3,11,3,6,0,255,0,0,0,0,0,0,0,0,0,0,0,0,1,0,0,0,0,1,0,0,0,0,2,-1,-1,2100,2010,-1,-1,-1,-1,-1,-1,-1,-1,-1,-1,-1,-1,-1,-1,-1,-1,-1,-1,-1,-1,-1,-1,-1,-1,-1,-1,-1,-1,0,0,0,0,0,0,0,0,0,0,0,0,-1,-1,-1,-1,-1,-1,-1,-1,-1,-1,-1,-1,-1,-1,-1,-1,-1,-1,-1,-1,-1,-1,-1,-1,0,0,0,0,0,0,0,0,0,0,0,0,0,0,0,0,0,0,0,0,0,0,0,0,255,139,139,0,0,0,1,0,0,0,3,100,100,100,100,0,0,100,-1,-1,-1,100,0,1,1,-1,3,0,0,0,[0|0|0],22006300,0,0,[0|0|0|0|0|0|0|0|0|0]
210665000,Aspects of the Crucible: Thorns,0,0,0,0,0,0,-1,-1,-1,-1,-1,-1,-1,-1,-1,-1,-1,-1,-1,0,100,100,100,100,100,100,100,0,28,0,40,0,0,0,15,100,0,0,0,0,10,0,0,0,0,0,0,0,0,0,0,0,1,1,0,2,0,2,6,0,0,0,0,0,0,0,0,0,0,0,0,1,0,1,0,0,0,0,0,0,0,0,0,0.6,-1,-1,0,0,-1,-1,-1,-1,-1,-1,-1,-1,-1,-1,-1,-1,-1,-1,-1,-1,-1,-1,-1,-1,-1,-1,-1,-1,-1,-1,-1,-1,0,0,0,0,0,0,0,0,0,0,0,0,-1,-1,-1,-1,-1,-1,-1,-1,-1,-1,-1,-1,-1,-1,-1,-1,-1,-1,-1,-1,-1,-1,-1,-1,0,0,0,0,0,0,0,0,0,0,0,0,0,0,0,0,0,0,0,0,0,0,0,0,0,139,139,100,0,0,1,0,0,0,1,100,100,100,100,0,0,100,-1,-1,-1,100,0,1,1,-1,0,0,0,0,[0|0|0],20000,0,0,[0|0|0|0|0|0|0|0|0|0]
210665001,Aspects of the Crucible: Thorns,0,0,0,0,0,0,-1,-1,-1,-1,-1,-1,-1,-1,-1,-1,-1,-1,-1,0,100,100,100,100,100,100,100,0,28,0,70,0,0,0,50,100,0,0,0,0,10,0,0,0,0,0,0,0,0,0,0,0,2,1,0,2,0,2,6,0,0,0,0,0,0,0,0,0,0,0,0,1,0,1,0,0,0,0,0,0,0,0,0,5,-1,-1,0,0,-1,-1,-1,-1,-1,-1,-1,-1,-1,-1,-1,-1,-1,-1,-1,-1,-1,-1,-1,-1,-1,-1,-1,-1,-1,-1,-1,-1,0,0,0,0,0,0,0,0,0,0,0,0,-1,-1,-1,-1,-1,-1,-1,-1,-1,-1,-1,-1,-1,-1,-1,-1,-1,-1,-1,-1,-1,-1,-1,-1,0,0,0,0,0,0,0,0,0,0,0,0,0,0,0,0,0,0,0,0,0,0,0,0,0,139,139,100,0,0,1,0,0,0,0,100,100,100,100,0,0,100,-1,-1,-1,100,0,1,1,-1,0,0,0,0,[0|0|0],20000,0,0,[0|0|0|0|0|0|0|0|0|0]
210680000,Roar of Rugalea,5,0,0,0,0.8,0,-1,-1,-1,-1,-1,833,-1,-1,-1,-1,-1,-1,-1,0,100,100,100,100,100,100,100,0,107,0,80,0,0,0,200,100,0,0,0,0,10,0,0,0,0,0,0,0,0,0,0,0,7,2,0,3,0,3,6,0,0,1,0,0,0,0,0,0,0,0,0,0,0,1,0,0,0,0,0,0,0,0,0,4,-1,-1,0,0,-1,-1,-1,-1,99999999,99999999,99999999,99999999,99999999,99999999,99999999,99999999,99999999,99999999,99999999,99999999,99999999,99999999,99999999,99999999,99999999,99999999,99999999,99999999,99999999,99999999,99999999,99999999,0,0,0,0,0,0,0,0,0,0,0,0,-1,-1,-1,-1,-1,-1,-1,-1,-1,-1,-1,-1,-1,-1,-1,-1,-1,-1,-1,-1,-1,-1,-1,-1,0,0,0,0,0,0,0,0,0,0,0,0,0,0,0,0,0,0,0,0,0,0,0,0,0,139,139,100,0,0,1,0,0,0,5,100,100,100,100,0,0,100,-1,-1,-1,100,0,1,1,-1,0,0,100,0,[0|0|0],20000,0,0,[0|0|0|0|0|0|0|0|0|0]
210680050,Roar of Rugalea,6.5,0,0,0,0.1,0,-1,-1,-1,-1,-1,833,-1,-1,-1,-1,-1,-1,-1,0,100,100,100,100,100,100,100,0,107,110,30,0,0,0,50,100,0,0,0,0,10,0,0,0,0,0,0,0,0,0,0,0,3,2,0,3,0,3,6,0,0,1,0,0,0,0,0,0,0,0,0,0,0,1,0,0,0,0,0,0,0,0,0,0,-1,-1,0,0,-1,-1,-1,-1,99999999,99999999,99999999,99999999,99999999,99999999,99999999,99999999,99999999,99999999,99999999,99999999,99999999,99999999,99999999,99999999,99999999,99999999,99999999,99999999,99999999,99999999,99999999,99999999,0,0,0,0,0,0,0,0,0,0,0,0,-1,-1,-1,-1,-1,-1,-1,-1,-1,-1,-1,-1,-1,-1,-1,-1,-1,-1,-1,-1,-1,-1,-1,-1,0,0,0,0,0,0,0,0,0,0,0,0,0,0,0,0,0,0,0,0,0,0,0,0,0,139,139,100,0,0,1,0,0,0,0,100,100,100,100,0,0,100,-1,-1,-1,100,0,1,1,-1,0,0,100,0,[0|0|0],20000,0,0,[0|0|0|0|0|0|0|0|0|0]
210680052,Roar of Rugalea,6.5,0,0,0,1.2,0,-1,-1,-1,-1,-1,833,-1,-1,-1,-1,-1,-1,-1,0,100,100,100,100,100,100,100,0,107,110,160,0,0,0,200,100,0,0,0,0,10,0,0,0,0,0,0,0,0,0,0,0,7,2,0,3,0,3,6,0,0,1,0,0,0,0,0,0,0,0,0,0,0,1,0,0,0,0,0,0,0,0,0,15,-1,-1,2130,2030,-1,-1,-1,-1,99999999,99999999,99999999,99999999,99999999,99999999,99999999,99999999,99999999,99999999,99999999,99999999,99999999,99999999,99999999,99999999,99999999,99999999,99999999,99999999,99999999,99999999,99999999,99999999,0,0,0,0,0,0,0,0,0,0,0,0,-1,-1,-1,-1,-1,-1,-1,-1,-1,-1,-1,-1,-1,-1,-1,-1,-1,-1,-1,-1,-1,-1,-1,-1,0,0,0,0,0,0,0,0,0,0,0,0,0,0,0,0,0,0,0,0,0,0,0,0,0,139,139,100,0,0,1,0,0,0,0,100,100,100,100,0,0,100,-1,-1,-1,100,0,1,1,-1,0,0,150,0,[0|0|0],20000,0,0,[0|0|0|0|0|0|0|0|0|0]
210690000,Knight's Lightning Spear,0,0,0,0,1.2,0,-1,-1,-1,-1,-1,-1,-1,-1,-1,-1,-1,-1,-1,0,0,0,0,100,100,0,0,0,22,0,0,0,0,138,50,100,0,0,0,0,10,0,0,0,0,0,0,0,0,0,0,0,2,1,0,3,12,3,6,0,0,0,0,0,0,0,0,0,0,0,0,0,0,1,0,0,0,0,0,0,0,0,0,5,-1,-1,2110,2110,-1,-1,-1,-1,-1,-1,-1,-1,-1,-1,-1,-1,-1,-1,-1,-1,-1,-1,-1,-1,-1,-1,-1,-1,-1,-1,-1,-1,0,0,0,0,0,0,0,0,0,0,0,0,-1,-1,-1,-1,-1,-1,-1,-1,-1,-1,-1,-1,-1,-1,-1,-1,-1,-1,-1,-1,-1,-1,-1,-1,0,0,0,0,0,0,0,0,0,0,0,0,0,0,0,0,0,0,0,0,0,0,0,0,0,139,139,0,0,0,1,0,0,0,0,100,100,100,100,0,0,100,-1,-1,-1,100,0,1,1,-1,0,0,50,0,[0|0|0],20000,0,0,[0|0|0|0|0|0|0|0|0|0]
210690050,Knight's Lightning Spear,0,0,0,0,1.2,0,-1,-1,-1,-1,-1,-1,-1,-1,-1,-1,-1,-1,-1,0,0,0,0,100,100,0,0,0,22,110,0,0,0,164,60,100,0,0,0,0,10,0,0,0,0,0,0,0,0,0,0,0,3,1,0,3,12,3,6,0,0,0,0,0,0,0,0,0,0,0,0,0,1,1,0,0,0,0,0,0,0,0,0,9.25,-1,-1,2120,2120,-1,-1,-1,-1,-1,-1,-1,-1,-1,-1,-1,-1,-1,-1,-1,-1,-1,-1,-1,-1,-1,-1,-1,-1,-1,-1,-1,-1,0,0,0,0,0,0,0,0,0,0,0,0,-1,-1,-1,-1,-1,-1,-1,-1,-1,-1,-1,-1,-1,-1,-1,-1,-1,-1,-1,-1,-1,-1,-1,-1,0,0,0,0,0,0,0,0,0,0,0,0,0,0,0,0,0,0,0,0,0,0,0,0,0,139,139,0,0,0,1,0,0,0,0,100,100,100,100,0,0,100,-1,-1,-1,100,0,1,1,-1,0,0,60,0,[0|0|0],20000,0,0,[0|0|0|0|0|0|0|0|0|0]
210701000,Bayle's Flame Lightning,1,1,0,0,1.47,0,6907,-1,-1,-1,-1,821,821,0,0,820,822,0,0,0,0,0,0,0,0,0,0,0,25,0,250,0,190,250,300,100,0,0,0,0,10,0,0,0,0,2,0,0,0,0,0,0,4,0,0,3,11,3,6,0,0,1,0,0,0,0,0,0,0,0,0,2,1,1,0,0,0,0,0,0,0,0,0,30,-1,-1,2130,2030,-1,-1,-1,-1,-1,-1,-1,-1,-1,-1,-1,-1,-1,-1,-1,-1,-1,-1,-1,-1,-1,-1,-1,-1,-1,-1,-1,-1,0,0,0,0,0,0,0,0,0,0,0,0,-1,-1,-1,-1,-1,-1,-1,-1,-1,-1,-1,-1,-1,-1,-1,-1,-1,-1,-1,-1,-1,-1,-1,-1,0,0,0,0,0,0,0,0,0,0,0,0,0,0,0,0,0,0,0,0,0,0,0,0,0,139,139,0,0,0,1,0,0,0,0,100,100,100,100,0,0,100,-1,-1,-1,100,0,1,1,-1,8,0,0,0,[0|0|0],20000,0,0,[0|0|0|0|0|0|0|0|0|0]
210773000,Divine Beast Tornado,0,0,0,0,0,0,-1,-1,-1,-1,-1,-1,-1,-1,-1,-1,-1,-1,-1,0,100,100,100,100,100,100,100,0,0,124,160,0,0,0,50,100,0,0,0,0,10,0,0,0,0,0,0,0,0,0,0,0,3,0,0,3,0,3,6,0,0,0,0,0,0,0,0,0,0,0,0,1,0,1,0,0,0,0,0,0,0,0,0,8,-1,-1,0,0,-1,-1,-1,-1,-1,-1,-1,-1,-1,-1,-1,-1,-1,-1,-1,-1,-1,-1,-1,-1,-1,-1,-1,-1,-1,-1,-1,-1,0,0,0,0,0,0,0,0,0,0,0,0,-1,-1,-1,-1,-1,-1,-1,-1,-1,-1,-1,-1,-1,-1,-1,-1,-1,-1,-1,-1,-1,-1,-1,-1,0,0,0,0,0,0,0,0,0,0,0,0,0,0,0,0,0,0,0,0,0,0,0,0,0,139,139,100,0,0,1,0,0,0,4,100,100,100,100,0,0,100,-1,-1,-1,100,0,1,1,-1,0,0,100,0,[0|0|0],22007730,0,0,[0|0|0|0|0|0|0|0|0|0]
210773050,Divine Beast Tornado,0,0,0,0,0,0,-1,-1,-1,-1,-1,-1,-1,-1,-1,-1,-1,-1,-1,0,100,100,100,100,100,100,100,0,110,124,200,0,0,0,80,100,0,0,0,0,10,0,0,0,0,0,0,0,0,0,0,0,3,0,0,3,0,3,6,0,0,0,0,0,0,0,0,0,0,0,0,1,0,1,0,0,0,0,0,0,0,0,0,8,-1,-1,0,0,-1,-1,-1,-1,-1,-1,-1,-1,-1,-1,-1,-1,-1,-1,-1,-1,-1,-1,-1,-1,-1,-1,-1,-1,-1,-1,-1,-1,0,0,0,0,0,0,0,0,0,0,0,0,-1,-1,-1,-1,-1,-1,-1,-1,-1,-1,-1,-1,-1,-1,-1,-1,-1,-1,-1,-1,-1,-1,-1,-1,0,0,0,0,0,0,0,0,0,0,0,0,0,0,0,0,0,0,0,0,0,0,0,0,0,139,139,100,0,0,1,0,0,0,4,100,100,100,100,0,0,100,-1,-1,-1,100,0,1,1,-1,0,0,100,0,[0|0|0],22007730,0,0,[0|0|0|0|0|0|0|0|0|0]
210781000,Rain of Fire,0,0,0,0,0,0,-1,-1,-1,-1,-1,-1,-1,-1,-1,-1,-1,-1,-1,0,100,100,100,100,100,100,100,0,33,0,0,0,35,0,10,100,0,0,0,0,10,0,0,0,0,0,0,0,0,0,0,0,0,0,0,3,11,3,6,0,0,0,0,0,0,0,0,0,0,0,0,1,0,1,0,0,0,0,0,0,0,0,0,3,-1,-1,0,0,-1,-1,-1,-1,-1,-1,-1,-1,-1,-1,-1,-1,-1,-1,-1,-1,-1,-1,-1,-1,-1,-1,-1,-1,-1,-1,-1,-1,0,0,0,0,0,0,0,0,0,0,0,0,-1,-1,-1,-1,-1,-1,-1,-1,-1,-1,-1,-1,-1,-1,-1,-1,-1,-1,-1,-1,-1,-1,-1,-1,0,0,0,0,0,0,0,0,0,0,0,0,0,0,0,0,0,0,0,0,0,0,0,0,0,139,139,100,0,0,1,0,0,0,0,100,100,100,100,0,0,100,-1,-1,-1,100,0,1,1,-1,7,0,100,0,[0|0|0],20000,0,0,[0|0|0|0|0|0|0|0|0|0]
210781001,Rain of Fire,0,0,0,0,0,0,-1,-1,-1,-1,-1,-1,-1,-1,-1,-1,-1,-1,-1,0,100,100,100,100,100,100,100,0,33,0,0,0,30,0,10,100,0,0,0,0,10,0,0,0,0,0,0,0,0,0,0,0,0,2,0,3,11,3,6,0,0,0,0,0,0,0,0,0,0,0,0,1,0,1,0,0,0,0,0,0,0,0,0,3,-1,-1,0,0,-1,-1,-1,-1,-1,-1,-1,-1,-1,-1,-1,-1,-1,-1,-1,-1,-1,-1,-1,-1,-1,-1,-1,-1,-1,-1,-1,-1,0,0,0,0,0,0,0,0,0,0,0,0,-1,-1,-1,-1,-1,-1,-1,-1,-1,-1,-1,-1,-1,-1,-1,-1,-1,-1,-1,-1,-1,-1,-1,-1,0,0,0,0,0,0,0,0,0,0,0,0,0,0,0,0,0,0,0,0,0,0,0,0,0,139,139,100,0,0,1,0,0,0,0,100,100,100,100,0,0,100,-1,-1,-1,100,0,1,1,-1,7,0,100,0,[0|0|0],20000,0,0,[0|0|0|0|0|0|0|0|0|0]
210781050,Rain of Fire,0,0,0,0,0,0,-1,-1,-1,-1,-1,-1,-1,-1,-1,-1,-1,-1,-1,0,100,100,100,100,100,100,100,0,33,110,0,0,38,0,10,100,0,0,0,0,10,0,0,0,0,0,0,0,0,0,0,0,0,0,0,3,11,3,6,0,0,0,0,0,0,0,0,0,0,0,0,1,0,1,0,0,0,0,0,0,0,0,0,3,-1,-1,0,0,-1,-1,-1,-1,-1,-1,-1,-1,-1,-1,-1,-1,-1,-1,-1,-1,-1,-1,-1,-1,-1,-1,-1,-1,-1,-1,-1,-1,0,0,0,0,0,0,0,0,0,0,0,0,-1,-1,-1,-1,-1,-1,-1,-1,-1,-1,-1,-1,-1,-1,-1,-1,-1,-1,-1,-1,-1,-1,-1,-1,0,0,0,0,0,0,0,0,0,0,0,0,0,0,0,0,0,0,0,0,0,0,0,0,0,139,139,100,0,0,1,0,0,0,0,100,100,100,100,0,0,100,-1,-1,-1,100,0,1,1,-1,7,0,100,0,[0|0|0],20000,0,0,[0|0|0|0|0|0|0|0|0|0]
210781051,Rain of Fire,0,0,0,0,0,0,-1,-1,-1,-1,-1,-1,-1,-1,-1,-1,-1,-1,-1,0,100,100,100,100,100,100,100,0,33,110,0,0,33,0,10,100,0,0,0,0,10,0,0,0,0,0,0,0,0,0,0,0,0,2,0,3,11,3,6,0,0,0,0,0,0,0,0,0,0,0,0,1,0,1,0,0,0,0,0,0,0,0,0,3,-1,-1,0,0,-1,-1,-1,-1,-1,-1,-1,-1,-1,-1,-1,-1,-1,-1,-1,-1,-1,-1,-1,-1,-1,-1,-1,-1,-1,-1,-1,-1,0,0,0,0,0,0,0,0,0,0,0,0,-1,-1,-1,-1,-1,-1,-1,-1,-1,-1,-1,-1,-1,-1,-1,-1,-1,-1,-1,-1,-1,-1,-1,-1,0,0,0,0,0,0,0,0,0,0,0,0,0,0,0,0,0,0,0,0,0,0,0,0,0,139,139,100,0,0,1,0,0,0,0,100,100,100,100,0,0,100,-1,-1,-1,100,0,1,1,-1,7,0,100,0,[0|0|0],20000,0,0,[0|0|0|0|0|0|0|0|0|0]
600000020,Firespark Perfume Bottle - Bullet,0.4,0,0,0,0.7,0,6902,-1,-1,-1,1667,100,0,-1,-1,110,0,-1,-1,0,55,55,55,55,30,500,100,100,112,109,0,0,0,0,0,0,0,0,0,0,20,0,0,0,0,0,0,0,0,0,0,0,3,1,0,253,255,3,255,0,0,0,0,0,0,0,0,0,0,0,0,0,3,1,0,0,0,0,0,0,0,2,0,0,-1,-1,2100,2010,-1,-1,-1,-1,-1,-1,-1,-1,-1,-1,-1,-1,-1,-1,-1,-1,-1,-1,-1,-1,-1,-1,-1,-1,-1,-1,-1,-1,0,0,0,0,0,0,0,0,0,0,0,0,-1,-1,-1,-1,-1,-1,-1,-1,-1,-1,-1,-1,-1,-1,-1,-1,-1,-1,-1,-1,-1,-1,-1,-1,0,0,0,0,0,0,0,0,0,0,0,0,0,0,0,0,0,0,0,0,0,0,0,0,255,139,139,55,0,0,0,1,0,0,0,50,100,100,100,0,0,50,-1,0,100,100,0,1,1,-1,0,0,30,0,[0|0|0],10000,0,0,[0|0|0|0|0|0|0|0|0|0]
600000021,Firespark Perfume Bottle - Bullet,0.4,0,0,0,0.7,0,6902,-1,-1,-1,1667,100,0,-1,-1,110,0,-1,-1,0,40,40,40,40,30,500,100,100,111,109,0,0,0,0,0,0,0,0,0,0,20,0,0,0,0,0,0,0,0,0,0,0,3,1,0,253,255,3,255,0,0,0,0,0,0,0,0,0,0,0,0,0,3,1,0,0,0,0,0,0,0,2,0,0,-1,-1,2100,2010,-1,-1,-1,-1,-1,-1,-1,-1,-1,-1,-1,-1,-1,-1,-1,-1,-1,-1,-1,-1,-1,-1,-1,-1,-1,-1,-1,-1,0,0,0,0,0,0,0,0,0,0,0,0,-1,-1,-1,-1,-1,-1,-1,-1,-1,-1,-1,-1,-1,-1,-1,-1,-1,-1,-1,-1,-1,-1,-1,-1,0,0,0,0,0,0,0,0,0,0,0,0,0,0,0,0,0,0,0,0,0,0,0,0,255,139,139,40,0,0,0,1,0,0,0,50,100,100,100,0,0,50,-1,0,100,100,0,1,1,-1,0,0,50,0,[0|0|0],10000,0,0,[0|0|0|0|0|0|0|0|0|0]
600000022,Firespark Perfume Bottle - Bullet,0,0,0,0,0,0,-1,-1,-1,-1,-1,0,0,0,0,0,0,0,0,0,10,10,10,10,0,9900,0,0,112,109,0,0,0,0,0,0,0,0,0,0,0,0,0,0,0,0,0,0,0,0,0,0,0,0,0,3,0,3,6,0,255,0,0,0,0,0,0,0,0,0,0,0,0,1,0,0,0,0,0,0,0,2,0,0,-1,-1,0,0,-1,-1,-1,-1,-1,-1,-1,-1,-1,-1,-1,-1,-1,-1,-1,-1,-1,-1,-1,-1,-1,-1,-1,-1,-1,-1,-1,-1,0,0,0,0,0,0,0,0,0,0,0,0,-1,-1,-1,-1,-1,-1,-1,-1,-1,-1,-1,-1,-1,-1,-1,-1,-1,-1,-1,-1,-1,-1,-1,-1,0,0,0,0,0,0,0,0,0,0,0,0,0,0,0,0,0,0,0,0,0,0,0,0,255,139,139,10,0,0,1,1,0,0,0,20,0,0,0,0,0,20,-1,-1,-1,100,0,1,1,-1,0,0,0,0,[0|0|0],10000,0,0,[0|0|0|0|0|0|0|0|0|0]
600000023,Firespark Perfume Bottle - Bullet,0,0,0,0,0,0,-1,-1,-1,-1,-1,-1,-1,-1,-1,-1,-1,-1,-1,0,0,0,0,0,0,0,0,0,0,0,0,0,0,0,0,100,0,0,0,0,0,0,0,0,0,0,0,0,0,0,0,0,0,1,0,3,0,3,6,0,0,0,0,0,0,0,0,0,0,0,0,1,0,0,0,1,0,0,0,0,0,0,0,0,-1,-1,0,0,-1,-1,-1,-1,-1,-1,-1,-1,-1,-1,-1,-1,-1,-1,-1,-1,-1,-1,-1,-1,-1,-1,-1,-1,-1,-1,-1,-1,0,0,0,0,0,0,0,0,0,0,0,0,-1,-1,-1,-1,-1,-1,-1,-1,-1,-1,-1,-1,-1,-1,-1,-1,-1,-1,-1,-1,-1,-1,-1,-1,0,0,0,0,0,0,0,0,0,0,0,0,0,0,0,0,0,0,0,0,0,0,0,0,0,139,139,0,0,0,1,0,0,0,0,0,100,100,100,0,0,0,-1,-1,-1,100,0,1,1,-1,0,0,0,0,[0|0|0],-1,0,0,[0|0|0|0|0|0|0|0|0|0]
600000030,Firespark Perfume Bottle - Bullet,0.4,0,0,0,0.7,0,6902,-1,-1,-1,1667,100,0,-1,-1,110,0,-1,-1,0,82,82,82,82,70,500,100,100,112,109,0,0,0,0,0,0,0,0,0,0,20,0,0,0,0,0,0,0,0,0,0,0,3,1,0,253,255,3,255,0,0,0,0,0,0,0,0,0,0,0,0,0,3,1,0,0,0,0,0,0,0,0,0,0,-1,-1,2100,2010,-1,-1,-1,-1,-1,-1,-1,-1,-1,-1,-1,-1,-1,-1,-1,-1,-1,-1,-1,-1,-1,-1,-1,-1,-1,-1,-1,-1,0,0,0,0,0,0,0,0,0,0,0,0,-1,-1,-1,-1,-1,-1,-1,-1,-1,-1,-1,-1,-1,-1,-1,-1,-1,-1,-1,-1,-1,-1,-1,-1,0,0,0,0,0,0,0,0,0,0,0,0,0,0,0,0,0,0,0,0,0,0,0,0,255,139,139,82,0,0,0,1,0,0,0,90,100,100,100,0,0,90,-1,0,100,100,0,1,1,-1,0,0,80,0,[0|0|0],10000,0,0,[0|0|0|0|0|0|0|0|0|0]
600000031,Firespark Perfume Bottle - Bullet,0,0,0,0,0,0,-1,-1,-1,-1,-1,0,0,0,0,0,0,0,0,0,10,10,10,10,0,9900,0,0,112,109,0,0,0,0,0,0,0,0,0,0,0,0,0,0,0,0,0,0,0,0,0,0,0,0,0,3,0,3,6,0,255,0,0,0,0,0,0,0,0,0,0,0,0,1,0,0,0,0,0,0,0,2,0,0,-1,-1,0,0,-1,-1,-1,-1,-1,-1,-1,-1,-1,-1,-1,-1,-1,-1,-1,-1,-1,-1,-1,-1,-1,-1,-1,-1,-1,-1,-1,-1,0,0,0,0,0,0,0,0,0,0,0,0,-1,-1,-1,-1,-1,-1,-1,-1,-1,-1,-1,-1,-1,-1,-1,-1,-1,-1,-1,-1,-1,-1,-1,-1,0,0,0,0,0,0,0,0,0,0,0,0,0,0,0,0,0,0,0,0,0,0,0,0,255,139,139,10,0,0,1,1,0,0,0,10,0,0,0,0,0,10,-1,-1,-1,100,0,1,1,-1,0,0,0,0,[0|0|0],10000,0,0,[0|0|0|0|0|0|0|0|0|0]
600000060,,0.3,0.2,0,0,1.2,0.08,6906,-1,-1,-1,1667,100,120,-1,-1,120,-1,-1,-1,0,130,130,130,130,100,500,100,100,112,128,0,0,0,0,0,0,0,0,0,0,10,0,0,0,0,2,0,0,0,0,0,0,2,0,0,253,255,0,255,0,255,0,0,0,0,0,0,0,0,0,0,0,1,1,0,0,0,0,0,0,0,0,0,0,-1,-1,2100,2010,-1,-1,-1,-1,-1,-1,-1,-1,-1,-1,-1,-1,-1,-1,-1,-1,-1,-1,-1,-1,-1,-1,-1,-1,-1,-1,-1,-1,0,0,0,0,0,0,0,0,0,0,0,0,-1,-1,-1,-1,-1,-1,-1,-1,-1,-1,-1,-1,-1,-1,-1,-1,-1,-1,-1,-1,-1,-1,-1,-1,0,0,0,0,0,0,0,0,0,0,0,0,0,0,0,0,0,0,0,0,0,0,0,0,255,139,139,130,0,0,1,1,0,0,0,100,100,100,100,0,0,100,-1,0,100,100,0,1,1,-1,0,0,200,0,[0|0|0],10000,0,0,[0|0|0|0|0|0|0|0|0|0]
600000061,,0.3,0.2,0,0,1.8,0.08,6906,-1,-1,-1,1667,100,120,-1,-1,120,-1,-1,-1,0,77,77,77,77,100,500,100,100,112,128,0,0,0,0,0,0,0,0,0,0,10,0,0,0,0,2,0,0,0,0,0,0,3,0,0,253,255,0,255,0,255,0,0,0,0,0,0,0,0,0,0,0,1,1,0,0,0,0,0,0,0,0,0,0,-1,-1,2100,2010,-1,-1,-1,-1,-1,-1,-1,-1,-1,-1,-1,-1,-1,-1,-1,-1,-1,-1,-1,-1,-1,-1,-1,-1,-1,-1,-1,-1,0,0,0,0,0,0,0,0,0,0,0,0,-1,-1,-1,-1,-1,-1,-1,-1,-1,-1,-1,-1,-1,-1,-1,-1,-1,-1,-1,-1,-1,-1,-1,-1,0,0,0,0,0,0,0,0,0,0,0,0,0,0,0,0,0,0,0,0,0,0,0,0,255,139,139,77,0,0,1,1,0,0,0,70,100,100,100,0,0,100,-1,0,100,100,0,1,1,-1,0,0,100,0,[0|0|0],10000,0,0,[0|0|0|0|0|0|0|0|0|0]
600000062,,0.3,0.2,0,0,1.8,0.08,6906,-1,-1,-1,1667,100,120,-1,-1,120,-1,-1,-1,0,83,83,83,83,100,500,100,100,112,128,0,0,0,0,0,0,0,0,0,0,10,0,0,0,0,2,0,0,0,0,0,0,3,0,0,253,255,0,255,0,255,0,0,0,0,0,0,0,0,0,0,0,1,1,0,0,0,0,0,0,0,0,0,0,-1,-1,2100,2010,-1,-1,-1,-1,-1,-1,-1,-1,-1,-1,-1,-1,-1,-1,-1,-1,-1,-1,-1,-1,-1,-1,-1,-1,-1,-1,-1,-1,0,0,0,0,0,0,0,0,0,0,0,0,-1,-1,-1,-1,-1,-1,-1,-1,-1,-1,-1,-1,-1,-1,-1,-1,-1,-1,-1,-1,-1,-1,-1,-1,0,0,0,0,0,0,0,0,0,0,0,0,0,0,0,0,0,0,0,0,0,0,0,0,255,139,139,83,0,0,1,1,0,0,0,75,100,100,100,0,0,100,-1,0,100,100,0,1,1,-1,0,0,100,0,[0|0|0],10000,0,0,[0|0|0|0|0|0|0|0|0|0]
600000063,,0.3,0.2,0,0,1.8,0.08,6906,-1,-1,-1,1667,100,120,-1,-1,120,-1,-1,-1,0,93,93,93,93,100,500,100,100,112,128,0,0,0,0,0,0,0,0,0,0,10,0,0,0,0,2,0,0,0,0,0,0,3,0,0,253,255,0,255,0,255,0,0,0,0,0,0,0,0,0,0,0,1,1,0,0,0,0,0,0,0,0,0,0,-1,-1,2100,2010,-1,-1,-1,-1,-1,-1,-1,-1,-1,-1,-1,-1,-1,-1,-1,-1,-1,-1,-1,-1,-1,-1,-1,-1,-1,-1,-1,-1,0,0,0,0,0,0,0,0,0,0,0,0,-1,-1,-1,-1,-1,-1,-1,-1,-1,-1,-1,-1,-1,-1,-1,-1,-1,-1,-1,-1,-1,-1,-1,-1,0,0,0,0,0,0,0,0,0,0,0,0,0,0,0,0,0,0,0,0,0,0,0,0,255,139,139,93,0,0,1,1,0,0,0,85,100,100,100,0,0,100,-1,0,100,100,0,1,1,-1,0,0,200,0,[0|0|0],10000,0,0,[0|0|0|0|0|0|0|0|0|0]
600000070,,0.4,0.7,0.2,0,0.8,0.04,6902,-1,-1,-1,-1,10120,151,10120,-1,10100,-1,-1,-1,0,104,104,104,104,100,500,100,100,111,0,0,0,0,0,0,0,0,0,0,0,10,0,0,0,0,0,2,0,0,0,0,0,2,0,0,253,255,0,255,0,255,0,0,0,0,0,0,0,0,0,0,0,3,1,0,0,0,0,0,0,0,0,0,0,-1,-1,2100,2010,-1,-1,-1,-1,-1,-1,-1,-1,-1,-1,-1,-1,-1,-1,-1,-1,-1,-1,-1,-1,-1,-1,-1,-1,-1,-1,-1,-1,0,0,0,0,0,0,0,0,0,0,0,0,-1,-1,-1,-1,-1,-1,-1,-1,-1,-1,-1,-1,-1,-1,-1,-1,-1,-1,-1,-1,-1,-1,-1,-1,0,0,0,0,0,0,0,0,0,0,0,0,0,0,0,0,0,0,0,0,0,0,0,0,255,139,139,104,0,0,1,1,0,0,0,100,100,100,100,0,0,100,-1,0,100,100,0,1,1,-1,0,0,300,0,[0|0|0],10000,0,0,[0|0|0|0|0|0|0|0|0|0]
600000071,,0.4,0.2,0.2,0,0.8,0.04,6902,-1,-1,-1,-1,11120,11120,11120,-1,11100,-1,-1,-1,0,104,104,104,104,100,500,100,100,111,0,0,0,0,0,0,0,0,0,0,0,10,0,0,0,0,2,2,0,0,0,0,0,2,0,0,253,255,0,255,0,255,0,0,0,0,0,0,0,0,0,0,0,4,1,0,0,0,0,0,0,0,0,0,0,-1,-1,2100,2010,-1,-1,-1,-1,-1,-1,-1,-1,-1,-1,-1,-1,-1,-1,-1,-1,-1,-1,-1,-1,-1,-1,-1,-1,-1,-1,-1,-1,0,0,0,0,0,0,0,0,0,0,0,0,-1,-1,-1,-1,-1,-1,-1,-1,-1,-1,-1,-1,-1,-1,-1,-1,-1,-1,-1,-1,-1,-1,-1,-1,0,0,0,0,0,0,0,0,0,0,0,0,0,0,0,0,0,0,0,0,0,0,0,0,255,139,139,104,0,0,1,1,0,0,0,100,100,100,100,0,0,100,-1,0,100,100,0,1,1,-1,0,0,300,0,[0|0|0],10000,0,0,[0|0|0|0|0|0|0|0|0|0]
600000072,,0.4,0.7,0,0,0.8,0.04,6902,-1,-1,-1,-1,10120,151,-1,-1,10100,-1,-1,-1,0,80,80,80,80,80,500,100,100,111,0,0,0,0,0,0,0,0,0,0,0,10,0,0,0,0,0,0,0,0,0,0,0,2,0,0,253,255,0,255,0,255,0,0,0,0,0,0,0,0,0,0,0,3,1,0,0,0,0,0,0,0,0,0,0,-1,-1,2100,2010,-1,-1,-1,-1,-1,-1,-1,-1,-1,-1,-1,-1,-1,-1,-1,-1,-1,-1,-1,-1,-1,-1,-1,-1,-1,-1,-1,-1,0,0,0,0,0,0,0,0,0,0,0,0,-1,-1,-1,-1,-1,-1,-1,-1,-1,-1,-1,-1,-1,-1,-1,-1,-1,-1,-1,-1,-1,-1,-1,-1,0,0,0,0,0,0,0,0,0,0,0,0,0,0,0,0,0,0,0,0,0,0,0,0,255,139,139,80,0,0,1,1,0,0,0,100,100,100,100,0,0,100,-1,0,100,100,0,1,1,-1,0,0,100,0,[0|0|0],10000,0,0,[0|0|0|0|0|0|0|0|0|0]
600000073,,0.4,0.2,0,0,0.8,0.04,6902,-1,-1,-1,-1,11120,11120,-1,-1,11100,-1,-1,-1,0,80,80,80,80,80,500,100,100,111,0,0,0,0,0,0,0,0,0,0,0,10,0,0,0,0,2,0,0,0,0,0,0,2,0,0,253,255,0,255,0,255,0,0,0,0,0,0,0,0,0,0,0,4,1,0,0,0,0,0,0,0,0,0,0,-1,-1,2100,2010,-1,-1,-1,-1,-1,-1,-1,-1,-1,-1,-1,-1,-1,-1,-1,-1,-1,-1,-1,-1,-1,-1,-1,-1,-1,-1,-1,-1,0,0,0,0,0,0,0,0,0,0,0,0,-1,-1,-1,-1,-1,-1,-1,-1,-1,-1,-1,-1,-1,-1,-1,-1,-1,-1,-1,-1,-1,-1,-1,-1,0,0,0,0,0,0,0,0,0,0,0,0,0,0,0,0,0,0,0,0,0,0,0,0,255,139,139,80,0,0,1,1,0,0,0,100,100,100,100,0,0,100,-1,0,100,100,0,1,1,-1,0,0,100,0,[0|0|0],10000,0,0,[0|0|0|0|0|0|0|0|0|0]
600000074,,0.4,0.7,0.2,0,0.8,0.04,6902,-1,-1,-1,-1,10120,151,10120,-1,10100,-1,-1,-1,0,160,160,160,160,100,500,100,100,111,0,0,0,0,0,0,0,0,0,0,0,10,0,0,0,0,0,2,0,0,0,0,0,2,0,0,253,255,0,255,0,255,0,0,0,0,0,0,0,0,0,0,0,3,1,0,0,0,0,0,0,0,0,0,0,-1,-1,2100,2010,-1,-1,-1,-1,-1,-1,-1,-1,-1,-1,-1,-1,-1,-1,-1,-1,-1,-1,-1,-1,-1,-1,-1,-1,-1,-1,-1,-1,0,0,0,0,0,0,0,0,0,0,0,0,-1,-1,-1,-1,-1,-1,-1,-1,-1,-1,-1,-1,-1,-1,-1,-1,-1,-1,-1,-1,-1,-1,-1,-1,0,0,0,0,0,0,0,0,0,0,0,0,0,0,0,0,0,0,0,0,0,0,0,0,255,139,139,160,0,0,1,1,0,0,0,100,100,100,100,0,0,100,-1,0,100,100,0,1,1,-1,0,0,100,0,[0|0|0],10000,0,0,[0|0|0|0|0|0|0|0|0|0]
600000075,,0.4,0.7,0.2,0,0.8,0.04,6902,-1,-1,-1,-1,10120,151,10120,-1,10100,-1,-1,-1,0,92,92,92,92,100,500,100,100,112,0,0,0,0,0,0,0,0,0,0,0,10,0,0,0,0,0,2,0,0,0,0,0,2,0,0,253,255,0,255,0,255,0,0,0,0,0,0,0,0,0,0,0,3,1,0,0,0,0,0,0,0,0,0,0,-1,-1,2100,2010,-1,-1,-1,-1,-1,-1,-1,-1,-1,-1,-1,-1,-1,-1,-1,-1,-1,-1,-1,-1,-1,-1,-1,-1,-1,-1,-1,-1,0,0,0,0,0,0,0,0,0,0,0,0,-1,-1,-1,-1,-1,-1,-1,-1,-1,-1,-1,-1,-1,-1,-1,-1,-1,-1,-1,-1,-1,-1,-1,-1,0,0,0,0,0,0,0,0,0,0,0,0,0,0,0,0,0,0,0,0,0,0,0,0,255,139,139,92,0,0,1,1,0,0,0,100,100,100,100,0,0,100,-1,0,100,100,0,1,1,-1,0,0,100,0,[0|0|0],10000,0,0,[0|0|0|0|0|0|0|0|0|0]
600000076,,0.4,0.2,0.2,0,0.8,0.04,6902,-1,-1,-1,-1,11120,11120,11120,-1,11100,-1,-1,-1,0,92,92,92,92,92,500,100,100,112,0,0,0,0,0,0,0,0,0,0,0,10,0,0,0,0,2,2,0,0,0,0,0,2,0,0,253,255,0,255,0,255,0,0,0,0,0,0,0,0,0,0,0,4,1,0,0,0,0,0,0,0,0,0,0,-1,-1,2100,2010,-1,-1,-1,-1,-1,-1,-1,-1,-1,-1,-1,-1,-1,-1,-1,-1,-1,-1,-1,-1,-1,-1,-1,-1,-1,-1,-1,-1,0,0,0,0,0,0,0,0,0,0,0,0,-1,-1,-1,-1,-1,-1,-1,-1,-1,-1,-1,-1,-1,-1,-1,-1,-1,-1,-1,-1,-1,-1,-1,-1,0,0,0,0,0,0,0,0,0,0,0,0,0,0,0,0,0,0,0,0,0,0,0,0,255,139,139,92,0,0,1,1,0,0,0,100,100,100,100,0,0,100,-1,0,100,100,0,1,1,-1,0,0,100,0,[0|0|0],10000,0,0,[0|0|0|0|0|0|0|0|0|0]
600000077,,0.4,0.7,0,0,0.8,0.04,6902,-1,-1,-1,-1,10120,151,-1,-1,10100,-1,-1,-1,0,70,70,70,70,80,500,100,100,112,0,0,0,0,0,0,0,0,0,0,0,10,0,0,0,0,0,0,0,0,0,0,0,2,0,0,253,255,0,255,0,255,0,0,0,0,0,0,0,0,0,0,0,3,1,0,0,0,0,0,0,0,0,0,0,-1,-1,2100,2010,-1,-1,-1,-1,-1,-1,-1,-1,-1,-1,-1,-1,-1,-1,-1,-1,-1,-1,-1,-1,-1,-1,-1,-1,-1,-1,-1,-1,0,0,0,0,0,0,0,0,0,0,0,0,-1,-1,-1,-1,-1,-1,-1,-1,-1,-1,-1,-1,-1,-1,-1,-1,-1,-1,-1,-1,-1,-1,-1,-1,0,0,0,0,0,0,0,0,0,0,0,0,0,0,0,0,0,0,0,0,0,0,0,0,255,139,139,70,0,0,1,1,0,0,0,100,100,100,100,0,0,100,-1,0,100,100,0,1,1,-1,0,0,100,0,[0|0|0],10000,0,0,[0|0|0|0|0|0|0|0|0|0]
600000078,,0.4,0.2,0,0,0.8,0.04,6902,-1,-1,-1,-1,11120,11120,-1,-1,11100,-1,-1,-1,0,70,70,70,70,80,500,100,100,112,0,0,0,0,0,0,0,0,0,0,0,10,0,0,0,0,2,0,0,0,0,0,0,2,0,0,253,255,0,255,0,255,0,0,0,0,0,0,0,0,0,0,0,4,1,0,0,0,0,0,0,0,0,0,0,-1,-1,2100,2010,-1,-1,-1,-1,-1,-1,-1,-1,-1,-1,-1,-1,-1,-1,-1,-1,-1,-1,-1,-1,-1,-1,-1,-1,-1,-1,-1,-1,0,0,0,0,0,0,0,0,0,0,0,0,-1,-1,-1,-1,-1,-1,-1,-1,-1,-1,-1,-1,-1,-1,-1,-1,-1,-1,-1,-1,-1,-1,-1,-1,0,0,0,0,0,0,0,0,0,0,0,0,0,0,0,0,0,0,0,0,0,0,0,0,255,139,139,70,0,0,1,1,0,0,0,100,100,100,100,0,0,100,-1,0,100,100,0,1,1,-1,0,0,100,0,[0|0|0],10000,0,0,[0|0|0|0|0|0|0|0|0|0]
600000079,,0.4,0.7,0.2,0,0.8,0.04,6902,-1,-1,-1,-1,10120,151,10120,-1,10100,-1,-1,-1,0,120,120,120,120,100,500,100,100,112,0,0,0,0,0,0,0,0,0,0,0,10,0,0,0,0,0,2,0,0,0,0,0,2,0,0,253,255,0,255,0,255,0,0,0,0,0,0,0,0,0,0,0,3,1,0,0,0,0,0,0,0,0,0,0,-1,-1,2100,2010,-1,-1,-1,-1,-1,-1,-1,-1,-1,-1,-1,-1,-1,-1,-1,-1,-1,-1,-1,-1,-1,-1,-1,-1,-1,-1,-1,-1,0,0,0,0,0,0,0,0,0,0,0,0,-1,-1,-1,-1,-1,-1,-1,-1,-1,-1,-1,-1,-1,-1,-1,-1,-1,-1,-1,-1,-1,-1,-1,-1,0,0,0,0,0,0,0,0,0,0,0,0,0,0,0,0,0,0,0,0,0,0,0,0,255,139,139,120,0,0,1,1,0,0,0,100,100,100,100,0,0,100,-1,0,100,100,0,1,1,-1,0,0,100,0,[0|0|0],10000,0,0,[0|0|0|0|0|0|0|0|0|0]
600000120,,0,0,0,0,0.3,0,-1,-1,-1,-1,-1,0,0,0,0,0,0,0,0,0,88,88,88,88,100,100,100,0,112,119,0,0,0,0,0,0,0,0,0,0,10,0,0,0,0,0,0,0,0,0,0,0,2,1,0,2,255,2,255,0,255,0,0,0,0,0,0,0,1,0,0,0,0,1,0,0,0,0,0,0,0,0,0,0,-1,-1,2100,2000,-1,-1,-1,-1,-1,-1,-1,-1,-1,-1,-1,-1,-1,-1,-1,-1,-1,-1,-1,-1,-1,-1,-1,-1,-1,-1,-1,-1,0,0,0,0,0,0,0,0,0,0,0,0,-1,-1,-1,-1,-1,-1,-1,-1,-1,-1,-1,-1,-1,-1,-1,-1,-1,-1,-1,-1,-1,-1,-1,-1,0,0,0,0,0,0,0,0,0,0,0,0,0,0,0,0,0,0,0,0,0,0,0,0,255,139,139,88,0,0,1,1,0,0,0,70,100,100,100,0,0,70,-1,0,100,100,0,1,1,-1,0,0,120,0,[0|0|0],10000,0,0,[0|0|0|0|0|0|0|0|0|0]
600000121,,0,0,0,0,0.3,0,-1,-1,-1,-1,-1,0,0,0,0,0,0,0,0,0,88,88,88,88,100,100,100,0,112,119,0,0,0,0,0,0,0,0,0,0,10,0,0,0,0,0,0,0,0,0,0,0,2,1,0,2,255,2,255,0,255,0,0,0,0,0,0,0,1,0,0,0,0,1,0,0,0,0,0,0,0,0,0,0,-1,-1,2100,2000,-1,-1,-1,-1,-1,-1,-1,-1,-1,-1,-1,-1,-1,-1,-1,-1,-1,-1,-1,-1,-1,-1,-1,-1,-1,-1,-1,-1,0,0,0,0,0,0,0,0,0,0,0,0,-1,-1,-1,-1,-1,-1,-1,-1,-1,-1,-1,-1,-1,-1,-1,-1,-1,-1,-1,-1,-1,-1,-1,-1,0,0,0,0,0,0,0,0,0,0,0,0,0,0,0,0,0,0,0,0,0,0,0,0,255,139,139,88,0,0,1,1,0,0,0,70,100,100,100,0,0,70,-1,0,100,100,0,1,1,-1,0,0,120,0,[0|0|0],10000,0,0,[0|0|0|0|0|0|0|0|0|0]
600000122,,0,0,0,0,0.3,0,-1,-1,-1,-1,-1,0,0,0,0,0,0,0,0,0,88,88,88,88,100,100,100,0,112,119,0,0,0,0,0,0,0,0,0,0,10,0,0,0,0,0,0,0,0,0,0,0,2,1,0,2,255,2,255,0,255,0,0,0,0,0,0,0,1,0,0,0,0,1,0,0,0,0,0,0,0,0,0,0,-1,-1,2100,2000,-1,-1,-1,-1,-1,-1,-1,-1,-1,-1,-1,-1,-1,-1,-1,-1,-1,-1,-1,-1,-1,-1,-1,-1,-1,-1,-1,-1,0,0,0,0,0,0,0,0,0,0,0,0,-1,-1,-1,-1,-1,-1,-1,-1,-1,-1,-1,-1,-1,-1,-1,-1,-1,-1,-1,-1,-1,-1,-1,-1,0,0,0,0,0,0,0,0,0,0,0,0,0,0,0,0,0,0,0,0,0,0,0,0,255,139,139,88,0,0,1,1,0,0,0,70,100,100,100,0,0,70,-1,0,100,100,0,1,1,-1,0,0,120,0,[0|0|0],10000,0,0,[0|0|0|0|0|0|0|0|0|0]
600000123,,0,0,0,0,0.3,0,-1,-1,-1,-1,-1,0,0,0,0,0,0,0,0,0,88,88,88,88,100,100,100,0,112,119,0,0,0,0,0,0,0,0,0,0,10,0,0,0,0,0,0,0,0,0,0,0,2,1,0,2,255,2,255,0,255,0,0,0,0,0,0,0,1,0,0,0,0,1,0,0,0,0,0,0,0,0,0,0,-1,-1,2100,2000,-1,-1,-1,-1,-1,-1,-1,-1,-1,-1,-1,-1,-1,-1,-1,-1,-1,-1,-1,-1,-1,-1,-1,-1,-1,-1,-1,-1,0,0,0,0,0,0,0,0,0,0,0,0,-1,-1,-1,-1,-1,-1,-1,-1,-1,-1,-1,-1,-1,-1,-1,-1,-1,-1,-1,-1,-1,-1,-1,-1,0,0,0,0,0,0,0,0,0,0,0,0,0,0,0,0,0,0,0,0,0,0,0,0,255,139,139,88,0,0,1,1,0,0,0,70,100,100,100,0,0,70,-1,0,100,100,0,1,1,-1,0,0,120,0,[0|0|0],10000,0,0,[0|0|0|0|0|0|0|0|0|0]
600000128,,0,0,0,0,0.3,0,-1,-1,-1,-1,-1,0,0,0,0,0,0,0,0,0,53,53,53,53,70,100,100,0,112,119,0,0,0,0,0,0,0,0,0,0,10,0,0,0,0,0,0,0,0,0,0,0,8,1,0,2,255,2,255,0,255,0,0,0,0,0,0,0,1,0,0,0,0,1,0,0,0,0,0,0,0,0,0,0,-1,-1,2100,2000,-1,-1,-1,-1,-1,-1,-1,-1,-1,-1,-1,-1,-1,-1,-1,-1,-1,-1,-1,-1,-1,-1,-1,-1,-1,-1,-1,-1,0,0,0,0,0,0,0,0,0,0,0,0,-1,-1,-1,-1,-1,-1,-1,-1,-1,-1,-1,-1,-1,-1,-1,-1,-1,-1,-1,-1,-1,-1,-1,-1,0,0,0,0,0,0,0,0,0,0,0,0,0,0,0,0,0,0,0,0,0,0,0,0,255,139,139,53,0,0,1,1,0,0,1,70,100,100,100,0,0,70,-1,0,100,100,0,1,1,-1,0,0,70,0,[0|0|0],10000,0,0,[0|0|0|0|0|0|0|0|0|0]
600000129,,0.4,0.2,0,0,0.5,0,6902,-1,-1,1665,-1,1,1,-1,-1,-1,-1,-1,-1,0,70,70,70,70,70,100,100,100,112,119,0,0,0,0,0,0,0,0,0,0,10,0,0,0,0,2,0,0,0,0,0,0,8,1,0,2,255,2,255,0,255,0,0,0,0,0,0,0,1,0,0,0,0,1,0,0,0,0,0,0,0,0,0,0,-1,-1,2100,2010,-1,-1,-1,-1,-1,-1,-1,-1,-1,-1,-1,-1,-1,-1,-1,-1,-1,-1,-1,-1,-1,-1,-1,-1,-1,-1,-1,-1,0,0,0,0,0,0,0,0,0,0,0,0,-1,-1,-1,-1,-1,-1,-1,-1,-1,-1,-1,-1,-1,-1,-1,-1,-1,-1,-1,-1,-1,-1,-1,-1,0,0,0,0,0,0,0,0,0,0,0,0,0,0,0,0,0,0,0,0,0,0,0,0,255,139,139,70,0,0,0,1,0,0,1,70,100,100,100,0,0,70,-1,0,100,100,0,1,1,-1,0,0,70,0,[0|0|0],10000,0,0,[0|0|0|0|0|0|0|0|0|0]
600000140,,0.4,0,0,0,1.8,0,6904,-1,-1,-1,1667,100,0,-1,-1,110,0,-1,-1,0,185,185,185,185,300,500,150,100,112,134,0,0,0,0,0,0,0,0,0,0,10,0,0,0,0,0,0,0,0,0,0,0,3,0,0,253,255,0,255,0,255,0,0,0,0,0,0,0,0,0,0,0,1,1,0,0,0,0,0,0,0,0,0,0,-1,-1,2100,2010,-1,-1,-1,-1,-1,-1,-1,-1,-1,-1,-1,-1,-1,-1,-1,-1,-1,-1,-1,-1,-1,-1,-1,-1,-1,-1,-1,-1,0,0,0,0,0,0,0,0,0,0,0,0,-1,-1,-1,-1,-1,-1,-1,-1,-1,-1,-1,-1,-1,-1,-1,-1,-1,-1,-1,-1,-1,-1,-1,-1,0,0,0,0,0,0,0,0,0,0,0,0,0,0,0,0,0,0,0,0,0,0,0,0,255,139,139,185,0,0,0,1,0,0,0,100,100,100,100,0,0,100,-1,0,100,100,0,1,1,-1,0,0,200,0,[0|0|0],10000,0,0,[0|0|0|0|0|0|0|0|0|0]
600000141,,0.4,0,0,0,1.8,0,6904,-1,-1,-1,1667,100,0,-1,-1,110,0,-1,-1,0,68,68,68,68,200,500,150,100,112,134,0,0,0,0,0,0,0,0,0,0,10,0,0,0,0,0,0,0,0,0,0,0,3,0,0,253,255,0,255,0,255,0,0,0,0,0,0,0,0,0,0,0,1,1,0,0,0,0,0,0,0,0,0,0,-1,-1,2100,2010,-1,-1,-1,-1,-1,-1,-1,-1,-1,-1,-1,-1,-1,-1,-1,-1,-1,-1,-1,-1,-1,-1,-1,-1,-1,-1,-1,-1,0,0,0,0,0,0,0,0,0,0,0,0,-1,-1,-1,-1,-1,-1,-1,-1,-1,-1,-1,-1,-1,-1,-1,-1,-1,-1,-1,-1,-1,-1,-1,-1,0,0,0,0,0,0,0,0,0,0,0,0,0,0,0,0,0,0,0,0,0,0,0,0,255,139,139,68,0,0,0,1,0,0,0,100,100,100,100,0,0,100,-1,0,100,100,0,1,1,-1,0,0,200,0,[0|0|0],10000,0,0,[0|0|0|0|0|0|0|0|0|0]
600000142,,0.4,0,0,0,1.8,0,6904,-1,-1,-1,1667,100,0,-1,-1,110,0,-1,-1,0,155,155,155,155,400,500,150,100,112,134,0,0,0,0,0,0,0,0,0,0,10,0,0,0,0,0,0,0,0,0,0,0,6,0,0,253,255,0,255,0,255,0,0,0,0,0,0,0,0,0,0,0,1,1,0,0,0,0,0,0,0,0,0,0,-1,-1,2100,2010,-1,-1,-1,-1,-1,-1,-1,-1,-1,-1,-1,-1,-1,-1,-1,-1,-1,-1,-1,-1,-1,-1,-1,-1,-1,-1,-1,-1,0,0,0,0,0,0,0,0,0,0,0,0,-1,-1,-1,-1,-1,-1,-1,-1,-1,-1,-1,-1,-1,-1,-1,-1,-1,-1,-1,-1,-1,-1,-1,-1,0,0,0,0,0,0,0,0,0,0,0,0,0,0,0,0,0,0,0,0,0,0,0,0,255,139,139,155,0,0,0,1,0,0,0,100,100,100,100,0,0,100,-1,0,100,100,0,1,1,-1,0,0,400,0,[0|0|0],10000,0,0,[0|0|0|0|0|0|0|0|0|0]
600000143,,0.4,0,0,0,1.8,0,6904,-1,-1,-1,1667,100,0,-1,-1,110,0,-1,-1,0,120,120,120,120,100,300,100,100,112,134,0,0,0,0,0,0,0,0,0,0,10,0,0,0,0,0,0,0,0,0,0,0,3,0,0,253,255,0,255,0,255,0,0,0,0,0,0,0,0,0,0,0,1,1,0,0,0,0,0,0,0,0,0,0,-1,-1,2100,2010,-1,-1,-1,-1,-1,-1,-1,-1,-1,-1,-1,-1,-1,-1,-1,-1,-1,-1,-1,-1,-1,-1,-1,-1,-1,-1,-1,-1,0,0,0,0,0,0,0,0,0,0,0,0,-1,-1,-1,-1,-1,-1,-1,-1,-1,-1,-1,-1,-1,-1,-1,-1,-1,-1,-1,-1,-1,-1,-1,-1,0,0,0,0,0,0,0,0,0,0,0,0,0,0,0,0,0,0,0,0,0,0,0,0,255,139,139,120,0,0,0,1,0,0,0,100,100,100,100,0,0,100,-1,0,100,100,0,1,1,-1,0,0,100,0,[0|0|0],10000,0,0,[0|0|0|0|0|0|0|0|0|0]
600000144,,0.4,0,0,0,1.8,0,6904,-1,-1,-1,1667,100,0,-1,-1,110,0,-1,-1,0,110,110,110,110,100,300,100,100,112,134,0,0,0,0,0,0,0,0,0,0,10,0,0,0,0,0,0,0,0,0,0,0,3,0,0,253,255,0,255,0,255,0,0,0,0,0,0,0,0,0,0,0,1,1,0,0,0,0,0,0,0,0,0,0,-1,-1,2100,2010,-1,-1,-1,-1,-1,-1,-1,-1,-1,-1,-1,-1,-1,-1,-1,-1,-1,-1,-1,-1,-1,-1,-1,-1,-1,-1,-1,-1,0,0,0,0,0,0,0,0,0,0,0,0,-1,-1,-1,-1,-1,-1,-1,-1,-1,-1,-1,-1,-1,-1,-1,-1,-1,-1,-1,-1,-1,-1,-1,-1,0,0,0,0,0,0,0,0,0,0,0,0,0,0,0,0,0,0,0,0,0,0,0,0,255,139,139,110,0,0,0,1,0,0,0,100,100,100,100,0,0,100,-1,0,100,100,0,1,1,-1,0,0,100,0,[0|0|0],10000,0,0,[0|0|0|0|0|0|0|0|0|0]
600000145,,0.4,0,0,0,1.8,0,6904,-1,-1,-1,1667,100,0,-1,-1,110,0,-1,-1,0,130,130,130,130,100,300,100,100,112,134,0,0,0,0,0,0,0,0,0,0,10,0,0,0,0,0,0,0,0,0,0,0,3,0,0,253,255,0,255,0,255,0,0,0,0,0,0,0,0,0,0,0,1,1,0,0,0,0,0,0,0,0,0,0,-1,-1,2100,2010,-1,-1,-1,-1,-1,-1,-1,-1,-1,-1,-1,-1,-1,-1,-1,-1,-1,-1,-1,-1,-1,-1,-1,-1,-1,-1,-1,-1,0,0,0,0,0,0,0,0,0,0,0,0,-1,-1,-1,-1,-1,-1,-1,-1,-1,-1,-1,-1,-1,-1,-1,-1,-1,-1,-1,-1,-1,-1,-1,-1,0,0,0,0,0,0,0,0,0,0,0,0,0,0,0,0,0,0,0,0,0,0,0,0,255,139,139,130,0,0,0,1,0,0,0,100,100,100,100,0,0,100,-1,0,100,100,0,1,1,-1,0,0,100,0,[0|0|0],10000,0,0,[0|0|0|0|0|0|0|0|0|0]
600000150,,0.4,0,0,0,2,0.08,6904,-1,-1,1665,-1,100,0,-1,-1,110,0,-1,-1,0,210,210,210,210,315,500,100,100,112,28,0,0,0,0,0,0,0,0,0,0,10,0,0,0,0,0,0,0,0,0,0,0,3,0,0,252,255,2,255,0,255,0,0,0,0,0,0,0,0,0,0,0,0,1,0,0,0,0,0,0,0,0,0,0,-1,-1,2100,2010,-1,-1,-1,-1,-1,-1,-1,-1,-1,-1,-1,-1,-1,-1,-1,-1,-1,-1,-1,-1,-1,-1,-1,-1,-1,-1,-1,-1,0,0,0,0,0,0,0,0,0,0,0,0,-1,-1,-1,-1,-1,-1,-1,-1,-1,-1,-1,-1,-1,-1,-1,-1,-1,-1,-1,-1,-1,-1,-1,-1,0,0,0,0,0,0,0,0,0,0,0,0,0,0,0,0,0,0,0,0,0,0,0,0,255,139,139,210,0,0,0,1,0,0,0,100,100,100,100,0,0,100,-1,0,100,130,0,1,1,-1,0,0,400,0,[0|0|0],10000,0,0,[0|0|0|0|0|0|0|0|0|0]
600000160,,0.4,0.15,0,0,0.7,0.03,6904,-1,-1,1665,-1,120,122,-1,-1,130,130,-1,-1,0,45,45,45,45,100,500,100,100,112,28,0,0,0,0,0,0,0,0,0,0,10,0,0,0,0,2,0,0,0,0,0,0,2,0,0,253,255,0,255,0,255,0,0,0,0,0,0,0,0,0,0,0,0,1,0,0,0,0,0,0,0,0,0,0,-1,-1,2100,2010,-1,-1,-1,-1,-1,-1,-1,-1,-1,-1,-1,-1,-1,-1,-1,-1,-1,-1,-1,-1,-1,-1,-1,-1,-1,-1,-1,-1,0,0,0,0,0,0,0,0,0,0,0,0,-1,-1,-1,-1,-1,-1,-1,-1,-1,-1,-1,-1,-1,-1,-1,-1,-1,-1,-1,-1,-1,-1,-1,-1,0,0,0,0,0,0,0,0,0,0,0,0,0,0,0,0,0,0,0,0,0,0,0,0,255,139,139,45,0,0,0,1,0,0,0,40,100,100,100,0,0,100,-1,0,100,130,0,1,1,-1,0,0,50,0,[0|0|0],10000,0,0,[0|0|0|0|0|0|0|0|0|0]
600000161,,0.4,0.15,0,0,0.7,0.03,6904,-1,-1,1665,-1,100,122,-1,-1,110,110,-1,-1,0,45,45,45,45,100,500,100,100,112,28,0,0,0,0,0,0,0,0,0,0,10,0,0,0,0,2,0,0,0,0,0,0,2,0,0,253,255,0,255,0,255,0,0,0,0,0,0,0,0,0,0,0,0,1,0,0,0,0,0,0,0,0,0,0,-1,-1,2100,2010,-1,-1,-1,-1,-1,-1,-1,-1,-1,-1,-1,-1,-1,-1,-1,-1,-1,-1,-1,-1,-1,-1,-1,-1,-1,-1,-1,-1,0,0,0,0,0,0,0,0,0,0,0,0,-1,-1,-1,-1,-1,-1,-1,-1,-1,-1,-1,-1,-1,-1,-1,-1,-1,-1,-1,-1,-1,-1,-1,-1,0,0,0,0,0,0,0,0,0,0,0,0,0,0,0,0,0,0,0,0,0,0,0,0,255,139,139,45,0,0,0,1,0,0,0,40,100,100,100,0,0,100,-1,0,100,130,0,1,1,-1,0,0,50,0,[0|0|0],10000,0,0,[0|0|0|0|0|0|0|0|0|0]
600000162,,0.4,0.15,0,0,0.7,0.03,6904,-1,-1,1665,-1,120,122,-1,-1,130,130,-1,-1,0,60,60,60,60,100,500,100,100,112,28,0,0,0,0,0,0,0,0,0,0,10,0,0,0,0,2,0,0,0,0,0,0,2,0,0,253,255,0,255,0,255,0,0,0,0,0,0,0,0,0,0,0,0,1,0,0,0,0,0,0,0,0,0,0,-1,-1,2100,2010,-1,-1,-1,-1,-1,-1,-1,-1,-1,-1,-1,-1,-1,-1,-1,-1,-1,-1,-1,-1,-1,-1,-1,-1,-1,-1,-1,-1,0,0,0,0,0,0,0,0,0,0,0,0,-1,-1,-1,-1,-1,-1,-1,-1,-1,-1,-1,-1,-1,-1,-1,-1,-1,-1,-1,-1,-1,-1,-1,-1,0,0,0,0,0,0,0,0,0,0,0,0,0,0,0,0,0,0,0,0,0,0,0,0,255,139,139,60,0,0,0,1,0,0,0,40,100,100,100,0,0,100,-1,0,100,130,0,1,1,-1,0,0,50,0,[0|0|0],10000,0,0,[0|0|0|0|0|0|0|0|0|0]
600000163,,0.4,0.15,0,0,0.7,0.03,6904,-1,-1,1665,-1,100,122,-1,-1,110,110,-1,-1,0,60,60,60,60,100,500,100,100,112,28,0,0,0,0,0,0,0,0,0,0,10,0,0,0,0,2,0,0,0,0,0,0,2,0,0,253,255,0,255,0,255,0,0,0,0,0,0,0,0,0,0,0,0,1,0,0,0,0,0,0,0,0,0,0,-1,-1,2100,2010,-1,-1,-1,-1,-1,-1,-1,-1,-1,-1,-1,-1,-1,-1,-1,-1,-1,-1,-1,-1,-1,-1,-1,-1,-1,-1,-1,-1,0,0,0,0,0,0,0,0,0,0,0,0,-1,-1,-1,-1,-1,-1,-1,-1,-1,-1,-1,-1,-1,-1,-1,-1,-1,-1,-1,-1,-1,-1,-1,-1,0,0,0,0,0,0,0,0,0,0,0,0,0,0,0,0,0,0,0,0,0,0,0,0,255,139,139,60,0,0,0,1,0,0,0,40,100,100,100,0,0,100,-1,0,100,130,0,1,1,-1,0,0,50,0,[0|0|0],10000,0,0,[0|0|0|0|0|0|0|0|0|0]
600000164,,0.4,0.15,0,0,0.7,0.03,6904,-1,-1,1665,-1,120,122,-1,-1,130,130,-1,-1,0,65,65,65,65,100,500,100,100,112,28,0,0,0,0,0,0,0,0,0,0,10,0,0,0,0,2,0,0,0,0,0,0,2,0,0,253,255,0,255,0,255,0,0,0,0,0,0,0,0,0,0,0,0,1,0,0,0,0,0,0,0,0,0,0,-1,-1,2100,2010,-1,-1,-1,-1,-1,-1,-1,-1,-1,-1,-1,-1,-1,-1,-1,-1,-1,-1,-1,-1,-1,-1,-1,-1,-1,-1,-1,-1,0,0,0,0,0,0,0,0,0,0,0,0,-1,-1,-1,-1,-1,-1,-1,-1,-1,-1,-1,-1,-1,-1,-1,-1,-1,-1,-1,-1,-1,-1,-1,-1,0,0,0,0,0,0,0,0,0,0,0,0,0,0,0,0,0,0,0,0,0,0,0,0,255,139,139,65,0,0,0,1,0,0,0,40,100,100,100,0,0,100,-1,0,100,130,0,1,1,-1,0,0,50,0,[0|0|0],10000,0,0,[0|0|0|0|0|0|0|0|0|0]
600000165,,0.4,0.15,0,0,0.7,0.03,6904,-1,-1,1665,-1,100,122,-1,-1,110,110,-1,-1,0,65,65,65,65,100,500,100,100,112,28,0,0,0,0,0,0,0,0,0,0,10,0,0,0,0,2,0,0,0,0,0,0,2,0,0,253,255,0,255,0,255,0,0,0,0,0,0,0,0,0,0,0,0,1,0,0,0,0,0,0,0,0,0,0,-1,-1,2100,2010,-1,-1,-1,-1,-1,-1,-1,-1,-1,-1,-1,-1,-1,-1,-1,-1,-1,-1,-1,-1,-1,-1,-1,-1,-1,-1,-1,-1,0,0,0,0,0,0,0,0,0,0,0,0,-1,-1,-1,-1,-1,-1,-1,-1,-1,-1,-1,-1,-1,-1,-1,-1,-1,-1,-1,-1,-1,-1,-1,-1,0,0,0,0,0,0,0,0,0,0,0,0,0,0,0,0,0,0,0,0,0,0,0,0,255,139,139,65,0,0,0,1,0,0,0,40,100,100,100,0,0,100,-1,0,100,130,0,1,1,-1,0,0,50,0,[0|0|0],10000,0,0,[0|0|0|0|0|0|0|0|0|0]
600000166,,0.4,0.15,0,0,0.7,0.03,6904,-1,-1,1665,-1,120,122,-1,-1,130,130,-1,-1,0,50,50,50,50,100,500,100,100,112,28,0,0,0,0,0,0,0,0,0,0,10,0,0,0,0,2,0,0,0,0,0,0,2,0,0,253,255,0,255,0,255,0,0,0,0,0,0,0,0,0,0,0,0,1,0,0,0,0,0,0,0,0,0,0,-1,-1,2100,2010,-1,-1,-1,-1,-1,-1,-1,-1,-1,-1,-1,-1,-1,-1,-1,-1,-1,-1,-1,-1,-1,-1,-1,-1,-1,-1,-1,-1,0,0,0,0,0,0,0,0,0,0,0,0,-1,-1,-1,-1,-1,-1,-1,-1,-1,-1,-1,-1,-1,-1,-1,-1,-1,-1,-1,-1,-1,-1,-1,-1,0,0,0,0,0,0,0,0,0,0,0,0,0,0,0,0,0,0,0,0,0,0,0,0,255,139,139,50,0,0,0,1,0,0,0,40,100,100,100,0,0,100,-1,0,100,130,0,1,1,-1,0,0,50,0,[0|0|0],10000,0,0,[0|0|0|0|0|0|0|0|0|0]
600000167,,0.4,0.15,0,0,0.7,0.03,6904,-1,-1,1665,-1,100,122,-1,-1,110,110,-1,-1,0,50,50,50,50,100,500,100,100,112,28,0,0,0,0,0,0,0,0,0,0,10,0,0,0,0,2,0,0,0,0,0,0,2,0,0,253,255,0,255,0,255,0,0,0,0,0,0,0,0,0,0,0,0,1,0,0,0,0,0,0,0,0,0,0,-1,-1,2100,2010,-1,-1,-1,-1,-1,-1,-1,-1,-1,-1,-1,-1,-1,-1,-1,-1,-1,-1,-1,-1,-1,-1,-1,-1,-1,-1,-1,-1,0,0,0,0,0,0,0,0,0,0,0,0,-1,-1,-1,-1,-1,-1,-1,-1,-1,-1,-1,-1,-1,-1,-1,-1,-1,-1,-1,-1,-1,-1,-1,-1,0,0,0,0,0,0,0,0,0,0,0,0,0,0,0,0,0,0,0,0,0,0,0,0,255,139,139,50,0,0,0,1,0,0,0,40,100,100,100,0,0,100,-1,0,100,130,0,1,1,-1,0,0,50,0,[0|0|0],10000,0,0,[0|0|0|0|0|0|0|0|0|0]
600000570,,0.4,0.2,0,0,1.8,0.08,6906,-1,-1,-1,1667,45,45,-1,-1,45,-1,-1,-1,0,114,114,114,114,100,500,100,100,112,0,0,0,0,0,0,0,0,0,0,0,10,0,0,0,0,2,0,0,0,0,0,0,2,0,0,253,255,0,255,0,255,0,0,0,0,0,0,0,0,0,0,0,0,1,0,0,0,0,0,0,0,0,0,0,-1,-1,2100,2010,-1,-1,-1,-1,-1,-1,-1,-1,-1,-1,-1,-1,-1,-1,-1,-1,-1,-1,-1,-1,-1,-1,-1,-1,-1,-1,-1,-1,0,0,0,0,0,0,0,0,0,0,0,0,-1,-1,-1,-1,-1,-1,-1,-1,-1,-1,-1,-1,-1,-1,-1,-1,-1,-1,-1,-1,-1,-1,-1,-1,0,0,0,0,0,0,0,0,0,0,0,0,0,0,0,0,0,0,0,0,0,0,0,0,255,139,139,114,0,0,1,1,0,0,0,50,100,100,100,0,0,50,-1,0,100,100,0,1,1,-1,0,0,100,0,[0|0|0],10000,129,0,[0|0|0|0|0|0|0|0|0|0]
600000571,,0.4,0.2,0,0,1.8,0.08,6906,-1,-1,-1,1667,46,46,-1,-1,46,-1,-1,-1,0,0,0,0,0,0,0,0,100,112,0,10,0,0,0,20,500,0,0,0,0,10,0,0,0,0,2,0,0,0,0,0,0,2,0,0,0,0,0,0,0,255,0,0,0,0,0,0,0,0,0,0,0,0,1,0,0,0,0,1,0,0,0,0,3,-1,-1,2100,2010,-1,-1,-1,-1,-1,-1,-1,-1,-1,-1,-1,-1,-1,-1,-1,-1,-1,-1,-1,-1,-1,-1,-1,-1,-1,-1,-1,-1,0,0,0,0,0,0,0,0,0,0,0,0,-1,-1,-1,-1,-1,-1,-1,-1,-1,-1,-1,-1,-1,-1,-1,-1,-1,-1,-1,-1,-1,-1,-1,-1,0,0,0,0,0,0,0,0,0,0,0,0,0,0,0,0,0,0,0,0,0,0,0,0,255,139,139,0,0,0,1,1,0,0,0,0,0,100,100,0,0,0,-1,0,100,100,0,1,1,-1,0,0,0,0,[0|0|0],10000,129,0,[0|0|0|0|0|0|0|0|0|0]
600000573,,0.4,0.2,0,0,1.8,0.08,6906,-1,-1,-1,1667,45,45,-1,-1,45,-1,-1,-1,0,50,50,50,50,100,100,100,100,112,0,0,0,0,0,0,0,0,0,0,0,10,0,0,0,0,2,0,0,0,0,0,0,2,0,0,253,255,0,255,0,255,0,0,0,0,0,0,0,0,0,0,0,0,1,0,0,0,0,0,0,0,0,0,0,-1,-1,2100,2010,-1,-1,-1,-1,-1,-1,-1,-1,-1,-1,-1,-1,-1,-1,-1,-1,-1,-1,-1,-1,-1,-1,-1,-1,-1,-1,-1,-1,0,0,0,0,0,0,0,0,0,0,0,0,-1,-1,-1,-1,-1,-1,-1,-1,-1,-1,-1,-1,-1,-1,-1,-1,-1,-1,-1,-1,-1,-1,-1,-1,0,0,0,0,0,0,0,0,0,0,0,0,0,0,0,0,0,0,0,0,0,0,0,0,255,139,139,50,0,0,1,1,0,0,0,50,100,100,100,0,0,50,-1,0,100,100,0,1,1,-1,0,0,100,0,[0|0|0],10000,129,0,[0|0|0|0|0|0|0|0|0|0]
600000574,,0.4,0.2,0,0,1.8,0.08,6906,-1,-1,-1,1667,46,46,-1,-1,46,-1,-1,-1,0,0,0,0,0,0,0,0,100,112,0,10,0,0,0,10,500,0,0,0,0,10,0,0,0,0,2,0,0,0,0,0,0,2,0,0,253,255,0,255,0,255,0,0,0,0,0,0,0,0,0,0,0,0,1,0,0,0,0,1,0,0,0,0,2,-1,-1,2100,2010,-1,-1,-1,-1,-1,-1,-1,-1,-1,-1,-1,-1,-1,-1,-1,-1,-1,-1,-1,-1,-1,-1,-1,-1,-1,-1,-1,-1,0,0,0,0,0,0,0,0,0,0,0,0,-1,-1,-1,-1,-1,-1,-1,-1,-1,-1,-1,-1,-1,-1,-1,-1,-1,-1,-1,-1,-1,-1,-1,-1,0,0,0,0,0,0,0,0,0,0,0,0,0,0,0,0,0,0,0,0,0,0,0,0,255,139,139,0,0,0,1,1,0,0,0,0,0,100,100,0,0,0,-1,0,100,100,0,1,1,-1,0,0,0,0,[0|0|0],10000,129,0,[0|0|0|0|0|0|0|0|0|0]
600000575,,0.4,0,0,0,2.4,0.08,6906,-1,-1,-1,1667,5,0,-1,-1,930,-1,-1,-1,0,50,50,50,50,100,100,100,100,112,127,0,0,0,0,0,0,0,0,0,0,10,0,0,0,0,0,0,0,0,0,0,0,3,0,0,253,255,1,255,0,255,0,0,0,0,0,0,0,0,0,0,0,1,1,0,0,0,0,0,0,0,0,0,0,-1,-1,2100,2010,-1,-1,-1,-1,-1,-1,-1,-1,-1,-1,-1,-1,-1,-1,-1,-1,-1,-1,-1,-1,-1,-1,-1,-1,-1,-1,-1,-1,0,0,0,0,0,0,0,0,0,0,0,0,-1,-1,-1,-1,-1,-1,-1,-1,-1,-1,-1,-1,-1,-1,-1,-1,-1,-1,-1,-1,-1,-1,-1,-1,0,0,0,0,0,0,0,0,0,0,0,0,0,0,0,0,0,0,0,0,0,0,0,0,255,139,139,50,0,0,1,1,0,0,0,0,100,100,100,0,0,0,-1,0,100,100,0,1,1,-1,0,0,100,0,[0|0|0],10000,129,0,[0|0|0|0|0|0|0|0|0|0]
600000640,,0.35,0.1,0,0,0.4,0.08,6904,-1,-1,1665,-1,10120,10120,-1,-1,10100,-1,-1,-1,0,126,126,126,126,100,500,100,100,112,0,0,0,0,0,0,0,0,0,0,0,10,0,0,0,0,2,0,0,0,0,0,0,2,0,0,0,255,0,255,0,255,0,0,0,0,0,0,0,0,0,0,0,4,1,0,0,0,0,0,0,0,0,0,0,-1,-1,2100,2010,-1,-1,-1,-1,-1,-1,-1,-1,-1,-1,-1,-1,-1,-1,-1,-1,-1,-1,-1,-1,-1,-1,-1,-1,-1,-1,-1,-1,0,0,0,0,0,0,0,0,0,0,0,0,-1,-1,-1,-1,-1,-1,-1,-1,-1,-1,-1,-1,-1,-1,-1,-1,-1,-1,-1,-1,-1,-1,-1,-1,0,0,0,0,0,0,0,0,0,0,0,0,0,0,0,0,0,0,0,0,0,0,0,0,255,139,139,126,0,0,0,1,0,0,0,100,100,100,100,0,0,100,-1,0,100,100,0,1,1,-1,0,0,200,0,[0|0|0],10000,0,0,[0|0|0|0|0|0|0|0|0|0]
600000641,,0,0,0,0,0.4,0,-1,-1,-1,-1,-1,0,0,0,0,0,0,0,0,0,51,51,51,51,100,100,100,0,112,0,0,0,0,0,100,100,0,0,0,0,20,0,0,0,0,0,0,0,0,0,0,0,1,1,0,3,0,3,6,0,0,0,0,0,0,0,0,0,0,0,0,0,2,1,0,0,0,0,0,0,0,0,0,1,-1,-1,2100,2010,-1,-1,-1,-1,-1,-1,-1,-1,-1,-1,-1,-1,-1,-1,-1,-1,-1,-1,-1,-1,-1,-1,-1,-1,-1,-1,-1,-1,0,0,0,0,0,0,0,0,0,0,0,0,-1,-1,-1,-1,-1,-1,-1,-1,-1,-1,-1,-1,-1,-1,-1,-1,-1,-1,-1,-1,-1,-1,-1,-1,0,0,0,0,0,0,0,0,0,0,0,0,0,0,0,0,0,0,0,0,0,0,0,0,255,139,139,51,0,0,1,1,0,0,0,0,0,100,100,0,0,0,-1,-1,-1,100,0,1,1,-1,0,0,30,0,[0|0|0],10000,0,0,[0|0|0|0|0|0|0|0|0|0]
600000642,,0.35,0.1,0,0,0.4,0.08,6904,-1,-1,1665,-1,11120,11120,-1,-1,11100,-1,-1,-1,0,117,117,117,117,100,500,100,100,112,0,0,0,0,0,0,0,0,0,0,0,10,0,0,0,0,2,0,0,0,0,0,0,2,0,0,0,255,0,255,0,255,0,0,0,0,0,0,0,0,0,0,0,3,1,0,0,0,0,0,0,0,0,0,0,-1,-1,2100,2010,-1,-1,-1,-1,-1,-1,-1,-1,-1,-1,-1,-1,-1,-1,-1,-1,-1,-1,-1,-1,-1,-1,-1,-1,-1,-1,-1,-1,0,0,0,0,0,0,0,0,0,0,0,0,-1,-1,-1,-1,-1,-1,-1,-1,-1,-1,-1,-1,-1,-1,-1,-1,-1,-1,-1,-1,-1,-1,-1,-1,0,0,0,0,0,0,0,0,0,0,0,0,0,0,0,0,0,0,0,0,0,0,0,0,255,139,139,117,0,0,0,1,0,0,0,100,100,100,100,0,0,100,-1,0,100,100,0,1,1,-1,0,0,200,0,[0|0|0],10000,0,0,[0|0|0|0|0|0|0|0|0|0]
600000643,,0,0,0,0,0.4,0,-1,-1,-1,-1,-1,0,0,0,0,0,0,0,0,0,51,51,51,51,100,100,100,0,112,0,0,0,0,0,100,100,0,0,0,0,20,0,0,0,0,0,0,0,0,0,0,0,1,1,0,3,0,3,6,0,0,0,0,0,0,0,0,0,0,0,0,0,2,1,0,0,0,0,0,0,0,0,0,1,-1,-1,2100,2010,-1,-1,-1,-1,-1,-1,-1,-1,-1,-1,-1,-1,-1,-1,-1,-1,-1,-1,-1,-1,-1,-1,-1,-1,-1,-1,-1,-1,0,0,0,0,0,0,0,0,0,0,0,0,-1,-1,-1,-1,-1,-1,-1,-1,-1,-1,-1,-1,-1,-1,-1,-1,-1,-1,-1,-1,-1,-1,-1,-1,0,0,0,0,0,0,0,0,0,0,0,0,0,0,0,0,0,0,0,0,0,0,0,0,255,139,139,51,0,0,1,1,0,0,0,0,0,100,100,0,0,0,-1,-1,-1,100,0,1,1,-1,0,0,30,0,[0|0|0],10000,0,0,[0|0|0|0|0|0|0|0|0|0]
600000644,,0.35,0.1,0,0,0.4,0.04,6904,-1,-1,1665,-1,10120,10120,-1,-1,10100,-1,-1,-1,0,78,78,78,78,100,500,100,100,112,0,0,0,0,0,0,0,0,0,0,0,10,0,0,0,0,2,0,0,0,0,0,0,2,0,0,0,255,0,255,0,255,0,0,0,0,0,0,0,0,0,0,0,4,1,0,0,0,0,0,0,0,0,0,0,-1,-1,2100,2010,-1,-1,-1,-1,-1,-1,-1,-1,-1,-1,-1,-1,-1,-1,-1,-1,-1,-1,-1,-1,-1,-1,-1,-1,-1,-1,-1,-1,0,0,0,0,0,0,0,0,0,0,0,0,-1,-1,-1,-1,-1,-1,-1,-1,-1,-1,-1,-1,-1,-1,-1,-1,-1,-1,-1,-1,-1,-1,-1,-1,0,0,0,0,0,0,0,0,0,0,0,0,0,0,0,0,0,0,0,0,0,0,0,0,255,139,139,78,0,0,0,1,0,0,0,100,100,100,100,0,0,100,-1,0,100,100,0,1,1,-1,0,0,115,0,[0|0|0],10000,0,0,[0|0|0|0|0|0|0|0|0|0]
600000645,,0.35,0.1,0,0,0.4,0.04,6904,-1,-1,1665,-1,11120,11120,-1,-1,11100,-1,-1,-1,0,78,78,78,78,100,500,100,100,112,0,0,0,0,0,0,0,0,0,0,0,10,0,0,0,0,2,0,0,0,0,0,0,2,0,0,0,255,0,255,0,255,0,0,0,0,0,0,0,0,0,0,0,3,1,0,0,0,0,0,0,0,0,0,0,-1,-1,2100,2010,-1,-1,-1,-1,-1,-1,-1,-1,-1,-1,-1,-1,-1,-1,-1,-1,-1,-1,-1,-1,-1,-1,-1,-1,-1,-1,-1,-1,0,0,0,0,0,0,0,0,0,0,0,0,-1,-1,-1,-1,-1,-1,-1,-1,-1,-1,-1,-1,-1,-1,-1,-1,-1,-1,-1,-1,-1,-1,-1,-1,0,0,0,0,0,0,0,0,0,0,0,0,0,0,0,0,0,0,0,0,0,0,0,0,255,139,139,78,0,0,0,1,0,0,0,100,100,100,100,0,0,100,-1,0,100,100,0,1,1,-1,0,0,115,0,[0|0|0],10000,0,0,[0|0|0|0|0|0|0|0|0|0]
600000646,,0,0,0,0,0.4,0,-1,-1,-1,-1,-1,0,0,0,0,0,0,0,0,0,45,45,45,45,100,100,100,0,112,0,0,0,0,0,100,100,0,0,0,0,20,0,0,0,0,0,0,0,0,0,0,0,1,1,0,3,0,3,6,0,0,0,0,0,0,0,0,0,0,0,0,0,2,1,0,0,0,0,0,0,0,0,0,1,-1,-1,2100,2010,-1,-1,-1,-1,-1,-1,-1,-1,-1,-1,-1,-1,-1,-1,-1,-1,-1,-1,-1,-1,-1,-1,-1,-1,-1,-1,-1,-1,0,0,0,0,0,0,0,0,0,0,0,0,-1,-1,-1,-1,-1,-1,-1,-1,-1,-1,-1,-1,-1,-1,-1,-1,-1,-1,-1,-1,-1,-1,-1,-1,0,0,0,0,0,0,0,0,0,0,0,0,0,0,0,0,0,0,0,0,0,0,0,0,255,139,139,45,0,0,1,1,0,0,0,0,0,100,100,0,0,0,-1,-1,-1,100,0,1,1,-1,0,0,30,0,[0|0|0],10000,0,0,[0|0|0|0|0|0|0|0|0|0]
600000711,,0.34,0.2,0,0,1,0.08,6904,-1,-1,-1,1667,100,130,-1,-1,130,120,-1,-1,0,180,180,180,180,200,500,100,100,112,132,0,0,0,0,0,0,0,0,0,0,10,0,0,0,0,0,0,0,0,0,0,0,2,0,0,252,255,0,255,0,255,0,0,0,0,0,0,0,0,0,0,0,4,1,0,0,0,0,0,0,0,0,0,0,-1,-1,2100,2010,-1,-1,-1,-1,-1,-1,-1,-1,-1,-1,-1,-1,-1,-1,-1,-1,-1,-1,-1,-1,-1,-1,-1,-1,-1,-1,-1,-1,0,0,0,0,0,0,0,0,0,0,0,0,-1,-1,-1,-1,-1,-1,-1,-1,-1,-1,-1,-1,-1,-1,-1,-1,-1,-1,-1,-1,-1,-1,-1,-1,0,0,0,0,0,0,0,0,0,0,0,0,0,0,0,0,0,0,0,0,0,0,0,0,255,139,139,180,0,0,1,1,0,0,0,100,100,100,100,0,0,100,-1,0,100,100,0,1,1,-1,0,0,600,0,[0|0|0],10000,0,0,[0|0|0|0|0|0|0|0|0|0]
600000712,,0.34,0.2,0,0,0.5,0.08,6904,-1,-1,-1,1667,100,130,-1,-1,130,120,-1,-1,0,90,90,90,90,100,500,100,100,112,132,0,0,0,0,0,0,0,0,0,0,10,0,0,0,0,0,0,0,0,0,0,0,2,0,0,252,255,0,255,0,255,0,0,0,0,0,0,0,0,0,0,0,3,1,0,0,0,0,0,0,0,0,0,0,-1,-1,2100,2010,-1,-1,-1,-1,-1,-1,-1,-1,-1,-1,-1,-1,-1,-1,-1,-1,-1,-1,-1,-1,-1,-1,-1,-1,-1,-1,-1,-1,0,0,0,0,0,0,0,0,0,0,0,0,-1,-1,-1,-1,-1,-1,-1,-1,-1,-1,-1,-1,-1,-1,-1,-1,-1,-1,-1,-1,-1,-1,-1,-1,0,0,0,0,0,0,0,0,0,0,0,0,0,0,0,0,0,0,0,0,0,0,0,0,255,139,139,90,0,0,1,1,0,0,0,100,100,100,100,0,0,100,-1,0,100,100,0,1,1,-1,0,0,100,0,[0|0|0],10000,0,0,[0|0|0|0|0|0|0|0|0|0]
600000713,,0.34,0.2,0,0,0.5,0.08,6904,-1,-1,-1,1667,100,130,-1,-1,130,120,-1,-1,0,92,92,92,92,100,500,100,100,112,132,0,0,0,0,0,0,0,0,0,0,10,0,0,0,0,0,0,0,0,0,0,0,1,0,0,252,255,0,255,0,255,0,0,0,0,0,0,0,0,0,0,0,3,1,0,0,0,0,0,0,0,0,0,0,-1,-1,2100,2010,-1,-1,-1,-1,-1,-1,-1,-1,-1,-1,-1,-1,-1,-1,-1,-1,-1,-1,-1,-1,-1,-1,-1,-1,-1,-1,-1,-1,0,0,0,0,0,0,0,0,0,0,0,0,-1,-1,-1,-1,-1,-1,-1,-1,-1,-1,-1,-1,-1,-1,-1,-1,-1,-1,-1,-1,-1,-1,-1,-1,0,0,0,0,0,0,0,0,0,0,0,0,0,0,0,0,0,0,0,0,0,0,0,0,255,139,139,92,0,0,1,1,0,0,0,100,100,100,100,0,0,100,-1,0,100,100,0,1,1,-1,0,0,50,0,[0|0|0],10000,0,0,[0|0|0|0|0|0|0|0|0|0]
600000714,,0.34,0.2,0,0,1,0.08,6904,-1,-1,-1,1667,100,130,-1,-1,130,120,-1,-1,0,97,97,97,97,100,500,100,100,112,132,0,0,0,0,0,0,0,0,0,0,10,0,0,0,0,0,0,0,0,0,0,0,3,0,0,252,255,0,255,0,255,0,0,0,0,0,0,0,0,0,0,0,3,1,0,0,0,0,0,0,0,0,0,0,-1,-1,2100,2010,-1,-1,-1,-1,-1,-1,-1,-1,-1,-1,-1,-1,-1,-1,-1,-1,-1,-1,-1,-1,-1,-1,-1,-1,-1,-1,-1,-1,0,0,0,0,0,0,0,0,0,0,0,0,-1,-1,-1,-1,-1,-1,-1,-1,-1,-1,-1,-1,-1,-1,-1,-1,-1,-1,-1,-1,-1,-1,-1,-1,0,0,0,0,0,0,0,0,0,0,0,0,0,0,0,0,0,0,0,0,0,0,0,0,255,139,139,97,0,0,1,1,0,0,0,100,100,100,100,0,0,100,-1,0,100,100,0,1,1,-1,0,0,150,0,[0|0|0],10000,0,0,[0|0|0|0|0|0|0|0|0|0]
600000717,,0.34,0.2,0,0,0.5,0.08,6904,-1,-1,-1,1667,100,130,-1,-1,130,120,-1,-1,0,50,50,50,50,100,100,100,100,112,132,0,0,0,0,0,0,0,0,0,0,10,0,0,0,0,0,0,0,0,0,0,0,1,0,0,252,255,0,255,0,255,0,0,0,0,0,0,0,0,0,0,0,3,1,0,0,0,0,0,0,0,0,0,0,-1,-1,2100,2010,-1,-1,-1,-1,-1,-1,-1,-1,-1,-1,-1,-1,-1,-1,-1,-1,-1,-1,-1,-1,-1,-1,-1,-1,-1,-1,-1,-1,0,0,0,0,0,0,0,0,0,0,0,0,-1,-1,-1,-1,-1,-1,-1,-1,-1,-1,-1,-1,-1,-1,-1,-1,-1,-1,-1,-1,-1,-1,-1,-1,0,0,0,0,0,0,0,0,0,0,0,0,0,0,0,0,0,0,0,0,0,0,0,0,255,139,139,50,0,0,1,1,0,0,0,100,100,100,100,0,0,100,-1,0,100,100,0,1,1,-1,0,0,100,0,[0|0|0],10000,0,0,[0|0|0|0|0|0|0|0|0|0]
600000718,,0.34,0.2,0,0,0.5,0.08,6904,-1,-1,-1,1667,100,130,-1,-1,130,120,-1,-1,0,50,50,50,50,100,100,100,100,112,132,0,0,0,0,0,0,0,0,0,0,10,0,0,0,0,0,0,0,0,0,0,0,1,0,0,252,255,0,255,0,255,0,0,0,0,0,0,0,0,0,0,0,3,1,0,0,0,0,0,0,0,0,0,0,-1,-1,2100,2010,-1,-1,-1,-1,-1,-1,-1,-1,-1,-1,-1,-1,-1,-1,-1,-1,-1,-1,-1,-1,-1,-1,-1,-1,-1,-1,-1,-1,0,0,0,0,0,0,0,0,0,0,0,0,-1,-1,-1,-1,-1,-1,-1,-1,-1,-1,-1,-1,-1,-1,-1,-1,-1,-1,-1,-1,-1,-1,-1,-1,0,0,0,0,0,0,0,0,0,0,0,0,0,0,0,0,0,0,0,0,0,0,0,0,255,139,139,50,0,0,1,1,0,0,0,100,100,100,100,0,0,100,-1,0,100,100,0,1,1,-1,0,0,100,0,[0|0|0],10000,0,0,[0|0|0|0|0|0|0|0|0|0]
600000770,,0.4,0,0,0,1.8,0.08,6904,-1,-1,-1,1667,100,0,-1,-1,110,0,-1,-1,0,110,110,110,110,100,100,100,100,112,119,0,0,0,0,0,0,0,0,0,0,10,0,0,0,0,0,0,0,0,0,0,0,1,1,0,252,255,0,255,0,255,0,0,0,0,0,0,0,0,0,0,0,1,1,0,0,0,0,0,0,0,0,0,0,-1,-1,2100,2010,-1,-1,-1,-1,-1,-1,-1,-1,-1,-1,-1,-1,-1,-1,-1,-1,-1,-1,-1,-1,-1,-1,-1,-1,-1,-1,-1,-1,0,0,0,0,0,0,0,0,0,0,0,0,-1,-1,-1,-1,-1,-1,-1,-1,-1,-1,-1,-1,-1,-1,-1,-1,-1,-1,-1,-1,-1,-1,-1,-1,0,0,0,0,0,0,0,0,0,0,0,0,0,0,0,0,0,0,0,0,0,0,0,0,255,139,139,110,0,0,1,1,0,0,0,100,100,100,100,0,0,100,-1,0,100,100,0,1,1,-1,0,0,100,0,[0|0|0],10000,0,0,[0|0|0|0|0|0|0|0|0|0]
600000771,,0.4,0,0,0,1.8,0.08,6904,-1,-1,-1,1667,100,0,-1,-1,110,0,-1,-1,0,50,50,50,50,50,100,100,100,112,119,0,0,0,0,0,0,0,0,0,0,10,0,0,0,0,0,0,0,0,0,0,0,1,0,0,252,255,0,255,0,255,0,0,0,0,0,0,0,0,0,0,0,1,1,0,0,0,0,0,0,0,0,0,0,-1,-1,2100,2010,-1,-1,-1,-1,-1,-1,-1,-1,-1,-1,-1,-1,-1,-1,-1,-1,-1,-1,-1,-1,-1,-1,-1,-1,-1,-1,-1,-1,0,0,0,0,0,0,0,0,0,0,0,0,-1,-1,-1,-1,-1,-1,-1,-1,-1,-1,-1,-1,-1,-1,-1,-1,-1,-1,-1,-1,-1,-1,-1,-1,0,0,0,0,0,0,0,0,0,0,0,0,0,0,0,0,0,0,0,0,0,0,0,0,255,139,139,50,0,0,1,1,0,0,0,100,100,100,100,0,0,100,-1,0,100,100,0,1,1,-1,0,0,50,0,[0|0|0],10000,0,0,[0|0|0|0|0|0|0|0|0|0]
600000772,,0.4,0,0,0,1.8,0.08,6904,-1,-1,-1,1667,100,0,-1,-1,110,0,-1,-1,0,220,220,220,220,100,100,100,100,112,119,0,0,0,0,0,0,0,0,0,0,10,0,0,0,0,0,0,0,0,0,0,0,2,0,0,252,255,0,255,0,255,0,0,0,0,0,0,0,0,0,0,0,1,1,0,0,0,0,0,0,0,0,0,0,-1,-1,2100,2010,-1,-1,-1,-1,-1,-1,-1,-1,-1,-1,-1,-1,-1,-1,-1,-1,-1,-1,-1,-1,-1,-1,-1,-1,-1,-1,-1,-1,0,0,0,0,0,0,0,0,0,0,0,0,-1,-1,-1,-1,-1,-1,-1,-1,-1,-1,-1,-1,-1,-1,-1,-1,-1,-1,-1,-1,-1,-1,-1,-1,0,0,0,0,0,0,0,0,0,0,0,0,0,0,0,0,0,0,0,0,0,0,0,0,255,139,139,220,0,0,1,1,0,0,3,100,100,100,100,0,0,100,-1,0,100,100,0,1,1,-1,0,0,100,0,[0|0|0],10000,0,0,[0|0|0|0|0|0|0|0|0|0]
600000840,,0.4,0.08,0,0,0.3,0.08,-1,-1,-1,-1,-1,100,110,-1,-1,120,120,-1,-1,0,45,45,45,45,200,500,100,100,112,28,0,0,0,0,0,0,0,0,0,0,10,0,0,0,0,2,0,0,0,0,0,0,3,0,0,253,13,1,255,0,255,0,0,0,0,0,0,0,0,0,0,2,1,1,0,0,0,0,0,0,0,0,1,0,-1,-1,2100,2010,-1,-1,-1,-1,-1,-1,-1,-1,-1,-1,-1,-1,-1,-1,-1,-1,-1,-1,-1,-1,-1,-1,-1,-1,-1,-1,-1,-1,0,0,0,0,0,0,0,0,0,0,0,0,-1,-1,-1,-1,-1,-1,-1,-1,-1,-1,-1,-1,-1,-1,-1,-1,-1,-1,-1,-1,-1,-1,-1,-1,0,0,0,0,0,0,0,0,0,0,0,0,0,0,0,0,0,0,0,0,0,0,0,0,255,139,139,45,0,0,1,1,0,0,0,100,100,100,100,0,0,100,-1,0,100,100,0,1,1,-1,0,0,100,0,[0|0|0],10000,0,0,[0|0|0|0|0|0|0|0|0|0]
600000841,,0,0,0,0,0.3,0,-1,-1,-1,-1,-1,0,0,-1,-1,0,0,-1,-1,0,45,45,45,45,200,500,100,100,112,28,0,0,0,0,0,0,0,0,0,0,10,0,0,0,0,0,0,0,0,0,0,0,2,0,0,3,13,1,255,0,255,0,0,0,0,0,0,0,0,0,0,2,0,1,0,0,0,0,0,0,0,0,1,0,-1,-1,2100,2010,-1,-1,-1,-1,-1,-1,-1,-1,-1,-1,-1,-1,-1,-1,-1,-1,-1,-1,-1,-1,-1,-1,-1,-1,-1,-1,-1,-1,0,0,0,0,0,0,0,0,0,0,0,0,-1,-1,-1,-1,-1,-1,-1,-1,-1,-1,-1,-1,-1,-1,-1,-1,-1,-1,-1,-1,-1,-1,-1,-1,0,0,0,0,0,0,0,0,0,0,0,0,0,0,0,0,0,0,0,0,0,0,0,0,255,139,139,45,0,0,1,1,0,0,0,100,100,100,100,0,0,100,-1,0,100,100,0,1,1,-1,0,0,100,0,[0|0|0],10000,0,0,[0|0|0|0|0|0|0|0|0|0]
600000842,,0,0,0,0,1,0,6904,-1,-1,-1,-1,0,0,-1,-1,0,0,-1,-1,0,155,155,155,155,500,500,100,100,112,28,0,0,0,0,0,0,0,0,0,0,10,0,0,0,0,0,0,0,0,0,0,0,6,0,0,3,13,1,255,0,255,0,0,0,0,0,0,0,0,0,0,2,0,1,0,0,0,0,0,0,0,0,1,0,-1,-1,2100,2010,-1,-1,-1,-1,-1,-1,-1,-1,-1,-1,-1,-1,-1,-1,-1,-1,-1,-1,-1,-1,-1,-1,-1,-1,-1,-1,-1,-1,0,0,0,0,0,0,0,0,0,0,0,0,-1,-1,-1,-1,-1,-1,-1,-1,-1,-1,-1,-1,-1,-1,-1,-1,-1,-1,-1,-1,-1,-1,-1,-1,0,0,0,0,0,0,0,0,0,0,0,0,0,0,0,0,0,0,0,0,0,0,0,0,255,139,139,155,0,0,1,1,0,0,0,100,100,100,100,0,0,100,-1,0,100,100,0,1,1,-1,0,0,300,0,[0|0|0],10000,0,0,[0|0|0|0|0|0|0|0|0|0]
600000843,,0.4,0.08,0,0,0.3,0.08,-1,-1,-1,-1,-1,100,110,-1,-1,120,120,-1,-1,0,55,55,55,55,200,500,100,100,111,28,0,0,0,0,0,0,0,0,0,0,10,0,0,0,0,2,0,0,0,0,0,0,3,0,0,253,13,1,255,0,255,0,0,0,0,0,0,0,0,0,0,2,1,1,0,0,0,0,0,0,0,0,1,0,-1,-1,2100,2010,-1,-1,-1,-1,-1,-1,-1,-1,-1,-1,-1,-1,-1,-1,-1,-1,-1,-1,-1,-1,-1,-1,-1,-1,-1,-1,-1,-1,0,0,0,0,0,0,0,0,0,0,0,0,-1,-1,-1,-1,-1,-1,-1,-1,-1,-1,-1,-1,-1,-1,-1,-1,-1,-1,-1,-1,-1,-1,-1,-1,0,0,0,0,0,0,0,0,0,0,0,0,0,0,0,0,0,0,0,0,0,0,0,0,255,139,139,55,0,0,1,1,0,0,0,100,100,100,100,0,0,100,-1,0,100,100,0,1,1,-1,0,0,100,0,[0|0|0],10000,0,0,[0|0|0|0|0|0|0|0|0|0]
600000844,,0,0,0,0,0.3,0,-1,-1,-1,-1,-1,0,0,-1,-1,0,0,-1,-1,0,55,55,55,55,200,500,100,100,111,28,0,0,0,0,0,0,0,0,0,0,10,0,0,0,0,0,0,0,0,0,0,0,2,0,0,3,13,1,255,0,255,0,0,0,0,0,0,0,0,0,0,2,0,1,0,0,0,0,0,0,0,0,1,0,-1,-1,2100,2010,-1,-1,-1,-1,-1,-1,-1,-1,-1,-1,-1,-1,-1,-1,-1,-1,-1,-1,-1,-1,-1,-1,-1,-1,-1,-1,-1,-1,0,0,0,0,0,0,0,0,0,0,0,0,-1,-1,-1,-1,-1,-1,-1,-1,-1,-1,-1,-1,-1,-1,-1,-1,-1,-1,-1,-1,-1,-1,-1,-1,0,0,0,0,0,0,0,0,0,0,0,0,0,0,0,0,0,0,0,0,0,0,0,0,255,139,139,55,0,0,1,1,0,0,0,100,100,100,100,0,0,100,-1,0,100,100,0,1,1,-1,0,0,100,0,[0|0|0],10000,0,0,[0|0|0|0|0|0|0|0|0|0]
600000845,,0,0,0,0,1,0,6904,-1,-1,-1,-1,0,0,-1,-1,0,0,-1,-1,0,185,185,185,185,500,500,100,100,111,28,0,0,0,0,0,0,0,0,0,0,10,0,0,0,0,0,0,0,0,0,0,0,6,0,0,3,13,1,255,0,255,0,0,0,0,0,0,0,0,0,0,2,0,1,0,0,0,0,0,0,0,0,1,0,-1,-1,2100,2010,-1,-1,-1,-1,-1,-1,-1,-1,-1,-1,-1,-1,-1,-1,-1,-1,-1,-1,-1,-1,-1,-1,-1,-1,-1,-1,-1,-1,0,0,0,0,0,0,0,0,0,0,0,0,-1,-1,-1,-1,-1,-1,-1,-1,-1,-1,-1,-1,-1,-1,-1,-1,-1,-1,-1,-1,-1,-1,-1,-1,0,0,0,0,0,0,0,0,0,0,0,0,0,0,0,0,0,0,0,0,0,0,0,0,255,139,139,185,0,0,1,1,0,0,0,100,100,100,100,0,0,100,-1,0,100,100,0,1,1,-1,0,0,400,0,[0|0|0],10000,0,0,[0|0|0|0|0|0|0|0|0|0]
600000972,,0,0,0,0,0.8,0,6903,-1,-1,-1,-1,0,0,0,0,0,0,0,0,0,0,0,0,0,0,500,100,0,112,0,0,87,0,0,100,0,0,0,0,0,10,0,0,0,0,0,0,0,0,0,0,0,2,1,0,3,0,3,6,0,0,0,0,0,0,0,0,0,0,0,0,0,0,1,0,0,0,0,1,0,0,0,0,10,-1,-1,2100,2010,-1,-1,-1,-1,-1,-1,-1,-1,-1,-1,-1,-1,-1,-1,-1,-1,-1,-1,-1,-1,-1,-1,-1,-1,-1,-1,-1,-1,0,0,0,0,0,0,0,0,0,0,0,0,-1,-1,-1,-1,-1,-1,-1,-1,-1,-1,-1,-1,-1,-1,-1,-1,-1,-1,-1,-1,-1,-1,-1,-1,0,0,0,0,0,0,0,0,0,0,0,0,0,0,0,0,0,0,0,0,0,0,0,0,0,139,139,0,0,0,1,1,0,0,0,0,0,100,100,0,0,0,20050010,-1,-1,100,0,1,1,-1,0,0,0,0,[0|0|0],10000,0,0,[0|0|0|0|0|0|0|0|0|0]
600001000,Claws of Night - Bullet,0,0,0,0,0.3,0,-1,-1,-1,-1,-1,0,0,0,0,0,0,0,0,0,70,70,70,70,70,100,100,0,112,119,0,0,0,0,0,0,0,0,0,0,10,0,0,0,0,0,0,0,0,0,0,0,8,1,0,253,255,2,255,0,255,0,0,0,0,0,0,0,1,0,0,0,0,1,0,0,0,0,0,0,0,0,0,0,-1,-1,2100,2000,-1,-1,-1,-1,-1,-1,-1,-1,-1,-1,-1,-1,-1,-1,-1,-1,-1,-1,-1,-1,-1,-1,-1,-1,-1,-1,-1,-1,0,0,0,0,0,0,0,0,0,0,0,0,-1,-1,-1,-1,-1,-1,-1,-1,-1,-1,-1,-1,-1,-1,-1,-1,-1,-1,-1,-1,-1,-1,-1,-1,0,0,0,0,0,0,0,0,0,0,0,0,0,0,0,0,0,0,0,0,0,0,0,0,255,139,139,70,0,0,1,1,0,0,0,70,100,100,100,0,0,70,-1,0,100,100,0,1,1,-1,0,0,70,0,[0|0|0],10000,0,0,[0|0|0|0|0|0|0|0|0|0]
600001001,Claws of Night - Bullet,0,0,0,0,0.3,0,-1,-1,-1,-1,-1,0,0,0,0,0,0,0,0,0,70,70,70,70,70,100,100,0,112,119,0,0,0,0,0,0,0,0,0,0,10,0,0,0,0,0,0,0,0,0,0,0,8,1,0,253,255,2,255,0,255,0,0,0,0,0,0,0,1,0,0,0,0,1,0,0,0,0,0,0,0,0,0,0,-1,-1,2100,2000,-1,-1,-1,-1,-1,-1,-1,-1,-1,-1,-1,-1,-1,-1,-1,-1,-1,-1,-1,-1,-1,-1,-1,-1,-1,-1,-1,-1,0,0,0,0,0,0,0,0,0,0,0,0,-1,-1,-1,-1,-1,-1,-1,-1,-1,-1,-1,-1,-1,-1,-1,-1,-1,-1,-1,-1,-1,-1,-1,-1,0,0,0,0,0,0,0,0,0,0,0,0,0,0,0,0,0,0,0,0,0,0,0,0,255,139,139,70,0,0,1,1,0,0,0,70,100,100,100,0,0,70,-1,0,100,100,0,1,1,-1,0,0,70,0,[0|0|0],10000,0,0,[0|0|0|0|0|0|0|0|0|0]
600001002,Claws of Night - Bullet,0,0,0,0,0.3,0,-1,-1,-1,-1,-1,0,0,0,0,0,0,0,0,0,70,70,70,70,70,100,100,0,112,119,0,0,0,0,0,0,0,0,0,0,10,0,0,0,0,0,0,0,0,0,0,0,8,1,0,253,255,2,255,0,255,0,0,0,0,0,0,0,1,0,0,0,0,1,0,0,0,0,0,0,0,0,0,0,-1,-1,2100,2000,-1,-1,-1,-1,-1,-1,-1,-1,-1,-1,-1,-1,-1,-1,-1,-1,-1,-1,-1,-1,-1,-1,-1,-1,-1,-1,-1,-1,0,0,0,0,0,0,0,0,0,0,0,0,-1,-1,-1,-1,-1,-1,-1,-1,-1,-1,-1,-1,-1,-1,-1,-1,-1,-1,-1,-1,-1,-1,-1,-1,0,0,0,0,0,0,0,0,0,0,0,0,0,0,0,0,0,0,0,0,0,0,0,0,255,139,139,70,0,0,1,1,0,0,0,70,100,100,100,0,0,70,-1,0,100,100,0,1,1,-1,0,0,70,0,[0|0|0],10000,0,0,[0|0|0|0|0|0|0|0|0|0]
600001003,Claws of Night - Bullet,0,0,0,0,0.3,0,-1,-1,-1,-1,-1,0,0,0,0,0,0,0,0,0,70,70,70,70,70,100,100,0,112,119,0,0,0,0,0,0,0,0,0,0,10,0,0,0,0,0,0,0,0,0,0,0,8,1,0,253,255,2,255,0,255,0,0,0,0,0,0,0,1,0,0,0,0,1,0,0,0,0,0,0,0,0,0,0,-1,-1,2100,2000,-1,-1,-1,-1,-1,-1,-1,-1,-1,-1,-1,-1,-1,-1,-1,-1,-1,-1,-1,-1,-1,-1,-1,-1,-1,-1,-1,-1,0,0,0,0,0,0,0,0,0,0,0,0,-1,-1,-1,-1,-1,-1,-1,-1,-1,-1,-1,-1,-1,-1,-1,-1,-1,-1,-1,-1,-1,-1,-1,-1,0,0,0,0,0,0,0,0,0,0,0,0,0,0,0,0,0,0,0,0,0,0,0,0,255,139,139,70,0,0,1,1,0,0,0,70,100,100,100,0,0,70,-1,0,100,100,0,1,1,-1,0,0,70,0,[0|0|0],10000,0,0,[0|0|0|0|0|0|0|0|0|0]
600001008,Claws of Night - Bullet,0,0,0,0,0.3,0,-1,-1,-1,-1,-1,0,0,0,0,0,0,0,0,0,39,39,39,39,70,100,100,0,112,119,0,0,0,0,0,0,0,0,0,0,10,0,0,0,0,0,0,0,0,0,0,0,8,1,0,253,255,2,255,0,255,0,0,0,0,0,0,0,1,0,0,0,0,1,0,0,0,0,0,0,0,0,0,0,-1,-1,2100,2000,-1,-1,-1,-1,-1,-1,-1,-1,-1,-1,-1,-1,-1,-1,-1,-1,-1,-1,-1,-1,-1,-1,-1,-1,-1,-1,-1,-1,0,0,0,0,0,0,0,0,0,0,0,0,-1,-1,-1,-1,-1,-1,-1,-1,-1,-1,-1,-1,-1,-1,-1,-1,-1,-1,-1,-1,-1,-1,-1,-1,0,0,0,0,0,0,0,0,0,0,0,0,0,0,0,0,0,0,0,0,0,0,0,0,255,139,139,39,0,0,1,1,0,0,0,70,100,100,100,0,0,70,-1,0,100,100,0,1,1,-1,0,0,35,0,[0|0|0],10000,0,0,[0|0|0|0|0|0|0|0|0|0]
600001009,Claws of Night - Bullet,0.4,0.2,0,0,0.5,0,6902,-1,-1,1665,-1,1,1,-1,-1,-1,-1,-1,-1,0,70,70,70,70,70,100,100,100,112,119,0,0,0,0,0,0,0,0,0,0,10,0,0,0,0,2,0,0,0,0,0,0,8,1,0,253,255,2,255,0,255,0,0,0,0,0,0,0,1,0,0,0,0,1,0,0,0,0,0,0,0,0,0,0,-1,-1,2100,2010,-1,-1,-1,-1,-1,-1,-1,-1,-1,-1,-1,-1,-1,-1,-1,-1,-1,-1,-1,-1,-1,-1,-1,-1,-1,-1,-1,-1,0,0,0,0,0,0,0,0,0,0,0,0,-1,-1,-1,-1,-1,-1,-1,-1,-1,-1,-1,-1,-1,-1,-1,-1,-1,-1,-1,-1,-1,-1,-1,-1,0,0,0,0,0,0,0,0,0,0,0,0,0,0,0,0,0,0,0,0,0,0,0,0,255,139,139,70,0,0,0,1,0,0,0,70,100,100,100,0,0,70,-1,0,100,100,0,1,1,-1,0,0,70,0,[0|0|0],10000,0,0,[0|0|0|0|0|0|0|0|0|0]
700000030,,0.4,0.3,0,0,1.2,0.04,6903,-1,-1,-1,-1,100,110,-1,-1,120,120,-1,-1,0,80,80,80,80,80,500,100,100,112,0,0,0,0,0,0,0,0,0,0,0,10,0,0,0,0,2,0,0,0,0,0,0,2,0,0,253,255,0,255,0,255,0,0,0,0,0,0,0,0,0,0,0,2,1,0,0,0,0,0,0,0,9,0,0,-1,-1,2100,2010,-1,-1,-1,-1,-1,-1,-1,-1,-1,-1,-1,-1,-1,-1,-1,-1,-1,-1,-1,-1,-1,-1,-1,-1,-1,-1,-1,-1,0,0,0,0,0,0,0,0,0,0,0,0,-1,-1,-1,-1,-1,-1,-1,-1,-1,-1,-1,-1,-1,-1,-1,-1,-1,-1,-1,-1,-1,-1,-1,-1,0,0,0,0,0,0,0,0,0,0,0,0,0,0,0,0,0,0,0,0,0,0,0,0,255,139,139,80,0,0,1,1,0,0,0,75,75,100,100,0,0,75,-1,-1,100,50,0,1,1,-1,0,0,85,0,[0|0|0],10000,0,0,[0|0|0|0|0|0|0|0|0|0]
700000031,,0.4,0.3,0,0,1.2,0.04,6903,-1,-1,-1,-1,100,110,-1,-1,120,120,-1,-1,0,80,80,80,80,80,500,100,100,112,0,0,0,0,0,0,0,0,0,0,0,10,0,0,0,0,2,0,0,0,0,0,0,2,0,0,253,255,0,255,0,255,0,0,0,0,0,0,0,0,0,0,0,4,1,0,0,0,0,0,0,0,0,0,0,-1,-1,2100,2010,-1,-1,-1,-1,-1,-1,-1,-1,-1,-1,-1,-1,-1,-1,-1,-1,-1,-1,-1,-1,-1,-1,-1,-1,-1,-1,-1,-1,0,0,0,0,0,0,0,0,0,0,0,0,-1,-1,-1,-1,-1,-1,-1,-1,-1,-1,-1,-1,-1,-1,-1,-1,-1,-1,-1,-1,-1,-1,-1,-1,0,0,0,0,0,0,0,0,0,0,0,0,0,0,0,0,0,0,0,0,0,0,0,0,255,139,139,80,0,0,1,1,0,0,0,75,75,100,100,0,0,75,-1,-1,100,100,0,1,1,-1,0,0,85,0,[0|0|0],10000,0,0,[0|0|0|0|0|0|0|0|0|0]
700000032,,0.4,0.3,0,0,1.2,0.08,6903,-1,-1,-1,-1,100,110,-1,-1,120,120,-1,-1,0,100,100,100,100,100,500,100,100,112,0,0,0,0,0,0,0,0,0,0,0,10,0,0,0,0,2,0,0,0,0,0,0,3,0,0,253,255,0,255,0,255,0,0,0,0,0,0,0,0,0,0,0,1,1,0,0,0,0,0,0,0,0,0,0,-1,-1,2100,2010,-1,-1,-1,-1,-1,-1,-1,-1,-1,-1,-1,-1,-1,-1,-1,-1,-1,-1,-1,-1,-1,-1,-1,-1,-1,-1,-1,-1,0,0,0,0,0,0,0,0,0,0,0,0,-1,-1,-1,-1,-1,-1,-1,-1,-1,-1,-1,-1,-1,-1,-1,-1,-1,-1,-1,-1,-1,-1,-1,-1,0,0,0,0,0,0,0,0,0,0,0,0,0,0,0,0,0,0,0,0,0,0,0,0,255,139,139,100,0,0,1,1,0,0,0,100,100,100,100,0,0,100,-1,-1,100,100,0,1,1,-1,0,0,120,0,[0|0|0],10000,0,0,[0|0|0|0|0|0|0|0|0|0]
700000033,,0,0,0,0,0.7,0,-1,-1,-1,-1,-1,0,0,0,0,0,0,0,0,0,0,0,0,0,0,100,100,0,0,0,0,42,0,0,7,100,0,0,0,0,10,0,0,0,0,0,0,0,0,0,0,0,1,1,0,3,10,3,6,0,0,0,0,0,0,0,0,0,0,0,0,0,0,1,0,0,0,0,1,0,0,0,0,1,-1,-1,2100,2000,-1,-1,-1,-1,-1,-1,-1,-1,-1,-1,-1,-1,-1,-1,-1,-1,-1,-1,-1,-1,-1,-1,-1,-1,-1,-1,-1,-1,0,0,0,0,0,0,0,0,0,0,0,0,-1,-1,-1,-1,-1,-1,-1,-1,-1,-1,-1,-1,-1,-1,-1,-1,-1,-1,-1,-1,-1,-1,-1,-1,0,0,0,0,0,0,0,0,0,0,0,0,0,0,0,0,0,0,0,0,0,0,0,0,0,139,139,0,0,0,1,1,0,0,0,100,100,100,100,0,0,0,51080,-1,-1,50,0,1,1,-1,1,0,0,0,[0|0|0],10000,0,0,[0|0|0|0|0|0|0|0|0|0]
700000034,,0,0,0,0,0.7,0,-1,-1,-1,-1,-1,0,0,0,0,0,0,0,0,0,0,0,0,0,0,100,100,0,0,0,0,42,0,0,7,100,0,0,0,0,10,0,0,0,0,0,0,0,0,0,0,0,1,1,0,3,10,3,6,0,0,0,0,0,0,0,0,0,0,0,0,0,0,1,0,0,0,0,1,0,0,0,0,1,-1,-1,2100,2000,-1,-1,-1,-1,-1,-1,-1,-1,-1,-1,-1,-1,-1,-1,-1,-1,-1,-1,-1,-1,-1,-1,-1,-1,-1,-1,-1,-1,0,0,0,0,0,0,0,0,0,0,0,0,-1,-1,-1,-1,-1,-1,-1,-1,-1,-1,-1,-1,-1,-1,-1,-1,-1,-1,-1,-1,-1,-1,-1,-1,0,0,0,0,0,0,0,0,0,0,0,0,0,0,0,0,0,0,0,0,0,0,0,0,0,139,139,0,0,0,1,1,0,0,0,100,100,100,100,0,0,0,51080,-1,-1,50,0,1,1,-1,1,0,0,0,[0|0|0],10000,0,0,[0|0|0|0|0|0|0|0|0|0]
700000035,,0,0,0,0,0.7,0,-1,-1,-1,-1,-1,0,0,0,0,0,0,0,0,0,0,0,0,0,0,100,100,0,0,0,0,42,0,0,7,100,0,0,0,0,10,0,0,0,0,0,0,0,0,0,0,0,1,1,0,3,10,3,6,0,0,0,0,0,0,0,0,0,0,0,0,0,0,1,0,0,0,0,1,0,0,0,0,1,-1,-1,2100,2000,-1,-1,-1,-1,-1,-1,-1,-1,-1,-1,-1,-1,-1,-1,-1,-1,-1,-1,-1,-1,-1,-1,-1,-1,-1,-1,-1,-1,0,0,0,0,0,0,0,0,0,0,0,0,-1,-1,-1,-1,-1,-1,-1,-1,-1,-1,-1,-1,-1,-1,-1,-1,-1,-1,-1,-1,-1,-1,-1,-1,0,0,0,0,0,0,0,0,0,0,0,0,0,0,0,0,0,0,0,0,0,0,0,0,0,139,139,0,0,0,1,1,0,0,0,100,100,100,100,0,0,0,51080,-1,-1,50,0,1,1,-1,1,0,0,0,[0|0|0],10000,0,0,[0|0|0|0|0|0|0|0|0|0]
700000040,,0.37,0.2,0.15,0,1.7,0.04,6903,-1,-1,-1,-1,100,130,110,-1,130,120,120,-1,0,80,80,80,80,80,500,100,100,112,0,0,0,0,0,0,0,0,0,0,0,10,0,0,0,0,0,2,0,0,0,0,0,3,0,0,253,255,0,255,0,255,0,0,0,0,0,0,0,0,0,0,0,2,1,0,0,0,0,0,0,0,9,0,0,-1,-1,2100,2010,-1,-1,-1,-1,-1,-1,-1,-1,-1,-1,-1,-1,-1,-1,-1,-1,-1,-1,-1,-1,-1,-1,-1,-1,-1,-1,-1,-1,0,0,0,0,0,0,0,0,0,0,0,0,-1,-1,-1,-1,-1,-1,-1,-1,-1,-1,-1,-1,-1,-1,-1,-1,-1,-1,-1,-1,-1,-1,-1,-1,0,0,0,0,0,0,0,0,0,0,0,0,0,0,0,0,0,0,0,0,0,0,0,0,255,139,139,80,0,0,1,1,0,0,0,75,75,100,100,0,0,75,-1,-1,100,50,0,1,1,-1,0,0,150,0,[0|0|0],10000,0,0,[0|0|0|0|0|0|0|0|0|0]
700000041,,0.37,0.2,0.15,0,1.4,0.04,6903,-1,-1,-1,-1,100,130,110,-1,130,120,120,-1,0,80,80,80,80,80,500,100,100,112,0,0,0,0,0,0,0,0,0,0,0,10,0,0,0,0,0,2,0,0,0,0,0,3,0,0,253,255,0,255,0,255,0,0,0,0,0,0,0,0,0,0,0,4,1,0,0,0,0,0,0,0,0,0,0,-1,-1,2100,2010,-1,-1,-1,-1,-1,-1,-1,-1,-1,-1,-1,-1,-1,-1,-1,-1,-1,-1,-1,-1,-1,-1,-1,-1,-1,-1,-1,-1,0,0,0,0,0,0,0,0,0,0,0,0,-1,-1,-1,-1,-1,-1,-1,-1,-1,-1,-1,-1,-1,-1,-1,-1,-1,-1,-1,-1,-1,-1,-1,-1,0,0,0,0,0,0,0,0,0,0,0,0,0,0,0,0,0,0,0,0,0,0,0,0,255,139,139,80,0,0,1,1,0,0,0,75,75,100,100,0,0,75,-1,-1,100,100,0,1,1,-1,0,0,150,0,[0|0|0],10000,0,0,[0|0|0|0|0|0|0|0|0|0]
700000042,,0.37,0.2,0.15,0,1,0.08,6903,-1,-1,-1,-1,100,130,110,-1,130,120,120,-1,0,100,100,100,100,100,500,100,100,112,0,0,0,0,0,0,0,0,0,0,0,10,0,0,0,0,0,2,0,0,0,0,0,3,0,0,253,255,0,255,0,255,0,0,0,0,0,0,0,0,0,0,0,2,1,0,0,0,0,0,0,0,0,0,0,-1,-1,2100,2010,-1,-1,-1,-1,-1,-1,-1,-1,-1,-1,-1,-1,-1,-1,-1,-1,-1,-1,-1,-1,-1,-1,-1,-1,-1,-1,-1,-1,0,0,0,0,0,0,0,0,0,0,0,0,-1,-1,-1,-1,-1,-1,-1,-1,-1,-1,-1,-1,-1,-1,-1,-1,-1,-1,-1,-1,-1,-1,-1,-1,0,0,0,0,0,0,0,0,0,0,0,0,0,0,0,0,0,0,0,0,0,0,0,0,255,139,139,100,0,0,1,1,0,0,0,100,100,100,100,0,0,100,-1,-1,100,100,0,1,1,-1,0,0,170,0,[0|0|0],10000,0,0,[0|0|0|0|0|0|0|0|0|0]
700000043,,0,0,0,0,0.7,0,-1,-1,-1,-1,-1,0,0,0,0,0,0,0,0,0,0,0,0,0,0,100,100,0,0,0,0,42,0,0,7,100,0,0,0,0,10,0,0,0,0,0,0,0,0,0,0,0,1,1,0,3,10,3,6,0,0,0,0,0,0,0,0,0,0,0,0,0,0,1,0,0,0,0,1,0,0,0,0,1,-1,-1,2100,2000,-1,-1,-1,-1,-1,-1,-1,-1,-1,-1,-1,-1,-1,-1,-1,-1,-1,-1,-1,-1,-1,-1,-1,-1,-1,-1,-1,-1,0,0,0,0,0,0,0,0,0,0,0,0,-1,-1,-1,-1,-1,-1,-1,-1,-1,-1,-1,-1,-1,-1,-1,-1,-1,-1,-1,-1,-1,-1,-1,-1,0,0,0,0,0,0,0,0,0,0,0,0,0,0,0,0,0,0,0,0,0,0,0,0,0,139,139,0,0,0,1,1,0,0,0,100,100,100,100,0,0,0,51080,-1,-1,50,0,1,1,-1,1,0,0,0,[0|0|0],10000,0,0,[0|0|0|0|0|0|0|0|0|0]
700000044,,0,0,0,0,0.7,0,-1,-1,-1,-1,-1,0,0,0,0,0,0,0,0,0,0,0,0,0,0,100,100,0,0,0,0,42,0,0,7,100,0,0,0,0,10,0,0,0,0,0,0,0,0,0,0,0,1,1,0,3,10,3,6,0,0,0,0,0,0,0,0,0,0,0,0,0,0,1,0,0,0,0,1,0,0,0,0,1,-1,-1,2100,2000,-1,-1,-1,-1,-1,-1,-1,-1,-1,-1,-1,-1,-1,-1,-1,-1,-1,-1,-1,-1,-1,-1,-1,-1,-1,-1,-1,-1,0,0,0,0,0,0,0,0,0,0,0,0,-1,-1,-1,-1,-1,-1,-1,-1,-1,-1,-1,-1,-1,-1,-1,-1,-1,-1,-1,-1,-1,-1,-1,-1,0,0,0,0,0,0,0,0,0,0,0,0,0,0,0,0,0,0,0,0,0,0,0,0,0,139,139,0,0,0,1,1,0,0,0,100,100,100,100,0,0,0,51080,-1,-1,50,0,1,1,-1,1,0,0,0,[0|0|0],10000,0,0,[0|0|0|0|0|0|0|0|0|0]
700000045,,0,0,0,0,0.7,0,-1,-1,-1,-1,-1,0,0,0,0,0,0,0,0,0,0,0,0,0,0,100,100,0,0,0,0,42,0,0,7,100,0,0,0,0,10,0,0,0,0,0,0,0,0,0,0,0,1,1,0,3,10,3,6,0,0,0,0,0,0,0,0,0,0,0,0,0,0,1,0,0,0,0,1,0,0,0,0,1,-1,-1,2100,2000,-1,-1,-1,-1,-1,-1,-1,-1,-1,-1,-1,-1,-1,-1,-1,-1,-1,-1,-1,-1,-1,-1,-1,-1,-1,-1,-1,-1,0,0,0,0,0,0,0,0,0,0,0,0,-1,-1,-1,-1,-1,-1,-1,-1,-1,-1,-1,-1,-1,-1,-1,-1,-1,-1,-1,-1,-1,-1,-1,-1,0,0,0,0,0,0,0,0,0,0,0,0,0,0,0,0,0,0,0,0,0,0,0,0,0,139,139,0,0,0,1,1,0,0,0,100,100,100,100,0,0,0,51080,-1,-1,50,0,1,1,-1,1,0,0,0,[0|0|0],10000,0,0,[0|0|0|0|0|0|0|0|0|0]
700000060,,0,0,0,0,0.5,0,-1,-1,-1,-1,-1,0,0,0,0,0,0,0,0,0,0,0,0,0,0,0,0,0,112,0,0,0,0,0,40,100,0,0,0,0,10,0,0,0,0,0,0,0,0,0,0,0,2,2,0,3,13,3,6,0,0,0,0,0,0,0,0,0,0,0,0,0,2,1,0,0,0,0,1,0,0,0,0,12,-1,-1,2100,2010,-1,-1,-1,-1,-1,-1,-1,-1,-1,-1,-1,-1,-1,-1,-1,-1,-1,-1,-1,-1,-1,-1,-1,-1,-1,-1,-1,-1,0,0,0,0,0,0,0,0,0,0,0,0,-1,-1,-1,-1,-1,-1,-1,-1,-1,-1,-1,-1,-1,-1,-1,-1,-1,-1,-1,-1,-1,-1,-1,-1,0,0,0,0,0,0,0,0,0,0,0,0,0,0,0,0,0,0,0,0,0,0,0,0,0,139,139,0,190,0,1,1,0,0,0,0,0,100,100,0,0,0,51070,-1,-1,0,0,1,1,-1,0,0,0,0,[0|0|0],10000,0,0,[0|0|0|0|0|0|0|0|0|0]
700000070,,0.4,0.1,0,0,1.3,0.08,6903,-1,-1,-1,-1,100,122,-1,-1,122,-1,-1,-1,0,98,98,98,98,500,500,150,100,112,0,0,0,0,0,0,0,0,0,0,0,10,0,0,0,0,2,0,0,0,0,0,0,3,0,0,253,13,0,255,0,255,0,0,0,0,0,0,0,0,0,0,0,1,1,0,0,0,0,0,0,0,0,0,0,-1,-1,2100,2010,-1,-1,-1,-1,-1,-1,-1,-1,-1,-1,-1,-1,-1,-1,-1,-1,-1,-1,-1,-1,-1,-1,-1,-1,-1,-1,-1,-1,0,0,0,0,0,0,0,0,0,0,0,0,-1,-1,-1,-1,-1,-1,-1,-1,-1,-1,-1,-1,-1,-1,-1,-1,-1,-1,-1,-1,-1,-1,-1,-1,0,0,0,0,0,0,0,0,0,0,0,0,0,0,0,0,0,0,0,0,0,0,0,0,255,139,139,98,20,0,1,1,0,0,0,100,100,100,100,0,0,100,-1,0,100,100,0,1,1,-1,0,0,250,0,[0|0|0],10000,0,0,[0|0|0|0|0|0|0|0|0|0]
700000071,,0,0,0,0,0,0,-1,-1,-1,-1,-1,0,0,0,0,0,0,0,0,0,0,0,0,0,100,500,100,0,112,0,0,0,0,0,0,0,0,0,0,0,10,0,0,0,0,0,0,0,0,0,0,0,1,1,0,3,13,3,6,0,0,0,0,0,0,0,0,0,0,0,0,0,1,1,0,0,0,0,1,0,0,0,0,1,-1,-1,2100,2010,-1,-1,-1,-1,-1,-1,-1,-1,-1,-1,-1,-1,-1,-1,-1,-1,-1,-1,-1,-1,-1,-1,-1,-1,-1,-1,-1,-1,0,0,0,0,0,0,0,0,0,0,0,0,0,0,0,0,0,0,0,0,0,0,0,0,0,0,0,0,0,0,0,0,0,0,0,0,0,0,0,0,0,0,0,0,0,0,0,0,0,0,0,0,0,0,0,0,0,0,0,0,0,139,139,0,29,0,1,1,0,0,0,0,0,100,100,0,0,0,20050000,-1,-1,100,0,1,1,-1,0,0,0,0,[0|0|0],10000,0,0,[0|0|0|0|0|0|0|0|0|0]
700000072,,0,0,0,0,0,0,-1,-1,-1,-1,-1,0,0,0,0,0,0,0,0,0,0,0,0,0,100,500,100,0,112,0,0,0,0,0,0,0,0,0,0,0,10,0,0,0,0,0,0,0,0,0,0,0,0,1,0,3,13,3,6,0,0,0,0,0,0,0,0,0,0,0,0,0,1,1,0,0,0,0,1,0,0,0,0,0,-1,-1,2100,2010,-1,-1,-1,-1,-1,-1,-1,-1,-1,-1,-1,-1,-1,-1,-1,-1,-1,-1,-1,-1,-1,-1,-1,-1,-1,-1,-1,-1,0,0,0,0,0,0,0,0,0,0,0,0,0,0,0,0,0,0,0,0,0,0,0,0,0,0,0,0,0,0,0,0,0,0,0,0,0,0,0,0,0,0,0,0,0,0,0,0,0,0,0,0,0,0,0,0,0,0,0,0,0,139,139,0,14,0,1,1,0,0,0,0,0,100,100,0,0,0,20050000,-1,-1,100,0,1,1,-1,0,0,0,0,[0|0|0],10000,0,0,[0|0|0|0|0|0|0|0|0|0]
700000075,,0.4,0.1,0,0,1.5,0.08,6903,-1,-1,-1,-1,100,122,-1,-1,122,-1,-1,-1,0,131,131,131,131,500,500,150,100,111,0,0,0,0,0,0,0,0,0,0,0,10,0,0,0,0,2,0,0,0,0,0,0,3,0,0,253,13,0,255,0,255,0,0,0,0,0,0,0,0,0,0,0,1,1,0,0,0,0,0,0,0,0,0,0,-1,-1,2100,2010,-1,-1,-1,-1,-1,-1,-1,-1,-1,-1,-1,-1,-1,-1,-1,-1,-1,-1,-1,-1,-1,-1,-1,-1,-1,-1,-1,-1,0,0,0,0,0,0,0,0,0,0,0,0,-1,-1,-1,-1,-1,-1,-1,-1,-1,-1,-1,-1,-1,-1,-1,-1,-1,-1,-1,-1,-1,-1,-1,-1,0,0,0,0,0,0,0,0,0,0,0,0,0,0,0,0,0,0,0,0,0,0,0,0,255,139,139,131,20,0,1,1,0,0,0,100,100,100,100,0,0,100,-1,0,100,100,0,1,1,-1,0,0,450,0,[0|0|0],10000,0,0,[0|0|0|0|0|0|0|0|0|0]
700000076,,0,0,0,0,0,0,-1,-1,-1,-1,-1,0,0,0,0,0,0,0,0,0,0,0,0,0,100,500,100,0,111,0,0,0,0,0,0,0,0,0,0,0,10,0,0,0,0,0,0,0,0,0,0,0,1,1,0,3,13,3,6,0,0,0,0,0,0,0,0,0,0,0,0,0,1,1,0,0,0,0,1,0,0,0,0,1,-1,-1,2100,2010,-1,-1,-1,-1,-1,-1,-1,-1,-1,-1,-1,-1,-1,-1,-1,-1,-1,-1,-1,-1,-1,-1,-1,-1,-1,-1,-1,-1,0,0,0,0,0,0,0,0,0,0,0,0,0,0,0,0,0,0,0,0,0,0,0,0,0,0,0,0,0,0,0,0,0,0,0,0,0,0,0,0,0,0,0,0,0,0,0,0,0,0,0,0,0,0,0,0,0,0,0,0,0,139,139,0,34,0,1,1,0,0,0,0,0,100,100,0,0,0,20050000,-1,-1,100,0,1,1,-1,0,0,0,0,[0|0|0],10000,0,0,[0|0|0|0|0|0|0|0|0|0]
700000077,,0,0,0,0,0,0,-1,-1,-1,-1,-1,0,0,0,0,0,0,0,0,0,0,0,0,0,100,500,100,0,111,0,0,0,0,0,0,0,0,0,0,0,10,0,0,0,0,0,0,0,0,0,0,0,0,1,0,3,13,3,6,0,0,0,0,0,0,0,0,0,0,0,0,0,1,1,0,0,0,0,1,0,0,0,0,0,-1,-1,2100,2010,-1,-1,-1,-1,-1,-1,-1,-1,-1,-1,-1,-1,-1,-1,-1,-1,-1,-1,-1,-1,-1,-1,-1,-1,-1,-1,-1,-1,0,0,0,0,0,0,0,0,0,0,0,0,0,0,0,0,0,0,0,0,0,0,0,0,0,0,0,0,0,0,0,0,0,0,0,0,0,0,0,0,0,0,0,0,0,0,0,0,0,0,0,0,0,0,0,0,0,0,0,0,0,139,139,0,16,0,1,1,0,0,0,0,0,100,100,0,0,0,20050000,-1,-1,100,0,1,1,-1,0,0,0,0,[0|0|0],10000,0,0,[0|0|0|0|0|0|0|0|0|0]
700000150,,0,0,0,0,1,0,-1,-1,-1,-1,-1,0,0,-1,-1,0,0,-1,-1,0,0,200,0,0,100,0,0,100,112,0,0,0,0,0,0,0,0,0,0,0,40,0,0,0,0,0,0,0,0,0,0,0,1,1,0,3,10,3,6,0,255,0,0,0,0,0,0,0,0,0,0,0,0,1,0,0,0,0,1,0,0,0,0,0,-1,-1,2100,2010,-1,-1,-1,-1,-1,-1,-1,-1,-1,-1,-1,-1,-1,-1,-1,-1,-1,-1,-1,-1,-1,-1,-1,-1,-1,-1,-1,-1,0,0,0,0,0,0,0,0,0,0,0,0,-1,-1,-1,-1,-1,-1,-1,-1,-1,-1,-1,-1,-1,-1,-1,-1,-1,-1,-1,-1,-1,-1,-1,-1,0,0,0,0,0,0,0,0,0,0,0,0,0,0,0,0,0,0,0,0,0,0,0,0,255,139,139,0,0,0,0,1,0,0,0,0,0,100,100,0,0,0,-1,0,-1,0,0,1,1,-1,3,0,50,0,[0|0|0],10000,0,0,[0|0|0|0|0|0|0|0|0|0]
700000151,,0,0,0,0,1,0,-1,-1,-1,-1,-1,0,0,-1,-1,0,0,-1,-1,0,0,200,0,0,100,0,0,100,112,0,0,0,0,0,0,0,0,0,0,0,40,0,0,0,0,0,0,0,0,0,0,0,1,1,0,3,10,3,6,0,255,0,0,0,0,0,0,0,0,0,0,0,0,1,0,0,0,0,1,0,0,0,0,0,-1,-1,2100,2010,-1,-1,-1,-1,-1,-1,-1,-1,-1,-1,-1,-1,-1,-1,-1,-1,-1,-1,-1,-1,-1,-1,-1,-1,-1,-1,-1,-1,0,0,0,0,0,0,0,0,0,0,0,0,-1,-1,-1,-1,-1,-1,-1,-1,-1,-1,-1,-1,-1,-1,-1,-1,-1,-1,-1,-1,-1,-1,-1,-1,0,0,0,0,0,0,0,0,0,0,0,0,0,0,0,0,0,0,0,0,0,0,0,0,255,139,139,0,0,0,0,1,0,0,0,0,0,100,100,0,0,0,-1,0,-1,0,0,1,1,-1,3,0,50,0,[0|0|0],10000,0,0,[0|0|0|0|0|0|0|0|0|0]
700000152,,0,0,0,0,1,0,-1,-1,-1,-1,-1,0,0,-1,-1,0,0,-1,-1,0,0,200,0,0,100,0,0,100,112,0,0,0,0,0,0,0,0,0,0,0,40,0,0,0,0,0,0,0,0,0,0,0,2,1,0,3,10,3,6,0,255,0,0,0,0,0,0,0,0,0,0,0,0,1,0,0,0,0,1,0,0,0,0,0,-1,-1,2100,2010,-1,-1,-1,-1,-1,-1,-1,-1,-1,-1,-1,-1,-1,-1,-1,-1,-1,-1,-1,-1,-1,-1,-1,-1,-1,-1,-1,-1,0,0,0,0,0,0,0,0,0,0,0,0,-1,-1,-1,-1,-1,-1,-1,-1,-1,-1,-1,-1,-1,-1,-1,-1,-1,-1,-1,-1,-1,-1,-1,-1,0,0,0,0,0,0,0,0,0,0,0,0,0,0,0,0,0,0,0,0,0,0,0,0,255,139,139,0,0,0,0,1,0,0,0,0,0,100,100,0,0,0,-1,0,-1,0,0,1,1,-1,3,0,50,0,[0|0|0],10000,0,0,[0|0|0|0|0|0|0|0|0|0]
700000153,,0,0,0,0,1,0,-1,-1,-1,-1,-1,0,0,-1,-1,0,0,-1,-1,0,0,200,0,0,100,0,0,100,112,0,0,0,0,0,0,0,0,0,0,0,40,0,0,0,0,0,0,0,0,0,0,0,2,1,0,3,10,3,6,0,255,0,0,0,0,0,0,0,0,0,0,0,0,1,0,0,0,0,1,0,0,0,0,0,-1,-1,2100,2010,-1,-1,-1,-1,-1,-1,-1,-1,-1,-1,-1,-1,-1,-1,-1,-1,-1,-1,-1,-1,-1,-1,-1,-1,-1,-1,-1,-1,0,0,0,0,0,0,0,0,0,0,0,0,-1,-1,-1,-1,-1,-1,-1,-1,-1,-1,-1,-1,-1,-1,-1,-1,-1,-1,-1,-1,-1,-1,-1,-1,0,0,0,0,0,0,0,0,0,0,0,0,0,0,0,0,0,0,0,0,0,0,0,0,255,139,139,0,0,0,0,1,0,0,0,0,0,100,100,0,0,0,-1,0,-1,0,0,1,1,-1,3,0,50,0,[0|0|0],10000,0,0,[0|0|0|0|0|0|0|0|0|0]
700000154,,0,0,0,0,1,0,-1,-1,-1,-1,-1,0,0,-1,-1,0,0,-1,-1,0,0,300,0,0,100,0,0,100,112,0,0,0,0,0,0,0,0,0,0,0,40,0,0,0,0,0,0,0,0,0,0,0,3,1,0,3,10,3,6,0,255,0,0,0,0,0,0,0,0,0,0,0,0,1,0,0,0,0,1,0,0,0,0,0,-1,-1,2100,2010,-1,-1,-1,-1,-1,-1,-1,-1,-1,-1,-1,-1,-1,-1,-1,-1,-1,-1,-1,-1,-1,-1,-1,-1,-1,-1,-1,-1,0,0,0,0,0,0,0,0,0,0,0,0,-1,-1,-1,-1,-1,-1,-1,-1,-1,-1,-1,-1,-1,-1,-1,-1,-1,-1,-1,-1,-1,-1,-1,-1,0,0,0,0,0,0,0,0,0,0,0,0,0,0,0,0,0,0,0,0,0,0,0,0,255,139,139,0,0,0,0,1,0,0,0,0,0,100,100,0,0,0,-1,0,-1,0,0,1,1,-1,3,0,100,0,[0|0|0],10000,0,0,[0|0|0|0|0|0|0|0|0|0]
700000155,,0.4,0.2,0,0,0.9,0.08,-1,-1,-1,1665,-1,10100,10120,-1,-1,10110,-1,-1,-1,0,50,50,0,0,100,500,100,100,112,0,0,0,0,0,0,0,0,0,0,0,20,0,0,0,0,2,0,0,0,0,0,0,1,0,0,3,10,0,255,0,255,0,0,0,0,0,0,0,0,0,0,0,4,1,0,0,0,0,0,0,0,0,0,0,-1,-1,2100,2010,-1,-1,-1,-1,-1,-1,-1,-1,-1,-1,-1,-1,-1,-1,-1,-1,-1,-1,-1,-1,-1,-1,-1,-1,-1,-1,-1,-1,0,0,0,0,0,0,0,0,0,0,0,0,-1,-1,-1,-1,-1,-1,-1,-1,-1,-1,-1,-1,-1,-1,-1,-1,-1,-1,-1,-1,-1,-1,-1,-1,0,0,0,0,0,0,0,0,0,0,0,0,0,0,0,0,0,0,0,0,0,0,0,0,255,139,139,0,0,0,0,1,0,0,0,100,100,100,100,0,0,100,-1,0,100,100,0,1,1,-1,3,0,50,0,[0|0|0],10000,0,0,[0|0|0|0|0|0|0|0|0|0]
700000156,,0.4,0.2,0,0,0.9,0.08,-1,-1,-1,1665,-1,10100,10120,-1,-1,10110,-1,-1,-1,0,51,51,0,0,100,500,100,100,112,0,0,0,0,0,0,0,0,0,0,0,20,0,0,0,0,2,0,0,0,0,0,0,1,0,0,3,10,0,255,0,255,0,0,0,0,0,0,0,0,0,0,0,3,1,0,0,0,0,0,0,0,0,0,0,-1,-1,2100,2010,-1,-1,-1,-1,-1,-1,-1,-1,-1,-1,-1,-1,-1,-1,-1,-1,-1,-1,-1,-1,-1,-1,-1,-1,-1,-1,-1,-1,0,0,0,0,0,0,0,0,0,0,0,0,-1,-1,-1,-1,-1,-1,-1,-1,-1,-1,-1,-1,-1,-1,-1,-1,-1,-1,-1,-1,-1,-1,-1,-1,0,0,0,0,0,0,0,0,0,0,0,0,0,0,0,0,0,0,0,0,0,0,0,0,255,139,139,0,0,0,0,1,0,0,0,100,100,100,100,0,0,100,-1,0,100,100,0,1,1,-1,3,0,50,0,[0|0|0],10000,0,0,[0|0|0|0|0|0|0|0|0|0]
700000157,,0.4,0.2,0,0,0.9,0.08,-1,-1,-1,1665,-1,10100,10120,-1,-1,10110,10122,-1,-1,0,52,52,0,0,100,500,100,100,112,0,0,0,0,0,0,0,0,0,0,0,20,0,0,0,0,2,0,0,0,0,0,0,1,0,0,3,10,0,255,0,255,0,0,0,0,0,0,0,0,0,0,0,4,1,0,0,0,0,0,0,0,0,0,0,-1,-1,2100,2010,-1,-1,-1,-1,-1,-1,-1,-1,-1,-1,-1,-1,-1,-1,-1,-1,-1,-1,-1,-1,-1,-1,-1,-1,-1,-1,-1,-1,0,0,0,0,0,0,0,0,0,0,0,0,-1,-1,-1,-1,-1,-1,-1,-1,-1,-1,-1,-1,-1,-1,-1,-1,-1,-1,-1,-1,-1,-1,-1,-1,0,0,0,0,0,0,0,0,0,0,0,0,0,0,0,0,0,0,0,0,0,0,0,0,255,139,139,0,0,0,0,1,0,0,0,100,100,100,100,0,0,100,-1,0,100,105,0,1,1,-1,3,0,50,0,[0|0|0],10000,0,0,[0|0|0|0|0|0|0|0|0|0]
700000158,,0.4,0.2,0,0,1,0.08,-1,-1,-1,1665,-1,10100,10120,-1,-1,10110,-1,-1,-1,0,53,53,0,0,100,500,100,100,112,0,0,0,0,0,0,0,0,0,0,0,20,0,0,0,0,2,0,0,0,0,0,0,1,0,0,3,10,0,255,0,255,0,0,0,0,0,0,0,0,0,0,0,3,1,0,0,0,0,0,0,0,0,0,0,-1,-1,2100,2010,-1,-1,-1,-1,-1,-1,-1,-1,-1,-1,-1,-1,-1,-1,-1,-1,-1,-1,-1,-1,-1,-1,-1,-1,-1,-1,-1,-1,0,0,0,0,0,0,0,0,0,0,0,0,-1,-1,-1,-1,-1,-1,-1,-1,-1,-1,-1,-1,-1,-1,-1,-1,-1,-1,-1,-1,-1,-1,-1,-1,0,0,0,0,0,0,0,0,0,0,0,0,0,0,0,0,0,0,0,0,0,0,0,0,255,139,139,0,0,0,0,1,0,0,0,100,100,100,100,0,0,100,-1,0,100,105,0,1,1,-1,3,0,50,0,[0|0|0],10000,0,0,[0|0|0|0|0|0|0|0|0|0]
700000159,,0.4,0.2,0,0,1,0.08,-1,-1,-1,1665,-1,10100,10120,-1,-1,10110,-1,-1,-1,0,55,55,0,0,100,500,100,100,112,0,0,0,0,0,0,0,0,0,0,0,20,0,0,0,0,2,0,0,0,0,0,0,1,0,0,3,10,0,255,0,255,0,0,0,0,0,0,0,0,0,0,0,1,1,0,0,0,0,0,0,0,0,0,0,-1,-1,2100,2010,-1,-1,-1,-1,-1,-1,-1,-1,-1,-1,-1,-1,-1,-1,-1,-1,-1,-1,-1,-1,-1,-1,-1,-1,-1,-1,-1,-1,0,0,0,0,0,0,0,0,0,0,0,0,-1,-1,-1,-1,-1,-1,-1,-1,-1,-1,-1,-1,-1,-1,-1,-1,-1,-1,-1,-1,-1,-1,-1,-1,0,0,0,0,0,0,0,0,0,0,0,0,0,0,0,0,0,0,0,0,0,0,0,0,255,139,139,0,0,0,0,1,0,0,0,100,100,100,100,0,0,100,-1,0,100,115,0,1,1,15,3,0,50,0,[0|0|0],10000,0,0,[0|0|0|0|0|0|0|0|0|0]
700000160,,0.4,0.2,0,0,0.9,0.08,-1,-1,-1,1665,-1,10100,10120,-1,-1,10110,-1,-1,-1,0,100,100,0,0,100,500,100,100,112,0,0,0,0,0,0,0,0,0,0,0,20,0,0,0,0,2,0,0,0,0,0,0,1,0,0,3,10,0,255,0,255,0,0,0,0,0,0,0,0,0,0,0,4,1,0,0,0,0,0,0,0,0,0,0,-1,-1,2100,2010,-1,-1,-1,-1,-1,-1,-1,-1,-1,-1,-1,-1,-1,-1,-1,-1,-1,-1,-1,-1,-1,-1,-1,-1,-1,-1,-1,-1,0,0,0,0,0,0,0,0,0,0,0,0,-1,-1,-1,-1,-1,-1,-1,-1,-1,-1,-1,-1,-1,-1,-1,-1,-1,-1,-1,-1,-1,-1,-1,-1,0,0,0,0,0,0,0,0,0,0,0,0,0,0,0,0,0,0,0,0,0,0,0,0,255,139,139,0,0,0,0,1,0,0,0,100,100,100,100,0,0,100,-1,0,100,100,0,1,1,-1,3,0,100,0,[0|0|0],10000,0,0,[0|0|0|0|0|0|0|0|0|0]
700000162,,0.4,0.2,0,0,0.9,0.08,-1,-1,-1,1665,-1,10100,10120,-1,-1,10110,10122,-1,-1,0,102,102,0,0,100,500,100,100,112,0,0,0,0,0,0,0,0,0,0,0,20,0,0,0,0,2,0,0,0,0,0,0,1,0,0,3,10,0,255,0,255,0,0,0,0,0,0,0,0,0,0,0,4,1,0,0,0,0,0,0,0,0,0,0,-1,-1,2100,2010,-1,-1,-1,-1,-1,-1,-1,-1,-1,-1,-1,-1,-1,-1,-1,-1,-1,-1,-1,-1,-1,-1,-1,-1,-1,-1,-1,-1,0,0,0,0,0,0,0,0,0,0,0,0,-1,-1,-1,-1,-1,-1,-1,-1,-1,-1,-1,-1,-1,-1,-1,-1,-1,-1,-1,-1,-1,-1,-1,-1,0,0,0,0,0,0,0,0,0,0,0,0,0,0,0,0,0,0,0,0,0,0,0,0,255,139,139,0,0,0,0,1,0,0,0,100,100,100,100,0,0,100,-1,0,100,105,0,1,1,-1,3,0,100,0,[0|0|0],10000,0,0,[0|0|0|0|0|0|0|0|0|0]
700000170,,0,0,0,0,0.3,0,-1,-1,-1,-1,-1,0,0,0,0,0,0,0,0,0,0,0,220,0,100,0,0,0,112,0,0,0,0,0,0,0,0,0,0,0,10,0,0,0,0,0,0,0,0,0,0,0,2,2,0,3,11,3,6,0,0,0,0,0,0,0,0,0,0,0,0,0,0,1,0,0,0,0,1,0,0,0,0,0,-1,-1,2100,2010,-1,-1,-1,-1,-1,-1,-1,-1,-1,-1,-1,-1,-1,-1,-1,-1,-1,-1,-1,-1,-1,-1,-1,-1,-1,-1,-1,-1,0,0,0,0,0,0,0,0,0,0,0,0,-1,-1,-1,-1,-1,-1,-1,-1,-1,-1,-1,-1,-1,-1,-1,-1,-1,-1,-1,-1,-1,-1,-1,-1,0,0,0,0,0,0,0,0,0,0,0,0,0,0,0,0,0,0,0,0,0,0,0,0,0,139,139,0,0,0,1,1,0,0,0,0,0,100,100,0,0,0,-1,-1,-1,0,0,1,1,-1,7,0,100,0,[0|0|0],10000,0,0,[0|0|0|0|0|0|0|0|0|0]
700000171,,0,0,0,0,0.3,0,-1,-1,-1,-1,-1,0,0,0,0,0,0,0,0,0,0,0,226,0,100,0,0,0,112,0,0,0,0,0,0,0,0,0,0,0,10,0,0,0,0,0,0,0,0,0,0,0,2,2,0,3,11,3,6,0,0,0,0,0,0,0,0,0,0,0,0,0,0,1,0,0,0,0,1,0,0,0,0,0,-1,-1,2100,2010,-1,-1,-1,-1,-1,-1,-1,-1,-1,-1,-1,-1,-1,-1,-1,-1,-1,-1,-1,-1,-1,-1,-1,-1,-1,-1,-1,-1,0,0,0,0,0,0,0,0,0,0,0,0,-1,-1,-1,-1,-1,-1,-1,-1,-1,-1,-1,-1,-1,-1,-1,-1,-1,-1,-1,-1,-1,-1,-1,-1,0,0,0,0,0,0,0,0,0,0,0,0,0,0,0,0,0,0,0,0,0,0,0,0,0,139,139,0,0,0,1,1,0,0,0,0,0,100,100,0,0,0,-1,-1,-1,0,0,1,1,-1,7,0,100,0,[0|0|0],10000,0,0,[0|0|0|0|0|0|0|0|0|0]
700000172,,0,0,0,0,0.3,0,-1,-1,-1,-1,-1,0,0,0,0,0,0,0,0,0,0,0,250,0,100,0,0,0,112,0,0,0,0,0,0,0,0,0,0,0,10,0,0,0,0,0,0,0,0,0,0,0,2,2,0,3,11,3,6,0,0,0,0,0,0,0,0,0,0,0,0,0,0,1,0,0,0,0,1,0,0,0,0,0,-1,-1,2100,2010,-1,-1,-1,-1,-1,-1,-1,-1,-1,-1,-1,-1,-1,-1,-1,-1,-1,-1,-1,-1,-1,-1,-1,-1,-1,-1,-1,-1,0,0,0,0,0,0,0,0,0,0,0,0,-1,-1,-1,-1,-1,-1,-1,-1,-1,-1,-1,-1,-1,-1,-1,-1,-1,-1,-1,-1,-1,-1,-1,-1,0,0,0,0,0,0,0,0,0,0,0,0,0,0,0,0,0,0,0,0,0,0,0,0,0,139,139,0,0,0,1,1,0,0,0,0,0,100,100,0,0,0,-1,-1,-1,0,0,1,1,-1,7,0,100,0,[0|0|0],10000,0,0,[0|0|0|0|0|0|0|0|0|0]
700000175,,0.4,0.2,0,0,0.9,0.08,-1,-1,-1,1665,-1,11100,11120,-1,-1,11110,-1,-1,-1,0,25,0,25,0,100,500,100,100,112,0,0,0,0,0,0,0,0,0,0,0,20,0,0,0,0,2,0,0,0,0,0,0,1,0,0,3,11,0,255,0,255,0,0,0,0,0,0,0,0,0,0,0,4,1,0,0,0,0,0,0,0,0,0,0,-1,-1,2100,2010,-1,-1,-1,-1,-1,-1,-1,-1,-1,-1,-1,-1,-1,-1,-1,-1,-1,-1,-1,-1,-1,-1,-1,-1,-1,-1,-1,-1,0,0,0,0,0,0,0,0,0,0,0,0,-1,-1,-1,-1,-1,-1,-1,-1,-1,-1,-1,-1,-1,-1,-1,-1,-1,-1,-1,-1,-1,-1,-1,-1,0,0,0,0,0,0,0,0,0,0,0,0,0,0,0,0,0,0,0,0,0,0,0,0,255,139,139,0,0,0,0,1,0,0,0,100,100,100,100,0,0,100,-1,0,100,100,0,1,1,-1,7,0,50,0,[0|0|0],10000,0,0,[0|0|0|0|0|0|0|0|0|0]
700000176,,0.4,0.2,0,0,0.9,0.08,-1,-1,-1,1665,-1,11100,11120,-1,-1,11110,-1,-1,-1,0,25,0,25,0,100,500,100,100,112,0,0,0,0,0,0,0,0,0,0,0,20,0,0,0,0,2,0,0,0,0,0,0,1,0,0,3,11,0,255,0,255,0,0,0,0,0,0,0,0,0,0,0,4,1,0,0,0,0,0,0,0,0,0,0,-1,-1,2100,2010,-1,-1,-1,-1,-1,-1,-1,-1,-1,-1,-1,-1,-1,-1,-1,-1,-1,-1,-1,-1,-1,-1,-1,-1,-1,-1,-1,-1,0,0,0,0,0,0,0,0,0,0,0,0,-1,-1,-1,-1,-1,-1,-1,-1,-1,-1,-1,-1,-1,-1,-1,-1,-1,-1,-1,-1,-1,-1,-1,-1,0,0,0,0,0,0,0,0,0,0,0,0,0,0,0,0,0,0,0,0,0,0,0,0,255,139,139,0,0,0,0,1,0,0,0,100,100,100,100,0,0,100,-1,0,100,100,0,1,1,-1,7,0,50,0,[0|0|0],10000,0,0,[0|0|0|0|0|0|0|0|0|0]
700000180,,0.4,0.2,0,0,0.9,0.08,-1,-1,-1,1665,-1,11100,11120,-1,-1,11110,-1,-1,-1,0,55,0,55,0,100,500,100,100,112,0,0,0,0,0,0,0,0,0,0,0,20,0,0,0,0,2,0,0,0,0,0,0,1,0,0,3,11,0,255,0,255,0,0,0,0,0,0,0,0,0,0,0,4,1,0,0,0,0,0,0,0,0,0,0,-1,-1,2100,2010,-1,-1,-1,-1,-1,-1,-1,-1,-1,-1,-1,-1,-1,-1,-1,-1,-1,-1,-1,-1,-1,-1,-1,-1,-1,-1,-1,-1,0,0,0,0,0,0,0,0,0,0,0,0,-1,-1,-1,-1,-1,-1,-1,-1,-1,-1,-1,-1,-1,-1,-1,-1,-1,-1,-1,-1,-1,-1,-1,-1,0,0,0,0,0,0,0,0,0,0,0,0,0,0,0,0,0,0,0,0,0,0,0,0,255,139,139,0,0,0,0,1,0,0,0,100,100,100,100,0,0,100,-1,0,100,100,0,1,1,-1,7,0,100,0,[0|0|0],10000,0,0,[0|0|0|0|0|0|0|0|0|0]
700000181,,0.4,0.2,0,0,0.9,0.08,-1,-1,-1,1665,-1,11100,11120,-1,-1,11110,-1,-1,-1,0,55,0,55,0,100,500,100,100,112,0,0,0,0,0,0,0,0,0,0,0,20,0,0,0,0,2,0,0,0,0,0,0,1,0,0,3,11,0,255,0,255,0,0,0,0,0,0,0,0,0,0,0,4,1,0,0,0,0,0,0,0,0,0,0,-1,-1,2100,2010,-1,-1,-1,-1,-1,-1,-1,-1,-1,-1,-1,-1,-1,-1,-1,-1,-1,-1,-1,-1,-1,-1,-1,-1,-1,-1,-1,-1,0,0,0,0,0,0,0,0,0,0,0,0,-1,-1,-1,-1,-1,-1,-1,-1,-1,-1,-1,-1,-1,-1,-1,-1,-1,-1,-1,-1,-1,-1,-1,-1,0,0,0,0,0,0,0,0,0,0,0,0,0,0,0,0,0,0,0,0,0,0,0,0,255,139,139,0,0,0,0,1,0,0,0,100,100,100,100,0,0,100,-1,0,100,100,0,1,1,-1,7,0,100,0,[0|0|0],10000,0,0,[0|0|0|0|0|0|0|0|0|0]
700000370,,0.5,0.2,0.1,0,0.2,0.03,6903,-1,-1,-1,-1,100,130,110,-1,196,120,120,-1,0,84,84,84,84,100,500,100,100,112,124,0,0,0,0,0,0,0,0,0,0,10,0,0,0,0,0,2,0,0,0,0,0,2,0,0,3,255,0,255,0,255,0,0,0,0,0,0,0,0,0,0,0,2,1,0,0,0,0,1,0,0,9,0,0,-1,-1,2100,2010,-1,-1,-1,-1,-1,-1,-1,-1,-1,-1,-1,-1,-1,-1,-1,-1,-1,-1,-1,-1,-1,-1,-1,-1,-1,-1,-1,-1,0,0,0,0,0,0,0,0,0,0,0,0,-1,-1,-1,-1,-1,-1,-1,-1,-1,-1,-1,-1,-1,-1,-1,-1,-1,-1,-1,-1,-1,-1,-1,-1,0,0,0,0,0,0,0,0,0,0,0,0,0,0,0,0,0,0,0,0,0,0,0,0,255,139,139,84,35,0,1,1,0,0,0,75,75,100,100,0,0,75,-1,-1,100,50,0,1,1,-1,0,0,240,0,[0|0|0],10000,0,0,[0|0|0|0|0|0|0|0|0|0]
700000371,,0.5,0.2,0.1,0,0.2,0.03,6903,-1,-1,-1,-1,100,130,110,-1,196,120,120,-1,0,85,85,85,85,100,500,100,100,112,124,0,0,0,0,0,0,0,0,0,0,10,0,0,0,0,0,2,0,0,0,0,0,2,0,0,3,255,0,255,0,255,0,0,0,0,0,0,0,0,0,0,0,4,1,0,0,0,0,1,0,0,9,0,0,-1,-1,2100,2010,-1,-1,-1,-1,-1,-1,-1,-1,-1,-1,-1,-1,-1,-1,-1,-1,-1,-1,-1,-1,-1,-1,-1,-1,-1,-1,-1,-1,0,0,0,0,0,0,0,0,0,0,0,0,-1,-1,-1,-1,-1,-1,-1,-1,-1,-1,-1,-1,-1,-1,-1,-1,-1,-1,-1,-1,-1,-1,-1,-1,0,0,0,0,0,0,0,0,0,0,0,0,0,0,0,0,0,0,0,0,0,0,0,0,255,139,139,85,35,0,1,1,0,0,0,75,75,100,100,0,0,75,-1,-1,100,50,0,1,1,-1,0,0,100,0,[0|0|0],10000,0,0,[0|0|0|0|0|0|0|0|0|0]
700000379,,0.5,0.2,0.1,0,1,0.04,6903,-1,-1,-1,-1,100,130,110,-1,196,120,120,-1,0,86,86,86,86,100,500,100,100,112,124,0,0,0,0,0,0,0,0,0,0,10,0,0,0,0,0,2,0,0,0,0,0,2,0,0,3,255,0,255,0,255,0,0,0,0,0,0,0,0,0,0,0,4,1,0,0,0,0,1,0,0,9,0,0,-1,-1,2100,2010,-1,-1,-1,-1,-1,-1,-1,-1,-1,-1,-1,-1,-1,-1,-1,-1,-1,-1,-1,-1,-1,-1,-1,-1,-1,-1,-1,-1,0,0,0,0,0,0,0,0,0,0,0,0,-1,-1,-1,-1,-1,-1,-1,-1,-1,-1,-1,-1,-1,-1,-1,-1,-1,-1,-1,-1,-1,-1,-1,-1,0,0,0,0,0,0,0,0,0,0,0,0,0,0,0,0,0,0,0,0,0,0,0,0,255,139,139,86,35,0,1,1,0,0,0,75,75,100,100,0,0,75,-1,-1,100,50,0,1,1,-1,0,0,100,0,[0|0|0],10000,0,0,[0|0|0|0|0|0|0|0|0|0]
700000380,,0.5,0.2,0.1,0,1,0.04,6903,-1,-1,-1,-1,100,130,110,-1,196,120,120,-1,0,87,87,87,87,100,500,100,100,112,124,0,0,0,0,0,0,0,0,0,0,10,0,0,0,0,0,2,0,0,0,0,0,2,0,0,3,255,0,255,0,255,0,0,0,0,0,0,0,0,0,0,0,4,1,0,0,0,0,1,0,0,0,0,0,-1,-1,2100,2010,-1,-1,-1,-1,-1,-1,-1,-1,-1,-1,-1,-1,-1,-1,-1,-1,-1,-1,-1,-1,-1,-1,-1,-1,-1,-1,-1,-1,0,0,0,0,0,0,0,0,0,0,0,0,-1,-1,-1,-1,-1,-1,-1,-1,-1,-1,-1,-1,-1,-1,-1,-1,-1,-1,-1,-1,-1,-1,-1,-1,0,0,0,0,0,0,0,0,0,0,0,0,0,0,0,0,0,0,0,0,0,0,0,0,255,139,139,87,35,0,1,1,0,0,0,100,100,100,100,0,0,100,-1,-1,100,100,0,1,1,-1,0,0,100,0,[0|0|0],10000,0,0,[0|0|0|0|0|0|0|0|0|0]
700000385,,0.5,0.2,0.1,0,1,0.04,6903,-1,-1,-1,-1,100,130,110,-1,196,120,120,-1,0,88,88,88,88,100,500,100,100,112,124,0,0,0,0,0,0,0,0,0,0,10,0,0,0,0,0,2,0,0,0,0,0,3,0,0,3,255,0,255,0,255,0,0,0,0,0,0,0,0,0,0,0,4,1,0,0,0,0,1,0,0,9,0,0,-1,-1,2100,2010,-1,-1,-1,-1,-1,-1,-1,-1,-1,-1,-1,-1,-1,-1,-1,-1,-1,-1,-1,-1,-1,-1,-1,-1,-1,-1,-1,-1,0,0,0,0,0,0,0,0,0,0,0,0,-1,-1,-1,-1,-1,-1,-1,-1,-1,-1,-1,-1,-1,-1,-1,-1,-1,-1,-1,-1,-1,-1,-1,-1,0,0,0,0,0,0,0,0,0,0,0,0,0,0,0,0,0,0,0,0,0,0,0,0,255,139,139,88,35,0,1,1,0,0,0,75,75,100,100,0,0,75,-1,-1,100,50,0,1,1,-1,0,0,100,0,[0|0|0],10000,0,0,[0|0|0|0|0|0|0|0|0|0]
700000386,,0.5,0.2,0.1,0,1,0.04,6903,-1,-1,-1,-1,100,130,110,-1,196,120,120,-1,0,89,89,89,89,100,500,100,100,112,124,0,0,0,0,0,0,0,0,0,0,10,0,0,0,0,0,2,0,0,0,0,0,7,0,0,3,255,0,255,0,255,0,0,0,0,0,0,0,0,0,0,0,4,1,0,0,0,0,1,0,0,0,0,0,-1,-1,2100,2010,-1,-1,-1,-1,-1,-1,-1,-1,-1,-1,-1,-1,-1,-1,-1,-1,-1,-1,-1,-1,-1,-1,-1,-1,-1,-1,-1,-1,0,0,0,0,0,0,0,0,0,0,0,0,-1,-1,-1,-1,-1,-1,-1,-1,-1,-1,-1,-1,-1,-1,-1,-1,-1,-1,-1,-1,-1,-1,-1,-1,0,0,0,0,0,0,0,0,0,0,0,0,0,0,0,0,0,0,0,0,0,0,0,0,255,139,139,89,35,0,1,1,0,0,0,100,100,100,100,0,0,100,-1,-1,100,100,0,1,1,-1,0,0,100,0,[0|0|0],10000,0,0,[0|0|0|0|0|0|0|0|0|0]
