ID,Name,atkId_Bullet,sfxId_Bullet,sfxId_Hit,sfxId_Flick,life,dist,shootInterval,gravityInRange,gravityOutRange,hormingStopRange,initVellocity,accelInRange,accelOutRange,maxVellocity,minVellocity,accelTime,homingBeginDist,hitRadius,hitRadiusMax,spreadTime,expDelay,hormingOffsetRange,dmgHitRecordLifeTime,externalForce,spEffectIDForShooter,autoSearchNPCThinkID,HitBulletID,spEffectId0,spEffectId1,spEffectId2,spEffectId3,spEffectId4,numShoot,homingAngle,shootAngle,shootAngleInterval,shootAngleXInterval,damageDamp,spelDamageDamp,fireDamageDamp,thunderDamageDamp,staminaDamp,knockbackDamp,shootAngleXZ,lockShootLimitAng,pad2,prevVelocityDirRate,atkAttribute,spAttribute,Material_AttackType,Material_AttackMaterial,isPenetrateChr,isPenetrateObj,mayRemoteDetonate,pad,launchConditionType,FollowType,EmittePosType,isAttackSFX,isEndlessHit,isPenetrateMap,isHitBothTeam,isUseSharedHitList,isUseMultiDmyPolyIfPlace,isHitOtherBulletForceEraseA,isHitOtherBulletForceEraseB,isHitForceMagic,isIgnoreSfxIfHitWater,isIgnoreMoveStateIfHitWater,isHitDarkForceMagic,dmgCalcSide,isEnableAutoHoming,isSyncBulletCulcDumypolyPos,isOwnerOverrideInitAngle,isInheritSfxToChild,darkDamageDamp,bulletSfxDeleteType_byHit,bulletSfxDeleteType_byLifeDead,targetYOffsetRange,shootAngleYMaxRandom,shootAngleXMaxRandom,intervalCreateBulletId,intervalCreateTimeMin,intervalCreateTimeMax,predictionShootObserveTime,intervalCreateWaitTime,sfxPostureType,createLimitGroupId,pad5,isInheritSpeedToChild,isDisableHitSfx_byChrAndObj,isCheckWall_byCenterRay,isHitFlare,isUseBulletWallFilter,unknown_0xc3_5,isNonDependenceMagicForFunnleNum,isAiInterruptShootNoDamageBullet,randomCreateRadius,followOffset_BaseHeight,assetNo_Hit,lifeRandomRange,homingAngleX,ballisticCalcType,attachEffectType,seId_Bullet1,seId_Bullet2,seId_Hit,seId_Flick,howitzerShootAngleXMin,howitzerShootAngleXMax,howitzerInitMinVelocity,howitzerInitMaxVelocity,sfxId_ForceErase,bulletSfxDeleteType_byForceErase,pad3,followDmypoly_forSfxPose,followOffset_Radius,spBulletDistUpRate,nolockTargetDist,pad4,
4180051,[Jellyfish],4180051,641812,641813,-1,5,30,0,3,0,0,50,2,-2,50,50,0,0,0.3,0.3,0,0,0,0,0,0,0,-1,20006,0,0,0,0,1,0,0,0,0,0,0,0,0,0,0,0,40,0,0,3,0,254,6,0,0,0,0,0,0,0,0,0,0,1,1,0,0,0,1,0,0,0,0,0,0,0,0,0,0,0,0,0,0,-1,0,0,0,0,0,0,0,0,0,0,0,0,0,0,0,0,0,-1,0,-1,0,0,-1,-1,-1,-1,0,0,0,0,-1,0,0,-1,0,1,0,[0|0|0|0|0|0|0|0]
20003359,Piquebone Arrow (Fletched) - Bullet,5000855,5054001,5003002,5054003,1.1,0,0,0,0,0.5,80,0,0,80,10,0,0,0.05,1,0,0,0,0,0,0,0,20003308,0,0,0,0,0,1,10,0,0,0,90,90,90,90,100,100,-90,0,0,0,254,254,254,254,0,0,0,0,0,0,0,1,0,0,0,0,0,0,0,1,0,1,0,0,0,0,0,0,90,0,0,0,0,0,-1,0,0,0,0,0,0,0,0,0,0,0,0,0,0,0,0,0,-1,0,-1,0,0,-1,-1,-1,-1,0,0,0,0,-1,0,0,-1,0,1,0,[0|0|0|0|0|0|0|0]
20003459,Piquebone Arrow - Bullet,5000855,5055001,5011002,5055003,1.1,0,0,0,0,0.5,80,0,0,80,10,0,0,0.05,1,0,0,0,0,0,0,0,20003308,0,0,0,0,0,1,10,0,0,0,90,90,90,90,100,100,-90,0,0,0,254,254,254,254,0,0,0,0,0,0,0,1,0,0,0,0,0,0,0,1,0,1,0,0,0,0,0,0,90,0,0,0,0,0,-1,0,0,0,0,0,0,0,0,0,0,0,0,0,0,0,0,0,-1,0,-1,0,0,-1,-1,-1,-1,0,0,0,0,-1,0,0,-1,0,1,0,[0|0|0|0|0|0|0|0]
200002150,,600000841,451181,-1,-1,0.2,0,0,0,0,0,0,0,0,0,0,0,0,3,3,0,0,0,0.3,0,0,0,200002151,0,0,0,0,0,1,0,0,0,0,0,0,0,0,0,0,0,0,0,0,254,254,254,254,1,1,0,0,0,0,0,0,0,1,0,0,0,0,0,0,0,0,0,0,0,0,0,0,0,0,0,0,0,0,-1,0,0,0,0,1,0,0,0,0,0,0,0,0,0,0,0,0,-1,0,-1,0,0,-1,-1,-1,-1,0,0,0,0,-1,0,0,-1,0,1,0,[0|0|0|0|0|0|0|0]
200002151,,600000842,-1,-1,-1,0.1,0,0,0,0,0,0,0,0,0,0,0,0,3,-1,0,0,0,0,0,0,0,-1,0,0,0,0,0,1,0,0,0,0,0,0,0,0,0,0,0,0,0,0,254,254,254,254,1,1,0,0,0,0,0,0,0,1,0,0,0,0,0,0,0,0,0,0,0,0,0,0,0,0,0,0,0,0,-1,0,0,0,0,1,0,0,0,0,0,0,0,0,0,0,0,0,-1,0,-1,0,0,-1,-1,-1,-1,0,0,0,0,-1,0,0,-1,0,1,0,[0|0|0|0|0|0|0|0]
200002152,,600000844,451182,-1,-1,0.45,0,0,0,0,0,0,0,0,0,0,0,0,4,4,0,0,0,0.3,0,0,0,200002153,0,0,0,0,0,1,0,0,0,0,0,0,0,0,0,0,0,0,0,0,254,254,254,254,1,1,0,0,0,0,0,0,0,1,0,0,0,0,0,0,0,0,0,0,0,0,0,0,0,0,0,0,0,0,-1,0,0,0,0,1,0,0,0,0,0,0,0,0,0,0,0,0,-1,0,-1,0,0,-1,-1,-1,-1,0,0,0,0,-1,0,0,-1,0,1,0,[0|0|0|0|0|0|0|0]
200002153,,600000845,-1,-1,-1,0.1,0,0,0,0,0,0,0,0,0,0,0,0,4,-1,0,0,0,0,0,0,0,-1,0,0,0,0,0,1,0,0,0,0,0,0,0,0,0,0,0,0,0,0,254,254,254,254,1,1,0,0,0,0,0,0,0,1,0,0,0,0,0,0,0,0,0,0,0,0,0,0,0,0,0,0,0,0,-1,0,0,0,0,1,0,0,0,0,0,0,0,0,0,0,0,0,-1,0,-1,0,0,-1,-1,-1,-1,0,0,0,0,-1,0,0,-1,0,1,0,[0|0|0|0|0|0|0|0]
200002570,Nanaya's Torch - Bullet,602420000,527062,527063,-1,0.05,0,0.15,0,0,0,9,0,0,50,25,0,0,0.1,-1,0,0,0,0.6,0,0,0,200002575,1731100,0,0,0,0,1,0,0,0,0,0,0,0,0,0,0,20,90,0,0,254,254,254,254,1,1,0,0,0,0,0,1,0,0,0,1,0,0,1,0,0,1,1,0,0,1,0,0,0,0,0,0,60,30,-1,0,0,0,0,0,0,0,0,0,0,0,0,0,0,0,0,0,-1,0.15,-1,0,0,-1,-1,-1,-1,0,0,0,0,-1,0,0,-1,0,1,0,[0|0|0|0|0|0|0|0]
200002571,Nanaya's Torch - Bullet,602420000,527062,527063,-1,0.05,0,0.2,0,0,0,9,0,0,50,25,0,0,0.1,-1,0,0,0,0.6,0,0,0,200002575,1731100,0,0,0,0,1,0,90,0,0,0,0,0,0,0,0,30,0,0,0,254,254,254,254,1,1,0,0,0,0,0,1,0,0,0,1,0,0,1,0,0,1,1,0,0,0,0,0,0,0,0,0,100,30,-1,0,0,0,0,0,0,0,0,0,0,0,0,0,0,0,0,0,-1,0.1,-1,0,0,-1,-1,-1,-1,0,0,0,0,-1,0,0,-1,0,1,0,[0|0|0|0|0|0|0|0]
200002572,Nanaya's Torch - Bullet,602420000,527062,527063,-1,0.05,0,0.2,0,0,0,9,0,0,50,25,0,0,0.1,-1,0,0,0,0.6,0,0,0,200002575,1731100,0,0,0,0,1,0,270,0,0,0,0,0,0,0,0,30,0,0,0,254,254,254,254,1,1,0,0,0,0,0,1,0,0,0,1,0,0,1,0,0,1,1,0,0,0,0,0,0,0,0,0,100,30,-1,0,0,0,0,0,0,0,0,0,0,0,0,0,0,0,0,0,-1,0.1,-1,0,0,-1,-1,-1,-1,0,0,0,0,-1,0,0,-1,0,1,0,[0|0|0|0|0|0|0|0]
200002573,Nanaya's Torch - Bullet,602420000,527062,527063,-1,0.1,0,0.2,0,0,0,9,0,0,50,25,0,0,0.1,-1,0,0,0,0.6,0,0,0,200002575,1731100,0,0,0,0,1,0,0,0,0,0,0,0,0,0,0,30,0,0,0,254,254,254,254,1,1,0,0,0,0,0,1,0,0,0,1,0,0,1,0,0,1,1,0,0,0,0,0,0,0,0,0,60,30,-1,0,0,0,0,0,0,0,0,0,0,0,0,0,0,0,0,0,-1,0.05,-1,0,0,-1,-1,-1,-1,0,0,0,0,-1,0,0,-1,0,1,0,[0|0|0|0|0|0|0|0]
200002574,Nanaya's Torch - Bullet,602420000,527062,527063,-1,0.05,0,0.2,0,0,0,9,0,0,50,25,0,0,0.1,-1,0,0,0,0.6,0,0,0,200002575,1731100,0,0,0,0,1,0,180,0,0,0,0,0,0,0,0,30,0,0,0,254,254,254,254,1,1,0,0,0,0,0,1,0,0,0,1,0,0,1,0,0,1,1,0,0,0,0,0,0,0,0,0,100,30,-1,0,0,0,0,0,0,0,0,0,0,0,0,0,0,0,0,0,-1,0.1,-1,0,0,-1,-1,-1,-1,0,0,0,0,-1,0,0,-1,0,1,0,[0|0|0|0|0|0|0|0]
200002575,Nanaya's Torch - Bullet,602420000,527062,527063,-1,0.5,5,0,50,150,0,9,0,0,50,25,0,0,0.1,-1,0,0,0,0.6,0,0,0,200002576,1731100,0,0,0,0,1,30,0,0,0,0,0,0,0,0,0,-20,0,0,0,254,254,254,254,1,1,0,0,0,0,0,1,0,0,0,1,0,0,1,0,0,1,1,0,0,0,0,0,0,0,0,0,0,0,-1,0,0,0,0,0,0,0,0,0,0,0,0,0,0,0,0,0,-1,0,-1,0,0,-1,-1,-1,-1,0,0,0,0,-1,0,0,-1,0,1,0,[0|0|0|0|0|0|0|0]
200002576,Nanaya's Torch - Bullet,602420000,527062,527063,-1,0.1,0,0,0,0,0,0,0,0,0,0,0,0,1.5,-1,0,0,0,0.6,0,0,0,-1,1731100,0,0,0,0,1,0,0,0,0,0,0,0,0,0,0,0,0,0,0,254,254,254,254,1,1,0,0,5,0,0,1,0,1,0,1,0,0,1,0,0,1,1,0,0,0,0,0,0,0,0,0,0,0,-1,0,0,0,0,1,0,0,0,0,0,0,0,0,0,0,0,0,-1,0,-1,0,0,-1,-1,-1,-1,0,0,0,0,-1,0,0,-1,0,1,0,[0|0|0|0|0|0|0|0]
200002577,Nanaya's Torch - Bullet,602420000,527062,527063,-1,0.05,0,0.27,0,0,0,9,0,0,50,25,0,0,0.1,-1,0,0,0,0.6,0,0,0,200002578,1731100,0,0,0,0,1,40,0,0,0,0,0,0,0,0,0,5,90,0,0,254,254,254,254,1,1,0,0,0,0,0,1,0,0,0,1,0,0,1,0,0,1,1,0,0,1,0,0,0,0,0,0,5,10,-1,0,0,0,0,0,0,0,0,0,0,0,0,0,0,0,0,0,-1,0.15,-1,0,0,-1,-1,-1,-1,0,0,0,0,-1,0,0,-1,0,1,0,[0|0|0|0|0|0|0|0]
200002578,Nanaya's Torch - Bullet,602420000,527062,527063,-1,0.5,5,0,50,150,0,9,0,0,50,25,0,0,0.1,-1,0,0,0,0.6,0,0,0,200002579,1731100,0,0,0,0,1,30,0,0,0,0,0,0,0,0,0,0,0,0,0,254,254,254,254,1,1,0,0,0,0,0,1,0,0,0,1,0,0,1,0,0,1,1,0,0,0,0,0,0,0,0,0,0,0,-1,0,0,0,0,0,0,0,0,0,0,0,0,0,0,0,0,0,-1,0,-1,0,0,-1,-1,-1,-1,0,0,0,0,-1,0,0,-1,0,1,0,[0|0|0|0|0|0|0|0]
200002579,Nanaya's Torch - Bullet,602420000,527062,527063,-1,0.1,0,0,0,0,0,0,0,0,0,0,0,0,1.5,-1,0,0,0,0.6,0,0,0,-1,1731100,0,0,0,0,1,0,0,0,0,0,0,0,0,0,0,0,0,0,0,254,254,254,254,1,1,0,0,5,0,0,1,0,1,0,1,0,0,1,0,0,1,1,0,0,0,0,0,0,0,0,0,0,0,-1,0,0,0,0,1,0,0,0,0,0,0,0,0,0,0,0,0,-1,0,-1,0,0,-1,-1,-1,-1,0,0,0,0,-1,0,0,-1,0,1,0,[0|0|0|0|0|0|0|0]
200003030,Firespark Perfume Bottle - Bullet,600000031,441022,-1,-1,2,15,0,0,0,0,7,0,0,7,0,0,0,0.1,1,0.3,0,0,0.5,0,20000970,0,200003036,0,0,0,0,0,1,0,0,0,0,0,0,0,0,0,0,8,0,0,0,254,254,254,254,1,1,0,0,0,0,0,0,0,0,0,1,0,0,0,0,0,1,0,0,0,0,0,1,0,0,0,0,10,0,-1,0,0,0,0,0,0,0,1,0,0,0,0,0,0,0,10,0,-1,0,-1,0,0,-1,-1,-1,-1,0,0,0,0,-1,0,0,-1,0,1,-1,[0|0|0|0|0|0|0|0]
200003031,Firespark Perfume Bottle - Bullet,600000031,441022,-1,-1,1.7,15,0,0,0,0,7,0,0,7,0,0,0,0.1,1,0.3,0,0,0.5,0,0,0,200003036,0,0,0,0,0,1,0,0,0,0,0,0,0,0,0,0,6,0,0,0,254,254,254,254,1,1,0,0,0,0,0,0,0,0,0,1,0,0,0,0,0,1,0,0,0,0,0,1,0,0,0,0,8,0,-1,0,0,0,0,0,0,0,1,0,0,0,0,0,0,0,10,0,-1,0,-1,0,0,-1,-1,-1,-1,0,0,0,0,-1,0,0,-1,0,1,-1,[0|0|0|0|0|0|0|0]
200003032,Firespark Perfume Bottle - Bullet,600000031,441022,-1,-1,1.4,15,0,0,0,0,7,0,0,7,0,0,0,0.1,1,0.3,0,0,0.5,0,0,0,200003036,0,0,0,0,0,1,0,0,0,0,0,0,0,0,0,0,4,0,0,0,254,254,254,254,1,1,0,0,0,0,0,0,0,0,0,1,0,0,0,0,0,1,0,0,0,0,0,1,0,0,0,0,3,0,-1,0,0,0,0,0,0,0,1,0,0,0,0,0,0,0,10,0,-1,0,-1,0,0,-1,-1,-1,-1,0,0,0,0,-1,0,0,-1,0,1,-1,[0|0|0|0|0|0|0|0]
200003033,Firespark Perfume Bottle - Bullet,600000031,441022,-1,-1,1.1,15,0,0,0,0,7,0,0,7,0,0,0,0.1,1,0.3,0,0,0.5,0,0,0,200003036,0,0,0,0,0,1,0,0,0,0,0,0,0,0,0,0,2,0,0,0,254,254,254,254,1,1,0,0,0,0,0,0,0,0,0,1,0,0,0,0,0,1,0,0,0,0,0,1,0,0,0,0,6,0,-1,0,0,0,0,0,0,0,1,0,0,0,0,0,0,0,10,0,-1,0,-1,0,0,-1,-1,-1,-1,0,0,0,0,-1,0,0,-1,0,1,-1,[0|0|0|0|0|0|0|0]
200003034,Firespark Perfume Bottle - Bullet,600000031,441022,-1,-1,0.8,15,0,0,0,0,7,0,0,7,0,0,0,0.1,1,0.3,0,0,0.5,0,0,0,200003036,0,0,0,0,0,1,0,0,0,0,0,0,0,0,0,0,0,0,0,0,254,254,254,254,1,1,0,0,0,0,0,0,0,0,0,1,0,0,0,0,0,1,0,0,0,0,0,1,0,0,0,0,4,0,-1,0,0,0,0,0,0,0,1,0,0,0,0,0,0,0,10,0,-1,0,-1,0,0,-1,-1,-1,-1,0,0,0,0,-1,0,0,-1,0,1,-1,[0|0|0|0|0|0|0|0]
200003035,Firespark Perfume Bottle - Bullet,600000031,441022,-1,-1,0.5,15,0,0,0,0,7,0,0,7,0,0,0,0.1,1,0.3,0,0,0.5,0,0,0,200003036,0,0,0,0,0,1,0,0,0,0,0,0,0,0,0,0,-1,0,0,0,254,254,254,254,1,1,0,0,0,0,0,0,0,0,0,1,0,0,0,0,0,1,0,0,0,0,0,1,0,0,0,0,0,0,-1,0,0,0,0,0,0,0,1,0,0,0,0,0,0,0,10,0,-1,0,-1,0,0,-1,-1,-1,-1,0,0,0,0,-1,0,0,-1,0,1,-1,[0|0|0|0|0|0|0|0]
200003036,Firespark Perfume Bottle - Bullet,600000031,441022,-1,-1,1.3,1,0,0,0,0,0,0,0,0,0,0,0,1,-1,0,0,0,0.5,0,0,0,200003037,0,0,0,0,0,1,0,0,0,0,0,0,0,0,0,0,0,0,0,0,254,254,254,254,1,1,1,0,0,0,5,0,0,1,0,1,0,0,0,0,0,1,0,0,0,0,0,1,0,0,0,0,0,0,-1,0,0,0,0,1,0,0,1,0,0,0,0,0,0,0,0,0,-1,0,-1,0,0,-1,-1,-1,-1,0,0,0,0,-1,0,0,-1,0,1,-1,[0|0|0|0|0|0|0|0]
200003037,Firespark Perfume Bottle - Bullet,600000023,441022,-1,-1,0.1,1,0,0,0,0,0,0,0,0,0,0,0,1,-1,0,0,0,0.5,0,0,0,200003038,0,0,0,0,0,1,0,0,0,0,0,0,0,0,0,0,0,0,0,0,254,254,254,254,1,1,0,0,0,0,5,0,0,1,0,1,0,0,0,0,0,1,0,0,0,0,0,0,0,0,0,0,0,0,-1,0,0,0,0,1,0,0,0,0,0,0,0,0,0,0,0,0,-1,0,-1,0,0,-1,-1,-1,-1,0,0,0,0,-1,0,0,-1,0,1,-1,[0|0|0|0|0|0|0|0]
200003038,Firespark Perfume Bottle - Bullet,600000030,441023,-1,-1,0.5,1,0,0,0,0,0,0,0,0,0,0,0,1,2,0.1,0,0,0.5,0,0,0,-1,0,0,0,0,0,1,0,0,0,0,0,0,0,0,0,0,0,0,0,0,254,254,254,254,1,1,0,0,0,0,5,0,0,1,0,1,0,0,0,0,0,1,0,0,0,0,0,0,0,0,0,0,0,0,-1,0,0,0,0,1,0,0,0,0,0,0,0,0,0,0,0,0,-1,0,-1,0,6,-1,-1,-1,-1,0,0,0,0,-1,0,0,-1,0,1,-1,[0|0|0|0|0|0|0|0]
200003039,Firespark Perfume Bottle - Bullet,600000023,-1,-1,-1,0.1,5,0,0,0,0,10,0,0,10,10,0,0,1,1,0,0,0,0.5,0,0,0,-1,0,0,0,0,0,1,0,0,0,0,0,0,0,0,0,0,5,0,0,0,254,254,254,254,1,1,0,0,0,0,0,0,0,1,0,1,0,0,0,0,0,1,0,0,0,0,0,0,0,0,0,0,0,0,-1,0,0,0,0,0,0,0,0,0,0,0,0,0,0,0,0,0,-1,0,-1,0,6,-1,-1,-1,-1,0,0,0,0,-1,0,0,-1,0,1,-1,[0|0|0|0|0|0|0|0]
200003040,Chilling Perfume Bottle - Bullet,600000031,442022,-1,-1,2,15,0,0,0,0,7,0,0,7,0,0,0,0.1,1,0.3,0,0,0.5,0,20000971,0,200003046,0,0,0,0,0,1,0,0,0,0,0,0,0,0,0,0,8,0,0,0,254,254,254,254,1,1,0,0,0,0,0,0,0,0,0,1,0,0,0,0,0,1,0,0,0,0,0,1,0,0,0,0,10,0,-1,0,0,0,0,0,0,0,1,0,0,0,0,0,0,0,10,0,-1,0,-1,0,0,-1,-1,-1,-1,0,0,0,0,-1,0,0,-1,0,1,-1,[0|0|0|0|0|0|0|0]
200003041,Chilling Perfume Bottle - Bullet,600000031,442022,-1,-1,1.7,15,0,0,0,0,7,0,0,7,0,0,0,0.1,1,0.3,0,0,0.5,0,0,0,200003046,0,0,0,0,0,1,0,0,0,0,0,0,0,0,0,0,6,0,0,0,254,254,254,254,1,1,0,0,0,0,0,0,0,0,0,1,0,0,0,0,0,1,0,0,0,0,0,1,0,0,0,0,8,0,-1,0,0,0,0,0,0,0,1,0,0,0,0,0,0,0,10,0,-1,0,-1,0,0,-1,-1,-1,-1,0,0,0,0,-1,0,0,-1,0,1,-1,[0|0|0|0|0|0|0|0]
200003042,Chilling Perfume Bottle - Bullet,600000031,442022,-1,-1,1.4,15,0,0,0,0,7,0,0,7,0,0,0,0.1,1,0.3,0,0,0.5,0,0,0,200003046,0,0,0,0,0,1,0,0,0,0,0,0,0,0,0,0,4,0,0,0,254,254,254,254,1,1,0,0,0,0,0,0,0,0,0,1,0,0,0,0,0,1,0,0,0,0,0,1,0,0,0,0,3,0,-1,0,0,0,0,0,0,0,1,0,0,0,0,0,0,0,10,0,-1,0,-1,0,0,-1,-1,-1,-1,0,0,0,0,-1,0,0,-1,0,1,-1,[0|0|0|0|0|0|0|0]
200003043,Chilling Perfume Bottle - Bullet,600000031,442022,-1,-1,1.1,15,0,0,0,0,7,0,0,7,0,0,0,0.1,1,0.3,0,0,0.5,0,0,0,200003046,0,0,0,0,0,1,0,0,0,0,0,0,0,0,0,0,2,0,0,0,254,254,254,254,1,1,0,0,0,0,0,0,0,0,0,1,0,0,0,0,0,1,0,0,0,0,0,1,0,0,0,0,6,0,-1,0,0,0,0,0,0,0,1,0,0,0,0,0,0,0,10,0,-1,0,-1,0,0,-1,-1,-1,-1,0,0,0,0,-1,0,0,-1,0,1,-1,[0|0|0|0|0|0|0|0]
200003044,Chilling Perfume Bottle - Bullet,600000031,442022,-1,-1,0.8,15,0,0,0,0,7,0,0,7,0,0,0,0.1,1,0.3,0,0,0.5,0,0,0,200003046,0,0,0,0,0,1,0,0,0,0,0,0,0,0,0,0,0,0,0,0,254,254,254,254,1,1,0,0,0,0,0,0,0,0,0,1,0,0,0,0,0,1,0,0,0,0,0,1,0,0,0,0,4,0,-1,0,0,0,0,0,0,0,1,0,0,0,0,0,0,0,10,0,-1,0,-1,0,0,-1,-1,-1,-1,0,0,0,0,-1,0,0,-1,0,1,-1,[0|0|0|0|0|0|0|0]
200003045,Chilling Perfume Bottle - Bullet,600000031,442022,-1,-1,0.5,15,0,0,0,0,7,0,0,7,0,0,0,0.1,1,0.3,0,0,0.5,0,0,0,200003046,0,0,0,0,0,1,0,0,0,0,0,0,0,0,0,0,-1,0,0,0,254,254,254,254,1,1,0,0,0,0,0,0,0,0,0,1,0,0,0,0,0,1,0,0,0,0,0,1,0,0,0,0,0,0,-1,0,0,0,0,0,0,0,1,0,0,0,0,0,0,0,10,0,-1,0,-1,0,0,-1,-1,-1,-1,0,0,0,0,-1,0,0,-1,0,1,-1,[0|0|0|0|0|0|0|0]
200003046,Chilling Perfume Bottle - Bullet,600000031,442022,-1,-1,1.3,1,0,0,0,0,0,0,0,0,0,0,0,1,-1,0,0,0,0.5,0,0,0,200003047,0,0,0,0,0,1,0,0,0,0,0,0,0,0,0,0,0,0,0,0,254,254,254,254,1,1,1,0,0,0,5,0,0,1,0,1,0,0,0,0,0,1,0,0,0,0,0,1,0,0,0,0,0,0,-1,0,0,0,0,1,0,0,1,0,0,0,0,0,0,0,0,0,-1,0,-1,0,0,-1,-1,-1,-1,0,0,0,0,-1,0,0,-1,0,1,-1,[0|0|0|0|0|0|0|0]
200003047,Chilling Perfume Bottle - Bullet,600000023,442022,-1,-1,0.1,1,0,0,0,0,0,0,0,0,0,0,0,1,-1,0,0,0,0.5,0,0,0,200003048,0,0,0,0,0,1,0,0,0,0,0,0,0,0,0,0,0,0,0,0,254,254,254,254,1,1,0,0,0,0,5,0,0,1,0,1,0,0,0,0,0,1,0,0,0,0,0,0,0,0,0,0,0,0,-1,0,0,0,0,1,0,0,0,0,0,0,0,0,0,0,0,0,-1,0,-1,0,0,-1,-1,-1,-1,0,0,0,0,-1,0,0,-1,0,1,-1,[0|0|0|0|0|0|0|0]
200003048,Chilling Perfume Bottle - Bullet,600000030,442023,-1,-1,0.5,1,0,0,0,0,0,0,0,0,0,0,0,1,2,0.1,0,0,0.5,0,0,0,-1,0,0,0,0,0,1,0,0,0,0,0,0,0,0,0,0,0,0,0,0,254,254,254,254,1,1,0,0,0,0,5,0,0,1,0,1,0,0,0,0,0,1,0,0,0,0,0,0,0,0,0,0,0,0,-1,0,0,0,0,1,0,0,0,0,0,0,0,0,0,0,0,0,-1,0,-1,0,6,-1,-1,-1,-1,0,0,0,0,-1,0,0,-1,0,1,-1,[0|0|0|0|0|0|0|0]
200003049,Chilling Perfume Bottle - Bullet,600000023,-1,-1,-1,0.1,5,0,0,0,0,10,0,0,10,10,0,0,1,1,0,0,0,0.5,0,0,0,-1,0,0,0,0,0,1,0,0,0,0,0,0,0,0,0,0,5,0,0,0,254,254,254,254,1,1,0,0,0,0,0,0,0,1,0,1,0,0,0,0,0,1,0,0,0,0,0,0,0,0,0,0,0,0,-1,0,0,0,0,0,0,0,0,0,0,0,0,0,0,0,0,0,-1,0,-1,0,6,-1,-1,-1,-1,0,0,0,0,-1,0,0,-1,0,1,-1,[0|0|0|0|0|0|0|0]
200003050,Frenzyflame Perfume Bottle - Bullet,600000031,442122,-1,-1,2,15,0,0,0,0,7,0,0,7,0,0,0,0.1,1,0.3,0,0,0.3,0,20000972,0,200003056,0,0,0,0,0,1,0,0,0,0,0,0,0,0,0,0,8,0,0,0,254,254,254,254,1,1,0,0,0,0,0,0,0,0,0,1,0,0,0,0,0,1,0,0,0,0,0,1,0,0,0,0,10,0,-1,0,0,0,0,0,0,0,1,0,0,0,0,0,0,0,10,0,-1,0,-1,0,0,-1,-1,-1,-1,0,0,0,0,-1,0,0,-1,0,1,-1,[0|0|0|0|0|0|0|0]
200003051,Frenzyflame Perfume Bottle - Bullet,600000031,442122,-1,-1,1.7,15,0,0,0,0,7,0,0,7,0,0,0,0.1,1,0.3,0,0,0.3,0,0,0,200003056,0,0,0,0,0,1,0,0,0,0,0,0,0,0,0,0,6,0,0,0,254,254,254,254,1,1,0,0,0,0,0,0,0,0,0,1,0,0,0,0,0,1,0,0,0,0,0,1,0,0,0,0,8,0,-1,0,0,0,0,0,0,0,1,0,0,0,0,0,0,0,10,0,-1,0,-1,0,0,-1,-1,-1,-1,0,0,0,0,-1,0,0,-1,0,1,-1,[0|0|0|0|0|0|0|0]
200003052,Frenzyflame Perfume Bottle - Bullet,600000031,442122,-1,-1,1.4,15,0,0,0,0,7,0,0,7,0,0,0,0.1,1,0.3,0,0,0.3,0,0,0,200003056,0,0,0,0,0,1,0,0,0,0,0,0,0,0,0,0,4,0,0,0,254,254,254,254,1,1,0,0,0,0,0,0,0,0,0,1,0,0,0,0,0,1,0,0,0,0,0,1,0,0,0,0,3,0,-1,0,0,0,0,0,0,0,1,0,0,0,0,0,0,0,10,0,-1,0,-1,0,0,-1,-1,-1,-1,0,0,0,0,-1,0,0,-1,0,1,-1,[0|0|0|0|0|0|0|0]
200003053,Frenzyflame Perfume Bottle - Bullet,600000031,442122,-1,-1,1.1,15,0,0,0,0,7,0,0,7,0,0,0,0.1,1,0.3,0,0,0.3,0,0,0,200003056,0,0,0,0,0,1,0,0,0,0,0,0,0,0,0,0,2,0,0,0,254,254,254,254,1,1,0,0,0,0,0,0,0,0,0,1,0,0,0,0,0,1,0,0,0,0,0,1,0,0,0,0,6,0,-1,0,0,0,0,0,0,0,1,0,0,0,0,0,0,0,10,0,-1,0,-1,0,0,-1,-1,-1,-1,0,0,0,0,-1,0,0,-1,0,1,-1,[0|0|0|0|0|0|0|0]
200003054,Frenzyflame Perfume Bottle - Bullet,600000031,442122,-1,-1,0.8,15,0,0,0,0,7,0,0,7,0,0,0,0.1,1,0.3,0,0,0.3,0,0,0,200003056,0,0,0,0,0,1,0,0,0,0,0,0,0,0,0,0,0,0,0,0,254,254,254,254,1,1,0,0,0,0,0,0,0,0,0,1,0,0,0,0,0,1,0,0,0,0,0,1,0,0,0,0,4,0,-1,0,0,0,0,0,0,0,1,0,0,0,0,0,0,0,10,0,-1,0,-1,0,0,-1,-1,-1,-1,0,0,0,0,-1,0,0,-1,0,1,-1,[0|0|0|0|0|0|0|0]
200003055,Frenzyflame Perfume Bottle - Bullet,600000031,442122,-1,-1,0.5,15,0,0,0,0,7,0,0,7,0,0,0,0.1,1,0.3,0,0,0.3,0,0,0,200003056,0,0,0,0,0,1,0,0,0,0,0,0,0,0,0,0,-1,0,0,0,254,254,254,254,1,1,0,0,0,0,0,0,0,0,0,1,0,0,0,0,0,1,0,0,0,0,0,1,0,0,0,0,0,0,-1,0,0,0,0,0,0,0,1,0,0,0,0,0,0,0,10,0,-1,0,-1,0,0,-1,-1,-1,-1,0,0,0,0,-1,0,0,-1,0,1,-1,[0|0|0|0|0|0|0|0]
200003056,Frenzyflame Perfume Bottle - Bullet,600000031,442122,-1,-1,1.3,1,0,0,0,0,0,0,0,0,0,0,0,1,-1,0,0,0,0.3,0,0,0,200003057,0,0,0,0,0,1,0,0,0,0,0,0,0,0,0,0,0,0,0,0,254,254,254,254,1,1,1,0,0,0,5,0,0,1,0,1,0,0,0,0,0,1,0,0,0,0,0,1,0,0,0,0,0,0,-1,0,0,0,0,1,0,0,1,0,0,0,0,0,0,0,0,0,-1,0,-1,0,0,-1,-1,-1,-1,0,0,0,0,-1,0,0,-1,0,1,-1,[0|0|0|0|0|0|0|0]
200003057,Frenzyflame Perfume Bottle - Bullet,600000023,442122,-1,-1,0.1,1,0,0,0,0,0,0,0,0,0,0,0,1,-1,0,0,0,0.3,0,0,0,200003058,0,0,0,0,0,1,0,0,0,0,0,0,0,0,0,0,0,0,0,0,254,254,254,254,1,1,0,0,0,0,5,0,0,1,0,1,0,0,0,0,0,1,0,0,0,0,0,0,0,0,0,0,0,0,-1,0,0,0,0,1,0,0,0,0,0,0,0,0,0,0,0,0,-1,0,-1,0,0,-1,-1,-1,-1,0,0,0,0,-1,0,0,-1,0,1,-1,[0|0|0|0|0|0|0|0]
200003058,Frenzyflame Perfume Bottle - Bullet,600000030,442123,-1,-1,0.5,1,0,0,0,0,0,0,0,0,0,0,0,1,2,0.1,0,0,0.3,0,0,0,-1,0,0,0,0,0,1,0,0,0,0,0,0,0,0,0,0,0,0,0,0,254,254,254,254,1,1,0,0,0,0,5,0,0,1,0,1,0,0,0,0,0,1,0,0,0,0,0,0,0,0,0,0,0,0,-1,0,0,0,0,1,0,0,0,0,0,0,0,0,0,0,0,0,-1,0,-1,0,6,-1,-1,-1,-1,0,0,0,0,-1,0,0,-1,0,1,-1,[0|0|0|0|0|0|0|0]
200003059,Frenzyflame Perfume Bottle - Bullet,600000023,-1,-1,-1,0.1,5,0,0,0,0,10,0,0,10,10,0,0,1,1,0,0,0,0.3,0,0,0,-1,0,0,0,0,0,1,0,0,0,0,0,0,0,0,0,0,5,0,0,0,254,254,254,254,1,1,0,0,0,0,0,0,0,1,0,1,0,0,0,0,0,1,0,0,0,0,0,0,0,0,0,0,0,0,-1,0,0,0,0,0,0,0,0,0,0,0,0,0,0,0,0,0,-1,0,-1,0,6,-1,-1,-1,-1,0,0,0,0,-1,0,0,-1,0,1,-1,[0|0|0|0|0|0|0|0]
200003060,Lightning Perfume Bottle - Bullet,600000031,442222,-1,-1,2,15,0,0,0,0,7,0,0,7,0,0,0,0.1,1,0.3,0,0,0.3,0,20000973,0,200003066,0,0,0,0,0,1,0,0,0,0,0,0,0,0,0,0,8,0,0,0,254,254,254,254,1,1,0,0,0,0,0,0,0,0,0,1,0,0,0,0,0,1,0,0,0,0,0,1,0,0,0,0,10,0,-1,0,0,0,0,0,0,0,1,0,0,0,0,0,0,0,10,0,-1,0,-1,0,0,-1,-1,-1,-1,0,0,0,0,-1,0,0,-1,0,1,-1,[0|0|0|0|0|0|0|0]
200003061,Lightning Perfume Bottle - Bullet,600000031,442222,-1,-1,1.7,15,0,0,0,0,7,0,0,7,0,0,0,0.1,1,0.3,0,0,0.3,0,0,0,200003066,0,0,0,0,0,1,0,0,0,0,0,0,0,0,0,0,6,0,0,0,254,254,254,254,1,1,0,0,0,0,0,0,0,0,0,1,0,0,0,0,0,1,0,0,0,0,0,1,0,0,0,0,8,0,-1,0,0,0,0,0,0,0,1,0,0,0,0,0,0,0,10,0,-1,0,-1,0,0,-1,-1,-1,-1,0,0,0,0,-1,0,0,-1,0,1,-1,[0|0|0|0|0|0|0|0]
200003062,Lightning Perfume Bottle - Bullet,600000031,442222,-1,-1,1.4,15,0,0,0,0,7,0,0,7,0,0,0,0.1,1,0.3,0,0,0.3,0,0,0,200003066,0,0,0,0,0,1,0,0,0,0,0,0,0,0,0,0,4,0,0,0,254,254,254,254,1,1,0,0,0,0,0,0,0,0,0,1,0,0,0,0,0,1,0,0,0,0,0,1,0,0,0,0,3,0,-1,0,0,0,0,0,0,0,1,0,0,0,0,0,0,0,10,0,-1,0,-1,0,0,-1,-1,-1,-1,0,0,0,0,-1,0,0,-1,0,1,-1,[0|0|0|0|0|0|0|0]
200003063,Lightning Perfume Bottle - Bullet,600000031,442222,-1,-1,1.1,15,0,0,0,0,7,0,0,7,0,0,0,0.1,1,0.3,0,0,0.3,0,0,0,200003066,0,0,0,0,0,1,0,0,0,0,0,0,0,0,0,0,2,0,0,0,254,254,254,254,1,1,0,0,0,0,0,0,0,0,0,1,0,0,0,0,0,1,0,0,0,0,0,1,0,0,0,0,6,0,-1,0,0,0,0,0,0,0,1,0,0,0,0,0,0,0,10,0,-1,0,-1,0,0,-1,-1,-1,-1,0,0,0,0,-1,0,0,-1,0,1,-1,[0|0|0|0|0|0|0|0]
200003064,Lightning Perfume Bottle - Bullet,600000031,442222,-1,-1,0.8,15,0,0,0,0,7,0,0,7,0,0,0,0.1,1,0.3,0,0,0.3,0,0,0,200003066,0,0,0,0,0,1,0,0,0,0,0,0,0,0,0,0,0,0,0,0,254,254,254,254,1,1,0,0,0,0,0,0,0,0,0,1,0,0,0,0,0,1,0,0,0,0,0,1,0,0,0,0,4,0,-1,0,0,0,0,0,0,0,1,0,0,0,0,0,0,0,10,0,-1,0,-1,0,0,-1,-1,-1,-1,0,0,0,0,-1,0,0,-1,0,1,-1,[0|0|0|0|0|0|0|0]
200003065,Lightning Perfume Bottle - Bullet,600000031,442222,-1,-1,0.5,15,0,0,0,0,7,0,0,7,0,0,0,0.1,1,0.3,0,0,0.3,0,0,0,200003066,0,0,0,0,0,1,0,0,0,0,0,0,0,0,0,0,-1,0,0,0,254,254,254,254,1,1,0,0,0,0,0,0,0,0,0,1,0,0,0,0,0,1,0,0,0,0,0,1,0,0,0,0,0,0,-1,0,0,0,0,0,0,0,1,0,0,0,0,0,0,0,10,0,-1,0,-1,0,0,-1,-1,-1,-1,0,0,0,0,-1,0,0,-1,0,1,-1,[0|0|0|0|0|0|0|0]
200003066,Lightning Perfume Bottle - Bullet,600000031,442222,-1,-1,1.3,1,0,0,0,0,0,0,0,0,0,0,0,1,-1,0,0,0,0.3,0,0,0,200003067,0,0,0,0,0,1,0,0,0,0,0,0,0,0,0,0,0,0,0,0,254,254,254,254,1,1,1,0,0,0,5,0,0,1,0,1,0,0,0,0,0,1,0,0,0,0,0,1,0,0,0,0,0,0,-1,0,0,0,0,1,0,0,1,0,0,0,0,0,0,0,0,0,-1,0,-1,0,0,-1,-1,-1,-1,0,0,0,0,-1,0,0,-1,0,1,-1,[0|0|0|0|0|0|0|0]
200003067,Lightning Perfume Bottle - Bullet,600000023,442222,-1,-1,0.1,1,0,0,0,0,0,0,0,0,0,0,0,1,-1,0,0,0,0.3,0,0,0,200003068,0,0,0,0,0,1,0,0,0,0,0,0,0,0,0,0,0,0,0,0,254,254,254,254,1,1,0,0,0,0,5,0,0,1,0,1,0,0,0,0,0,1,0,0,0,0,0,0,0,0,0,0,0,0,-1,0,0,0,0,1,0,0,0,0,0,0,0,0,0,0,0,0,-1,0,-1,0,0,-1,-1,-1,-1,0,0,0,0,-1,0,0,-1,0,1,-1,[0|0|0|0|0|0|0|0]
200003068,Lightning Perfume Bottle - Bullet,600000030,442223,-1,-1,0.5,1,0,0,0,0,0,0,0,0,0,0,0,1,2,0.1,0,0,0.3,0,0,0,-1,0,0,0,0,0,1,0,0,0,0,0,0,0,0,0,0,0,0,0,0,254,254,254,254,1,1,0,0,0,0,5,0,0,1,0,1,0,0,0,0,0,1,0,0,0,0,0,0,0,0,0,0,0,0,-1,0,0,0,0,1,0,0,0,0,0,0,0,0,0,0,0,0,-1,0,-1,0,6,-1,-1,-1,-1,0,0,0,0,-1,0,0,-1,0,1,-1,[0|0|0|0|0|0|0|0]
200003069,Lightning Perfume Bottle - Bullet,600000023,-1,-1,-1,0.1,5,0,0,0,0,10,0,0,10,10,0,0,1,1,0,0,0,0.3,0,0,0,-1,0,0,0,0,0,1,0,0,0,0,0,0,0,0,0,0,5,0,0,0,254,254,254,254,1,1,0,0,0,0,0,0,0,1,0,1,0,0,0,0,0,1,0,0,0,0,0,0,0,0,0,0,0,0,-1,0,0,0,0,0,0,0,0,0,0,0,0,0,0,0,0,0,-1,0,-1,0,6,-1,-1,-1,-1,0,0,0,0,-1,0,0,-1,0,1,-1,[0|0|0|0|0|0|0|0]
200003080,,700000150,451431,451437,-1,0.3,20,0,0,0,0,35,0,0,35,35,0,0,0.5,-1,0,0,0,99,0,0,0,-1,0,0,0,0,0,1,0,0,0,0,0,0,0,0,0,0,0,10,0,0,254,254,254,254,1,1,0,0,0,0,0,0,0,0,0,1,0,0,1,0,0,1,1,0,0,0,0,1,0,0,0,0,0,0,-1,0,0,0,0,0,0,0,0,0,0,0,0,0,0,0,0,0,-1,0,-1,0,0,-1,-1,-1,-1,0,0,0,0,-1,0,0,-1,0,1,0,[0|0|0|0|0|0|0|0]
200003081,,700000151,451432,451437,-1,0.3,20,0,0,0,0,35,0,0,35,35,0,0,0.5,-1,0,0,0,99,0,0,0,-1,0,0,0,0,0,1,0,0,0,0,0,0,0,0,0,0,0,10,0,0,254,254,254,254,1,1,0,0,0,0,0,0,0,0,0,1,0,0,1,0,0,1,1,0,0,0,0,1,0,0,0,0,0,0,-1,0,0,0,0,0,0,0,0,0,0,0,0,0,0,0,0,0,-1,0,-1,0,0,-1,-1,-1,-1,0,0,0,0,-1,0,0,-1,0,1,0,[0|0|0|0|0|0|0|0]
200003082,,700000152,451433,451437,-1,0.3,20,0,0,0,0,35,0,0,35,35,0,0,0.5,-1,0,0,0,99,0,0,0,-1,0,0,0,0,0,1,0,0,0,0,0,0,0,0,0,0,0,10,0,0,254,254,254,254,1,1,0,0,0,0,0,0,0,0,0,1,0,0,1,0,0,1,1,0,0,0,0,1,0,0,0,0,0,0,-1,0,0,0,0,0,0,0,0,0,0,0,0,0,0,0,0,0,-1,0,-1,0,0,-1,-1,-1,-1,0,0,0,0,-1,0,0,-1,0,1,0,[0|0|0|0|0|0|0|0]
200003083,,700000153,451434,451437,-1,0.3,20,0,0,0,0,35,0,0,35,35,0,0,0.5,-1,0,0,0,99,0,0,0,-1,0,0,0,0,0,1,0,0,0,0,0,0,0,0,0,0,0,10,0,0,254,254,254,254,1,1,0,0,0,0,0,0,0,0,0,1,0,0,1,0,0,1,1,0,0,0,0,1,0,0,0,0,0,0,-1,0,0,0,0,0,0,0,0,0,0,0,0,0,0,0,0,0,-1,0,-1,0,0,-1,-1,-1,-1,0,0,0,0,-1,0,0,-1,0,1,0,[0|0|0|0|0|0|0|0]
200003084,,700000154,451435,451437,-1,0.3,20,0,0,0,0,35,0,0,35,35,0,0,0.5,-1,0,0,0,99,0,0,0,-1,0,0,0,0,0,1,0,0,0,0,0,0,0,0,0,0,0,10,0,0,254,254,254,254,1,1,0,0,0,0,0,0,0,0,0,1,0,0,1,0,0,1,1,0,0,0,0,1,0,0,0,0,0,0,-1,0,0,0,0,0,0,0,0,0,0,0,0,0,0,0,0,0,-1,0,-1,0,0,-1,-1,-1,-1,0,0,0,0,-1,0,0,-1,0,1,0,[0|0|0|0|0|0|0|0]
200020000,Throwing Blade - Default Bullet,6200000,404001,404002,404003,0.21,4,0,3,3,12,40,0,-900,40,40,0,0,0.05,-1,0,0,0,0,0,0,0,-1,6902,-1,-1,1665,-1,1,30,0,0,0,100,100,100,100,100,0,0,60,0,0,254,254,254,254,0,0,0,0,4,0,0,1,0,0,0,0,0,0,0,1,0,1,0,0,0,0,0,0,100,0,0,0,0,0,-1,0,0,0,0,0,0,0,0,0,0,0,0,0,0,1,0,0,-1,0,-1,0,0,-1,-1,-1,-1,0,0,0,0,-1,0,0,-1,0,1,0,[0|0|0|0|0|0|0|0]
200020010,Throwing Blade - Default Bullet,6200010,404001,404002,404003,0.21,4,0,3,3,12,40,0,-900,40,40,0,0,0.05,-1,0,0,0,0,0,0,0,-1,6902,-1,-1,1665,-1,1,30,0,0,0,100,100,100,100,100,0,0,60,0,0,254,254,254,254,0,0,0,0,4,0,0,1,0,0,0,0,0,0,0,1,0,1,0,0,0,0,0,0,100,0,0,0,0,0,-1,0,0,0,0,0,0,0,0,0,0,0,0,0,0,1,0,0,-1,0,-1,0,0,-1,-1,-1,-1,0,0,0,0,-1,0,0,-1,0,1,0,[0|0|0|0|0|0|0|0]
200020020,Throwing Blade - Default Bullet,6200020,404001,404002,404003,0.21,4,0,3,3,12,40,0,-900,40,40,0,0,0.05,-1,0,0,0,0,0,0,0,-1,6902,-1,-1,1665,-1,1,30,0,0,0,100,100,100,100,100,0,0,60,0,0,254,254,254,254,0,0,0,0,4,0,0,1,0,0,0,0,0,0,0,1,0,1,0,0,0,0,0,0,100,0,0,0,0,0,-1,0,0,0,0,0,0,0,0,0,0,0,0,0,0,1,0,0,-1,0,-1,0,0,-1,-1,-1,-1,0,0,0,0,-1,0,0,-1,0,1,0,[0|0|0|0|0|0|0|0]
200020030,Throwing Blade - Default Bullet,6200030,404001,404002,404003,0.21,4,0,3,3,12,40,0,-900,40,40,0,0,0.05,-1,0,0,0,0,0,0,0,-1,6902,-1,-1,1665,-1,1,30,0,0,0,100,100,100,100,100,0,0,60,0,0,254,254,254,254,0,0,0,0,4,0,0,1,0,0,0,0,0,0,0,1,0,1,0,0,0,0,0,0,100,0,0,0,0,0,-1,0,0,0,0,0,0,0,0,0,0,0,0,0,0,1,0,0,-1,0,-1,0,0,-1,-1,-1,-1,0,0,0,0,-1,0,0,-1,0,1,0,[0|0|0|0|0|0|0|0]
200020040,Throwing Blade - Default Bullet,6200040,404001,404002,404003,0.21,4,0,3,3,12,40,0,-900,40,40,0,0,0.05,-1,0,0,0,0,0,0,0,-1,6902,-1,-1,1665,-1,1,30,0,0,0,100,100,100,100,100,0,0,60,0,0,254,254,254,254,0,0,0,0,4,0,0,1,0,0,0,0,0,0,0,1,0,1,0,0,0,0,0,0,100,0,0,0,0,0,-1,0,0,0,0,0,0,0,0,0,0,0,0,0,0,1,0,0,-1,0,-1,0,0,-1,-1,-1,-1,0,0,0,0,-1,0,0,-1,0,1,0,[0|0|0|0|0|0|0|0]
200020050,Throwing Blade - Default Bullet,6200050,404001,404002,404003,0.21,4,0,3,3,12,40,0,-900,40,40,0,0,0.05,-1,0,0,0,0,0,0,0,-1,6902,-1,-1,1665,-1,1,30,0,0,0,100,100,100,100,100,0,0,60,0,0,254,254,254,254,0,0,0,0,4,0,0,1,0,0,0,0,0,0,0,1,0,1,0,0,0,0,0,0,100,0,0,0,0,0,-1,0,0,0,0,0,0,0,0,0,0,0,0,0,0,1,0,0,-1,0,-1,0,0,-1,-1,-1,-1,0,0,0,0,-1,0,0,-1,0,1,0,[0|0|0|0|0|0|0|0]
200020100,Throwing Blade - Default Bullet,6200100,404001,404002,404003,0.17,4,0,3,3,12,40,0,-900,40,40,0,0,0.05,-1,0,0,0,0,0,0,0,-1,6902,-1,-1,1665,-1,1,10,0,0,0,100,100,100,100,100,0,0,0,0,0,254,254,254,254,0,0,0,0,4,0,0,1,0,0,0,0,0,0,0,1,0,1,0,0,0,0,0,0,100,0,0,0,0,0,-1,0,0,0,0,0,0,0,0,0,0,0,0,0,0,1,0,0,-1,0,-1,0,0,-1,-1,-1,-1,0,0,0,0,-1,0,0,-1,0,1,0,[0|0|0|0|0|0|0|0]
200020105,Throwing Blade - Default Bullet,6200105,404001,404002,404003,0.17,4,0,3,3,15,40,0,-900,40,40,0,0,0.05,-1,0,0,0,0,0,0,0,-1,6902,-1,-1,1665,-1,1,10,0,0,0,100,100,100,100,100,0,0,0,0,0,254,254,254,254,0,0,0,0,4,0,0,1,0,0,0,0,0,0,0,1,0,1,0,0,0,0,0,0,100,0,0,0,0,0,-1,0,0,0,0,0,0,0,0,0,0,0,0,0,0,1,0,0,-1,0,-1,0,0,-1,-1,-1,-1,0,0,0,0,-1,0,0,-1,0,1,0,[0|0|0|0|0|0|0|0]
200020110,Throwing Blade - Default Bullet,6200110,404001,404002,404003,0.17,4,0,3,3,12,40,0,-900,40,40,0,0,0.05,-1,0,0,0,0,0,0,0,-1,6902,-1,-1,1665,-1,1,10,0,0,0,100,100,100,100,100,0,0,0,0,0,254,254,254,254,0,0,0,0,4,0,0,1,0,0,0,0,0,0,0,1,0,1,0,0,0,0,0,0,100,0,0,0,0,0,-1,0,0,0,0,0,0,0,0,0,0,0,0,0,0,1,0,0,-1,0,-1,0,0,-1,-1,-1,-1,0,0,0,0,-1,0,0,-1,0,1,0,[0|0|0|0|0|0|0|0]
200020115,Throwing Blade - Default Bullet,6200115,404001,404002,404003,0.17,4,0,3,3,5,40,0,-900,40,40,0,0,0.05,-1,0,0,0,0,0,0,0,-1,6902,-1,-1,1665,-1,1,10,0,0,0,100,100,100,100,100,0,0,0,0,0,254,254,254,254,0,0,0,0,4,0,0,1,0,0,0,0,0,0,0,1,0,1,0,0,0,0,0,0,100,0,0,0,0,0,-1,0,0,0,0,0,0,0,0,0,0,0,0,0,0,1,0,0,-1,0,-1,0,0,-1,-1,-1,-1,0,0,0,0,-1,0,0,-1,0,1,0,[0|0|0|0|0|0|0|0]
200020120,Throwing Blade - Default Bullet,6200120,404001,404002,404003,0.21,4,0,3,3,12,40,0,-900,40,40,0,0,0.05,-1,0,0,0,0,0,0,0,-1,6903,-1,-1,1665,-1,1,30,0,0,0,100,100,100,100,100,0,0,60,0,0,254,254,254,254,0,0,0,0,4,0,0,1,0,0,0,0,0,0,0,1,0,1,0,0,0,0,0,0,100,0,0,0,0,0,-1,0,0,0,0,0,0,0,0,0,0,0,0,0,0,1,0,0,-1,0,-1,0,0,-1,-1,-1,-1,0,0,0,0,-1,0,0,-1,0,1,0,[0|0|0|0|0|0|0|0]
200020125,Throwing Blade - Default Bullet,6200125,404001,404002,404003,0.17,4,0,3,3,12,60,0,-900,60,60,0,0,0.05,-1,0,0,0,0,0,0,0,-1,6903,-1,-1,1665,-1,1,30,0,0,0,100,100,100,100,100,0,0,60,0,0,254,254,254,254,0,0,0,0,4,0,0,1,0,0,0,0,0,0,0,1,0,1,0,0,0,0,0,0,100,0,0,0,0,0,-1,0,0,0,0,0,0,0,0,0,0,0,0,0,0,1,0,0,-1,0,-1,0,0,-1,-1,-1,-1,0,0,0,0,-1,0,0,-1,0,1,0,[0|0|0|0|0|0|0|0]
200020130,Throwing Blade - Default Bullet,6200130,404001,404002,404003,0.21,4,0,3,3,12,40,0,-900,40,40,0,0,0.05,-1,0,0,0,0,0,0,0,-1,6903,-1,-1,1665,-1,1,30,0,0,0,100,100,100,100,100,0,0,60,0,0,254,254,254,254,0,0,0,0,4,0,0,1,0,0,0,0,0,0,0,1,0,1,0,0,0,0,0,0,100,0,0,0,0,0,-1,0,0,0,0,0,0,0,0,0,0,0,0,0,0,1,0,0,-1,0,-1,0,0,-1,-1,-1,-1,0,0,0,0,-1,0,0,-1,0,1,0,[0|0|0|0|0|0|0|0]
200020140,Throwing Blade - Default Bullet,6200140,404001,404002,404003,0.21,4,0,3,3,12,40,0,-900,40,40,0,0,0.05,-1,0,0,0,0,0,0,0,-1,6903,-1,-1,1665,-1,1,30,0,0,0,100,100,100,100,100,0,0,60,0,0,254,254,254,254,0,0,0,0,4,0,0,1,0,0,0,0,0,0,0,1,0,1,0,0,0,0,0,0,100,0,0,0,0,0,-1,0,0,0,0,0,0,0,0,0,0,0,0,0,0,1,0,0,-1,0,-1,0,0,-1,-1,-1,-1,0,0,0,0,-1,0,0,-1,0,1,0,[0|0|0|0|0|0|0|0]
200020150,Throwing Blade - Default Bullet,6200150,404001,404002,404003,0.21,4,0,3,3,12,40,0,-900,40,40,0,0,0.05,-1,0,0,0,0,0,0,0,-1,6903,-1,-1,1665,-1,1,30,0,0,0,100,100,100,100,100,0,0,100,0,0,254,254,254,254,0,0,0,0,4,0,0,1,0,0,0,0,0,0,0,1,0,1,0,0,0,0,0,0,100,0,0,0,0,0,-1,0,0,0,0,0,60,0,0,0,0,0,0,0,0,1,0,0,-1,0,-1,0,0,-1,-1,-1,-1,0,0,0,0,-1,0,0,-1,0,1,0,[0|0|0|0|0|0|0|0]
200020160,Throwing Blade - Default Bullet,6200160,404001,404002,404003,0.17,4,0,3,3,12,60,0,-900,60,60,0,0,0.05,-1,0,0,0,0,0,0,0,-1,6904,-1,-1,1665,-1,1,30,0,0,0,100,100,100,100,100,0,0,60,0,0,254,254,254,254,0,0,0,0,4,0,0,1,0,0,0,0,0,0,0,1,0,1,0,0,0,0,0,0,100,0,0,0,0,0,-1,0,0,0,0,0,61,0,0,0,0,0,0,0,0,1,0,0,-1,0,-1,0,0,-1,-1,-1,-1,0,0,0,0,-1,0,0,-1,0,1,0,[0|0|0|0|0|0|0|0]
200020175,Throwing Blade - Default Bullet,6200175,404001,404002,404003,0.17,4,0,3,3,12,60,0,-900,60,60,0,0,0.05,-1,0,0,0,0,0,0,0,-1,6902,-1,-1,1665,-1,1,30,0,0,0,100,100,100,100,100,0,0,60,0,0,254,254,254,254,0,0,0,0,4,0,0,1,0,0,0,0,0,0,0,1,0,1,0,0,0,0,0,0,100,0,0,0,0,0,-1,0,0,0,0,0,0,0,0,0,0,0,0,0,0,1,0,0,-1,0,-1,0,0,-1,-1,-1,-1,0,0,0,0,-1,0,0,-1,0,1,0,[0|0|0|0|0|0|0|0]
200020176,Throwing Blade - Default Bullet,6200176,404001,404002,404003,0.17,4,0,3,3,12,60,0,-900,60,60,0,0,0.05,-1,0,0,0,0,0,0,0,-1,6902,-1,-1,1665,-1,1,30,0,0,0,100,100,100,100,100,0,0,60,0,0,254,254,254,254,0,0,0,0,4,0,0,1,0,0,0,0,0,0,0,1,0,1,0,0,0,0,0,0,100,0,0,0,0,0,-1,0,0,0,0,0,0,0,0,0,0,0,0,0,0,1,0,0,-1,0,-1,0,0,-1,-1,-1,-1,0,0,0,0,-1,0,0,-1,0,1,0,[0|0|0|0|0|0|0|0]
200020180,Throwing Blade - Default Bullet,6200180,404001,404002,404003,0.17,4,0,3,3,12,60,0,-900,60,60,0,0,0.05,-1,0,0,0,0,0,0,0,-1,-1,-1,-1,1665,-1,1,30,0,0,0,100,100,100,100,100,0,0,60,0,0,254,254,254,254,0,0,0,0,4,0,0,1,0,0,0,0,0,0,0,1,0,1,0,0,0,0,0,0,100,0,0,0,0,0,-1,0,0,0,0,0,0,0,0,0,0,0,0,0,0,1,0,0,-1,0,-1,0,0,-1,-1,-1,-1,0,0,0,0,-1,0,0,-1,0,1,0,[0|0|0|0|0|0|0|0]
200020200,Throwing Blade - Default Bullet,6200200,404001,404002,404003,0.21,4,0,3,3,12,40,0,-900,40,40,0,0,0.05,-1,0,0,0,0,0,0,0,-1,6902,-1,-1,1665,1667,1,30,0,0,0,100,100,100,100,100,0,0,60,0,0,254,254,254,254,0,0,0,0,4,0,0,1,0,0,0,0,0,0,0,1,0,1,0,0,0,0,0,0,100,0,0,0,0,0,-1,0,0,0,0,0,0,0,0,0,0,0,0,0,0,1,0,0,-1,0,-1,0,0,-1,-1,-1,-1,0,0,0,0,-1,0,0,-1,0,1,0,[0|0|0|0|0|0|0|0]
200020203,Throwing Blade - Default Bullet,6200203,404001,404002,404003,0.21,4,0,3,3,12,40,0,-900,40,40,0,0,0.05,-1,0,0,0,0,0,0,0,-1,6902,-1,-1,-1,-1,1,30,0,0,0,100,100,100,100,100,0,0,60,0,0,254,254,254,254,0,0,0,0,4,0,0,1,0,0,0,0,0,0,0,1,0,1,0,0,0,0,0,0,100,0,0,0,0,0,-1,0,0,0,0,0,0,0,0,0,0,0,0,0,0,1,0,0,-1,0,-1,0,0,-1,-1,-1,-1,0,0,0,0,-1,0,0,-1,0,1,0,[0|0|0|0|0|0|0|0]
200020210,Throwing Blade - Default Bullet,6200210,404001,404002,404003,0.21,4,0,3,3,12,40,0,-900,40,40,0,0,0.05,-1,0,0,0,0,0,0,0,-1,6902,-1,-1,-1,-1,1,30,0,0,0,100,100,100,100,100,0,0,60,0,0,254,254,254,254,0,0,0,0,4,0,0,1,0,0,0,0,0,0,0,1,0,1,0,0,0,0,0,0,100,0,0,0,0,0,-1,0,0,0,0,0,0,0,0,0,0,0,0,0,0,1,0,0,-1,0,-1,0,0,-1,-1,-1,-1,0,0,0,0,-1,0,0,-1,0,1,0,[0|0|0|0|0|0|0|0]
200020213,Throwing Blade - Default Bullet,6200213,404001,404002,404003,0.21,4,0,3,3,12,40,0,-900,40,40,0,0,0.05,-1,0,0,0,0,0,0,0,-1,6902,-1,-1,1665,1667,1,30,0,0,0,100,100,100,100,100,0,0,60,0,0,254,254,254,254,0,0,0,0,4,0,0,1,0,0,0,0,0,0,0,1,0,1,0,0,0,0,0,0,100,0,0,0,0,0,-1,0,0,0,0,0,0,0,0,0,0,0,0,0,0,1,0,0,-1,0,-1,0,0,-1,-1,-1,-1,0,0,0,0,-1,0,0,-1,0,1,0,[0|0|0|0|0|0|0|0]
200020220,Throwing Blade - Default Bullet,6200220,404001,404002,404003,0.21,4,0,3,3,12,40,0,-900,40,40,0,0,0.05,-1,0,0,0,0,0,0,0,-1,6902,-1,-1,-1,-1,1,30,0,0,0,100,100,100,100,100,0,0,60,0,0,254,254,254,254,0,0,0,0,4,0,0,1,0,0,0,0,0,0,0,1,0,1,0,0,0,0,0,0,100,0,0,0,0,0,-1,0,0,0,0,0,0,0,0,0,0,0,0,0,0,1,0,0,-1,0,-1,0,0,-1,-1,-1,-1,0,0,0,0,-1,0,0,-1,0,1,0,[0|0|0|0|0|0|0|0]
200020223,Throwing Blade - Default Bullet,6200223,404001,404002,404003,0.21,4,0,3,3,12,40,0,-900,40,40,0,0,0.05,-1,0,0,0,0,0,0,0,-1,6902,-1,-1,1665,1667,1,30,0,0,0,100,100,100,100,100,0,0,60,0,0,254,254,254,254,0,0,0,0,4,0,0,1,0,0,0,0,0,0,0,1,0,1,0,0,0,0,0,0,100,0,0,0,0,0,-1,0,0,0,0,0,0,0,0,0,0,0,0,0,0,1,0,0,-1,0,-1,0,0,-1,-1,-1,-1,0,0,0,0,-1,0,0,-1,0,1,0,[0|0|0|0|0|0|0|0]
200020230,Throwing Blade - Default Bullet,6200230,404001,404002,404003,0.21,4,0,3,3,12,40,0,-900,40,40,0,0,0.05,-1,0,0,0,0,0,0,0,-1,6902,-1,-1,1665,1667,1,30,0,0,0,100,100,100,100,100,0,0,60,0,0,254,254,254,254,0,0,0,0,4,0,0,1,0,0,0,0,0,0,0,1,0,1,0,0,0,0,0,0,100,0,0,0,0,0,-1,0,0,0,0,0,0,0,0,0,0,0,0,0,0,1,0,0,-1,0,-1,0,0,-1,-1,-1,-1,0,0,0,0,-1,0,0,-1,0,1,0,[0|0|0|0|0|0|0|0]
200020233,Throwing Blade - Default Bullet,6200233,404001,404002,404003,0.21,4,0,3,3,12,40,0,-900,40,40,0,0,0.05,-1,0,0,0,0,0,0,0,-1,6902,-1,-1,1665,1667,1,30,0,0,0,100,100,100,100,100,0,0,60,0,0,254,254,254,254,0,0,0,0,4,0,0,1,0,0,0,0,0,0,0,1,0,1,0,0,0,0,0,0,100,0,0,0,0,0,-1,0,0,0,0,0,0,0,0,0,0,0,0,0,0,1,0,0,-1,0,-1,0,0,-1,-1,-1,-1,0,0,0,0,-1,0,0,-1,0,1,0,[0|0|0|0|0|0|0|0]
200020240,Throwing Blade - Default Bullet,6200240,404001,404002,404003,0.21,4,0,3,3,12,40,0,-900,40,40,0,0,0.05,-1,0,0,0,0,0,0,0,-1,6902,-1,-1,-1,-1,1,30,0,0,0,100,100,100,100,100,0,0,60,0,0,254,254,254,254,0,0,0,0,4,0,0,1,0,0,0,0,0,0,0,1,0,1,0,0,0,0,0,0,100,0,0,0,0,0,-1,0,0,0,0,0,0,0,0,0,0,0,0,0,0,1,0,0,-1,0,-1,0,0,-1,-1,-1,-1,0,0,0,0,-1,0,0,-1,0,1,0,[0|0|0|0|0|0|0|0]
200020243,Throwing Blade - Default Bullet,6200243,404001,404002,404003,0.21,4,0,3,3,12,40,0,-900,40,40,0,0,0.05,-1,0,0,0,0,0,0,0,-1,6902,-1,-1,1665,1667,1,30,0,0,0,100,100,100,100,100,0,0,60,0,0,254,254,254,254,0,0,0,0,4,0,0,1,0,0,0,0,0,0,0,1,0,1,0,0,0,0,0,0,100,0,0,0,0,0,-1,0,0,0,0,0,0,0,0,0,0,0,0,0,0,1,0,0,-1,0,-1,0,0,-1,-1,-1,-1,0,0,0,0,-1,0,0,-1,0,1,0,[0|0|0|0|0|0|0|0]
200020250,Throwing Blade - Default Bullet,6200250,404001,404002,404003,0.21,4,0,3,3,12,40,0,-900,40,40,0,0,0.05,-1,0,0,0,0,0,0,0,-1,6902,-1,-1,-1,-1,1,30,0,0,0,100,100,100,100,100,0,0,60,0,0,254,254,254,254,0,0,0,0,4,0,0,1,0,0,0,0,0,0,0,1,0,1,0,0,0,0,0,0,100,0,0,0,0,0,-1,0,0,0,0,0,0,0,0,0,0,0,0,0,0,1,0,0,-1,0,-1,0,0,-1,-1,-1,-1,0,0,0,0,-1,0,0,-1,0,1,0,[0|0|0|0|0|0|0|0]
200020253,Throwing Blade - Default Bullet,6200253,404001,404002,404003,0.21,4,0,3,3,12,40,0,-900,40,40,0,0,0.05,-1,0,0,0,0,0,0,0,-1,6902,-1,-1,1665,1667,1,30,0,0,0,100,100,100,100,100,0,0,60,0,0,254,254,254,254,0,0,0,0,4,0,0,1,0,0,0,0,0,0,0,1,0,1,0,0,0,0,0,0,100,0,0,0,0,0,-1,0,0,0,0,0,0,0,0,0,0,0,0,0,0,1,0,0,-1,0,-1,0,0,-1,-1,-1,-1,0,0,0,0,-1,0,0,-1,0,1,0,[0|0|0|0|0|0|0|0]
200020300,Throwing Blade - Default Bullet,6200300,404001,404002,404003,0.17,4,0,3,3,12,40,0,-900,40,40,0,0,0.05,-1,0,0,0,0,0,0,0,-1,6904,-1,-1,1665,1667,1,10,0,0,0,100,100,100,100,100,0,0,0,0,0,254,254,254,254,0,0,0,0,4,0,0,1,0,0,0,0,0,0,0,1,0,1,0,0,0,0,0,0,100,0,0,0,0,0,-1,0,0,0,0,0,0,0,0,0,0,0,0,0,0,1,0,0,-1,0,-1,0,0,-1,-1,-1,-1,0,0,0,0,-1,0,0,-1,0,1,0,[0|0|0|0|0|0|0|0]
200020303,Throwing Blade - Default Bullet,6200303,404001,404002,404003,0.17,4,0,3,3,12,40,0,-900,40,40,0,0,0.05,-1,0,0,0,0,0,0,0,-1,6904,-1,-1,-1,-1,1,10,0,0,0,100,100,100,100,100,0,0,0,0,0,254,254,254,254,0,0,0,0,4,0,0,1,0,0,0,0,0,0,0,1,0,1,0,0,0,0,0,0,100,0,0,0,0,0,-1,0,0,0,0,0,0,0,0,0,0,0,0,0,0,1,0,0,-1,0,-1,0,0,-1,-1,-1,-1,0,0,0,0,-1,0,0,-1,0,1,0,[0|0|0|0|0|0|0|0]
200020305,Throwing Blade - Default Bullet,6200305,404001,404002,404003,0.17,4,0,3,3,15,40,0,-900,40,40,0,0,0.05,-1,0,0,0,0,0,0,0,-1,6906,-1,-1,1665,1667,1,10,0,0,0,100,100,100,100,100,0,0,0,0,0,254,254,254,254,0,0,0,0,4,0,0,1,0,0,0,0,0,0,0,1,0,1,0,0,0,0,0,0,100,0,0,0,0,0,-1,0,0,0,0,0,0,0,0,0,0,0,0,0,0,1,0,0,-1,0,-1,0,0,-1,-1,-1,-1,0,0,0,0,-1,0,0,-1,0,1,0,[0|0|0|0|0|0|0|0]
200020308,Throwing Blade - Default Bullet,6200308,404001,404002,404003,0.17,4,0,3,3,15,40,0,-900,40,40,0,0,0.05,-1,0,0,0,0,0,0,0,-1,6906,-1,-1,-1,-1,1,10,0,0,0,100,100,100,100,100,0,0,0,0,0,254,254,254,254,0,0,0,0,4,0,0,1,0,0,0,0,0,0,0,1,0,1,0,0,0,0,0,0,100,0,0,0,0,0,-1,0,0,0,0,0,0,0,0,0,0,0,0,0,0,1,0,0,-1,0,-1,0,0,-1,-1,-1,-1,0,0,0,0,-1,0,0,-1,0,1,0,[0|0|0|0|0|0|0|0]
200020310,Throwing Blade - Default Bullet,6200310,404001,404002,404003,0.17,4,0,3,3,12,40,0,-900,40,40,0,0,0.05,-1,0,0,0,0,0,0,0,-1,6904,-1,-1,-1,-1,1,10,0,0,0,100,100,100,100,100,0,0,0,0,0,254,254,254,254,0,0,0,0,4,0,0,1,0,0,0,0,0,0,0,1,0,1,0,0,0,0,0,0,100,0,0,0,0,0,-1,0,0,0,0,0,0,0,0,0,0,0,0,0,0,1,0,0,-1,0,-1,0,0,-1,-1,-1,-1,0,0,0,0,-1,0,0,-1,0,1,0,[0|0|0|0|0|0|0|0]
200020313,Throwing Blade - Default Bullet,6200313,404001,404002,404003,0.17,4,0,3,3,12,40,0,-900,40,40,0,0,0.05,-1,0,0,0,0,0,0,0,-1,6904,-1,-1,1665,1667,1,10,0,0,0,100,100,100,100,100,0,0,0,0,0,254,254,254,254,0,0,0,0,4,0,0,1,0,0,0,0,0,0,0,1,0,1,0,0,0,0,0,0,100,0,0,0,0,0,-1,0,0,0,0,0,0,0,0,0,0,0,0,0,0,1,0,0,-1,0,-1,0,0,-1,-1,-1,-1,0,0,0,0,-1,0,0,-1,0,1,0,[0|0|0|0|0|0|0|0]
200020315,Throwing Blade - Default Bullet,6200315,404001,404002,404003,0.17,4,0,3,3,15,40,0,-900,40,40,0,0,0.05,-1,0,0,0,0,0,0,0,-1,6906,-1,-1,-1,-1,1,10,0,0,0,100,100,100,100,100,0,0,0,0,0,254,254,254,254,0,0,0,0,4,0,0,1,0,0,0,0,0,0,0,1,0,1,0,0,0,0,0,0,100,0,0,0,0,0,-1,0,0,0,0,0,0,0,0,0,0,0,0,0,0,1,0,0,-1,0,-1,0,0,-1,-1,-1,-1,0,0,0,0,-1,0,0,-1,0,1,0,[0|0|0|0|0|0|0|0]
200020318,Throwing Blade - Default Bullet,6200318,404001,404002,404003,0.17,4,0,3,3,15,40,0,-900,40,40,0,0,0.05,-1,0,0,0,0,0,0,0,-1,6906,-1,-1,1665,1667,1,10,0,0,0,100,100,100,100,100,0,0,0,0,0,254,254,254,254,0,0,0,0,4,0,0,1,0,0,0,0,0,0,0,1,0,1,0,0,0,0,0,0,100,0,0,0,0,0,-1,0,0,0,0,0,0,0,0,0,0,0,0,0,0,1,0,0,-1,0,-1,0,0,-1,-1,-1,-1,0,0,0,0,-1,0,0,-1,0,1,0,[0|0|0|0|0|0|0|0]
200020320,Throwing Blade - Default Bullet,6200320,404001,404002,404003,0.21,4,0,3,3,12,40,0,-900,40,40,0,0,0.05,-1,0,0,0,0,0,0,0,-1,6903,-1,-1,-1,-1,1,30,0,0,0,100,100,100,100,100,0,0,60,0,0,254,254,254,254,0,0,0,0,4,0,0,1,0,0,0,0,0,0,0,1,0,1,0,0,0,0,0,0,100,0,0,0,0,0,-1,0,0,0,0,0,0,0,0,0,0,0,0,0,0,1,0,0,-1,0,-1,0,0,-1,-1,-1,-1,0,0,0,0,-1,0,0,-1,0,1,0,[0|0|0|0|0|0|0|0]
200020323,Throwing Blade - Default Bullet,6200323,404001,404002,404003,0.21,4,0,3,3,12,40,0,-900,40,40,0,0,0.05,-1,0,0,0,0,0,0,0,-1,6903,-1,-1,1665,1667,1,30,0,0,0,100,100,100,100,100,0,0,60,0,0,254,254,254,254,0,0,0,0,4,0,0,1,0,0,0,0,0,0,0,1,0,1,0,0,0,0,0,0,100,0,0,0,0,0,-1,0,0,0,0,0,0,0,0,0,0,0,0,0,0,1,0,0,-1,0,-1,0,0,-1,-1,-1,-1,0,0,0,0,-1,0,0,-1,0,1,0,[0|0|0|0|0|0|0|0]
200020325,Throwing Blade - Default Bullet,6200325,404001,404002,404003,0.17,4,0,3,3,12,60,0,-900,60,60,0,0,0.05,-1,0,0,0,0,0,0,0,-1,6903,-1,-1,1665,1667,1,30,0,0,0,100,100,100,100,100,0,0,60,0,0,254,254,254,254,0,0,0,0,4,0,0,1,0,0,0,0,0,0,0,1,0,1,0,0,0,0,0,0,100,0,0,0,0,0,-1,0,0,0,0,0,0,0,0,0,0,0,0,0,0,1,0,0,-1,0,-1,0,0,-1,-1,-1,-1,0,0,0,0,-1,0,0,-1,0,1,0,[0|0|0|0|0|0|0|0]
200020328,Throwing Blade - Default Bullet,6200328,404001,404002,404003,0.17,4,0,3,3,12,60,0,-900,60,60,0,0,0.05,-1,0,0,0,0,0,0,0,-1,6903,-1,-1,-1,-1,1,30,0,0,0,100,100,100,100,100,0,0,60,0,0,254,254,254,254,0,0,0,0,4,0,0,1,0,0,0,0,0,0,0,1,0,1,0,0,0,0,0,0,100,0,0,0,0,0,-1,0,0,0,0,0,0,0,0,0,0,0,0,0,0,1,0,0,-1,0,-1,0,0,-1,-1,-1,-1,0,0,0,0,-1,0,0,-1,0,1,0,[0|0|0|0|0|0|0|0]
200020330,Throwing Blade - Default Bullet,6200330,404001,404002,404003,0.21,4,0,3,3,12,40,0,-900,40,40,0,0,0.05,-1,0,0,0,0,0,0,0,-1,6903,-1,-1,1665,1667,1,30,0,0,0,100,100,100,100,100,0,0,60,0,0,254,254,254,254,0,0,0,0,4,0,0,1,0,0,0,0,0,0,0,1,0,1,0,0,0,0,0,0,100,0,0,0,0,0,-1,0,0,0,0,0,0,0,0,0,0,0,0,0,0,1,0,0,-1,0,-1,0,0,-1,-1,-1,-1,0,0,0,0,-1,0,0,-1,0,1,0,[0|0|0|0|0|0|0|0]
200020333,Throwing Blade - Default Bullet,6200333,404001,404002,404003,0.21,4,0,3,3,12,40,0,-900,40,40,0,0,0.05,-1,0,0,0,0,0,0,0,-1,6903,-1,-1,-1,-1,1,30,0,0,0,100,100,100,100,100,0,0,60,0,0,254,254,254,254,0,0,0,0,4,0,0,1,0,0,0,0,0,0,0,1,0,1,0,0,0,0,0,0,100,0,0,0,0,0,-1,0,0,0,0,0,0,0,0,0,0,0,0,0,0,1,0,0,-1,0,-1,0,0,-1,-1,-1,-1,0,0,0,0,-1,0,0,-1,0,1,0,[0|0|0|0|0|0|0|0]
200020340,Throwing Blade - Default Bullet,6200340,404001,404002,404003,0.21,4,0,3,3,12,40,0,-900,40,40,0,0,0.05,-1,0,0,0,0,0,0,0,-1,6903,-1,-1,-1,-1,1,30,0,0,0,100,100,100,100,100,0,0,60,0,0,254,254,254,254,0,0,0,0,4,0,0,1,0,0,0,0,0,0,0,1,0,1,0,0,0,0,0,0,100,0,0,0,0,0,-1,0,0,0,0,0,0,0,0,0,0,0,0,0,0,1,0,0,-1,0,-1,0,0,-1,-1,-1,-1,0,0,0,0,-1,0,0,-1,0,1,0,[0|0|0|0|0|0|0|0]
200020343,Throwing Blade - Default Bullet,6200343,404001,404002,404003,0.21,4,0,3,3,12,40,0,-900,40,40,0,0,0.05,-1,0,0,0,0,0,0,0,-1,6903,-1,-1,1665,1667,1,30,0,0,0,100,100,100,100,100,0,0,60,0,0,254,254,254,254,0,0,0,0,4,0,0,1,0,0,0,0,0,0,0,1,0,1,0,0,0,0,0,0,100,0,0,0,0,0,-1,0,0,0,0,0,0,0,0,0,0,0,0,0,0,1,0,0,-1,0,-1,0,0,-1,-1,-1,-1,0,0,0,0,-1,0,0,-1,0,1,0,[0|0|0|0|0|0|0|0]
200020350,Throwing Blade - Default Bullet,6200350,404001,404002,404003,0.21,4,0,3,3,12,40,0,-900,40,40,0,0,0.05,-1,0,0,0,0,0,0,0,-1,6903,-1,-1,1665,1667,1,30,0,0,0,100,100,100,100,100,0,0,60,0,0,254,254,254,254,0,0,0,0,4,0,0,1,0,0,0,0,0,0,0,1,0,1,0,0,0,0,0,0,100,0,0,0,0,0,-1,0,0,0,0,0,62,0,0,0,0,0,0,0,0,1,0,0,-1,0,-1,0,0,-1,-1,-1,-1,0,0,0,0,-1,0,0,-1,0,1,0,[0|0|0|0|0|0|0|0]
200020353,Throwing Blade - Default Bullet,6200353,404001,404002,404003,0.21,4,0,3,3,12,40,0,-900,40,40,0,0,0.05,-1,0,0,0,0,0,0,0,-1,6903,-1,-1,-1,-1,1,30,0,0,0,100,100,100,100,100,0,0,100,0,0,254,254,254,254,0,0,0,0,4,0,0,1,0,0,0,0,0,0,0,1,0,1,0,0,0,0,0,0,100,0,0,0,0,0,-1,0,0,0,0,0,63,0,0,0,0,0,0,0,0,1,0,0,-1,0,-1,0,0,-1,-1,-1,-1,0,0,0,0,-1,0,0,-1,0,1,0,[0|0|0|0|0|0|0|0]
200020360,Throwing Blade - Default Bullet,6200360,404001,404002,404003,0.17,4,0,3,3,12,60,0,-900,60,60,0,0,0.05,-1,0,0,0,0,0,0,0,-1,6904,-1,-1,1665,1667,1,30,0,0,0,100,100,100,100,100,0,0,60,0,0,254,254,254,254,0,0,0,0,4,0,0,1,0,0,0,0,0,0,0,1,0,1,0,0,0,0,0,0,100,0,0,0,0,0,-1,0,0,0,0,0,64,0,0,0,0,0,0,0,0,1,0,0,-1,0,-1,0,0,-1,-1,-1,-1,0,0,0,0,-1,0,0,-1,0,1,0,[0|0|0|0|0|0|0|0]
200020363,Throwing Blade - Default Bullet,6200363,404001,404002,404003,0.17,4,0,3,3,12,60,0,-900,60,60,0,0,0.05,-1,0,0,0,0,0,0,0,-1,6904,-1,-1,-1,-1,1,30,0,0,0,100,100,100,100,100,0,0,60,0,0,254,254,254,254,0,0,0,0,4,0,0,1,0,0,0,0,0,0,0,1,0,1,0,0,0,0,0,0,100,0,0,0,0,0,-1,0,0,0,0,0,65,0,0,0,0,0,0,0,0,1,0,0,-1,0,-1,0,0,-1,-1,-1,-1,0,0,0,0,-1,0,0,-1,0,1,0,[0|0|0|0|0|0|0|0]
200020375,Throwing Blade - Default Bullet,6200375,404001,404002,404003,0.17,4,0,3,3,12,60,0,-900,60,60,0,0,0.05,-1,0,0,0,0,0,0,0,-1,6904,-1,-1,1665,1667,1,30,0,0,0,100,100,100,100,100,0,0,60,0,0,254,254,254,254,0,0,0,0,4,0,0,1,0,0,0,0,0,0,0,1,0,1,0,0,0,0,0,0,100,0,0,0,0,0,-1,0,0,0,0,0,0,0,0,0,0,0,0,0,0,1,0,0,-1,0,-1,0,0,-1,-1,-1,-1,0,0,0,0,-1,0,0,-1,0,1,0,[0|0|0|0|0|0|0|0]
200020376,Throwing Blade - Default Bullet,6200376,404001,404002,404003,0.17,4,0,3,3,12,60,0,-900,60,60,0,0,0.05,-1,0,0,0,0,0,0,0,-1,6904,-1,-1,-1,-1,1,30,0,0,0,100,100,100,100,100,0,0,60,0,0,254,254,254,254,0,0,0,0,4,0,0,1,0,0,0,0,0,0,0,1,0,1,0,0,0,0,0,0,100,0,0,0,0,0,-1,0,0,0,0,0,0,0,0,0,0,0,0,0,0,1,0,0,-1,0,-1,0,0,-1,-1,-1,-1,0,0,0,0,-1,0,0,-1,0,1,0,[0|0|0|0|0|0|0|0]
200020377,Throwing Blade - Default Bullet,6200377,404001,404002,404003,0.17,4,0,3,3,12,60,0,-900,60,60,0,0,0.05,-1,0,0,0,0,0,0,0,-1,6904,-1,-1,-1,-1,1,30,0,0,0,100,100,100,100,100,0,0,60,0,0,254,254,254,254,0,0,0,0,4,0,0,1,0,0,0,0,0,0,0,1,0,1,0,0,0,0,0,0,100,0,0,0,0,0,-1,0,0,0,0,0,0,0,0,0,0,0,0,0,0,1,0,0,-1,0,-1,0,0,-1,-1,-1,-1,0,0,0,0,-1,0,0,-1,0,1,0,[0|0|0|0|0|0|0|0]
200020378,Throwing Blade - Default Bullet,6200378,404001,404002,404003,0.17,4,0,3,3,12,60,0,-900,60,60,0,0,0.05,-1,0,0,0,0,0,0,0,-1,6904,-1,-1,1665,1667,1,30,0,0,0,100,100,100,100,100,0,0,60,0,0,254,254,254,254,0,0,0,0,4,0,0,1,0,0,0,0,0,0,0,1,0,1,0,0,0,0,0,0,100,0,0,0,0,0,-1,0,0,0,0,0,0,0,0,0,0,0,0,0,0,1,0,0,-1,0,-1,0,0,-1,-1,-1,-1,0,0,0,0,-1,0,0,-1,0,1,0,[0|0|0|0|0|0|0|0]
200020380,Throwing Blade - Default Bullet,6200380,404001,404002,404003,0.17,4,0,3,3,12,60,0,-900,60,60,0,0,0.05,-1,0,0,0,0,0,0,0,-1,-1,-1,-1,1665,1667,1,30,0,0,0,100,100,100,100,100,0,0,60,0,0,254,254,254,254,0,0,0,0,4,0,0,1,0,0,0,0,0,0,0,1,0,1,0,0,0,0,0,0,100,0,0,0,0,0,-1,0,0,0,0,0,0,0,0,0,0,0,0,0,0,1,0,0,-1,0,-1,0,0,-1,-1,-1,-1,0,0,0,0,-1,0,0,-1,0,1,0,[0|0|0|0|0|0|0|0]
200020381,Throwing Blade - Default Bullet,6200381,404001,404002,404003,0.17,4,0,3,3,12,60,0,-900,60,60,0,0,0.05,-1,0,0,0,0,0,0,0,-1,-1,-1,-1,-1,-1,1,30,0,0,0,100,100,100,100,100,0,0,60,0,0,254,254,254,254,0,0,0,0,4,0,0,1,0,0,0,0,0,0,0,1,0,1,0,0,0,0,0,0,100,0,0,0,0,0,-1,0,0,0,0,0,0,0,0,0,0,0,0,0,0,1,0,0,-1,0,-1,0,0,-1,-1,-1,-1,0,0,0,0,-1,0,0,-1,0,1,0,[0|0|0|0|0|0|0|0]
200020400,Throwing Blade - Default Bullet,6200400,404001,404002,404003,0.21,4,0,3,3,12,40,0,-900,40,40,0,0,0.05,-1,0,0,0,0,0,0,0,-1,6902,-1,-1,-1,1667,1,30,0,0,0,100,100,100,100,100,0,0,60,0,0,254,254,254,254,0,0,0,0,4,0,0,1,0,0,0,0,0,0,0,1,0,1,0,0,0,0,0,0,100,0,0,0,0,0,-1,0,0,0,0,0,0,0,0,0,0,0,0,0,0,1,0,0,-1,0,-1,0,0,-1,-1,-1,-1,0,0,0,0,-1,0,0,-1,0,1,0,[0|0|0|0|0|0|0|0]
200020410,Throwing Blade - Default Bullet,6200410,404001,404002,404003,0.21,4,0,3,3,12,40,0,-900,40,40,0,0,0.05,-1,0,0,0,0,0,0,0,-1,6902,-1,-1,-1,1667,1,30,0,0,0,100,100,100,100,100,0,0,60,0,0,254,254,254,254,0,0,0,0,4,0,0,1,0,0,0,0,0,0,0,1,0,1,0,0,0,0,0,0,100,0,0,0,0,0,-1,0,0,0,0,0,0,0,0,0,0,0,0,0,0,1,0,0,-1,0,-1,0,0,-1,-1,-1,-1,0,0,0,0,-1,0,0,-1,0,1,0,[0|0|0|0|0|0|0|0]
200020420,Throwing Blade - Default Bullet,6200420,404001,404002,404003,0.21,4,0,3,3,12,40,0,-900,40,40,0,0,0.05,-1,0,0,0,0,0,0,0,-1,6902,-1,-1,-1,1667,1,30,0,0,0,100,100,100,100,100,0,0,60,0,0,254,254,254,254,0,0,0,0,4,0,0,1,0,0,0,0,0,0,0,1,0,1,0,0,0,0,0,0,100,0,0,0,0,0,-1,0,0,0,0,0,0,0,0,0,0,0,0,0,0,1,0,0,-1,0,-1,0,0,-1,-1,-1,-1,0,0,0,0,-1,0,0,-1,0,1,0,[0|0|0|0|0|0|0|0]
200020430,Throwing Blade - Default Bullet,6200430,404001,404002,404003,0.21,4,0,3,3,12,40,0,-900,40,40,0,0,0.05,-1,0,0,0,0,0,0,0,-1,6902,-1,-1,-1,1667,1,30,0,0,0,100,100,100,100,100,0,0,60,0,0,254,254,254,254,0,0,0,0,4,0,0,1,0,0,0,0,0,0,0,1,0,1,0,0,0,0,0,0,100,0,0,0,0,0,-1,0,0,0,0,0,0,0,0,0,0,0,0,0,0,1,0,0,-1,0,-1,0,0,-1,-1,-1,-1,0,0,0,0,-1,0,0,-1,0,1,0,[0|0|0|0|0|0|0|0]
200020440,Throwing Blade - Default Bullet,6200440,404001,404002,404003,0.21,4,0,3,3,12,40,0,-900,40,40,0,0,0.05,-1,0,0,0,0,0,0,0,-1,6902,-1,-1,-1,1667,1,30,0,0,0,100,100,100,100,100,0,0,60,0,0,254,254,254,254,0,0,0,0,4,0,0,1,0,0,0,0,0,0,0,1,0,1,0,0,0,0,0,0,100,0,0,0,0,0,-1,0,0,0,0,0,0,0,0,0,0,0,0,0,0,1,0,0,-1,0,-1,0,0,-1,-1,-1,-1,0,0,0,0,-1,0,0,-1,0,1,0,[0|0|0|0|0|0|0|0]
200020450,Throwing Blade - Default Bullet,6200450,404001,404002,404003,0.21,4,0,3,3,12,40,0,-900,40,40,0,0,0.05,-1,0,0,0,0,0,0,0,-1,6902,-1,-1,-1,1667,1,30,0,0,0,100,100,100,100,100,0,0,60,0,0,254,254,254,254,0,0,0,0,4,0,0,1,0,0,0,0,0,0,0,1,0,1,0,0,0,0,0,0,100,0,0,0,0,0,-1,0,0,0,0,0,0,0,0,0,0,0,0,0,0,1,0,0,-1,0,-1,0,0,-1,-1,-1,-1,0,0,0,0,-1,0,0,-1,0,1,0,[0|0|0|0|0|0|0|0]
200020600,Throwing Blade - Default Bullet,6200600,404001,404002,404003,0.21,4,0,3,3,12,40,0,-900,40,40,0,0,0.05,-1,0,0,0,0,0,0,0,-1,6903,-1,-1,1665,1667,1,30,0,0,0,100,100,100,100,100,0,0,60,0,0,254,254,254,254,0,0,0,0,4,0,0,1,0,0,0,0,0,0,0,1,0,1,0,0,0,0,0,0,100,0,0,0,0,0,-1,0,0,0,0,0,0,0,0,0,0,0,0,0,0,1,0,0,-1,0,-1,0,0,-1,-1,-1,-1,0,0,0,0,-1,0,0,-1,0,1,0,[0|0|0|0|0|0|0|0]
200020605,Throwing Blade - Default Bullet,6200605,404001,404002,404003,0.21,4,0,3,3,12,40,0,-900,40,40,0,0,0.05,-1,0,0,0,0,0,0,0,-1,6903,-1,-1,1665,1667,1,30,0,0,0,100,100,100,100,100,0,0,60,0,0,254,254,254,254,0,0,0,0,4,0,0,1,0,0,0,0,0,0,0,1,0,1,0,0,0,0,0,0,100,0,0,0,0,0,-1,0,0,0,0,0,0,0,0,0,0,0,0,0,0,1,0,0,-1,0,-1,0,0,-1,-1,-1,-1,0,0,0,0,-1,0,0,-1,0,1,0,[0|0|0|0|0|0|0|0]
200020610,Throwing Blade - Default Bullet,6200610,404001,404002,404003,0.21,4,0,3,3,12,40,0,-900,40,40,0,0,0.05,-1,0,0,0,0,0,0,0,-1,6903,-1,-1,1665,1667,1,30,0,0,0,100,100,100,100,100,0,0,60,0,0,254,254,254,254,0,0,0,0,4,0,0,1,0,0,0,0,0,0,0,1,0,1,0,0,0,0,0,0,100,0,0,0,0,0,-1,0,0,0,0,0,0,0,0,0,0,0,0,0,0,1,0,0,-1,0,-1,0,0,-1,-1,-1,-1,0,0,0,0,-1,0,0,-1,0,1,0,[0|0|0|0|0|0|0|0]
200020632,Throwing Blade - Default Bullet,6200632,404001,404002,404003,0.17,4,0,3,3,12,60,0,-900,60,60,0,0,0.05,-1,0,0,0,0,0,0,0,-1,6904,-1,-1,1665,1667,1,30,0,0,0,100,100,100,100,100,0,0,60,0,0,254,254,254,254,0,0,0,0,4,0,0,1,0,0,0,0,0,0,0,1,0,1,0,0,0,0,0,0,100,0,0,0,0,0,-1,0,0,0,0,0,0,0,0,0,0,0,0,0,0,1,0,0,-1,0,-1,0,0,-1,-1,-1,-1,0,0,0,0,-1,0,0,-1,0,1,0,[0|0|0|0|0|0|0|0]
200020635,Throwing Blade - Default Bullet,6200635,404001,404002,404003,0.17,4,0,3,3,15,60,0,-900,60,60,0,0,0.05,-1,0,0,0,0,0,0,0,-1,6906,-1,-1,1665,1667,1,45,0,0,0,100,100,100,100,100,0,0,60,0,0,254,254,254,254,0,0,0,0,4,0,0,1,0,0,0,0,0,0,0,1,0,1,0,0,0,0,0,0,100,0,0,0,0,0,-1,0,0,0,0,0,0,0,0,0,0,0,0,0,0,1,0,0,-1,0,-1,0,0,-1,-1,-1,-1,0,0,0,0,-1,0,0,-1,0,1,0,[0|0|0|0|0|0|0|0]
200020800,Throwing Blade - Default Bullet,6200800,404001,404002,404003,0.21,4,0,3,3,12,40,0,-900,40,40,0,0,0.05,-1,0,0,0,0,0,0,0,-1,6902,-1,-1,1665,-1,1,30,0,0,0,100,100,100,100,100,0,0,60,0,0,254,254,254,254,0,0,0,0,4,0,0,1,0,0,0,0,0,0,0,1,0,1,0,0,0,0,0,0,100,0,0,0,0,0,-1,0,0,0,0,0,0,0,0,0,0,0,0,0,0,1,0,0,-1,0,-1,0,0,-1,-1,-1,-1,0,0,0,0,-1,0,0,-1,0,1,0,[0|0|0|0|0|0|0|0]
200020805,Throwing Blade - Default Bullet,6200805,404001,404002,404003,0.21,4,0,3,3,12,40,0,-900,40,40,0,0,0.05,-1,0,0,0,0,0,0,0,-1,6902,-1,-1,-1,1667,1,30,0,0,0,100,100,100,100,100,0,0,60,0,0,254,254,254,254,0,0,0,0,4,0,0,1,0,0,0,0,0,0,0,1,0,1,0,0,0,0,0,0,100,0,0,0,0,0,-1,0,0,0,0,0,0,0,0,0,0,0,0,0,0,1,0,0,-1,0,-1,0,0,-1,-1,-1,-1,0,0,0,0,-1,0,0,-1,0,1,0,[0|0|0|0|0|0|0|0]
200020810,Throwing Blade - Default Bullet,6200810,404001,404002,404003,0.21,4,0,3,3,12,40,0,-900,40,40,0,0,0.05,-1,0,0,0,0,0,0,0,-1,6902,-1,-1,1665,-1,1,30,0,0,0,100,100,100,100,100,0,0,60,0,0,254,254,254,254,0,0,0,0,4,0,0,1,0,0,0,0,0,0,0,1,0,1,0,0,0,0,0,0,100,0,0,0,0,0,-1,0,0,0,0,0,0,0,0,0,0,0,0,0,0,1,0,0,-1,0,-1,0,0,-1,-1,-1,-1,0,0,0,0,-1,0,0,-1,0,1,0,[0|0|0|0|0|0|0|0]
200020815,Throwing Blade - Default Bullet,6200815,404001,404002,404003,0.21,4,0,3,3,12,40,0,-900,40,40,0,0,0.05,-1,0,0,0,0,0,0,0,-1,6902,-1,-1,-1,1667,1,30,0,0,0,100,100,100,100,100,0,0,60,0,0,254,254,254,254,0,0,0,0,4,0,0,1,0,0,0,0,0,0,0,1,0,1,0,0,0,0,0,0,100,0,0,0,0,0,-1,0,0,0,0,0,0,0,0,0,0,0,0,0,0,1,0,0,-1,0,-1,0,0,-1,-1,-1,-1,0,0,0,0,-1,0,0,-1,0,1,0,[0|0|0|0|0|0|0|0]
200020820,Throwing Blade - Default Bullet,6200820,404001,404002,404003,0.21,4,0,3,3,12,40,0,-900,40,40,0,0,0.05,-1,0,0,0,0,0,0,0,-1,6902,-1,-1,1665,-1,1,30,0,0,0,100,100,100,100,100,0,0,60,0,0,254,254,254,254,0,0,0,0,4,0,0,1,0,0,0,0,0,0,0,1,0,1,0,0,0,0,0,0,100,0,0,0,0,0,-1,0,0,0,0,0,0,0,0,0,0,0,0,0,0,1,0,0,-1,0,-1,0,0,-1,-1,-1,-1,0,0,0,0,-1,0,0,-1,0,1,0,[0|0|0|0|0|0|0|0]
200020825,Throwing Blade - Default Bullet,6200825,404001,404002,404003,0.21,4,0,3,3,12,40,0,-900,40,40,0,0,0.05,-1,0,0,0,0,0,0,0,-1,6902,-1,-1,-1,1667,1,30,0,0,0,100,100,100,100,100,0,0,60,0,0,254,254,254,254,0,0,0,0,4,0,0,1,0,0,0,0,0,0,0,1,0,1,0,0,0,0,0,0,100,0,0,0,0,0,-1,0,0,0,0,0,0,0,0,0,0,0,0,0,0,1,0,0,-1,0,-1,0,0,-1,-1,-1,-1,0,0,0,0,-1,0,0,-1,0,1,0,[0|0|0|0|0|0|0|0]
200020830,Throwing Blade - Default Bullet,6200830,404001,404002,404003,0.21,4,0,3,3,12,40,0,-900,40,40,0,0,0.05,-1,0,0,0,0,0,0,0,-1,6902,-1,-1,1665,-1,1,30,0,0,0,100,100,100,100,100,0,0,60,0,0,254,254,254,254,0,0,0,0,4,0,0,1,0,0,0,0,0,0,0,1,0,1,0,0,0,0,0,0,100,0,0,0,0,0,-1,0,0,0,0,0,0,0,0,0,0,0,0,0,0,1,0,0,-1,0,-1,0,0,-1,-1,-1,-1,0,0,0,0,-1,0,0,-1,0,1,0,[0|0|0|0|0|0|0|0]
200020835,Throwing Blade - Default Bullet,6200835,404001,404002,404003,0.21,4,0,3,3,12,40,0,-900,40,40,0,0,0.05,-1,0,0,0,0,0,0,0,-1,6902,-1,-1,-1,1667,1,30,0,0,0,100,100,100,100,100,0,0,60,0,0,254,254,254,254,0,0,0,0,4,0,0,1,0,0,0,0,0,0,0,1,0,1,0,0,0,0,0,0,100,0,0,0,0,0,-1,0,0,0,0,0,0,0,0,0,0,0,0,0,0,1,0,0,-1,0,-1,0,0,-1,-1,-1,-1,0,0,0,0,-1,0,0,-1,0,1,0,[0|0|0|0|0|0|0|0]
200020840,Throwing Blade - Default Bullet,6200840,404001,404002,404003,0.21,4,0,3,3,12,40,0,-900,40,40,0,0,0.05,-1,0,0,0,0,0,0,0,-1,6902,-1,-1,1665,-1,1,30,0,0,0,100,100,100,100,100,0,0,60,0,0,254,254,254,254,0,0,0,0,4,0,0,1,0,0,0,0,0,0,0,1,0,1,0,0,0,0,0,0,100,0,0,0,0,0,-1,0,0,0,0,0,0,0,0,0,0,0,0,0,0,1,0,0,-1,0,-1,0,0,-1,-1,-1,-1,0,0,0,0,-1,0,0,-1,0,1,0,[0|0|0|0|0|0|0|0]
200020845,Throwing Blade - Default Bullet,6200845,404001,404002,404003,0.21,4,0,3,3,12,40,0,-900,40,40,0,0,0.05,-1,0,0,0,0,0,0,0,-1,6902,-1,-1,-1,1667,1,30,0,0,0,100,100,100,100,100,0,0,60,0,0,254,254,254,254,0,0,0,0,4,0,0,1,0,0,0,0,0,0,0,1,0,1,0,0,0,0,0,0,100,0,0,0,0,0,-1,0,0,0,0,0,0,0,0,0,0,0,0,0,0,1,0,0,-1,0,-1,0,0,-1,-1,-1,-1,0,0,0,0,-1,0,0,-1,0,1,0,[0|0|0|0|0|0|0|0]
200020850,Throwing Blade - Default Bullet,6200850,404001,404002,404003,0.21,4,0,3,3,12,40,0,-900,40,40,0,0,0.05,-1,0,0,0,0,0,0,0,-1,6902,-1,-1,1665,-1,1,30,0,0,0,100,100,100,100,100,0,0,60,0,0,254,254,254,254,0,0,0,0,4,0,0,1,0,0,0,0,0,0,0,1,0,1,0,0,0,0,0,0,100,0,0,0,0,0,-1,0,0,0,0,0,0,0,0,0,0,0,0,0,0,1,0,0,-1,0,-1,0,0,-1,-1,-1,-1,0,0,0,0,-1,0,0,-1,0,1,0,[0|0|0|0|0|0|0|0]
200020855,Throwing Blade - Default Bullet,6200855,404001,404002,404003,0.21,4,0,3,3,12,40,0,-900,40,40,0,0,0.05,-1,0,0,0,0,0,0,0,-1,6902,-1,-1,-1,1667,1,30,0,0,0,100,100,100,100,100,0,0,60,0,0,254,254,254,254,0,0,0,0,4,0,0,1,0,0,0,0,0,0,0,1,0,1,0,0,0,0,0,0,100,0,0,0,0,0,-1,0,0,0,0,0,0,0,0,0,0,0,0,0,0,1,0,0,-1,0,-1,0,0,-1,-1,-1,-1,0,0,0,0,-1,0,0,-1,0,1,0,[0|0|0|0|0|0|0|0]
200020860,Throwing Blade - Default Bullet,6200860,404001,404002,404003,0.21,4,0,3,3,12,40,0,-900,40,40,0,0,0.05,-1,0,0,0,0,0,0,0,-1,6903,-1,-1,1665,-1,1,30,0,0,0,100,100,100,100,100,0,0,60,0,0,254,254,254,254,0,0,0,0,4,0,0,1,0,0,0,0,0,0,0,1,0,1,0,0,0,0,0,0,100,0,0,0,0,0,-1,0,0,0,0,0,0,0,0,0,0,0,0,0,0,1,0,0,-1,0,-1,0,0,-1,-1,-1,-1,0,0,0,0,-1,0,0,-1,0,1,0,[0|0|0|0|0|0|0|0]
200020865,Throwing Blade - Default Bullet,6200865,404001,404002,404003,0.21,4,0,3,3,12,40,0,-900,40,40,0,0,0.05,-1,0,0,0,0,0,0,0,-1,6903,-1,-1,-1,1667,1,30,0,0,0,100,100,100,100,100,0,0,60,0,0,254,254,254,254,0,0,0,0,4,0,0,1,0,0,0,0,0,0,0,1,0,1,0,0,0,0,0,0,100,0,0,0,0,0,-1,0,0,0,0,0,0,0,0,0,0,0,0,0,0,1,0,0,-1,0,-1,0,0,-1,-1,-1,-1,0,0,0,0,-1,0,0,-1,0,1,0,[0|0|0|0|0|0|0|0]
200020870,Throwing Blade - Default Bullet,6200870,404001,404002,404003,0.21,4,0,3,3,12,40,0,-900,40,40,0,0,0.05,-1,0,0,0,0,0,0,0,-1,6903,-1,-1,1665,-1,1,30,0,0,0,100,100,100,100,100,0,0,60,0,0,254,254,254,254,0,0,0,0,4,0,0,1,0,0,0,0,0,0,0,1,0,1,0,0,0,0,0,0,100,0,0,0,0,0,-1,0,0,0,0,0,0,0,0,0,0,0,0,0,0,1,0,0,-1,0,-1,0,0,-1,-1,-1,-1,0,0,0,0,-1,0,0,-1,0,1,0,[0|0|0|0|0|0|0|0]
200020875,Throwing Blade - Default Bullet,6200875,404001,404002,404003,0.21,4,0,3,3,12,40,0,-900,40,40,0,0,0.05,-1,0,0,0,0,0,0,0,-1,6903,-1,-1,-1,1667,1,30,0,0,0,100,100,100,100,100,0,0,60,0,0,254,254,254,254,0,0,0,0,4,0,0,1,0,0,0,0,0,0,0,1,0,1,0,0,0,0,0,0,100,0,0,0,0,0,-1,0,0,0,0,0,0,0,0,0,0,0,0,0,0,1,0,0,-1,0,-1,0,0,-1,-1,-1,-1,0,0,0,0,-1,0,0,-1,0,1,0,[0|0|0|0|0|0|0|0]
200020880,Throwing Blade - Default Bullet,6200880,404001,404002,404003,0.21,4,0,3,3,12,40,0,-900,40,40,0,0,0.05,-1,0,0,0,0,0,0,0,-1,6903,-1,-1,1665,-1,1,30,0,0,0,100,100,100,100,100,0,0,60,0,0,254,254,254,254,0,0,0,0,4,0,0,1,0,0,0,0,0,0,0,1,0,1,0,0,0,0,0,0,100,0,0,0,0,0,-1,0,0,0,0,0,0,0,0,0,0,0,0,0,0,1,0,0,-1,0,-1,0,0,-1,-1,-1,-1,0,0,0,0,-1,0,0,-1,0,1,0,[0|0|0|0|0|0|0|0]
200020885,Throwing Blade - Default Bullet,6200885,404001,404002,404003,0.21,4,0,3,3,12,40,0,-900,40,40,0,0,0.05,-1,0,0,0,0,0,0,0,-1,6903,-1,-1,-1,1667,1,30,0,0,0,100,100,100,100,100,0,0,60,0,0,254,254,254,254,0,0,0,0,4,0,0,1,0,0,0,0,0,0,0,1,0,1,0,0,0,0,0,0,100,0,0,0,0,0,-1,0,0,0,0,0,0,0,0,0,0,0,0,0,0,1,0,0,-1,0,-1,0,0,-1,-1,-1,-1,0,0,0,0,-1,0,0,-1,0,1,0,[0|0|0|0|0|0|0|0]
200020890,Throwing Blade - Default Bullet,6200890,404001,404002,404003,0.21,4,0,3,3,12,40,0,-900,40,40,0,0,0.05,-1,0,0,0,0,0,0,0,-1,6903,-1,-1,1665,-1,1,30,0,0,0,100,100,100,100,100,0,0,60,0,0,254,254,254,254,0,0,0,0,4,0,0,1,0,0,0,0,0,0,0,1,0,1,0,0,0,0,0,0,100,0,0,0,0,0,-1,0,0,0,0,0,66,0,0,0,0,0,0,0,0,1,0,0,-1,0,-1,0,0,-1,-1,-1,-1,0,0,0,0,-1,0,0,-1,0,1,0,[0|0|0|0|0|0|0|0]
200020895,Throwing Blade - Default Bullet,6200895,404001,404002,404003,0.21,4,0,3,3,12,40,0,-900,40,40,0,0,0.05,-1,0,0,0,0,0,0,0,-1,6903,-1,-1,-1,1667,1,30,0,0,0,100,100,100,100,100,0,0,100,0,0,254,254,254,254,0,0,0,0,4,0,0,1,0,0,0,0,0,0,0,1,0,1,0,0,0,0,0,0,100,0,0,0,0,0,-1,0,0,0,0,0,67,0,0,0,0,0,0,0,0,1,0,0,-1,0,-1,0,0,-1,-1,-1,-1,0,0,0,0,-1,0,0,-1,0,1,0,[0|0|0|0|0|0|0|0]
200080101,Smithscript Cirque - Bullet,6401100,402100,402102,402101,0.2,8,0,3,10,0.5,20,30,0,20,5,0.1,0,0.3,-1,0,0,0,0,0,0,0,-1,0,0,0,0,0,1,0,0,0,0,100,100,100,100,100,0,0,90,0,0,254,254,254,254,1,0,0,0,0,0,0,1,0,0,0,1,0,0,0,1,0,1,0,0,1,0,0,0,100,0,0,0,0,0,-1,0,0,0,0,0,0,0,0,1,0,0,0,0,0,1,0,0,-1,0,-1,0,0,-1,-1,-1,-1,0,0,0,0,-1,0,0,-1,0,0,16,[0|0|0|0|0|0|0|0]
200080106,Smithscript Cirque - Bullet,6401105,402100,402102,402101,0.2,8,0,3,10,0.5,20,30,0,20,5,0.1,0,0.3,-1,0,0,0,0,0,0,0,-1,0,0,0,0,0,1,0,0,0,0,100,100,100,100,100,0,0,90,0,0,254,254,254,254,1,0,0,0,0,0,0,1,0,0,0,1,0,0,0,1,0,1,0,0,1,0,0,0,100,0,0,0,0,0,-1,0,0,0,0,0,0,0,0,1,0,0,0,0,0,1,0,0,-1,0,-1,0,0,-1,-1,-1,-1,0,0,0,0,-1,0,0,-1,0,0,16,[0|0|0|0|0|0|0|0]
200080111,Smithscript Cirque - Bullet,6401110,402100,402102,402101,0.2,8,0,3,10,0.5,20,30,0,20,5,0.1,0,0.3,-1,0,0,0,0,0,0,0,-1,0,0,0,0,0,1,0,0,0,0,100,100,100,100,100,0,0,90,0,0,254,254,254,254,1,0,0,0,0,0,0,1,0,0,0,1,0,0,0,1,0,1,0,0,1,0,0,0,100,0,0,0,0,0,-1,0,0,0,0,0,0,0,0,1,0,0,0,0,0,1,0,0,-1,0,-1,0,0,-1,-1,-1,-1,0,0,0,0,-1,0,0,-1,0,0,16,[0|0|0|0|0|0|0|0]
200080116,Smithscript Cirque - Bullet,6401115,402100,402102,402101,0.2,8,0,3,10,0.5,20,30,0,20,5,0.1,0,0.3,-1,0,0,0,0,0,0,0,-1,0,0,0,0,0,1,0,0,0,0,100,100,100,100,100,0,0,90,0,0,254,254,254,254,1,0,0,0,0,0,0,1,0,0,0,1,0,0,0,1,0,1,0,0,1,0,0,0,100,0,0,0,0,0,-1,0,0,0,0,0,0,0,0,1,0,0,0,0,0,1,0,0,-1,0,-1,0,0,-1,-1,-1,-1,0,0,0,0,-1,0,0,-1,0,0,16,[0|0|0|0|0|0|0|0]
200080126,Smithscript Cirque - Bullet,6401125,402105,402102,402101,0.2,8,0,3,10,0.5,20,30,0,20,5,0.1,0,0.3,-1,0,0,0,0,0,0,0,-1,0,0,0,0,0,1,0,0,0,0,100,100,100,100,100,0,0,60,0,0,254,254,254,254,1,0,0,0,0,0,0,1,0,0,0,1,0,0,0,1,0,1,0,0,1,0,0,0,100,0,0,0,0,0,-1,0,0,0,0,0,0,0,0,1,0,0,0,0,0,1,0,0,-1,0,-1,0,0,-1,-1,-1,-1,0,0,0,0,-1,0,0,-1,0,0,16,[0|0|0|0|0|0|0|0]
200080161,Smithscript Cirque - Bullet,6401160,402105,402102,402101,0.2,8,0,3,10,0.5,20,30,0,20,5,0.1,0,0.3,-1,0,0,0,0,0,0,0,-1,0,0,0,0,0,1,0,0,0,0,100,100,100,100,100,0,0,60,0,0,254,254,254,254,1,0,0,0,0,0,0,1,0,0,0,1,0,0,0,1,0,1,0,0,1,0,0,0,100,0,0,0,0,0,-1,0,0,0,0,0,0,0,0,1,0,0,0,0,0,1,0,0,-1,0,-1,0,0,-1,-1,-1,-1,0,0,0,0,-1,0,0,-1,0,0,16,[0|0|0|0|0|0|0|0]
200080181,Smithscript Cirque - Bullet,6401180,402100,402102,402101,0.2,8,0,3,10,0.5,20,30,0,20,5,0.1,0,0.3,-1,0,0,0,0,0,0,0,-1,0,0,0,0,0,1,0,0,0,0,100,100,100,100,100,0,0,90,0,0,254,254,254,254,1,0,0,0,0,0,0,1,0,0,0,1,0,0,0,1,0,1,0,0,1,0,0,0,100,0,0,0,0,0,-1,0,0,0,0,0,0,0,0,1,0,0,0,0,0,1,0,0,-1,0,-1,0,0,-1,-1,-1,-1,0,0,0,0,-1,0,0,-1,0,0,16,[0|0|0|0|0|0|0|0]
200080301,Smithscript Cirque - Bullet,6401300,402100,402102,402101,0.2,8,0,3,10,0.5,20,30,0,20,5,0.1,0,0.3,-1,0,0,0,0,0,0,0,-1,0,0,0,0,0,1,0,0,0,0,100,100,100,100,100,0,0,90,0,0,254,254,254,254,1,0,0,0,0,0,0,1,0,0,0,1,0,0,0,1,0,1,0,0,1,0,0,0,100,0,0,0,0,0,-1,0,0,0,0,0,0,0,0,1,0,0,0,0,0,1,0,0,-1,0,-1,0,0,-1,-1,-1,-1,0,0,0,0,-1,0,0,-1,0,0,16,[0|0|0|0|0|0|0|0]
200080304,Smithscript Cirque - Bullet,6401303,402100,402102,402101,0.2,8,0,3,10,0.5,20,30,0,20,5,0.1,0,0.3,-1,0,0,0,0,0,0,0,-1,0,0,0,0,0,1,0,0,0,0,100,100,100,100,100,0,0,90,0,0,254,254,254,254,1,0,0,0,0,0,0,1,0,0,0,1,0,0,0,1,0,1,0,0,1,0,0,0,100,0,0,0,0,0,-1,0,0,0,0,0,0,0,0,1,0,0,0,0,0,1,0,0,-1,0,-1,0,0,-1,-1,-1,-1,0,0,0,0,-1,0,0,-1,0,0,16,[0|0|0|0|0|0|0|0]
200080306,Smithscript Cirque - Bullet,6401305,402100,402102,402101,0.2,8,0,3,10,0.5,20,30,0,20,5,0.1,0,0.3,-1,0,0,0,0,0,0,0,-1,0,0,0,0,0,1,0,0,0,0,100,100,100,100,100,0,0,90,0,0,254,254,254,254,1,0,0,0,0,0,0,1,0,0,0,1,0,0,0,1,0,1,0,0,1,0,0,0,100,0,0,0,0,0,-1,0,0,0,0,0,0,0,0,1,0,0,0,0,0,1,0,0,-1,0,-1,0,0,-1,-1,-1,-1,0,0,0,0,-1,0,0,-1,0,0,16,[0|0|0|0|0|0|0|0]
200080309,Smithscript Cirque - Bullet,6401308,402100,402102,402101,0.2,8,0,3,10,0.5,20,30,0,20,5,0.1,0,0.3,-1,0,0,0,0,0,0,0,-1,0,0,0,0,0,1,0,0,0,0,100,100,100,100,100,0,0,90,0,0,254,254,254,254,1,0,0,0,0,0,0,1,0,0,0,1,0,0,0,1,0,1,0,0,1,0,0,0,100,0,0,0,0,0,-1,0,0,0,0,0,0,0,0,1,0,0,0,0,0,1,0,0,-1,0,-1,0,0,-1,-1,-1,-1,0,0,0,0,-1,0,0,-1,0,0,16,[0|0|0|0|0|0|0|0]
200080311,Smithscript Cirque - Bullet,6401310,402100,402102,402101,0.2,8,0,3,10,0.5,20,30,0,20,5,0.1,0,0.3,-1,0,0,0,0,0,0,0,-1,0,0,0,0,0,1,0,0,0,0,100,100,100,100,100,0,0,90,0,0,254,254,254,254,1,0,0,0,0,0,0,1,0,0,0,1,0,0,0,1,0,1,0,0,1,0,0,0,100,0,0,0,0,0,-1,0,0,0,0,0,0,0,0,1,0,0,0,0,0,1,0,0,-1,0,-1,0,0,-1,-1,-1,-1,0,0,0,0,-1,0,0,-1,0,0,16,[0|0|0|0|0|0|0|0]
200080314,Smithscript Cirque - Bullet,6401313,402100,402102,402101,0.2,8,0,3,10,0.5,20,30,0,20,5,0.1,0,0.3,-1,0,0,0,0,0,0,0,-1,0,0,0,0,0,1,0,0,0,0,100,100,100,100,100,0,0,90,0,0,254,254,254,254,1,0,0,0,0,0,0,1,0,0,0,1,0,0,0,1,0,1,0,0,1,0,0,0,100,0,0,0,0,0,-1,0,0,0,0,0,0,0,0,1,0,0,0,0,0,1,0,0,-1,0,-1,0,0,-1,-1,-1,-1,0,0,0,0,-1,0,0,-1,0,0,16,[0|0|0|0|0|0|0|0]
200080316,Smithscript Cirque - Bullet,6401315,402105,402102,402101,0.2,8,0,3,10,0.5,20,30,0,20,5,0.1,0,0.3,-1,0,0,0,0,0,0,0,-1,0,0,0,0,0,1,0,0,0,0,100,100,100,100,100,0,0,60,0,0,254,254,254,254,1,0,0,0,0,0,0,1,0,0,0,1,0,0,0,1,0,1,0,0,1,0,0,0,100,0,0,0,0,0,-1,0,0,0,0,0,0,0,0,1,0,0,0,0,0,1,0,0,-1,0,-1,0,0,-1,-1,-1,-1,0,0,0,0,-1,0,0,-1,0,0,16,[0|0|0|0|0|0|0|0]
200080319,Smithscript Cirque - Bullet,6401318,402105,402102,402101,0.2,8,0,3,10,0.5,20,30,0,20,5,0.1,0,0.3,-1,0,0,0,0,0,0,0,-1,0,0,0,0,0,1,0,0,0,0,100,100,100,100,100,0,0,60,0,0,254,254,254,254,1,0,0,0,0,0,0,1,0,0,0,1,0,0,0,1,0,1,0,0,1,0,0,0,100,0,0,0,0,0,-1,0,0,0,0,0,0,0,0,1,0,0,0,0,0,1,0,0,-1,0,-1,0,0,-1,-1,-1,-1,0,0,0,0,-1,0,0,-1,0,0,16,[0|0|0|0|0|0|0|0]
200080326,Smithscript Cirque - Bullet,6401325,402100,402102,402101,0.2,8,0,3,10,0.5,20,30,0,20,5,0.1,0,0.3,-1,0,0,0,0,0,0,0,-1,0,0,0,0,0,1,0,0,0,0,100,100,100,100,100,0,0,90,0,0,254,254,254,254,1,0,0,0,0,0,0,1,0,0,0,1,0,0,0,1,0,1,0,0,1,0,0,0,100,0,0,0,0,0,-1,0,0,0,0,0,0,0,0,1,0,0,0,0,0,1,0,0,-1,0,-1,0,0,-1,-1,-1,-1,0,0,0,0,-1,0,0,-1,0,0,16,[0|0|0|0|0|0|0|0]
200080329,Smithscript Cirque - Bullet,6401328,402100,402102,402101,0.2,8,0,3,10,0.5,20,30,0,20,5,0.1,0,0.3,-1,0,0,0,0,0,0,0,-1,0,0,0,0,0,1,0,0,0,0,100,100,100,100,100,0,0,90,0,0,254,254,254,254,1,0,0,0,0,0,0,1,0,0,0,1,0,0,0,1,0,1,0,0,1,0,0,0,100,0,0,0,0,0,-1,0,0,0,0,0,0,0,0,1,0,0,0,0,0,1,0,0,-1,0,-1,0,0,-1,-1,-1,-1,0,0,0,0,-1,0,0,-1,0,0,16,[0|0|0|0|0|0|0|0]
200080361,Smithscript Cirque - Bullet,6401360,402100,402102,402101,0.2,8,0,3,10,0.5,20,30,0,20,5,0.1,0,0.3,-1,0,0,0,0,0,0,0,-1,0,0,0,0,0,1,0,0,0,0,100,100,100,100,100,0,0,90,0,0,254,254,254,254,1,0,0,0,0,0,0,1,0,0,0,1,0,0,0,1,0,1,0,0,1,0,0,0,100,0,0,0,0,0,-1,0,0,0,0,0,0,0,0,1,0,0,0,0,0,1,0,0,-1,0,-1,0,0,-1,-1,-1,-1,0,0,0,0,-1,0,0,-1,0,0,16,[0|0|0|0|0|0|0|0]
200080364,Smithscript Cirque - Bullet,6401363,402100,402102,402101,0.2,8,0,3,10,0.5,20,30,0,20,5,0.1,0,0.3,-1,0,0,0,0,0,0,0,-1,0,0,0,0,0,1,0,0,0,0,100,100,100,100,100,0,0,90,0,0,254,254,254,254,1,0,0,0,0,0,0,1,0,0,0,1,0,0,0,1,0,1,0,0,1,0,0,0,100,0,0,0,0,0,-1,0,0,0,0,0,0,0,0,1,0,0,0,0,0,1,0,0,-1,0,-1,0,0,-1,-1,-1,-1,0,0,0,0,-1,0,0,-1,0,0,16,[0|0|0|0|0|0|0|0]
200080382,Smithscript Cirque - Bullet,6401380,402100,402102,402101,0.2,8,0,3,10,0.5,20,30,0,20,5,0.1,0,0.3,-1,0,0,0,0,0,0,0,-1,0,0,0,0,0,1,0,0,0,0,100,100,100,100,100,0,0,90,0,0,254,254,254,254,1,0,0,0,0,0,0,1,0,0,0,1,0,0,0,1,0,1,0,0,1,0,0,0,100,0,0,0,0,0,-1,0,0,0,0,0,0,0,0,1,0,0,0,0,0,1,0,0,-1,0,-1,0,0,-1,-1,-1,-1,0,0,0,0,-1,0,0,-1,0,0,16,[0|0|0|0|0|0|0|0]
200080383,Smithscript Cirque - Bullet,6401381,402100,402102,402101,0.2,8,0,3,10,0.5,20,30,0,20,5,0.1,0,0.3,-1,0,0,0,0,0,0,0,-1,0,0,0,0,0,1,0,0,0,0,100,100,100,100,100,0,0,90,0,0,254,254,254,254,1,0,0,0,0,0,0,1,0,0,0,1,0,0,0,1,0,1,0,0,1,0,0,0,100,0,0,0,0,0,-1,0,0,0,0,0,0,0,0,1,0,0,0,0,0,1,0,0,-1,0,-1,0,0,-1,-1,-1,-1,0,0,0,0,-1,0,0,-1,0,0,16,[0|0|0|0|0|0|0|0]
200080633,Smithscript Cirque - Bullet,6401632,402100,402102,402101,0.2,8,0,3,10,0.5,20,30,0,20,5,0.1,0,0.3,-1,0,0,0,0,0,0,0,-1,0,0,0,0,0,1,0,0,0,0,100,100,100,100,100,0,0,90,0,0,254,254,254,254,1,0,0,0,0,0,0,1,0,0,0,1,0,0,0,1,0,1,0,0,1,0,0,0,100,0,0,0,0,0,-1,0,0,0,0,0,0,0,0,1,0,0,0,0,0,1,0,0,-1,0,-1,0,0,-1,-1,-1,-1,0,0,0,0,-1,0,0,-1,0,0,16,[0|0|0|0|0|0|0|0]
200080636,Smithscript Cirque - Bullet,6401635,402100,402102,402101,0.2,8,0,3,10,0.5,20,30,0,20,5,0.1,0,0.3,-1,0,0,0,0,0,0,0,-1,0,0,0,0,0,1,0,0,0,0,100,100,100,100,100,0,0,90,0,0,254,254,254,254,1,0,0,0,0,0,0,1,0,0,0,1,0,0,0,1,0,1,0,0,1,0,0,0,100,0,0,0,0,0,-1,0,0,0,0,0,0,0,0,1,0,0,0,0,0,1,0,0,-1,0,-1,0,0,-1,-1,-1,-1,0,0,0,0,-1,0,0,-1,0,0,16,[0|0|0|0|0|0|0|0]
205210981,[DLC - Divine Beast Dancing Lion] Bullet,5210980,-1,-1,-1,0.1,0,0,0,0,0,0,0,0,0,0,0,0,80,-1,0,0,0,0.3,0,0,0,-1,20011234,0,0,0,0,1,0,0,0,0,0,0,0,0,0,0,0,0,0,0,254,254,254,254,1,1,0,0,0,0,0,0,0,1,0,0,0,0,0,0,0,0,0,0,0,0,0,0,0,0,0,0,0,0,-1,0,0,0,0,0,0,0,0,0,0,0,0,0,0,0,0,0,-1,0,-1,0,0,-1,-1,-1,-1,0,0,0,0,-1,0,0,-1,0,1,0,[0|0|0|0|0|0|0|0]
205220241,[DLC - Promised Consort Radahn] Bullet,5220240,652222,-1,-1,0.3,15,0,0,9,0,0,0,0,0,0,1,0,1,4,0.25,0,0,2,0,0,0,-1,10690,0,0,0,0,1,0,0,0,0,0,0,0,0,0,0,0,60,0,0,254,254,254,254,0,0,0,0,0,0,0,0,0,1,0,0,0,0,0,0,0,0,0,0,0,0,0,0,0,0,0,0,0,0,-1,0,0,0,0,0,0,0,0,0,0,0,0,0,0,0,0,0,-1,0,-1,0,0,-1,-1,-1,-1,0,0,0,0,-1,0,0,-1,0,1,0,[0|0|0|0|0|0|0|0]
205220311,[DLC - Promised Consort Radahn] Bullet,0,652262,-1,-1,4.2,999,0,0,0,0,0,0,0,0,0,0,0,13.5,-1,0,0,0,0,0,0,0,205220312,0,0,0,0,0,1,0,0,0,0,0,0,0,0,0,0,0,0,0,0,254,254,254,254,1,1,0,0,0,4,0,0,0,1,0,0,0,0,0,0,0,0,0,0,0,0,0,0,0,0,0,0,0,0,205220313,1.7,1.7,0,0,1,0,0,0,0,0,0,0,0,0,0,0,0,-1,0,0,0,0,-1,-1,-1,-1,0,0,0,0,-1,0,0,-1,0,1,0,[0|0|0|0|0|0|0|0]
205220312,[DLC - Promised Consort Radahn] Bullet,5220310,652263,-1,-1,1.1,999,0,0,0,0,0,0,0,0,0,0,0,21,-1,0,0,0,0,0,0,0,-1,0,0,0,0,0,1,0,0,0,0,0,0,0,0,0,0,0,0,0,0,254,254,254,254,1,1,0,0,0,0,0,0,1,1,0,0,0,0,0,0,0,0,0,0,0,0,0,0,0,0,0,0,0,0,-1,0,0,0,0,0,0,0,0,0,0,0,0,0,0,0,0,0,-1,0,0,0,0,-1,-1,-1,-1,0,0,0,0,-1,0,0,-1,0,1,0,[0|0|0|0|0|0|0|0]
205230105,[DLC - Scadutree Avatar] Bullet,5210105,-1,-1,-1,0.5,999,0.05,0,0,0,0,0,0,0,0,0,0,0.2,1.2,0.3,0,0,0.3,0,0,0,-1,0,0,0,0,0,1,0,0,0,0,0,0,0,0,0,0,0,0,0,0,254,254,254,254,1,1,0,0,0,0,0,0,1,1,0,1,0,0,0,0,0,0,0,0,0,0,0,0,0,0,0,0,0,0,-1,0,0,0,0,0,0,0,0,0,0,0,0,0,0,0,0,0,-1,0,-1,0,0,-1,-1,-1,-1,0,0,0,0,-1,0,0,-1,0,1,0,[0|0|0|0|0|0|0|0]
205230125,[DLC - Scadutree Avatar] Bullet,5230125,440621,-1,-1,0.2,1,0,0,0,0,0,0,0,0,0,0,0,4,-1,0,0,0,1,0,0,0,-1,0,0,0,0,0,1,0,0,0,0,0,0,0,0,0,0,0,0,0,0,254,254,254,254,1,1,0,0,0,0,0,0,1,1,0,1,0,0,0,0,0,0,0,0,0,0,0,0,0,0,0,0,0,0,-1,0,0,0,0,1,0,0,0,0,0,0,0,0,0,0,0,0,-1,0,-1,0,0,-1,-1,-1,-1,0,0,0,0,-1,0,0,-1,0,1,0,[0|0|0|0|0|0|0|0]
205300621,[DLC - Rellana- Twin Moon Knight] Bullet,1,-1,-1,-1,0.05,20,0,0,0,0,35,0,0,35,35,0,0,0.1,-1,0,0,0,99,0,0,0,205300626,0,0,0,0,0,1,0,0,0,0,0,0,0,0,0,0,0,10,0,0,254,254,254,254,1,1,0,0,0,0,0,0,0,0,0,1,0,0,1,0,0,1,1,0,0,0,0,0,0,0,0,0,0,0,-1,0,0,0,0,0,0,0,0,0,0,0,0,0,0,0,0,0,-1,0,-1,0,0,-1,-1,-1,-1,0,0,0,0,-1,0,0,-1,0,1,0,[0|0|0|0|0|0|0|0]
205300626,[DLC - Rellana- Twin Moon Knight] Bullet,5300600,-1,-1,-1,1.2,20,0,0,0,0,35,0,0,35,35,0,0,0.3,-1,0,0,0,4,0,0,0,-1,0,0,0,0,0,6,0,-4,2,2,0,0,0,0,0,0,-4,10,0,0,254,254,254,254,1,1,0,0,0,0,0,0,0,1,0,1,0,0,1,0,0,0,1,0,0,0,0,0,0,0,0,0,0,0,-1,0,0,0,0,0,0,0,0,0,1,0,0,0,0,0,0,0,-1,0,-1,0,0,-1,-1,-1,-1,0,0,0,0,-1,0,0,-1,0,1,0,[0|0|0|0|0|0|0|0]
210171000,Dragon Communion Harpoon,210171000,340121,340122,340123,4,30,0,5,25,1,45,0,-20,60,15,1,0,0.15,-1,0,0,0,0,0,0,0,-1,0,0,0,0,0,1,5,0,0,0,30,30,30,30,30,30,5,40,0,0,254,254,254,254,0,0,0,0,0,0,0,1,0,0,0,0,0,0,1,0,0,0,1,0,0,0,0,0,30,0,0,-0.2,0,0,-1,0,0,0,0,0,0,0,0,0,0,0,0,0,0,0,0,0,-1,0,-1,0,0,-1,-1,-1,-1,0,0,0,0,-1,0,0,-1,0,1,0,[0|0|0|0|0|0|0|0]
210314000,Perfumed Oil of Ranah,210314000,302342,-1,-1,0.65,1,0,0.3,0.3,0.7,6,-4,-4,10,8,0.5,0,0.1,0.8,0.5,0,0,0.5,0,0,0,-1,0,0,0,0,0,13,0,-60,10,0,0,0,0,0,0,0,0,60,0,0,254,254,254,254,0,0,0,0,0,0,0,0,1,0,0,1,0,0,0,0,0,0,0,0,0,0,0,0,0,0,0,0,0,0,-1,0,0,0,0,0,0,0,0,0,0,0,0,0,0,0,0,0,-1,0,-1,0,0,-1,-1,-1,-1,0,0,0,0,-1,0,0,-1,0,1,0,[0|0|0|0|0|0|0|0]
210318000,Fire Coil,210318000,302371,302372,-1,0.1,1.5,0,2,6,0,20,0,-6,50,12,0,0,0.1,-1,0,0,0,0,0,0,0,210318010,0,0,0,0,0,1,5,0,0,0,0,0,0,0,0,0,7,10,0,0,254,254,254,254,0,0,0,0,0,0,0,0,0,0,0,0,0,0,0,1,0,1,0,0,1,0,0,0,0,0,0,-1,0,0,-1,0,0,0,0,0,0,0,0,0,0,0,0,0,0,1,0,0,-1,0,-1,0,0,-1,-1,-1,-1,0,0,0,0,-1,0,0,-1,0,1,30,[0|0|0|0|0|0|0|0]
210318010,Fire Coil [Hit],210318000,302373,302374,-1,0.06,1,0,0,0,0,10,30,30,100,0,0,0,0.2,-1,0,0,0,0,0,0,0,210318013,0,0,0,0,0,3,0,-10,10,0,0,0,0,0,0,0,0,0,0,0,254,254,254,254,0,1,0,0,4,0,0,0,0,1,0,0,0,0,0,0,0,0,0,0,0,0,0,1,0,0,0,0,5,10,-1,0,0,0,0,0,0,0,1,0,0,0,0,0,0,0,0,0,-1,0,-1,0,0,-1,-1,-1,-1,0,0,0,0,-1,0,0,-1,0,1,0,[0|0|0|0|0|0|0|0]
210318013,Fire Coil [Hit],210318000,302373,302374,-1,0.15,0,0,0,0,0,3,1,1,100,0,0,1.4,0.2,-1,0,0,0,0,0,0,0,210318014,0,0,0,0,0,1,100,0,0,0,0,0,0,0,0,0,0,0,0,0,254,254,254,254,0,0,0,0,4,0,0,0,0,0,0,0,0,0,0,0,0,0,0,0,0,0,0,1,0,0,0,0,10,0,-1,0,0,0,0,0,0,0,1,0,0,0,0,0,0,0,0,0,-1,0.1,-1,0,0,-1,-1,-1,-1,0,0,0,0,-1,0,0,-1,0,1,0,[0|0|0|0|0|0|0|0]
210318014,Fire Coil [Hit],210318000,302373,302374,-1,0.15,0,0,0,0,0,3,1,1,100,0,0,1.4,0.2,-1,0,0,0,0,0,0,0,210318016,0,0,0,0,0,1,100,0,0,0,0,0,0,0,0,0,0,0,0,0,254,254,254,254,0,0,0,0,4,0,0,0,0,0,0,0,0,0,0,0,0,0,0,0,0,0,0,1,0,0,0,0,10,0,-1,0,0,0,0,0,0,0,1,0,0,0,0,0,0,0,0,0,-1,0.1,-1,0,0,-1,-1,-1,-1,0,0,0,0,-1,0,0,-1,0,1,0,[0|0|0|0|0|0|0|0]
210318016,Fire Coil [Hit],210318000,302373,302374,-1,0.85,0,0,0,0,0.5,10,50,50,100,0,0,1.4,0.2,-1,0,0,0,0,0,0,0,-1,0,0,0,0,0,1,400,0,0,0,0,0,0,0,0,0,0,0,0,0,254,254,254,254,0,0,0,0,4,0,0,0,0,0,0,0,0,0,0,0,0,0,0,0,0,0,0,1,0,0,0,0,0,0,-1,0,0,0,0,0,0,0,1,0,0,0,0,0,0,0,0,0,-1,0,-1,0,0,-1,-1,-1,-1,0,0,0,0,-1,0,0,-1,0,1,0,[0|0|0|0|0|0|0|0]
210319000,Fire Spritestone,210319000,302381,302382,-1,1,0.6,0,30,50,0,15,0,0,15,0,0,0,0.3,-1,0,0,0,1,0,0,0,210319001,0,0,0,0,0,1,60,0,0,0,0,0,0,0,0,0,40,0,0,0,3,11,0,6,1,0,0,0,5,0,0,0,0,0,0,1,0,0,1,0,0,0,0,0,0,0,0,0,0,0,0,0,0,0,-1,0,0,0,0,0,0,0,0,0,0,0,0,0,0,0,0,0,-1,0,-1,0,0,-1,-1,-1,-1,0,0,0,0,-1,0,0,-1,0,1,0,[0|0|0|0|0|0|0|0]
210319001,Fire Spritestone [Hit],210319000,302381,302382,-1,1,0.6,0,30,50,0,15,0,0,15,0,0,0,0.3,-1,0,0,0,1,0,0,0,210319002,0,0,0,0,0,1,60,0,0,0,0,0,0,0,0,0,40,0,0,0,3,11,0,6,1,0,0,0,5,0,2,0,0,0,0,1,0,0,1,0,0,0,0,0,0,0,0,0,0,0,0,0,0,0,-1,0,0,0,0,0,0,0,0,0,0,0,0,0,0,0,0,0,-1,0,-1,0,0,-1,-1,-1,-1,0,0,0,0,-1,0,0,-1,0,1,0,[0|0|0|0|0|0|0|0]
210319002,Fire Spritestone [Hit],210319000,302381,302382,-1,1,0.6,0,30,50,0,15,0,0,15,0,0,0,0.3,-1,0,0,0,1,0,0,0,210319003,0,0,0,0,0,1,60,0,0,0,0,0,0,0,0,0,40,0,0,0,3,11,0,6,1,0,0,0,5,0,2,0,0,0,0,1,0,0,1,0,0,0,0,0,0,0,0,0,0,0,0,0,0,0,-1,0,0,0,0,0,0,0,0,0,0,0,0,0,0,0,0,0,-1,0,-1,0,0,-1,-1,-1,-1,0,0,0,0,-1,0,0,-1,0,1,0,[0|0|0|0|0|0|0|0]
210319003,Fire Spritestone [Hit],210319000,302381,302382,-1,1,0.6,0,30,50,0,15,0,0,15,0,0,0,0.3,-1,0,0,0,1,0,0,0,210319004,0,0,0,0,0,1,60,0,0,0,0,0,0,0,0,0,40,0,0,0,3,11,0,6,1,0,0,0,5,0,2,0,0,0,0,1,0,0,1,0,0,0,0,0,0,0,0,0,0,0,0,0,0,0,-1,0,0,0,0,0,0,0,0,0,0,0,0,0,0,0,0,0,-1,0,-1,0,0,-1,-1,-1,-1,0,0,0,0,-1,0,0,-1,0,1,0,[0|0|0|0|0|0|0|0]
210319004,Fire Spritestone [Hit],210319000,302381,302382,-1,1,0.6,0,30,50,0,15,0,0,15,0,0,0,0.3,-1,0,0,0,1,0,0,0,210319005,0,0,0,0,0,1,60,0,0,0,0,0,0,0,0,0,40,0,0,0,3,11,0,6,1,0,0,0,5,0,2,0,0,0,0,1,0,0,1,0,0,0,0,0,0,0,0,0,0,0,0,0,0,0,-1,0,0,0,0,0,0,0,0,0,0,0,0,0,0,0,0,0,-1,0,-1,0,0,-1,-1,-1,-1,0,0,0,0,-1,0,0,-1,0,1,0,[0|0|0|0|0|0|0|0]
210319005,Fire Spritestone [Hit],210319000,302381,302382,-1,1,0.6,0,30,50,0,15,0,0,15,0,0,0,0.3,-1,0,0,0,1,0,0,0,-1,0,0,0,0,0,1,60,0,0,0,0,0,0,0,0,0,40,0,0,0,3,11,0,6,1,0,0,0,5,0,2,0,0,0,0,1,0,0,1,0,0,0,0,0,0,0,0,0,0,0,0,0,0,0,-1,0,0,0,0,0,0,0,0,0,0,0,0,0,0,0,0,0,-1,0,-1,0,0,-1,-1,-1,-1,0,0,0,0,-1,0,0,-1,0,1,0,[0|0|0|0|0|0|0|0]
210432002,Rellana's Twin Moons,210432000,550108,-1,-1,0.5,0,0,0,0,0,0,0,0,0,0,0,0,2,4,0.06,0,0,0,0,0,0,-1,0,0,0,0,0,1,0,0,0,0,0,0,0,0,0,0,0,0,0,0,254,254,254,254,1,1,0,0,0,0,0,0,0,1,0,0,0,0,0,0,0,1,0,0,0,0,0,0,0,0,0,0,0,0,-1,0,0,0,0,1,0,0,0,0,0,0,0,0,0,0,0,0,-1,0,-1,0,0,-1,-1,-1,-1,0,0,0,0,-1,0,0,-1,0,1,0,[0|0|0|0|0|0|0|0]
210432005,Rellana's Twin Moons,210432000,550108,-1,-1,0.5,0,0,0,0,0,0,0,0,0,0,0,0,2,4,0.06,0,0,0,0,0,0,-1,0,0,0,0,0,1,0,0,0,0,0,0,0,0,0,0,0,0,0,0,254,254,254,254,1,1,0,0,0,0,0,0,0,1,0,0,0,0,0,0,0,1,0,0,0,0,0,0,0,0,0,0,0,0,-1,0,0,0,0,1,0,0,0,0,0,0,0,0,0,0,0,0,-1,0,-1,0,0,-1,-1,-1,-1,0,0,0,0,-1,0,0,-1,0,1,0,[0|0|0|0|0|0|0|0]
210450002,Glintstone Nail,210450000,552002,552003,-1,0.2,0.2,0,0,0,0,30,0,-130,100,5,0,0,0.1,-1,0,0,0,0,0,0,0,210450003,0,0,0,0,0,1,10,0,0,0,0,0,0,0,0,0,0,0,0,0,254,254,254,254,0,0,0,0,4,0,0,0,0,0,0,0,0,0,1,0,0,0,1,0,1,0,0,1,0,0,0,0,0,0,-1,0,0,0,0,0,0,0,0,0,0,1,0,0,0,0,0,0,-1,0,-1,0,0,552012,-1,-1,-1,0,0,0,0,-1,0,0,-1,0,1,0,[0|0|0|0|0|0|0|0]
210450004,Glintstone Nail,210450000,552002,552003,-1,0.2,0.2,0,0,0,0,40,0,-130,100,5,0,0,0.1,-1,0,0,0,0,0,0,0,210450005,0,0,0,0,0,1,10,0,0,0,0,0,0,0,0,0,0,0,0,0,254,254,254,254,0,0,0,0,4,0,0,0,0,0,0,0,0,0,1,0,0,0,1,0,1,0,0,1,0,0,0,0,0,0,-1,0,0,0,0,0,0,0,0,0,0,1,0,0,0,0,0,0,-1,0,-1,0,0,552012,-1,-1,-1,0,0,0,0,-1,0,0,-1,0,1,0,[0|0|0|0|0|0|0|0]
210450006,Glintstone Nail,210450000,552002,552003,-1,0.2,0.2,0,0,0,0,45,0,-130,100,5,0,0,0.1,-1,0,0,0,0,0,0,0,210450007,0,0,0,0,0,1,10,0,0,0,0,0,0,0,0,0,0,0,0,0,254,254,254,254,0,0,0,0,4,0,0,0,0,0,0,0,0,0,1,0,0,0,1,0,1,0,0,1,0,0,0,0,0,0,-1,0,0,0,0,0,0,0,0,0,0,1,0,0,0,0,0,0,-1,0,-1,0,0,552012,-1,-1,-1,0,0,0,0,-1,0,0,-1,0,1,0,[0|0|0|0|0|0|0|0]
210450008,Glintstone Nail,210450000,552002,552003,-1,0.2,0.2,0,0,0,0,40,0,-130,100,5,0,0,0.1,-1,0,0,0,0,0,0,0,210450009,0,0,0,0,0,1,10,0,0,0,0,0,0,0,0,0,0,0,0,0,254,254,254,254,0,0,0,0,4,0,0,0,0,0,0,0,0,0,1,0,0,0,1,0,1,0,0,1,0,0,0,0,0,0,-1,0,0,0,0,0,0,0,0,0,0,1,0,0,0,0,0,0,-1,0,-1,0,0,552012,-1,-1,-1,0,0,0,0,-1,0,0,-1,0,1,0,[0|0|0|0|0|0|0|0]
210450010,Glintstone Nail,210450000,552002,552003,-1,0.2,0.7,0,0,0,0,45,0,-130,100,5,0,0,0.1,-1,0,0,0,0,0,0,0,-1,0,0,0,0,0,1,10,0,0,0,0,0,0,0,0,0,0,0,0,0,254,254,254,254,0,0,0,0,4,0,0,0,0,0,0,0,0,0,1,0,0,0,1,0,1,0,0,1,0,0,0,0,0,0,-1,0,0,0,0,0,0,0,0,0,0,1,0,0,0,0,0,0,-1,0,-1,0,0,552012,-1,-1,-1,0,0,0,0,-1,0,0,-1,0,1,0,[0|0|0|0|0|0|0|0]
210450052,Glintstone Nail,210450050,552007,552008,-1,0.2,0.5,0,0,0,0,20,0,-50,100,2,0,0,0.15,-1,0,0,0,0,0,0,0,210450053,0,0,0,0,0,1,10,0,0,0,0,0,0,0,0,0,0,0,0,0,254,254,254,254,0,0,0,0,4,0,0,0,0,0,0,0,0,0,1,0,0,0,1,0,1,0,0,1,0,0,0,0,0,0,-1,0,0,0,0,0,0,0,0,0,0,1,0,0,0,0,0,0,-1,0,-1,0,0,552013,-1,-1,-1,0,0,0,0,-1,0,0,-1,0,1,0,[0|0|0|0|0|0|0|0]
210450054,Glintstone Nail,210450050,552007,552008,-1,0.2,0.5,0,0,0,0,30,0,-50,100,2,0,0,0.15,-1,0,0,0,0,0,0,0,210450055,0,0,0,0,0,1,10,0,0,0,0,0,0,0,0,0,0,0,0,0,254,254,254,254,0,0,0,0,4,0,0,0,0,0,0,0,0,0,1,0,0,0,1,0,1,0,0,1,0,0,0,0,0,0,-1,0,0,0,0,0,0,0,0,0,0,1,0,0,0,0,0,0,-1,0,-1,0,0,552013,-1,-1,-1,0,0,0,0,-1,0,0,-1,0,1,0,[0|0|0|0|0|0|0|0]
210450056,Glintstone Nail,210450050,552007,552008,-1,0.2,0.5,0,0,0,0,35,0,-50,100,2,0,0,0.15,-1,0,0,0,0,0,0,0,210450057,0,0,0,0,0,1,10,0,0,0,0,0,0,0,0,0,0,0,0,0,254,254,254,254,0,0,0,0,4,0,0,0,0,0,0,0,0,0,1,0,0,0,1,0,1,0,0,1,0,0,0,0,0,0,-1,0,0,0,0,0,0,0,0,0,0,1,0,0,0,0,0,0,-1,0,-1,0,0,552013,-1,-1,-1,0,0,0,0,-1,0,0,-1,0,1,0,[0|0|0|0|0|0|0|0]
210450058,Glintstone Nail,210450050,552007,552008,-1,0.2,0.5,0,0,0,0,30,0,-50,100,2,0,0,0.15,-1,0,0,0,0,0,0,0,210450059,0,0,0,0,0,1,10,0,0,0,0,0,0,0,0,0,0,0,0,0,254,254,254,254,0,0,0,0,4,0,0,0,0,0,0,0,0,0,1,0,0,0,1,0,1,0,0,1,0,0,0,0,0,0,-1,0,0,0,0,0,0,0,0,0,0,1,0,0,0,0,0,0,-1,0,-1,0,0,552013,-1,-1,-1,0,0,0,0,-1,0,0,-1,0,1,0,[0|0|0|0|0|0|0|0]
210450060,Glintstone Nail,210450050,552007,552008,-1,0.2,0.5,0,0,0,0,35,0,-50,100,2,0,0,0.15,-1,0,0,0,0,0,0,0,-1,0,0,0,0,0,1,10,0,0,0,0,0,0,0,0,0,0,0,0,0,254,254,254,254,0,0,0,0,4,0,0,0,0,0,0,0,0,0,1,0,0,0,1,0,1,0,0,1,0,0,0,0,0,0,-1,0,0,0,0,0,0,0,0,0,0,1,0,0,0,0,0,0,-1,0,-1,0,0,552013,-1,-1,-1,0,0,0,0,-1,0,0,-1,0,1,0,[0|0|0|0|0|0|0|0]
210451002,Glintstone Nails,210451000,552012,552013,-1,0.2,0.4,0,0,0,0,18,0,-60,100,2,0,0,0.1,-1,0,0,0,0,0,0,0,210451003,0,0,0,0,0,1,10,0,0,0,0,0,0,0,0,0,0,0,0,0,254,254,254,254,0,0,0,0,4,0,0,0,0,0,0,0,0,0,1,0,0,0,1,0,1,0,0,1,0,0,0,0,0,0,-1,0,0,0,0,0,0,0,0,0,0,1,0,0,0,0,0,0,-1,0,-1,0,0,552012,-1,-1,-1,0,0,0,0,-1,0,0,-1,0,1,0,[0|0|0|0|0|0|0|0]
210451004,Glintstone Nails,210451000,552012,552013,-1,0.2,1,0,0,0,0,20,0,-60,100,2,0,0,0.1,-1,0,0,0,0,0,0,0,210451005,0,0,0,0,0,1,10,0,0,0,0,0,0,0,0,0,0,0,0,0,254,254,254,254,0,0,0,0,4,0,0,0,0,0,0,0,0,0,1,0,0,0,1,0,1,0,0,1,0,0,0,0,5,5,-1,0,0,0,0,0,0,0,0,0,0,1,0,0,0,0,0,0,-1,0,-1,0,0,552012,-1,-1,-1,0,0,0,0,-1,0,0,-1,0,1,0,[0|0|0|0|0|0|0|0]
210451006,Glintstone Nails,210451000,552012,552013,-1,0.2,2,0,0,0,0,25,0,-60,100,2,0,0,0.1,-1,0,0,0,0,0,0,0,210451007,0,0,0,0,0,1,10,0,0,0,0,0,0,0,0,0,0,0,0,0,254,254,254,254,0,0,0,0,4,0,0,0,0,0,0,0,0,0,1,0,0,0,1,0,1,0,0,1,0,0,0,0,5,5,-1,0,0,0,0,0,0,0,0,0,0,1,0,0,0,0,0,0,-1,0,-1,0,0,552012,-1,-1,-1,0,0,0,0,-1,0,0,-1,0,1,0,[0|0|0|0|0|0|0|0]
210451008,Glintstone Nails,210451000,552012,552013,-1,0.2,2,0,0,0,0,25,0,-60,100,2,0,0,0.1,-1,0,0,0,0,0,0,0,210451009,0,0,0,0,0,1,10,0,0,0,0,0,0,0,0,0,0,0,0,0,254,254,254,254,0,0,0,0,4,0,0,0,0,0,0,0,0,0,1,0,0,0,1,0,1,0,0,1,0,0,0,0,5,5,-1,0,0,0,0,0,0,0,0,0,0,1,0,0,0,0,0,0,-1,0,-1,0,0,552012,-1,-1,-1,0,0,0,0,-1,0,0,-1,0,1,0,[0|0|0|0|0|0|0|0]
210451010,Glintstone Nails,210451000,552012,552013,-1,0.2,3,0,0,0,0,30,0,-60,100,2,0,0,0.1,-1,0,0,0,0,0,0,0,-1,0,0,0,0,0,1,10,0,0,0,0,0,0,0,0,0,0,0,0,0,254,254,254,254,0,0,0,0,4,0,0,0,0,0,0,0,0,0,1,0,0,0,1,0,1,0,0,1,0,0,0,0,5,5,-1,0,0,0,0,0,0,0,0,0,0,1,0,0,0,0,0,0,-1,0,-1,0,0,552012,-1,-1,-1,0,0,0,0,-1,0,0,-1,0,1,0,[0|0|0|0|0|0|0|0]
210451052,Glintstone Nails,210451050,552017,552018,-1,0.2,0.4,0,0,0,0,15,0,-50,100,2,0,0,0.15,-1,0,0,0,0,0,0,0,210451053,0,0,0,0,0,1,10,0,0,0,0,0,0,0,0,0,0,0,0,0,254,254,254,254,0,0,0,0,4,0,0,0,0,0,0,0,0,0,1,0,0,0,1,0,1,0,0,1,0,0,0,0,0,0,-1,0,0,0,0,0,0,0,0,0,0,1,0,0,0,0,0,0,-1,0,-1,0,0,552013,-1,-1,-1,0,0,0,0,-1,0,0,-1,0,1,0,[0|0|0|0|0|0|0|0]
210451054,Glintstone Nails,210451050,552017,552018,-1,0.2,1,0,0,0,0,20,0,-50,100,2,0,0,0.15,-1,0,0,0,0,0,0,0,210451055,0,0,0,0,0,1,10,0,0,0,0,0,0,0,0,0,0,0,0,0,254,254,254,254,0,0,0,0,4,0,0,0,0,0,0,0,0,0,1,0,0,0,1,0,1,0,0,1,0,0,0,0,5,5,-1,0,0,0,0,0,0,0,0,0,0,1,0,0,0,0,0,0,-1,0,-1,0,0,552013,-1,-1,-1,0,0,0,0,-1,0,0,-1,0,1,0,[0|0|0|0|0|0|0|0]
210451056,Glintstone Nails,210451050,552017,552018,-1,0.2,2,0,0,0,0,30,0,-50,100,2,0,0,0.15,-1,0,0,0,0,0,0,0,210451057,0,0,0,0,0,1,10,0,0,0,0,0,0,0,0,0,0,0,0,0,254,254,254,254,0,0,0,0,4,0,0,0,0,0,0,0,0,0,1,0,0,0,1,0,1,0,0,1,0,0,0,0,5,5,-1,0,0,0,0,0,0,0,0,0,0,1,0,0,0,0,0,0,-1,0,-1,0,0,552013,-1,-1,-1,0,0,0,0,-1,0,0,-1,0,1,0,[0|0|0|0|0|0|0|0]
210451058,Glintstone Nails,210451050,552017,552018,-1,0.2,2,0,0,0,0,30,0,-50,100,2,0,0,0.15,-1,0,0,0,0,0,0,0,210451059,0,0,0,0,0,1,10,0,0,0,0,0,0,0,0,0,0,0,0,0,254,254,254,254,0,0,0,0,4,0,0,0,0,0,0,0,0,0,1,0,0,0,1,0,1,0,0,1,0,0,0,0,5,5,-1,0,0,0,0,0,0,0,0,0,0,1,0,0,0,0,0,0,-1,0,-1,0,0,552013,-1,-1,-1,0,0,0,0,-1,0,0,-1,0,1,0,[0|0|0|0|0|0|0|0]
210451060,Glintstone Nails,210451050,552017,552018,-1,0.2,3,0,0,0,0,30,0,-50,100,2,0,0,0.15,-1,0,0,0,0,0,0,0,-1,0,0,0,0,0,1,10,0,0,0,0,0,0,0,0,0,0,0,0,0,254,254,254,254,0,0,0,0,4,0,0,0,0,0,0,0,0,0,1,0,0,0,1,0,1,0,0,1,0,0,0,0,5,5,-1,0,0,0,0,0,0,0,0,0,0,1,0,0,0,0,0,0,-1,0,-1,0,0,552013,-1,-1,-1,0,0,0,0,-1,0,0,-1,0,1,0,[0|0|0|0|0|0|0|0]
210470000,Blades of Stone,0,-1,-1,-1,0.06,10,0,0,0,0,200,0,0,200,200,0,0,0.1,-1,0,0,0,0.5,0,0,0,210470001,0,0,0,0,0,1,360,0,0,0,0,0,0,0,0,0,0,90,0,0,254,254,254,254,0,0,0,0,0,0,0,0,0,0,0,1,0,0,0,0,0,1,0,0,1,0,0,0,0,0,0,0,0,0,-1,0,0,0,0,1,0,0,0,0,0,0,0,0,0,0,0,0,-1,0,-1,0,0,-1,-1,-1,-1,0,0,0,0,-1,0,0,-1,0,1,0,[0|0|0|0|0|0|0|0]
210470005,Blades of Stone,1,551002,-1,-1,0.8,10,0,0,0,0,0,0,0,0,0,0,0,1.2,-1,0,0,0,0.5,0,0,0,210470007,0,0,0,0,0,1,180,0,0,0,0,0,0,0,0,0,0,180,0,0,254,254,254,254,1,1,0,0,0,0,0,0,0,1,0,1,0,0,0,0,0,0,0,0,0,0,0,0,0,0,0,0,0,0,-1,0,0,0,0,1,0,0,0,0,0,0,0,0,0,0,0,0,-1,0,-1,0,0,-1,-1,-1,-1,0,0,0,0,-1,0,0,-1,0,1,0,[0|0|0|0|0|0|0|0]
210470006,Blades of Stone,1,551002,-1,-1,0.8,10,0,0,0,0,0,0,0,0,0,0,0,1.2,-1,0,0,0,0.5,0,0,0,210470008,0,0,0,0,0,1,180,0,0,0,0,0,0,0,0,0,0,180,0,0,254,254,254,254,1,1,0,0,0,0,0,0,0,1,0,1,0,0,0,0,0,0,0,0,0,0,0,0,0,0,0,0,0,0,-1,0,0,0,0,1,0,0,0,0,0,0,0,0,0,0,0,0,-1,0,-1,0,0,-1,-1,-1,-1,0,0,0,0,-1,0,0,-1,0,1,0,[0|0|0|0|0|0|0|0]
210470050,Blades of Stone,0,-1,-1,-1,0.06,10,0,0,0,0,200,0,0,200,200,0,0,0.1,-1,0,0,0,0.5,0,0,0,210470051,0,0,0,0,0,1,360,0,0,0,0,0,0,0,0,0,0,90,0,0,254,254,254,254,0,0,0,0,0,0,0,0,0,0,0,1,0,0,0,0,0,1,0,0,1,0,0,0,0,0,0,0,0,0,-1,0,0,0,0,1,0,0,0,0,0,0,0,0,0,0,0,0,-1,0,-1,0,0,-1,-1,-1,-1,0,0,0,0,-1,0,0,-1,0,1,0,[0|0|0|0|0|0|0|0]
210470055,Blades of Stone,1,551008,-1,-1,0.8,10,0,0,0,0,0,0,0,0,0,0,0,1.2,-1,0,0,0,0.5,0,0,0,210470057,0,0,0,0,0,1,0,0,0,0,0,0,0,0,0,0,0,0,0,0,254,254,254,254,1,1,0,0,0,0,0,0,0,1,0,1,0,0,0,0,0,0,0,0,0,0,0,0,0,0,0,0,0,0,-1,0,0,0,0,1,0,0,0,0,0,0,0,0,0,0,0,0,-1,0,-1,0,0,-1,-1,-1,-1,0,0,0,0,-1,0,0,-1,0,1,0,[0|0|0|0|0|0|0|0]
210470056,Blades of Stone,1,551008,-1,-1,0.8,10,0,0,0,0,0,0,0,0,0,0,0,1.2,-1,0,0,0,0.5,0,0,0,210470058,0,0,0,0,0,1,0,0,0,0,0,0,0,0,0,0,0,0,0,0,254,254,254,254,1,1,0,0,0,0,0,0,0,1,0,1,0,0,0,0,0,0,0,0,0,0,0,0,0,0,0,0,0,0,-1,0,0,0,0,1,0,0,0,0,0,0,0,0,0,0,0,0,-1,0,-1,0,0,-1,-1,-1,-1,0,0,0,0,-1,0,0,-1,0,1,0,[0|0|0|0|0|0|0|0]
210470067,Blades of Stone,210470050,551009,-1,-1,0.1,10,0,0,0,0,20,0,0,20,20,0,0,1.2,-1,0,0,0,0.5,0,0,0,210470070,0,0,0,0,0,1,0,0,0,0,0,0,0,0,0,0,89,0,0,0,254,254,254,254,1,1,0,0,0,0,0,0,0,1,0,1,0,0,0,0,0,0,0,0,1,0,0,0,0,0,0,0,0,0,-1,0,0,0,0,0,0,0,0,0,0,0,0,0,0,1,0,0,-1,0,-1,0,0,-1,-1,-1,-1,0,0,0,0,-1,0,0,-1,0,1,0,[0|0|0|0|0|0|0|0]
210470068,Blades of Stone,210470050,551009,-1,-1,0.1,10,0,0,0,0,20,0,0,20,20,0,0,1.2,-1,0,0,0,0.5,0,0,0,-1,0,0,0,0,0,1,0,0,0,0,0,0,0,0,0,0,89,0,0,0,254,254,254,254,1,1,0,0,0,0,0,0,0,1,0,1,0,0,0,0,0,0,0,0,1,0,0,0,0,0,0,0,0,0,-1,0,0,0,0,0,0,0,0,0,0,0,0,0,0,1,0,0,-1,0,-1,0,0,-1,-1,-1,-1,0,0,0,0,-1,0,0,-1,0,1,0,[0|0|0|0|0|0|0|0]
210470077,Blades of Stone,210470050,551009,-1,-1,0.1,10,0,0,0,0,20,0,0,20,20,0,0,1.2,-1,0,0,0,0.5,0,0,0,-1,0,0,0,0,0,1,0,0,0,0,0,0,0,0,0,0,89,0,0,0,254,254,254,254,1,1,0,0,0,0,0,0,0,1,0,1,0,0,0,0,0,0,0,0,1,0,0,0,0,0,0,0,0,0,-1,0,0,0,0,0,0,0,0,0,0,0,0,0,0,1,0,0,-1,0,-1,0,0,-1,-1,-1,-1,0,0,0,0,-1,0,0,-1,0,1,0,[0|0|0|0|0|0|0|0]
210470078,Blades of Stone,210470050,551009,-1,-1,0.1,10,0,0,0,0,20,0,0,20,20,0,0,1.2,-1,0,0,0,0.5,0,0,0,-1,0,0,0,0,0,1,0,0,0,0,0,0,0,0,0,0,89,0,0,0,254,254,254,254,1,1,0,0,0,0,0,0,0,1,0,1,0,0,0,0,0,0,0,0,1,0,0,0,0,0,0,0,0,0,-1,0,0,0,0,0,0,0,0,0,0,0,0,0,0,1,0,0,-1,0,-1,0,0,-1,-1,-1,-1,0,0,0,0,-1,0,0,-1,0,1,0,[0|0|0|0|0|0|0|0]
210471050,Gravitational Missile,1,551012,-1,-1,1.5,2.7,0,0,0,1,10,0,-20,20,1,0,0,0.4,-1,0,0,0,0.5,0,0,0,210471051,0,0,0,0,0,1,0,0,0,0,0,0,0,0,0,0,0,70,0,0,254,254,254,254,1,1,0,0,0,0,0,0,0,0,0,0,0,0,1,0,0,0,1,0,0,0,0,0,0,0,0,0,0,0,210471055,0.8,0.8,0,0,0,70,0,1,0,0,0,0,0,0,0,0,0,-1,0,-1,0,0,-1,-1,-1,-1,0,0,0,0,-1,0,0,-1,0,1,0,[0|0|0|0|0|0|0|0]
210491000,Impenetrable Thorns,0,-1,-1,-1,1.7,5,0,0,0,0.1,15,0,0,20,15,0,0,0.1,-1,0,0,0,0.1,0,21491000,0,210491005,0,0,0,0,0,1,120,0,0,0,0,0,0,0,0,0,0,45,0,0,254,254,254,254,0,0,0,0,0,0,0,0,0,0,0,1,0,0,0,0,0,1,0,0,1,0,0,0,0,0,0,0,0,0,210491003,0.15,0.15,0,0,1,0,0,0,0,0,0,0,0,0,0,0,0,-1,0,-1,0,0,-1,-1,-1,-1,0,0,0,0,-1,0,0,-1,0,1,0,[0|0|0|0|0|0|0|0]
210491001,Impenetrable Thorns,0,-1,-1,-1,1.7,5,0,0,0,0.1,15,0,0,20,15,0,0,0.1,-1,0,0,0,0.1,0,0,0,210491005,0,0,0,0,0,1,0,10,0,0,0,0,0,0,0,0,0,45,0,0,254,254,254,254,0,0,0,0,0,0,0,0,0,0,0,1,0,0,0,0,0,1,0,0,1,0,0,0,0,0,0,0,3,0,210491003,0.15,0.15,0,0,1,0,0,0,0,0,0,0,0,0,0,0,0,-1,0,-1,0,0,-1,-1,-1,-1,0,0,0,0,-1,0,0,-1,0,1,0,[0|0|0|0|0|0|0|0]
210491002,Impenetrable Thorns,0,-1,-1,-1,1.7,5,0,0,0,0.1,15,0,0,20,15,0,0,0.1,-1,0,0,0,0.1,0,0,0,210491005,0,0,0,0,0,1,0,-10,0,0,0,0,0,0,0,0,0,45,0,0,254,254,254,254,0,0,0,0,0,0,0,0,0,0,0,1,0,0,0,0,0,1,0,0,1,0,0,0,0,0,0,0,3,0,210491003,0.15,0.15,0,0,1,0,0,0,0,0,0,0,0,0,0,0,0,-1,0,-1,0,0,-1,-1,-1,-1,0,0,0,0,-1,0,0,-1,0,1,0,[0|0|0|0|0|0|0|0]
210500050,Rings of Spectral Light,0,-1,-1,-1,0.05,0,0,0,0,0,20,0,0,20,20,0,0,0.1,0.1,0,0,0,2,0,0,0,210500052,0,0,0,0,0,3,0,90,0,-60,0,0,0,0,0,0,60,0,0,0,254,254,254,254,0,0,0,0,0,0,0,0,0,0,0,0,0,0,0,0,0,0,0,0,0,0,0,0,0,0,0,0,0,0,-1,0,0,0,0,0,0,0,1,0,0,0,0,0,0,0,0,0,-1,0,-1,0,0,-1,-1,-1,-1,0,0,0,0,-1,0,0,-1,0,1,0,[0|0|0|0|0|0|0|0]
210500051,Rings of Spectral Light,0,-1,-1,-1,0.05,0,0,0,0,0,20,0,0,20,20,0,0,0.1,0.1,0,0,0,2,0,0,0,210500053,0,0,0,0,0,3,0,-90,0,-60,0,0,0,0,0,0,60,0,0,0,254,254,254,254,0,0,0,0,0,0,0,0,0,0,0,0,0,0,0,0,0,0,0,0,0,0,0,0,0,0,0,0,0,0,-1,0,0,0,0,0,0,0,1,0,0,0,0,0,0,0,0,0,-1,0,-1,0,0,-1,-1,-1,-1,0,0,0,0,-1,0,0,-1,0,1,0,[0|0|0|0|0|0|0|0]
210500054,Rings of Spectral Light,210500050,553007,553008,-1,0.7,0,0,0,0,0,3,-10,-16,15,1,0,0.5,0.5,0.5,0,0,0,2,0,0,0,210500055,21500000,0,0,0,0,1,50,0,0,0,0,0,0,0,0,0,0,0,0,0,254,254,254,254,0,0,0,0,0,0,0,0,0,0,0,0,0,0,0,0,0,0,0,0,0,0,0,0,0,0,0,0,20,20,-1,0,0,0,0,0,0,0,1,0,0,0,0,0,0,0,0,0,-1,1,-1,0,0,553005,-1,-1,-1,0,0,0,0,-1,0,0,-1,0,1,0,[0|0|0|0|0|0|0|0]
210500055,Rings of Spectral Light,210500050,553009,553008,-1,3,0,0,0,0,1,15,0,-16,15,15,0,0,0.5,0.5,0,0,0,2,0,0,0,-1,21500000,0,0,0,0,1,100,0,0,0,0,0,0,0,0,0,0,0,0,0,254,254,254,254,0,0,0,0,4,0,0,0,0,0,0,0,0,0,1,0,0,0,1,0,0,0,0,0,0,0,0,0,0,0,-1,0,0,0,0,0,0,0,1,0,0,1,0,0,0,0,0,0,-1,0,-1,0,0,553006,-1,-1,-1,0,0,0,0,-1,0,0,-1,0,1,0,[0|0|0|0|0|0|0|0]
210621005,Mass of Putrescence,1,-1,-1,-1,0.1,0,0,0,0,0,20,0,60,20,20,0,0,0.3,0,0,0,0,1,0,0,0,-1,0,0,0,0,0,1,0,0,0,0,0,0,0,0,0,0,0,0,0,0,254,254,254,254,1,1,0,0,0,0,0,0,0,0,0,1,0,0,0,0,0,1,0,0,0,0,0,0,0,0,0,0,0,0,210621006,0.08,0.08,0,0,0,0,0,0,0,0,0,0,0,0,0,0,0,-1,0,-1,0,0,-1,-1,-1,-1,0,0,0,0,-1,0,0,-1,0,1,0,[0|0|0|0|0|0|0|0]
210621052,Mass of Putrescence,1,-1,-1,-1,0.16,0,0,0,0,0,20,0,0,20,20,0,0,0.3,0,0,0,0,1,0,0,0,210621055,0,0,0,0,0,10,0,0,36,0,0,0,0,0,0,0,0,0,0,0,254,254,254,254,1,1,0,0,0,0,2,0,0,0,0,1,0,0,0,0,0,1,0,0,0,0,0,0,0,0,0,0,0,0,210621053,0.05,0.05,0,0,0,0,0,0,0,0,0,0,0,0,0,0,0,-1,0,-1,0,0,-1,-1,-1,-1,0,0,0,0,-1,0,0,-1,0,1,0,[0|0|0|0|0|0|0|0]
210621055,Mass of Putrescence,1,-1,-1,-1,0.1,0,0,0,0,0,20,0,60,20,20,0,0,0.3,0,0,0,0,1,0,0,0,210621058,0,0,0,0,0,1,0,0,0,0,0,0,0,0,0,0,0,0,0,0,254,254,254,254,1,1,0,0,0,0,0,0,0,0,0,1,0,0,0,0,0,1,0,0,0,0,0,0,0,0,0,0,0,0,210621056,0.08,0.08,0,0,0,0,0,0,0,0,0,0,0,0,0,0,0,-1,0,-1,0,0,-1,-1,-1,-1,0,0,0,0,-1,0,0,-1,0,1,0,[0|0|0|0|0|0|0|0]
210621058,Mass of Putrescence,1,-1,-1,-1,0.1,0,0,0,0,0,40,0,60,40,40,0,0,0.3,0,0,0,0,1,0,0,0,-1,0,0,0,0,0,1,0,20,0,0,0,0,0,0,0,0,0,0,0,0,254,254,254,254,1,1,0,0,0,0,0,0,0,0,0,1,0,0,0,0,0,1,0,0,0,0,0,0,0,0,0,0,0,0,210621059,0.08,0.08,0,0,0,0,0,0,0,0,0,0,0,0,0,0,0,-1,0,-1,0,0,-1,-1,-1,-1,0,0,0,0,-1,0,0,-1,0,1,0,[0|0|0|0|0|0|0|0]
210630005,Furious Blade of Ansbach,210630010,-1,-1,-1,0.3,5,0,0,0,0,10,-50,-50,10,1,0,0,1.2,-1,0,0,0,0.4,0,0,0,-1,0,0,0,0,0,1,0,0,0,0,0,0,0,0,0,0,0,0,0,0,254,254,254,254,1,1,0,0,0,0,0,0,0,1,0,1,0,0,0,0,0,1,0,0,0,0,0,0,0,0,0,0,0,0,0,0,0,0,0,0,0,0,0,0,0,0,0,0,0,0,0,0,-1,0,-1,0,0,-1,-1,-1,-1,0,0,0,0,-1,0,0,-1,0,1,0,[0|0|0|0|0|0|0|0]
210630006,Furious Blade of Ansbach,210630010,-1,-1,-1,0.3,5,0,0,0,0,20,-70,-70,20,1,0,0,1.2,-1,0,0,0,0.4,0,0,0,-1,0,0,0,0,0,1,0,55,0,0,0,0,0,0,0,0,0,0,0,0,254,254,254,254,1,1,0,0,0,0,0,0,0,1,0,1,0,0,0,0,0,1,0,0,0,0,0,0,0,0,0,0,0,0,0,0,0,0,0,0,0,0,0,0,0,0,0,0,0,0,0,0,-1,0,-1,0,0,-1,-1,-1,-1,0,0,0,0,-1,0,0,-1,0,1,0,[0|0|0|0|0|0|0|0]
210630015,Furious Blade of Ansbach,210630010,-1,-1,-1,0.3,5,0,0,0,0,10,-50,-50,10,1,0,0,1.2,-1,0,0,0,0.4,0,0,0,-1,0,0,0,0,0,1,0,0,0,0,0,0,0,0,0,0,0,0,0,0,254,254,254,254,1,1,0,0,0,0,0,0,0,1,0,1,0,0,0,0,0,1,0,0,0,0,0,0,0,0,0,0,0,0,0,0,0,0,0,0,0,0,0,0,0,0,0,0,0,0,0,0,-1,0,-1,0,0,-1,-1,-1,-1,0,0,0,0,-1,0,0,-1,0,1,0,[0|0|0|0|0|0|0|0]
210630016,Furious Blade of Ansbach,210630010,-1,-1,-1,0.3,5,0,0,0,0,20,-70,-70,20,1,0,0,1.2,-1,0,0,0,0.4,0,0,0,-1,0,0,0,0,0,1,0,-55,0,0,0,0,0,0,0,0,0,0,0,0,254,254,254,254,1,1,0,0,0,0,0,0,0,1,0,1,0,0,0,0,0,1,0,0,0,0,0,0,0,0,0,0,0,0,0,0,0,0,0,0,0,0,0,0,0,0,0,0,0,0,0,0,-1,0,-1,0,0,-1,-1,-1,-1,0,0,0,0,-1,0,0,-1,0,1,0,[0|0|0|0|0|0|0|0]
210630050,Furious Blade of Ansbach,1,-1,-1,-1,0.06,5,0,0,0,0,15,0,0,15,15,0,0,0.1,-1,0,0,0,0.4,0,0,0,210630051,0,0,0,0,0,1,0,0,0,0,0,0,0,0,0,0,0,0,0,0,254,254,254,254,1,1,0,0,0,0,0,0,0,1,0,1,0,0,0,0,0,0,0,0,0,0,0,0,0,0,0,0,0,0,-1,0,0,0,0,0,0,0,0,0,0,0,0,0,0,0,0,0,-1,0,-1,0,0,-1,-1,-1,-1,0,0,0,0,-1,0,0,-1,0,1,-1,[0|0|0|0|0|0|0|0]
210630055,Furious Blade of Ansbach,210630060,-1,-1,-1,0.3,5,0,0,0,0,10,-50,-50,10,1,0,0,1.2,-1,0,0,0,0.4,0,0,0,-1,0,0,0,0,0,1,0,0,0,0,0,0,0,0,0,0,0,0,0,0,254,254,254,254,1,1,0,0,0,0,0,0,0,1,0,1,0,0,0,0,0,1,0,0,0,0,0,0,0,0,0,0,0,0,0,0,0,0,0,0,0,0,0,0,0,0,0,0,0,0,0,0,-1,0,-1,0,0,-1,-1,-1,-1,0,0,0,0,-1,0,0,-1,0,1,0,[0|0|0|0|0|0|0|0]
210630056,Furious Blade of Ansbach,210630060,-1,-1,-1,0.32,5,0,0,0,0,18,-70,-70,18,1,0,0,0.8,-1,0,0,0,0.4,0,0,0,-1,0,0,0,0,0,1,0,45,0,0,0,0,0,0,0,0,0,0,0,0,254,254,254,254,1,1,0,0,0,0,0,0,0,1,0,1,0,0,0,0,0,1,0,0,0,0,0,0,0,0,0,0,0,0,0,0,0,0,0,0,0,0,0,0,0,0,0,0,0,0,0,0,-1,0,-1,0,0,-1,-1,-1,-1,0,0,0,0,-1,0,0,-1,0,1,0,[0|0|0|0|0|0|0|0]
210630060,Furious Blade of Ansbach,1,-1,-1,-1,0.06,5,0,0,0,0,15,0,0,15,15,0,0,0.1,-1,0,0,0,0.4,0,0,0,210630061,0,0,0,0,0,1,0,0,0,0,0,0,0,0,0,0,0,0,0,0,254,254,254,254,1,1,0,0,0,0,0,0,0,1,0,1,0,0,0,0,0,0,0,0,0,0,0,0,0,0,0,0,0,0,-1,0,0,0,0,0,0,0,0,0,0,0,0,0,0,0,0,0,-1,0,-1,0,0,-1,-1,-1,-1,0,0,0,0,-1,0,0,-1,0,1,-1,[0|0|0|0|0|0|0|0]
210630065,Furious Blade of Ansbach,210630060,-1,-1,-1,0.3,5,0,0,0,0,10,-50,-50,10,1,0,0,1.2,-1,0,0,0,0.4,0,0,0,-1,0,0,0,0,0,1,0,0,0,0,0,0,0,0,0,0,0,0,0,0,254,254,254,254,1,1,0,0,0,0,0,0,0,1,0,1,0,0,0,0,0,1,0,0,0,0,0,0,0,0,0,0,0,0,0,0,0,0,0,0,0,0,0,0,0,0,0,0,0,0,0,0,-1,0,-1,0,0,-1,-1,-1,-1,0,0,0,0,-1,0,0,-1,0,1,0,[0|0|0|0|0|0|0|0]
210630066,Furious Blade of Ansbach,210630060,-1,-1,-1,0.32,5,0,0,0,0,18,-70,-70,18,1,0,0,0.8,-1,0,0,0,0.4,0,0,0,-1,0,0,0,0,0,1,0,-45,0,0,0,0,0,0,0,0,0,0,0,0,254,254,254,254,1,1,0,0,0,0,0,0,0,1,0,1,0,0,0,0,0,1,0,0,0,0,0,0,0,0,0,0,0,0,0,0,0,0,0,0,0,0,0,0,0,0,0,0,0,0,0,0,-1,0,-1,0,0,-1,-1,-1,-1,0,0,0,0,-1,0,0,-1,0,1,0,[0|0|0|0|0|0|0|0]
210666000,Aspects of the Crucible: Bloom,0,-1,-1,-1,0.1,30,0,0,0,0,0,0,0,0,0,0,0,0.1,-1,0,0,0,0.3,0,0,0,210666001,0,0,0,0,0,1,0,0,0,0,0,0,0,0,0,0,0,0,0,0,254,254,254,254,1,1,0,0,0,0,6,0,0,1,0,1,0,0,1,0,0,0,0,0,0,0,0,0,0,0,0,0,0,0,-1,0,0,0,0,0,0,0,0,0,0,0,0,0,0,0,0,0,-1,0,-1,0,0,-1,-1,-1,-1,0,0,0,0,-1,0,0,-1,0,1,0,[0|0|0|0|0|0|0|0]
210666001,Aspects of the Crucible: Bloom,0,540004,-1,-1,7,30,0,0,0,0,0,0,0,0,0,0,0,0.1,-1,0,0,0,0.3,0,0,0,-1,0,0,0,0,0,1,0,0,0,0,0,0,0,0,0,0,0,0,0,0,254,254,254,254,1,1,0,0,0,0,5,0,1,1,0,1,0,0,1,0,0,0,0,0,0,0,0,0,0,0,0,0,0,0,210666002,0.15,0.15,0,3,1,71,0,0,0,0,0,0,0,0,0,0,0,-1,0,-1,0,0,-1,-1,-1,-1,0,0,0,0,-1,0,0,-1,0,1,0,[0|0|0|0|0|0|0|0]
210666002,Aspects of the Crucible: Bloom,0,-1,-1,-1,0,30,0,0,0,0,10,0,0,10,10,0,0,0.1,0.4,0.1,0,0,0.3,0,0,0,210666003,0,0,0,0,0,1,0,0,0,0,0,0,0,0,0,0,0,0,0,0,254,254,254,254,1,0,0,0,0,0,2,0,1,0,0,1,0,0,1,0,0,0,0,0,0,0,0,0,0,0,0,0,360,0,-1,0,0,0,0,1,0,0,0,0,0,0,0,0,0,0,0,0,-1,0.5,-1,0,0,-1,-1,-1,-1,0,0,0,0,-1,0,0,-1,0,1,0,[0|0|0|0|0|0|0|0]
210666003,Aspects of the Crucible: Bloom,0,-1,-1,-1,0.3,0,0,999,999,0,0,0,0,999,0,0,0,0.1,-1,0,0,0,0.3,0,0,0,210666004,0,0,0,0,0,1,0,0,0,0,0,0,0,0,0,0,0,0,0,0,254,254,254,254,1,1,0,0,0,0,5,0,1,0,0,1,0,0,1,0,0,0,0,0,0,0,0,0,0,0,0,0,0,0,-1,0,0,0,0,1,0,0,0,0,0,0,0,0,0,0,0,0,-1,0,-1,0,0,-1,-1,-1,-1,0,0,0,0,-1,0,0,-1,0,1,0,[0|0|0|0|0|0|0|0]
210666004,Aspects of the Crucible: Bloom,210666000,540005,-1,-1,0.2,0,0,0,0,0,0,0,0,0,0,0,0,1.2,-1,0,0,0,0.3,0,0,0,-1,0,0,0,0,0,1,0,0,0,0,0,0,0,0,0,0,0,0,0,0,254,254,254,254,1,1,0,0,0,0,0,0,1,1,0,1,0,0,1,0,0,1,0,0,0,0,0,0,0,0,0,0,0,0,210666005,0.08,0.08,0,0,1,0,0,0,0,0,0,0,0,0,0,0,0,-1,0,-1,0,0,-1,-1,-1,-1,0,0,0,0,-1,0,0,-1,0,1,0,[0|0|0|0|0|0|0|0]
210666005,Aspects of the Crucible: Bloom,210666000,-1,-1,-1,0.2,0,0,0,0,0,100,0,0,100,100,0,0,0.5,-1,0,0,0,0.3,0,0,0,-1,0,0,0,0,0,1,0,0,0,0,0,0,0,0,0,0,89,0,0,0,254,254,254,254,1,0,0,0,0,0,2,0,1,0,0,1,0,0,1,0,0,1,0,0,0,0,0,0,0,0,0,0,0,0,-1,0,0,0,0,0,0,0,0,0,0,0,0,0,0,0,0,0,-1,0,-1,0,0,-1,-1,-1,-1,0,0,0,0,-1,0,0,-1,0,1,0,[0|0|0|0|0|0|0|0]
210666050,Aspects of the Crucible: Bloom,0,-1,-1,-1,0.1,30,0,0,0,0,0,0,0,0,0,0,0,0.1,-1,0,0,0,0.3,0,0,0,210666051,0,0,0,0,0,1,0,0,0,0,0,0,0,0,0,0,0,0,0,0,254,254,254,254,1,1,0,0,0,0,6,0,0,1,0,1,0,0,1,0,0,0,0,0,0,0,0,0,0,0,0,0,0,0,-1,0,0,0,0,0,0,0,0,0,0,0,0,0,0,0,0,0,-1,0,-1,0,0,-1,-1,-1,-1,0,0,0,0,-1,0,0,-1,0,1,0,[0|0|0|0|0|0|0|0]
210666051,Aspects of the Crucible: Bloom,0,540004,-1,-1,7,30,0,0,0,0,0,0,0,0,0,0,0,0.1,-1,0,0,0,0.3,0,0,0,-1,0,0,0,0,0,1,0,0,0,0,0,0,0,0,0,0,0,0,0,0,254,254,254,254,1,1,0,0,0,0,5,0,1,1,0,1,0,0,1,0,0,0,0,0,0,0,0,0,0,0,0,0,0,0,210666052,0.15,0.15,0,3,1,71,0,0,0,0,0,0,0,0,0,0,0,-1,0,-1,0,0,-1,-1,-1,-1,0,0,0,0,-1,0,0,-1,0,1,0,[0|0|0|0|0|0|0|0]
210666052,Aspects of the Crucible: Bloom,0,-1,-1,-1,0,30,0,0,0,0,10,0,0,10,10,0,0,0.1,0.4,0.1,0,0,0.3,0,0,0,210666053,0,0,0,0,0,1,0,0,0,0,0,0,0,0,0,0,0,0,0,0,254,254,254,254,1,0,0,0,0,0,2,0,1,0,0,1,0,0,1,0,0,0,0,0,0,0,0,0,0,0,0,0,360,0,-1,0,0,0,0,1,0,0,0,0,0,0,0,0,0,0,0,0,-1,0.5,-1,0,0,-1,-1,-1,-1,0,0,0,0,-1,0,0,-1,0,1,0,[0|0|0|0|0|0|0|0]
210666053,Aspects of the Crucible: Bloom,0,-1,-1,-1,0.3,0,0,999,999,0,0,0,0,999,0,0,0,0.1,-1,0,0,0,0.3,0,0,0,210666054,0,0,0,0,0,1,0,0,0,0,0,0,0,0,0,0,0,0,0,0,254,254,254,254,1,1,0,0,0,0,5,0,1,0,0,1,0,0,1,0,0,0,0,0,0,0,0,0,0,0,0,0,0,0,-1,0,0,0,0,1,0,0,0,0,0,0,0,0,0,0,0,0,-1,0,-1,0,0,-1,-1,-1,-1,0,0,0,0,-1,0,0,-1,0,1,0,[0|0|0|0|0|0|0|0]
210666054,Aspects of the Crucible: Bloom,210666050,540005,-1,-1,0.2,0,0,0,0,0,0,0,0,0,0,0,0,1.2,-1,0,0,0,0.3,0,0,0,-1,0,0,0,0,0,1,0,0,0,0,0,0,0,0,0,0,0,0,0,0,254,254,254,254,1,1,0,0,0,0,0,0,1,1,0,1,0,0,1,0,0,1,0,0,0,0,0,0,0,0,0,0,0,0,210666055,0.08,0.08,0,0,1,0,0,0,0,0,0,0,0,0,0,0,0,-1,0,-1,0,0,-1,-1,-1,-1,0,0,0,0,-1,0,0,-1,0,1,0,[0|0|0|0|0|0|0|0]
210666055,Aspects of the Crucible: Bloom,210666050,-1,-1,-1,0.2,0,0,0,0,0,100,0,0,100,100,0,0,0.5,-1,0,0,0,0.3,0,0,0,-1,0,0,0,0,0,1,0,0,0,0,0,0,0,0,0,0,89,0,0,0,254,254,254,254,1,0,0,0,0,0,2,0,1,0,0,1,0,0,1,0,0,1,0,0,0,0,0,0,0,0,0,0,0,0,-1,0,0,0,0,0,0,0,0,0,0,0,0,0,0,0,0,0,-1,0,-1,0,0,-1,-1,-1,-1,0,0,0,0,-1,0,0,-1,0,1,0,[0|0|0|0|0|0|0|0]
210667000,Minor Erdtree,1,-1,-1,-1,2,0,0,0,0,0,10,0,0,10,10,0,0,0.1,-1,0,0,0,1,0,0,0,210667001,0,0,0,0,0,1,0,0,0,0,0,0,0,0,0,0,-89,0,0,0,254,254,254,254,1,1,0,0,0,0,0,0,0,0,0,1,0,0,0,0,0,1,0,0,0,0,0,0,0,0,0,0,0,0,-1,0,0,0,0,0,0,0,0,0,0,0,0,0,0,0,0,0,-1,0,-1,0,0,-1,-1,-1,-1,0,0,0,0,-1,0,0,-1,0,1,0,[0|0|0|0|0|0|0|0]
210667001,Minor Erdtree,210667000,540012,-1,-1,30,0,0,0,0,0,0,0,0,0,0,0,0,0.3,3,2,0,0,1,0,0,0,-1,21667000,475,0,0,0,1,0,0,0,0,0,0,0,0,0,0,0,0,0,0,254,254,254,254,1,1,0,0,5,0,0,0,0,1,0,1,0,0,0,0,0,0,0,0,0,0,0,0,0,0,0,0,0,0,-1,0,0,0,0,0,72,0,0,0,0,0,0,0,0,0,0,0,-1,0,-1,0,0,-1,-1,-1,-1,0,0,0,0,-1,0,0,-1,0,1,0,[0|0|0|0|0|0|0|0]
210668009,Land of Shadow,210668001,542114,542115,-1,2,999,0,0,0,1,15,120,0,45,15,0,0,0.2,0.2,0,0,0,0.2,0,0,0,-1,0,0,0,0,0,1,20,0,0,0,0,0,0,0,0,0,0,0,0,0,254,254,254,254,0,0,0,0,0,0,0,0,0,0,0,1,0,0,1,0,0,0,1,0,0,0,0,0,0,0,0,0,0,0,-1,0,0,0,0,0,0,0,0,0,0,1,0,0,0,1,0,0,-1,0,-1,0,0,-1,-1,-1,-1,0,0,0,0,-1,0,0,-1,0,1,0,[0|0|0|0|0|0|0|0]
210669050,Wrath from Afar,0,542107,-1,-1,1.5,10,0,0,0,0,15,0,0,15,15,0,0,0.45,0.45,0,0,0,1,0,0,0,210669051,0,0,0,0,0,1,0,0,0,0,0,0,0,0,0,0,0,50,0,0,254,254,254,254,0,0,0,0,0,0,0,0,0,0,0,0,0,0,0,0,0,0,0,0,0,0,0,0,0,0,0,0,0,0,-1,0,0,0,0,0,0,0,0,0,0,0,0,0,0,0,0,0,-1,0,-1,0,0,-1,-1,-1,-1,0,0,0,0,-1,0,0,-1,0,1,0,[0|0|0|0|0|0|0|0]
210670007,Light of Miquella,1,541805,-1,-1,1.5,1,0,0,0,0,0,0,0,0,0,0,0,0.1,-1,0,0,0,0,0,0,0,210670008,0,0,0,0,0,1,0,0,0,0,0,0,0,0,0,0,0,0,0,0,254,254,254,254,1,1,0,0,0,0,0,0,0,1,0,0,0,0,1,0,0,0,0,0,0,0,0,0,0,0,0,0.13,0,0,-1,0,0,0,0,1,0,0,0,0,0,0,0,0,0,0,0,0,-1,0,-1,0,0,-1,-1,-1,-1,0,0,0,0,-1,0,0,-1,0,1,0,[0|0|0|0|0|0|0|0]
210670008,Light of Miquella,210670001,541806,-1,-1,0.2,1,0,0,0,0,0,0,0,0,0,0,0,1,-1,0,0,0,0,0,0,0,-1,0,0,0,0,0,1,0,0,0,0,0,0,0,0,0,0,0,0,0,0,254,254,254,254,1,1,0,0,0,0,0,0,0,1,0,0,0,0,1,0,0,0,0,0,0,0,0,0,0,0,0,0.13,0,0,-1,0,0,0,0,1,0,0,0,0,0,0,0,0,0,0,0,0,-1,0,-1,0,0,-1,-1,-1,-1,0,0,0,0,-1,0,0,-1,0,1,0,[0|0|0|0|0|0|0|0]
210690005,Knight's Lightning Spear,210690000,525502,525503,-1,0.77,30,0,0,0,0.4,30,40,40,30,30,0.32,0,0.1,-1,0,0,0,0.2,0,0,0,-1,0,0,0,0,0,1,42,0,0,0,0,0,0,0,0,0,0,30,0,0,254,254,254,254,0,0,0,0,0,0,0,0,0,0,0,1,0,0,1,0,0,1,1,0,1,0,1,0,0,0,0,0,0,0,-1,0,0,0,0,0,0,0,0,0,0,0,0,0,0,0,0,0,-1,0,-1,0,0,-1,-1,-1,-1,0,0,0,0,-1,0,0,-1,0,1,0,[0|0|0|0|0|0|0|0]
210690050,Knight's Lightning Spear,1,-1,-1,-1,0.06,999,0,0,0,0,20,0,0,20,20,0,0,0.1,-1,0,0,0,0.2,0,0,0,210690052,0,0,0,0,0,3,999,90,0,-45,0,0,0,0,0,0,60,30,0,0,254,254,254,254,0,0,0,0,0,0,0,0,0,0,0,1,0,0,0,0,0,1,0,0,1,0,0,0,0,0,0,0,0,0,-1,0,0,0,0,0,0,0,0,0,0,0,0,0,0,0,0,0,-1,0,-1,0,0,-1,-1,-1,-1,0,0,0,0,-1,0,0,-1,0,1,0,[0|0|0|0|0|0|0|0]
210690051,Knight's Lightning Spear,1,-1,-1,-1,0.06,999,0,0,0,0,20,0,0,20,20,0,0,0.1,-1,0,0,0,0.2,0,0,0,210690052,0,0,0,0,0,3,999,-90,0,-45,0,0,0,0,0,0,60,30,0,0,254,254,254,254,0,0,0,0,0,0,0,0,0,0,0,1,0,0,0,0,0,1,0,0,1,0,0,0,0,0,0,0,0,0,-1,0,0,0,0,0,0,0,0,0,0,0,0,0,0,0,0,0,-1,0,-1,0,0,-1,-1,-1,-1,0,0,0,0,-1,0,0,-1,0,1,0,[0|0|0|0|0|0|0|0]
210690055,Knight's Lightning Spear,210690050,525507,525508,-1,0.77,30,0,0,0,0.4,30,40,40,30,30,0.32,0,0.1,-1,0,0,0,0.2,0,0,0,210690057,0,0,0,0,0,1,42,0,0,0,0,0,0,0,0,0,0,30,0,0,254,254,254,254,0,0,0,0,0,0,0,0,0,0,0,1,0,0,1,0,0,1,1,0,1,0,1,0,0,0,0,0,0,0,-1,0,0,0,0,0,0,0,0,0,0,0,0,0,0,0,0,0,-1,0,-1,0,0,-1,-1,-1,-1,0,0,0,0,-1,0,0,-1,0,1,0,[0|0|0|0|0|0|0|0]
210700000,Bayle's Tyranny,210700000,540403,-1,-1,1,0,0,0,0,0,0,0,0,0,0,0,0,3,5,0.2,0,0,0.2,0,0,0,-1,0,0,0,0,0,1,0,0,0,0,0,0,0,0,0,0,0,0,0,0,254,254,254,254,0,0,0,0,0,0,0,0,0,1,0,1,0,0,0,0,0,1,0,0,0,0,0,0,0,0,0,0,0,0,-1,0,0,0,0,0,0,0,0,0,0,0,0,0,0,0,0,0,-1,0,-1,0,0,-1,-1,-1,-1,0,0,0,0,-1,0,0,-1,0,1,0,[0|0|0|0|0|0|0|0]
210700001,Bayle's Tyranny,1,-1,-1,-1,0.3,0,0,0,0,0,15,0,0,15,15,0,0,0.1,0.1,0,0,0,0.2,0,0,0,210700002,0,0,0,0,0,8,0,0,45,0,0,0,0,0,0,0,0,0,0,0,254,254,254,254,0,0,0,0,0,0,0,0,0,0,0,1,0,0,0,0,0,1,0,0,0,0,0,0,0,0,0,0,5,0,-1,0,0,0,0,0,0,0,0,0,0,0,0,0,0,0,0,0,-1,0.1,-1,0,0,-1,-1,-1,-1,0,0,0,0,-1,0,0,-1,0,1,0,[0|0|0|0|0|0|0|0]
210720000,Rotten Butterflies,0,-1,-1,-1,0.25,15,0.1,-1,-1,0,10,0,0,10,10,0,0,1,-1,0,0,0,0.2,0,0,0,210720002,0,0,0,0,0,4,0,45,90,0,0,0,0,0,0,0,0,0,0,0,254,254,254,254,1,1,0,0,0,0,0,0,0,1,0,1,0,0,0,0,0,1,0,0,0,0,0,0,0,0,0,0,0,0,-1,0,0,0,0,1,0,0,0,0,0,0,0,0,0,0,15,0,-1,0,-1,0,0,-1,-1,-1,-1,0,0,0,0,-1,0,0,-1,0,1,-1,[0|0|0|0|0|0|0|0]
210720001,Rotten Butterflies,0,-1,-1,-1,0.5,15,0.1,-1,-1,0,10,0,0,10,10,0,0,1,-1,0,0,0,0.2,0,0,0,210720002,0,0,0,0,0,8,0,0,45,0,0,0,0,0,0,0,0,0,0,0,254,254,254,254,1,1,0,0,0,0,0,0,0,1,0,1,0,0,0,0,0,1,0,0,0,0,0,0,0,0,0,0,0,0,-1,0,0,0,0,1,0,0,0,0,0,0,0,0,0,0,15,0,-1,0,-1,0,0,-1,-1,-1,-1,0,0,0,0,-1,0,0,-1,0,1,-1,[0|0|0|0|0|0|0|0]
210720002,Rotten Butterflies,0,541002,-1,-1,3,15,0,0,0,0,0,0,0,0,0,0,0,2,-1,0,0,0,0.2,0,0,0,210720003,0,0,0,0,0,1,0,0,0,0,0,0,0,0,0,0,0,0,0,0,254,254,254,254,1,1,1,0,0,0,5,0,0,1,0,1,0,0,0,0,0,1,0,0,0,0,0,0,0,0,0,0,0,0,-1,0,0,0,0,1,0,0,0,0,0,0,0,0,0,0,0,0,-1,0,-1,0,0,-1,-1,-1,-1,0,0,0,0,-1,0,0,-1,0,1,-1,[0|0|0|0|0|0|0|0]
210720003,Rotten Butterflies,0,541003,-1,-1,1,15,0,0,0,0,0,0,0,0,0,0,0,2,-1,0,0,0,0.2,0,0,0,210720004,0,0,0,0,0,1,0,0,0,0,0,0,0,0,0,0,0,0,0,0,254,254,254,254,1,1,0,0,0,0,5,0,0,1,0,1,0,0,0,0,0,1,0,0,0,0,0,0,0,0,0,0,0,0,-1,0,0,0,0,1,0,0,0,0,0,0,0,0,0,0,0,0,-1,1,-1,0,0,-1,-1,-1,-1,0,0,0,0,-1,0,0,-1,0,1,-1,[0|0|0|0|0|0|0|0]
210720004,Rotten Butterflies,210720001,541004,-1,-1,0.3,15,0,0,0,0,0,0,0,0,0,0,0,2.2,-1,0,0,0,0.2,0,0,0,-1,21720000,0,0,0,0,1,0,0,0,0,0,0,0,0,0,0,0,0,0,0,254,254,254,254,1,1,0,0,0,0,5,0,0,1,0,1,0,0,0,0,0,1,0,0,0,0,0,0,0,0,0,0,0,0,-1,0,0,0,0,1,0,0,0,0,0,0,0,0,0,0,0,0,-1,0,-1,0,6,-1,-1,-1,-1,0,0,0,0,-1,0,0,-1,0,1,-1,[0|0|0|0|0|0|0|0]
210720005,Rotten Butterflies,0,-1,-1,-1,0.5,15,0,0,0,0,0,0,0,0,0,0,0,2,-1,0,0,0,0.2,0,0,0,-1,0,0,0,0,0,1,0,0,0,0,0,0,0,0,0,0,0,0,0,0,254,254,254,254,1,1,0,0,0,0,0,0,0,1,0,1,0,0,0,0,0,1,0,0,0,0,0,0,0,0,0,0,0,0,-1,0,0,0,0,1,0,0,0,0,0,0,0,0,0,0,0,0,-1,0,-1,0,6,-1,-1,-1,-1,0,0,0,0,-1,0,0,-1,0,1,-1,[0|0|0|0|0|0|0|0]
210730011,Midra's Flame of Frenzy,0,-1,-1,-1,1,0,1,0,0,0,0,0,0,0,0,0,0,5,5,0,0,0,0.4,0,0,0,-1,21730002,0,0,0,0,1,0,0,0,0,0,0,0,0,0,0,0,0,0,0,254,254,254,254,1,1,0,0,0,0,0,0,0,1,0,1,0,0,1,0,0,1,1,0,0,0,0,0,0,0,0,0,0,0,-1,0,0,0,0,1,0,0,0,0,0,0,0,0,0,0,0,0,-1,0,-1,0,0,-1,-1,-1,-1,0,0,0,0,-1,0,0,-1,0,1,0,[0|0|0|0|0|0|0|0]
210741050,Fleeting Microcosm,0,-1,-1,-1,0.1,10,0,0,0,0,200,0,0,200,200,0,0,0.1,-1,0,0,0,0,0,0,0,210741051,0,0,0,0,0,1,360,0,0,0,0,0,0,0,0,0,0,90,0,0,254,254,254,254,0,0,0,0,0,0,0,0,0,0,0,0,0,0,0,0,0,1,0,0,1,0,0,0,0,0,0,0,0,0,-1,0,0,0,0,0,0,0,0,0,0,0,0,0,0,0,0,0,-1,0,-1,0,0,-1,-1,-1,-1,0,0,0,0,-1,0,0,-1,0,1,0,[0|0|0|0|0|0|0|0]
210742000,Cherishing Fingers,1,-1,-1,-1,0.1,0,0,0,0,0,0,0,0,0,0,0,0,0.1,-1,0,0,0,0.5,0,0,0,210742001,0,0,0,0,0,1,0,0,0,0,0,0,0,0,0,0,0,0,0,0,254,254,254,254,1,1,0,0,0,0,0,0,0,1,0,1,0,0,0,0,0,1,0,0,0,0,0,0,0,0,0,0,0,0,210742005,0.08,0.08,0,0,1,0,0,0,0,0,0,0,0,0,0,0,0,-1,0,-1,0,0,-1,-1,-1,-1,0,0,0,0,-1,0,0,-1,0,1,0,[0|0|0|0|0|0|0|0]
210742050,Cherishing Fingers,1,-1,-1,-1,0.1,0,0,0,0,0,0,0,0,0,0,0,0,0.1,-1,0,0,0,0.5,0,0,0,210742051,0,0,0,0,0,1,0,0,0,0,0,0,0,0,0,0,0,0,0,0,254,254,254,254,1,1,0,0,0,0,0,0,0,1,0,1,0,0,0,0,0,1,0,0,0,0,0,0,0,0,0,0,0,0,210742055,0.08,0.08,0,0,1,0,0,0,0,0,0,0,0,0,0,0,0,-1,0,-1,0,0,-1,-1,-1,-1,0,0,0,0,-1,0,0,-1,0,1,0,[0|0|0|0|0|0|0|0]
210760000,Watchful Spirit,1,541501,541502,-1,10,12,0,0,0,0,0,0,0,0,0,0,0,0.1,-1,0,0,0,0,0,0,1007000,-1,0,0,0,0,0,1,0,0,0,0,0,0,0,0,0,0,0,0,0,0,254,254,254,254,0,0,0,0,0,1,0,0,0,0,0,0,0,0,0,0,0,1,0,0,0,0,0,0,0,1,1,0,0,0,210760001,2,2,0,2,1,0,0,0,0,0,0,0,0,1,0,0,0,-1,0,-1,0,0,-1,-1,-1,-1,0,0,0,0,-1,0,0,189,0,1,0,[0|0|0|0|0|0|0|0]
210760001,Watchful Spirit,210760000,541503,541504,-1,4,12,0,0,0,1,2,1,1,5,2,0,1,0.2,-1,0,0,0,0,0,0,0,-1,0,0,0,0,0,1,90,0,0,0,0,0,0,0,0,0,0,50,0,0,254,254,254,254,0,0,0,0,0,0,0,0,0,0,0,0,0,0,1,0,0,1,1,0,0,0,1,0,0,0,0,0,0,0,-1,0,0,0,0,0,0,0,0,0,0,1,0,0,1,0,0,0,-1,0,-1,0,0,-1,-1,-1,-1,0,0,0,0,-1,0,0,-1,0,1,0,[0|0|0|0|0|0|0|0]
210772002,Spira,0,541322,-1,-1,0.95,1,0,0,0,0,0,0,0,0,0,0,0,0.3,0.3,1,0,0,0.5,0,0,0,210772003,0,0,0,0,0,1,0,0,0,0,0,0,0,0,0,0,0,0,0,0,254,254,254,254,1,1,0,0,0,0,0,0,0,1,0,1,0,0,0,0,0,0,0,0,0,0,0,0,0,0,0,0,0,0,-1,0,0,0,0,1,0,0,0,0,0,0,0,0,0,0,0,0,-1,0,-1,0,0,-1,-1,-1,-1,0,0,0,0,-1,0,0,-1,0,1,0,[0|0|0|0|0|0|0|0]
210773000,Divine Beast Tornado,210773000,541402,-1,-1,1.5,5,0,0,0,0.5,10,-1,-7,10,2,0,0,0.3,-1,0,0,0,0.9,0,0,0,-1,0,0,0,0,0,1,15,0,0,0,0,0,0,0,0,0,0,60,0,0,254,254,254,254,1,1,0,0,0,0,0,0,0,0,0,1,0,0,0,0,0,1,0,0,0,0,0,0,0,0,0,0,0,0,210773001,0.15,0.15,0,0,1,0,0,0,0,0,0,0,0,0,0,0,0,-1,0,-1,0,0,-1,-1,-1,-1,0,0,0,0,-1,0,0,-1,0,1,-1,[0|0|0|0|0|0|0|0]
210773050,Divine Beast Tornado,210773050,541407,-1,-1,2.5,3,0,0,0,0.5,17,2,-13,17,3,0,0,0.3,-1,0,0,0,0.9,0,0,0,-1,0,0,0,0,0,1,15,0,0,0,0,0,0,0,0,0,0,60,0,0,254,254,254,254,1,1,0,0,0,0,0,0,0,0,0,1,0,0,0,0,0,1,0,0,0,0,0,0,0,0,0,0,0,0,210773051,0.15,0.15,0,0,1,0,0,0,0,0,0,0,0,0,0,0,0,-1,0,-1,0,0,-1,-1,-1,-1,0,0,0,0,-1,0,0,-1,0,1,-1,[0|0|0|0|0|0|0|0]
210774000,Divine Bird Feathers,210774000,541352,541353,-1,0.18,6,0.1,0,0,1,40,0,0,40,40,0,0,0.1,-1,0,0,0,0.3,0,0,0,-1,0,0,0,0,0,2,2,0,0,0,0,0,0,0,0,0,0,35,0,0,254,254,254,254,0,0,0,0,0,0,0,0,0,0,0,1,0,0,0,1,0,1,0,0,0,1,0,0,0,0,0,0,40,8,-1,0,0,0,0,0,0,0,0,0,0,0,0,0,0,0,0,0,-1,0.06,-1,0,0,-1,-1,-1,-1,0,0,0,0,-1,0,0,-1,0,1,0,[0|0|0|0|0|0|0|0]
210781001,Rain of Fire,1,-1,-1,-1,4,0,0,0,0,0,0,0,0,0,0,0,0,0.1,-1,0,0,0,0.6,0,0,0,-1,0,0,0,0,0,1,999,0,0,0,0,0,0,0,0,0,0,0,0,0,254,254,254,254,1,1,0,0,0,0,2,0,0,1,0,1,0,0,0,0,0,0,0,0,0,0,0,0,0,0,0,0,0,0,210781002,0.8,1,0,0,1,76,0,0,0,0,0,0,0,0,1,0,0,-1,0,0,0,0,-1,-1,-1,-1,0,0,0,0,-1,0,0,-1,0,0,0,[0|0|0|0|0|0|0|0]
210781002,Rain of Fire,1,-1,-1,-1,0.06,0,0,0,0,0,100,0,0,100,100,0,0,0.1,-1,0,0,0,0.6,0,0,0,210781003,0,0,0,0,0,1,0,0,0,0,0,0,0,0,0,0,89,0,0,0,254,254,254,254,1,1,0,0,0,0,2,0,0,0,0,1,0,0,0,0,0,1,0,0,0,0,0,0,0,0,0,0,0,0,-1,0,0,0,0,0,0,0,0,0,0,0,0,0,0,1,0,0,-1,0,-1,0,0,-1,-1,-1,-1,0,0,0,0,-1,0,0,-1,0,0,1,[0|0|0|0|0|0|0|0]
210781003,Rain of Fire,1,-1,-1,-1,0.2,0,0,999,999,0,3.5,0,0,3.5,3.5,0,0,0.1,-1,0,0,0,0.6,0,0,0,210781004,0,0,0,0,0,1,0,0,0,0,0,0,0,0,0,0,0,0,0,0,254,254,254,254,1,1,0,0,0,0,0,0,0,1,0,1,0,0,0,0,0,1,0,0,0,0,0,0,0,0,0,0,0,0,-1,0,0,0,0,1,0,0,0,0,0,0,0,0,0,1,0,0,-1,0,-1,0,0,-1,-1,-1,-1,0,0,0,0,-1,0,0,-1,0,0,0,[0|0|0|0|0|0|0|0]
210781004,Rain of Fire,1,-1,-1,-1,0.06,0,0,0,0,0,30,0,0,30,30,0,0,0.1,-1,0,0,0,0.6,0,0,0,210781005,0,0,0,0,0,10,0,0,0,0,0,0,0,0,0,0,0,0,0,0,254,254,254,254,1,0,0,0,0,0,5,0,0,0,0,1,0,0,0,0,0,1,0,0,0,0,0,0,0,0,0,0,360,0,-1,0,0,0,0,1,0,0,0,0,0,0,0,0,0,1,0,0,-1,0.1,-1,0,0,-1,-1,-1,-1,0,0,0,0,-1,0,0,-1,0,0,1,[0|0|0|0|0|0|0|0]
210781005,Rain of Fire,1,542022,-1,-1,1.5,0,0,0,0,0,0,0,0,0,0,0,0,0.1,0.5,0,0,0,0.6,0,0,0,-1,0,0,0,0,0,1,0,0,0,0,0,0,0,0,0,0,-89,0,0,0,254,254,254,254,1,1,0,0,0,0,5,0,0,1,0,1,0,0,0,0,0,1,0,0,0,0,0,0,0,0,0,0,5,0,210781006,0.4,0.9,0,0,1,0,0,0,0,0,0,0,0,0,1,0,0,-1,0,-1,0,0,-1,-1,-1,-1,0,0,0,0,-1,0,0,-1,0,0,0,[0|0|0|0|0|0|0|0]
210781006,Rain of Fire,210781000,542023,-1,-1,1.5,0,0,0,0,0,40,0,0,40,40,0,0,0.1,0.5,0.06,0,0,0.6,0,0,0,210781007,0,0,0,0,0,1,30,0,0,0,0,0,0,0,0,0,-89,0,0,0,254,254,254,254,0,0,0,0,0,0,0,0,0,0,0,1,0,0,1,0,0,1,1,0,0,0,0,0,0,0,0,0,20,10,-1,0,0,0,0,0,0,0,0,0,0,0,0,0,0,1,0,0,-1,0,-1,0,0,-1,-1,-1,-1,0,0,0,0,-1,0,0,-1,0,0,0,[0|0|0|0|0|0|0|0]
210781007,Rain of Fire,210781001,542024,-1,-1,0.3,0,0,0,0,0,0,0,0,0,0,0,0,1,-1,0,0,0,0.6,0,0,0,-1,0,0,0,0,0,1,0,0,0,0,0,0,0,0,0,0,0,0,0,0,254,254,254,254,0,1,0,0,0,0,0,0,0,1,0,1,0,0,0,0,0,1,0,0,0,0,0,0,0,0,0,0,0,0,-1,0,0,0,0,0,0,0,0,0,0,0,0,0,0,1,0,0,-1,0,-1,0,0,-1,-1,-1,-1,0,0,0,0,-1,0,0,-1,0,0,1,[0|0|0|0|0|0|0|0]
210781050,Rain of Fire,0,-1,-1,-1,0.06,25,0,0,0,0,0,0,0,0,0,0,0,0.1,-1,0,0,0,0,0,0,0,210781051,0,0,0,0,0,1,0,0,0,0,0,0,0,0,0,0,0,0,0,0,254,254,254,254,1,1,0,0,0,0,6,0,0,1,0,0,0,0,0,0,0,1,0,0,0,0,0,0,0,0,0,0,0,0,-1,0,0,0,0,0,0,0,0,0,0,0,0,0,0,1,0,0,-1,0,-1,0,0,-1,-1,-1,-1,0,0,0,0,-1,0,0,-1,0,1,0,[0|0|0|0|0|0|0|0]
210781051,Rain of Fire,1,-1,-1,-1,4,0,0,0,0,0,0,0,0,0,0,0,0,0.1,-1,0,0,0,0.6,0,0,0,-1,0,0,0,0,0,1,999,0,0,0,0,0,0,0,0,0,0,0,0,0,254,254,254,254,1,1,0,0,0,0,2,0,0,1,0,1,0,0,0,0,0,0,0,0,0,0,0,0,0,0,0,0,0,0,210781052,0.8,1,0,0,1,76,0,0,0,0,0,0,0,0,1,0,0,-1,0,0,0,0,-1,-1,-1,-1,0,0,0,0,-1,0,0,-1,0,0,0,[0|0|0|0|0|0|0|0]
210781052,Rain of Fire,1,-1,-1,-1,0.06,0,0,0,0,0,100,0,0,100,100,0,0,0.1,-1,0,0,0,0.6,0,0,0,210781053,0,0,0,0,0,1,0,0,0,0,0,0,0,0,0,0,89,0,0,0,254,254,254,254,1,1,0,0,0,0,2,0,0,0,0,1,0,0,0,0,0,1,0,0,0,0,0,0,0,0,0,0,0,0,-1,0,0,0,0,0,0,0,0,0,0,0,0,0,0,1,0,0,-1,0,-1,0,0,-1,-1,-1,-1,0,0,0,0,-1,0,0,-1,0,0,1,[0|0|0|0|0|0|0|0]
210781053,Rain of Fire,1,-1,-1,-1,0.2,0,0,999,999,0,3.5,0,0,3.5,3.5,0,0,0.1,-1,0,0,0,0.6,0,0,0,210781054,0,0,0,0,0,1,0,0,0,0,0,0,0,0,0,0,0,0,0,0,254,254,254,254,1,1,0,0,0,0,0,0,0,1,0,1,0,0,0,0,0,1,0,0,0,0,0,0,0,0,0,0,0,0,-1,0,0,0,0,1,0,0,0,0,0,0,0,0,0,1,0,0,-1,0,-1,0,0,-1,-1,-1,-1,0,0,0,0,-1,0,0,-1,0,0,0,[0|0|0|0|0|0|0|0]
210781054,Rain of Fire,1,-1,-1,-1,0.06,0,0,0,0,0,30,0,0,30,30,0,0,0.1,-1,0,0,0,0.6,0,0,0,210781055,0,0,0,0,0,10,0,0,0,0,0,0,0,0,0,0,0,0,0,0,254,254,254,254,1,0,0,0,0,0,5,0,0,0,0,1,0,0,0,0,0,1,0,0,0,0,0,0,0,0,0,0,360,0,-1,0,0,0,0,1,0,0,0,0,0,0,0,0,0,1,0,0,-1,0.1,-1,0,0,-1,-1,-1,-1,0,0,0,0,-1,0,0,-1,0,0,1,[0|0|0|0|0|0|0|0]
210781055,Rain of Fire,1,542022,-1,-1,1.5,0,0,0,0,0,0,0,0,0,0,0,0,0.1,0.5,0,0,0,0.6,0,0,0,-1,0,0,0,0,0,1,0,0,0,0,0,0,0,0,0,0,-89,0,0,0,254,254,254,254,1,1,0,0,0,0,5,0,0,1,0,1,0,0,0,0,0,1,0,0,0,0,0,0,0,0,0,0,5,0,210781056,0.4,0.9,0,0,1,0,0,0,0,0,0,0,0,0,1,0,0,-1,0,-1,0,0,-1,-1,-1,-1,0,0,0,0,-1,0,0,-1,0,0,0,[0|0|0|0|0|0|0|0]
210781056,Rain of Fire,210781050,542023,-1,-1,1.5,0,0,0,0,0,40,0,0,40,40,0,0,0.1,0.5,0.06,0,0,0.6,0,0,0,210781057,0,0,0,0,0,1,30,0,0,0,0,0,0,0,0,0,-89,0,0,0,254,254,254,254,0,0,0,0,0,0,0,0,0,0,0,1,0,0,1,0,0,1,1,0,0,0,0,0,0,0,0,0,20,10,-1,0,0,0,0,0,0,0,0,0,0,0,0,0,0,1,0,0,-1,0,-1,0,0,-1,-1,-1,-1,0,0,0,0,-1,0,0,-1,0,0,0,[0|0|0|0|0|0|0|0]
210781057,Rain of Fire,210781051,542024,-1,-1,0.3,0,0,0,0,0,0,0,0,0,0,0,0,1,-1,0,0,0,0.6,0,0,0,-1,0,0,0,0,0,1,0,0,0,0,0,0,0,0,0,0,0,0,0,0,254,254,254,254,0,1,0,0,0,0,0,0,0,1,0,1,0,0,0,0,0,1,0,0,0,0,0,0,0,0,0,0,0,0,-1,0,0,0,0,0,0,0,0,0,0,0,0,0,0,1,0,0,-1,0,-1,0,0,-1,-1,-1,-1,0,0,0,0,-1,0,0,-1,0,0,1,[0|0|0|0|0|0|0|0]
