ID,Name,disableParam_NT,disableParamReserve1,disableParamReserve2,behaviorVariationId,sortId,wanderingEquipId,weight,weaponWeightRate,fixPrice,reinforcePrice,sellValue,correctStrength,correctAgility,correctMagic,correctFaith,physGuardCutRate,magGuardCutRate,fireGuardCutRate,thunGuardCutRate,spEffectBehaviorId0,spEffectBehaviorId1,spEffectBehaviorId2,residentSpEffectId,residentSpEffectId1,residentSpEffectId2,materialSetId,originEquipWep,originEquipWep1,originEquipWep2,originEquipWep3,originEquipWep4,originEquipWep5,originEquipWep6,originEquipWep7,originEquipWep8,originEquipWep9,originEquipWep10,originEquipWep11,originEquipWep12,originEquipWep13,originEquipWep14,originEquipWep15,weakA_DamageRate,weakB_DamageRate,weakC_DamageRate,weakD_DamageRate,sleepGuardResist_MaxCorrect,madnessGuardResist_MaxCorrect,saWeaponDamage,equipModelId,iconId,durability,durabilityMax,attackThrowEscape,parryDamageLife,attackBasePhysics,attackBaseMagic,attackBaseFire,attackBaseThunder,attackBaseStamina,guardAngle,saDurability,staminaGuardDef,reinforceTypeId,trophySGradeId,trophySeqId,throwAtkRate,bowDistRate,equipModelCategory,equipModelGender,weaponCategory,wepmotionCategory,guardmotionCategory,atkMaterial,defSeMaterial1,correctType_Physics,spAttribute,spAtkcategory,wepmotionOneHandId,wepmotionBothHandId,properStrength,properAgility,properMagic,properFaith,overStrength,attackBaseParry,defenseBaseParry,guardBaseRepel,attackBaseRepel,guardCutCancelRate,guardLevel,slashGuardCutRate,blowGuardCutRate,thrustGuardCutRate,poisonGuardResist,diseaseGuardResist,bloodGuardResist,curseGuardResist,atkAttribute,rightHandEquipable,leftHandEquipable,bothHandEquipable,arrowSlotEquipable,boltSlotEquipable,enableGuard,enableParry,enableMagic,enableSorcery,enableMiracle,enableVowMagic,isNormalAttackType,isBlowAttackType,isSlashAttackType,isThrustAttackType,isEnhance,isHeroPointCorrect,isCustom,disableBaseChangeReset,disableRepair,isDarkHand,simpleModelForDlc,lanternWep,isVersusGhostWep,baseChangeCategory,isDragonSlayer,isDeposit,disableMultiDropShare,isDiscard,isDrop,showLogCondType,enableThrow,showDialogCondType,disableGemAttr,defSfxMaterial1,wepCollidableType0,wepCollidableType1,postureControlId_Right,postureControlId_Left,traceSfxId0,traceDmyIdHead0,traceDmyIdTail0,traceSfxId1,traceDmyIdHead1,traceDmyIdTail1,traceSfxId2,traceDmyIdHead2,traceDmyIdTail2,traceSfxId3,traceDmyIdHead3,traceDmyIdTail3,traceSfxId4,traceDmyIdHead4,traceDmyIdTail4,traceSfxId5,traceDmyIdHead5,traceDmyIdTail5,traceSfxId6,traceDmyIdHead6,traceDmyIdTail6,traceSfxId7,traceDmyIdHead7,traceDmyIdTail7,defSfxMaterial2,defSeMaterial2,absorpParamId,toughnessCorrectRate,isValidTough_ProtSADmg,isDualBlade,isAutoEquip,isEnableEmergencyStep,invisibleOnRemo,unknown_0x17c_5,isArrow,isWeaponCatalyst,correctType_Magic,correctType_Fire,correctType_Thunder,weakE_DamageRate,weakF_DamageRate,darkGuardCutRate,attackBaseDark,correctType_Dark,correctType_Poison,sortGroupId,atkAttribute2,sleepGuardResist,madnessGuardResist,correctType_Blood,properLuck,freezeGuardResist,autoReplenishType,swordArtsParamId,correctLuck,arrowBoltEquipId,DerivationLevelType,enchantSfxSize,wepType,physGuardCutRate_MaxCorrect,magGuardCutRate_MaxCorrect,fireGuardCutRate_MaxCorrect,thunGuardCutRate_MaxCorrect,darkGuardCutRate_MaxCorrect,poisonGuardResist_MaxCorrect,diseaseGuardResist_MaxCorrect,bloodGuardResist_MaxCorrect,curseGuardResist_MaxCorrect,freezeGuardResist_MaxCorrect,staminaGuardDef_MaxCorrect,residentSfxId_1,residentSfxId_2,residentSfxId_3,residentSfxId_4,residentSfx_DmyId_1,residentSfx_DmyId_2,residentSfx_DmyId_3,residentSfx_DmyId_4,staminaConsumptionRate,vsPlayerDmgCorrectRate_Physics,vsPlayerDmgCorrectRate_Magic,vsPlayerDmgCorrectRate_Fire,vsPlayerDmgCorrectRate_Thunder,vsPlayerDmgCorrectRate_Dark,vsPlayerDmgCorrectRate_Poison,vsPlayerDmgCorrectRate_Blood,vsPlayerDmgCorrectRate_Freeze,attainmentWepStatusStr,attainmentWepStatusDex,attainmentWepStatusMag,attainmentWepStatusFai,attainmentWepStatusLuc,attackElementCorrectId,saleValue,reinforceShopCategory,maxArrowQuantity,residentSfx_1_IsVisibleForHang,residentSfx_2_IsVisibleForHang,residentSfx_3_IsVisibleForHang,residentSfx_4_IsVisibleForHang,isSoulParamIdChange_model0,isSoulParamIdChange_model1,isSoulParamIdChange_model2,isSoulParamIdChange_model3,wepSeIdOffset,baseChangePrice,levelSyncCorrectId,correctType_Sleep,correctType_Madness,rarity,gemMountType,wepRegainHp,spEffectMsgId0,spEffectMsgId1,spEffectMsgId2,originEquipWep16,originEquipWep17,originEquipWep18,originEquipWep19,originEquipWep20,originEquipWep21,originEquipWep22,originEquipWep23,originEquipWep24,originEquipWep25,vsPlayerDmgCorrectRate_Sleep,vsPlayerDmgCorrectRate_Madness,saGuardCutRate,defMaterialVariationValue,spAttributeVariationValue,stealthAtkRate,vsPlayerDmgCorrectRate_Disease,vsPlayerDmgCorrectRate_Curse,restrictSpecialSwordArt,pad,
2530000,Carian Sorcery Sword,0,0,[0|0|0],500,1407000,0,2.5,0,500,190,500,10,39,39,0,34,48,24,24,-1,-1,-1,5025300,20018694,-1,0,2530000,2530000,2530000,2530000,2530000,2530000,2530000,2530000,2530000,2530000,2530000,2530000,2530000,2530000,2530000,2530000,1,1,1,1,15,15,4,270,12213,0,0,1,10,73,73,0,0,29,60,0,19,0,-1,-1,10,-1,7,0,2,27,2,0,100,0,10,293,0,10,10,19,16,0,99,0,0,10,40,0,1,0,0,0,9,9,9,9,3,1,1,1,0,0,0,0,1,0,0,0,1,0,0,1,0,0,1,0,0,0,0,0,0,0,0,1,0,1,1,1,1,2,1,106,1,1,5,5,401000,300,301,-1,-1,-1,-1,-1,-1,-1,-1,-1,-1,-1,-1,-1,-1,-1,-1,-1,-1,-1,-1,-1,139,139,23,0.014,0,0,0,1,1,0,0,1,4,0,0,1,1,24,0,0,6,50,2,9,9,6,0,9,0,5590,0,0,0,0,15,15,15,15,15,15,15,15,15,15,15,0,-1,-1,-1,-1,-1,-1,-1,-1,0.985,1,1,1,1,1,1,1,1,-1,-1,-1,-1,-1,10000,0,1,1,0,0,0,0,1,0,0,0,0,1300,310,6,6,2,0,60,-1,-1,-1,2530000,2530000,2530000,2530000,2530000,2530000,2530000,2530000,2530000,2530000,1,1,0,0,3,0,1,1,0,[0|0|0|0|0|0|0]
3150000,Marais Executioner's Sword,1,0,[0|0|0],315,1212000,0,11.5,0,850,660,1000,63,7,0,0,68,49,36,36,-1,-1,-1,-1,-1,-1,2200,3150000,3150000,3150000,3150000,3150000,3150000,3150000,3150000,3150000,3150000,3150000,-1,-1,-1,-1,-1,1,1,1,1,15,15,5.5,625,10095,0,0,1,10,94,61,0,0,69,60,0,46,2200,2,-1,0,-1,7,0,1,25,2,0,100,7,10,130,2,12,24,14,0,0,99,0,0,10,70,0,1,0,0,0,22,22,22,22,3,1,1,1,0,0,0,0,0,0,0,0,1,0,0,1,1,0,1,0,0,0,0,0,0,0,0,1,0,1,1,1,1,2,1,106,2,1,7,7,401000,300,301,-1,-1,-1,-1,-1,-1,-1,-1,-1,-1,-1,-1,-1,-1,-1,-1,-1,-1,-1,-1,-1,139,139,25,0.059,1,0,0,1,1,0,0,0,4,0,0,1,1,36,0,0,6,30,2,22,22,6,23,22,0,1012,30,0,0,1,5,15,15,15,15,15,15,15,15,15,15,0,-1,-1,-1,-1,-1,-1,-1,-1,1.06,1,1,1,1,1,1,1,1,-1,-1,-1,-1,-1,10100,0,1,1,0,0,0,0,1,0,0,0,0,6600,310,6,6,3,0,60,-1,-1,-1,-1,-1,-1,-1,-1,-1,-1,-1,-1,-1,1,1,0,0,0,0,1,1,0,[0|0|0|0|0|0|0]
9040000,Rivers of Blood,1,0,[0|0|0],906,1805000,0,6.5,0,300,360,500,10,50,0,0,36,26,52,26,6401,-1,-1,-1,-1,-1,2200,9040000,9040000,9040000,9040000,9040000,9040000,9040000,9040000,9040000,9040000,9040000,-1,-1,-1,-1,-1,1,1,1,1,15,15,5,554,10324,0,0,1,10,76,0,76,0,45,60,0,31,2200,-1,-1,0,-1,7,0,3,29,2,0,100,7,11,0,0,10,12,18,0,0,99,0,0,10,40,0,1,0,0,0,15,15,15,15,0,1,1,1,0,0,0,0,0,0,0,0,0,0,1,1,1,0,1,0,0,0,0,0,0,0,0,1,0,1,1,1,1,2,1,106,1,1,5,5,401000,300,-1,421000,300,-1,-1,-1,-1,-1,-1,-1,-1,-1,-1,-1,-1,-1,-1,-1,-1,-1,-1,-1,139,139,29,0.015,0,0,0,1,1,0,0,0,0,4,0,1,1,26,0,0,6,90,2,15,15,6,20,15,0,1177,33,0,0,0,13,15,15,15,15,15,15,15,15,15,15,0,-1,-1,-1,-1,-1,-1,-1,-1,1.07,1,1,1,1,1,1,1,1,-1,-1,-1,-1,-1,10100,0,1,1,0,0,0,0,1,0,0,0,0,3600,310,6,6,2,0,60,6501,-1,-1,-1,-1,-1,-1,-1,-1,-1,-1,-1,-1,1,1,0,0,3,0,1,1,0,[0|0|0|0|0|0|0]
9060000,Moonveil,1,0,[0|0|0],905,1804000,0,6.5,0,300,360,500,12,50,60,0,31,57,26,26,6401,-1,-1,-1,-1,-1,2200,9060000,9060000,9060000,9060000,9060000,9060000,9060000,9060000,9060000,9060000,9060000,-1,-1,-1,-1,-1,1,1,1,1,15,15,5,556,10326,0,0,1,10,73,87,0,0,45,60,0,31,2200,-1,-1,0,-1,7,0,3,29,2,0,100,0,10,0,0,10,12,18,23,0,99,0,0,10,40,0,1,0,0,0,15,15,15,15,0,1,1,1,0,0,0,0,0,0,0,0,0,0,1,1,1,0,1,0,0,0,0,0,0,0,0,1,0,1,1,1,1,2,1,106,1,1,5,5,401000,300,-1,635020,300,-1,-1,-1,-1,-1,-1,-1,-1,-1,-1,-1,-1,-1,-1,-1,-1,-1,-1,-1,139,139,29,0.015,0,0,0,1,1,0,0,0,4,0,0,1,1,26,0,0,6,90,2,15,15,6,0,15,0,1178,0,0,0,0,13,15,15,15,15,15,15,15,15,15,15,0,-1,-1,-1,-1,-1,-1,-1,-1,1.07,1,1,1,1,1,1,1,1,-1,-1,-1,-1,-1,10000,0,1,1,0,0,0,0,1,0,0,0,0,3600,310,6,6,2,0,60,6501,-1,-1,-1,-1,-1,-1,-1,-1,-1,-1,-1,-1,1,1,0,0,0,0,1,1,0,[0|0|0|0|0|0|0]
10500000,Euporia,0,0,[0|0|0],1010,1906000,0,8.5,0,800,720,1000,25,25,0,50,32,26,26,26,-1,-1,-1,19870,19871,-1,2200,10500000,10500000,10500000,10500000,10500000,10500000,10500000,10500000,10500000,10500000,10500000,-1,-1,-1,-1,-1,1,1,1,1,15,15,5,1111,12224,0,0,1,10,84,0,0,0,48,60,0,32,2200,-1,-1,0,-1,7,0,1,24,2,0,100,0,13,0,3,13,16,16,0,24,99,0,0,10,40,0,1,0,0,0,16,16,16,16,3,1,1,1,0,0,0,0,0,0,0,0,1,0,0,1,0,0,1,0,0,0,0,0,0,0,0,1,0,1,1,1,1,2,1,106,2,2,9,9,401000,300,301,401000,310,311,-1,-1,-1,-1,-1,-1,-1,-1,-1,-1,-1,-1,-1,-1,-1,-1,-1,-1,139,139,24,0.015,0,0,0,1,1,0,0,0,0,0,0,1,1,59,100,0,6,100,2,16,16,6,0,16,0,5270,0,0,0,0,14,15,15,15,15,15,15,15,15,15,15,0,-1,-1,-1,-1,-1,-1,-1,-1,1.045,1,1,1,1,1,1,1,1,-1,-1,-1,-1,-1,10000,0,1,1,0,0,0,0,1,0,0,0,0,4300,310,6,6,3,0,60,-1,-1,-1,-1,-1,-1,-1,-1,-1,-1,-1,-1,-1,1,1,0,0,0,0,1,1,0,[0|0|0|0|0|0|0]
11040000,Warpick,1,0,[0|0|0],1100,2206000,0,2.5,0,800,210,100,41,41,0,0,40,27,27,27,-1,-1,-1,-1,-1,-1,0,11040000,11040000,11040000,11040000,11040000,11040000,11040000,11040000,11040000,11040000,11040000,11040000,11040000,11040000,11040000,11040000,1,1,1,1,15,15,6.5,809,10403,0,0,1,10,108,0,0,0,53,60,0,27,0,-1,-1,0,-1,7,0,5,33,2,0,150,0,0,0,0,10,11,9,0,0,99,0,0,10,70,0,1,0,0,0,13,13,13,13,2,1,1,1,0,0,0,0,0,0,0,0,0,1,0,0,1,0,1,0,0,0,0,0,0,0,0,1,0,1,1,1,1,2,0,106,1,1,8,8,401000,300,-1,-1,-1,-1,-1,-1,-1,-1,-1,-1,-1,-1,-1,-1,-1,-1,-1,-1,-1,-1,-1,-1,139,139,33,0.052,0,0,0,1,1,0,0,0,0,0,0,1,1,27,0,0,6,130,1,13,13,6,0,13,0,503,0,0,0,0,21,15,15,15,15,15,15,15,15,15,15,0,-1,-1,-1,-1,-1,-1,-1,-1,0.9,1,1,1,1,1,1,1,1,-1,-1,-1,-1,-1,10000,0,1,1,0,0,0,0,1,0,0,0,6,2100,310,6,6,1,2,60,-1,-1,-1,11040000,11040000,11040000,11040000,11040000,11040000,11040000,11040000,11040000,11040000,1,1,0,0,0,0,1,1,0,[0|0|0|0|0|0|0]
11040100,Heavy Warpick,1,0,[0|0|0],1100,2206001,0,2.5,0,800,210,100,47,0,0,0,40,27,27,27,-1,-1,-1,-1,-1,-1,0,11040000,11040000,11040000,11040000,11040000,11040000,11040000,11040000,11040000,11040000,11040000,11040000,11040000,11040000,11040000,11040000,1,1,1,1,15,15,6.5,809,10403,0,0,1,10,103,0,0,0,53,60,0,27,100,-1,-1,0,-1,7,0,5,33,2,0,150,1,0,0,0,10,11,9,0,0,99,0,0,10,70,0,1,0,0,0,13,13,13,13,2,1,1,1,0,0,0,0,0,0,0,0,0,1,0,0,1,0,1,0,0,0,0,0,0,0,0,1,0,1,1,1,1,2,0,106,1,1,8,8,401000,300,-1,-1,-1,-1,-1,-1,-1,-1,-1,-1,-1,-1,-1,-1,-1,-1,-1,-1,-1,-1,-1,-1,139,139,23,0.052,0,0,0,1,1,0,0,0,0,0,0,1,1,27,0,0,6,130,1,13,13,6,0,13,0,503,0,0,0,0,21,15,15,15,15,15,15,15,15,15,15,0,-1,-1,-1,-1,-1,-1,-1,-1,0.9,1,1,1,1,1,1,1,1,-1,-1,-1,-1,-1,10000,0,1,1,0,0,0,0,1,0,0,0,6,2100,310,6,6,1,2,60,-1,-1,-1,11040000,11040000,11040000,11040000,11040000,11040000,11040000,11040000,11040000,11040000,1,1,0,0,0,0,1,1,0,[0|0|0|0|0|0|0]
11040200,Keen Warpick,1,0,[0|0|0],1100,2206002,0,2.5,0,800,210,100,16,45,0,0,40,27,27,27,-1,-1,-1,-1,-1,-1,0,11040000,11040000,11040000,11040000,11040000,11040000,11040000,11040000,11040000,11040000,11040000,11040000,11040000,11040000,11040000,11040000,1,1,1,1,15,15,6.5,809,10403,0,0,1,10,103,0,0,0,53,60,0,27,200,-1,-1,0,-1,7,0,5,33,2,0,150,2,0,0,0,10,11,9,0,0,99,0,0,10,70,0,1,0,0,0,13,13,13,13,2,1,1,1,0,0,0,0,0,0,0,0,0,1,0,0,1,0,1,0,0,0,0,0,0,0,0,1,0,1,1,1,1,2,0,106,1,1,8,8,401000,300,-1,-1,-1,-1,-1,-1,-1,-1,-1,-1,-1,-1,-1,-1,-1,-1,-1,-1,-1,-1,-1,-1,139,139,23,0.052,0,0,0,1,1,0,0,0,0,0,0,1,1,27,0,0,6,130,1,13,13,6,0,13,0,503,0,0,0,0,21,15,15,15,15,15,15,15,15,15,15,0,-1,-1,-1,-1,-1,-1,-1,-1,0.9,1,1,1,1,1,1,1,1,-1,-1,-1,-1,-1,10000,0,1,1,0,0,0,0,1,0,0,0,6,2100,310,6,6,1,2,60,-1,-1,-1,11040000,11040000,11040000,11040000,11040000,11040000,11040000,11040000,11040000,11040000,1,1,0,0,0,0,1,1,0,[0|0|0|0|0|0|0]
11040300,Quality Warpick,1,0,[0|0|0],1100,2206003,0,2.5,0,800,210,100,54,54,0,0,40,27,27,27,-1,-1,-1,-1,-1,-1,0,11040000,11040000,11040000,11040000,11040000,11040000,11040000,11040000,11040000,11040000,11040000,11040000,11040000,11040000,11040000,11040000,1,1,1,1,15,15,6.5,809,10403,0,0,1,10,103,0,0,0,53,60,0,27,300,-1,-1,0,-1,7,0,5,33,2,0,150,8,0,0,0,10,11,9,0,0,99,0,0,10,70,0,1,0,0,0,13,13,13,13,2,1,1,1,0,0,0,0,0,0,0,0,0,1,0,0,1,0,1,0,0,0,0,0,0,0,0,1,0,1,1,1,1,2,0,106,1,1,8,8,401000,300,-1,-1,-1,-1,-1,-1,-1,-1,-1,-1,-1,-1,-1,-1,-1,-1,-1,-1,-1,-1,-1,-1,139,139,23,0.052,0,0,0,1,1,0,0,0,0,0,0,1,1,27,0,0,6,130,1,13,13,6,0,13,0,503,0,0,0,0,21,15,15,15,15,15,15,15,15,15,15,0,-1,-1,-1,-1,-1,-1,-1,-1,0.9,1,1,1,1,1,1,1,1,-1,-1,-1,-1,-1,10000,0,1,1,0,0,0,0,1,0,0,0,6,2100,310,6,6,1,2,60,-1,-1,-1,11040000,11040000,11040000,11040000,11040000,11040000,11040000,11040000,11040000,11040000,1,1,0,0,0,0,1,1,0,[0|0|0|0|0|0|0]
11040400,Fire Warpick,1,0,[0|0|0],1100,2206005,0,2.5,0,800,210,100,34,8,0,0,40,27,27,27,-1,-1,-1,-1,-1,-1,0,11040000,11040000,11040000,11040000,11040000,11040000,11040000,11040000,11040000,11040000,11040000,11040000,11040000,11040000,11040000,11040000,1,1,1,1,15,15,6.5,809,10403,0,0,1,10,103,0,103,0,53,60,0,27,400,-1,-1,0,-1,7,0,5,33,2,0,150,0,11,0,0,10,11,9,0,0,99,0,0,10,70,0,1,0,0,0,13,13,13,13,2,1,1,1,0,0,0,0,0,0,0,0,0,1,0,0,0,0,1,0,0,0,0,0,0,0,0,1,0,1,1,1,1,2,0,106,1,1,8,8,401000,300,-1,-1,-1,-1,-1,-1,-1,-1,-1,-1,-1,-1,-1,-1,-1,-1,-1,-1,-1,-1,-1,-1,139,139,23,0.052,0,0,0,1,1,0,0,0,0,4,0,1,1,27,0,0,6,130,1,13,13,6,0,13,0,503,0,0,0,0,21,15,15,15,15,15,15,15,15,15,15,0,-1,-1,-1,-1,-1,-1,-1,-1,0.9,1,1,1,1,1,1,1,1,-1,-1,-1,-1,-1,10005,0,1,1,0,0,0,0,1,0,0,0,6,2100,310,6,6,1,2,60,-1,-1,-1,11040000,11040000,11040000,11040000,11040000,11040000,11040000,11040000,11040000,11040000,1,1,0,0,0,0,1,1,0,[0|0|0|0|0|0|0]
11040500,Flame Art Warpick,1,0,[0|0|0],1100,2206006,0,2.5,0,800,210,100,8,8,0,41,40,27,27,27,-1,-1,-1,-1,-1,-1,0,11040000,11040000,11040000,11040000,11040000,11040000,11040000,11040000,11040000,11040000,11040000,11040000,11040000,11040000,11040000,11040000,1,1,1,1,15,15,6.5,809,10403,0,0,1,10,103,0,103,0,53,60,0,27,500,-1,-1,0,-1,7,0,5,33,2,0,150,0,11,0,0,10,11,9,0,0,99,0,0,10,70,0,1,0,0,0,13,13,13,13,2,1,1,1,0,0,0,0,0,0,0,0,0,1,0,0,0,0,1,0,0,0,0,0,0,0,0,1,0,1,1,1,1,2,0,106,1,1,8,8,401000,300,-1,-1,-1,-1,-1,-1,-1,-1,-1,-1,-1,-1,-1,-1,-1,-1,-1,-1,-1,-1,-1,-1,139,139,23,0.052,0,0,0,1,1,0,0,0,0,4,0,1,1,27,0,0,6,130,1,13,13,6,0,13,0,503,0,0,0,0,21,15,15,15,15,15,15,15,15,15,15,0,-1,-1,-1,-1,-1,-1,-1,-1,0.9,1,1,1,1,1,1,1,1,-1,-1,-1,-1,-1,10000,0,1,1,0,0,0,0,1,0,0,0,6,2100,310,6,6,1,2,60,-1,-1,-1,11040000,11040000,11040000,11040000,11040000,11040000,11040000,11040000,11040000,11040000,1,1,0,0,0,0,1,1,0,[0|0|0|0|0|0|0]
11040600,Lightning Warpick,1,0,[0|0|0],1100,2206007,0,2.5,0,800,210,100,8,34,0,0,40,27,27,27,-1,-1,-1,-1,-1,-1,0,11040000,11040000,11040000,11040000,11040000,11040000,11040000,11040000,11040000,11040000,11040000,11040000,11040000,11040000,11040000,11040000,1,1,1,1,15,15,6.5,809,10403,0,0,1,10,103,0,0,103,53,60,0,27,600,-1,-1,0,-1,7,0,5,33,2,0,150,0,12,0,0,10,11,9,0,0,99,0,0,10,70,0,1,0,0,0,13,13,13,13,2,1,1,1,0,0,0,0,0,0,0,0,0,1,0,0,0,0,1,0,0,0,0,0,0,0,0,1,0,1,1,1,1,2,0,106,1,1,8,8,401000,300,-1,-1,-1,-1,-1,-1,-1,-1,-1,-1,-1,-1,-1,-1,-1,-1,-1,-1,-1,-1,-1,-1,139,139,23,0.052,0,0,0,1,1,0,0,0,0,0,4,1,1,27,0,0,6,130,1,13,13,6,0,13,0,503,0,0,0,0,21,15,15,15,15,15,15,15,15,15,15,0,-1,-1,-1,-1,-1,-1,-1,-1,0.9,1,1,1,1,1,1,1,1,-1,-1,-1,-1,-1,10000,0,1,1,0,0,0,0,1,0,0,0,6,2100,310,6,6,1,2,60,-1,-1,-1,11040000,11040000,11040000,11040000,11040000,11040000,11040000,11040000,11040000,11040000,1,1,0,0,0,0,1,1,0,[0|0|0|0|0|0|0]
11040700,Sacred Warpick,1,0,[0|0|0],1100,2206008,0,2.5,0,800,210,100,8,8,0,41,40,27,27,27,-1,-1,-1,-1,-1,-1,0,11040000,11040000,11040000,11040000,11040000,11040000,11040000,11040000,11040000,11040000,11040000,11040000,11040000,11040000,11040000,11040000,1,1,1,1,15,15,6.5,809,10403,0,0,1,10,103,0,0,0,53,60,0,27,700,-1,-1,0,-1,7,0,5,33,2,0,150,0,13,0,0,10,11,9,0,0,99,0,0,10,70,0,1,0,0,0,13,13,13,13,2,1,1,1,0,0,0,0,0,0,0,0,0,1,0,0,0,0,1,0,0,0,0,0,0,0,0,1,0,1,1,1,1,2,0,106,1,1,8,8,401000,300,-1,-1,-1,-1,-1,-1,-1,-1,-1,-1,-1,-1,-1,-1,-1,-1,-1,-1,-1,-1,-1,-1,139,139,23,0.052,0,0,0,1,1,0,0,0,0,0,0,1,1,27,103,4,6,130,1,13,13,6,0,13,0,503,0,0,0,0,21,15,15,15,15,15,15,15,15,15,15,0,-1,-1,-1,-1,-1,-1,-1,-1,0.9,1,1,1,1,1,1,1,1,-1,-1,-1,-1,-1,10000,0,1,1,0,0,0,0,1,0,0,0,6,2100,310,6,6,1,2,60,-1,-1,-1,11040000,11040000,11040000,11040000,11040000,11040000,11040000,11040000,11040000,11040000,1,1,0,0,0,0,1,1,0,[0|0|0|0|0|0|0]
11040800,Magic Warpick,1,0,[0|0|0],1100,2206004,0,2.5,0,800,210,100,6,6,41,0,40,27,27,27,-1,-1,-1,-1,-1,-1,0,11040000,11040000,11040000,11040000,11040000,11040000,11040000,11040000,11040000,11040000,11040000,11040000,11040000,11040000,11040000,11040000,1,1,1,1,15,15,6.5,809,10403,0,0,1,10,103,103,0,0,53,60,0,27,800,-1,-1,0,-1,7,0,5,33,2,0,150,0,10,0,0,10,11,9,0,0,99,0,0,10,70,0,1,0,0,0,13,13,13,13,2,1,1,1,0,0,0,0,0,0,0,0,0,1,0,0,0,0,1,0,0,0,0,0,0,0,0,1,0,1,1,1,1,2,0,106,1,1,8,8,401000,300,-1,-1,-1,-1,-1,-1,-1,-1,-1,-1,-1,-1,-1,-1,-1,-1,-1,-1,-1,-1,-1,-1,139,139,23,0.052,0,0,0,1,1,0,0,0,4,0,0,1,1,27,0,0,6,130,1,13,13,6,0,13,0,503,0,0,0,0,21,15,15,15,15,15,15,15,15,15,15,0,-1,-1,-1,-1,-1,-1,-1,-1,0.9,1,1,1,1,1,1,1,1,-1,-1,-1,-1,-1,10000,0,1,1,0,0,0,0,1,0,0,0,6,2100,310,6,6,1,2,60,-1,-1,-1,11040000,11040000,11040000,11040000,11040000,11040000,11040000,11040000,11040000,11040000,1,1,0,0,0,0,1,1,0,[0|0|0|0|0|0|0]
11040900,Cold Warpick,1,0,[0|0|0],1100,2206011,0,2.5,0,800,210,100,36,36,36,0,40,27,27,27,-1,107500,-1,-1,-1,-1,0,11040000,11040000,11040000,11040000,11040000,11040000,11040000,11040000,11040000,11040000,11040000,11040000,11040000,11040000,11040000,11040000,1,1,1,1,15,15,6.5,809,10403,0,0,1,10,103,82,0,0,53,60,0,27,900,-1,-1,0,-1,7,0,5,33,2,0,150,0,10,0,0,10,11,9,0,0,99,0,0,10,70,0,1,0,0,0,13,13,13,13,2,1,1,1,0,0,0,0,0,0,0,0,0,1,0,0,0,0,1,0,0,0,0,0,0,0,0,1,0,1,1,1,1,2,0,106,1,1,8,8,401000,300,-1,-1,-1,-1,-1,-1,-1,-1,-1,-1,-1,-1,-1,-1,-1,-1,-1,-1,-1,-1,-1,-1,139,139,23,0.052,0,0,0,1,1,0,0,0,4,0,0,1,1,27,0,0,6,130,1,13,13,6,0,13,0,503,0,0,0,0,21,15,15,15,15,15,15,15,15,15,15,0,-1,-1,-1,-1,-1,-1,-1,-1,0.9,1,1,1,1,1,1,1,1,-1,-1,-1,-1,-1,10000,0,1,1,0,0,0,0,1,0,0,0,6,2100,310,6,6,1,2,60,6601,-1,-1,11040000,11040000,11040000,11040000,11040000,11040000,11040000,11040000,11040000,11040000,1,1,0,0,0,0,1,1,0,[0|0|0|0|0|0|0]
11041000,Poison Warpick,1,0,[0|0|0],1100,2206009,0,2.5,0,800,210,100,36,36,0,0,40,27,27,27,-1,106000,-1,-1,-1,-1,0,11040000,11040000,11040000,11040000,11040000,11040000,11040000,11040000,11040000,11040000,11040000,11040000,11040000,11040000,11040000,11040000,1,1,1,1,15,15,6.5,809,10403,0,0,1,10,103,0,0,0,53,60,0,27,1000,-1,-1,0,-1,7,0,5,33,2,0,150,0,0,0,0,10,11,9,0,0,99,0,0,10,70,0,1,0,0,0,13,13,13,13,2,1,1,1,0,0,0,0,0,0,0,0,0,1,0,0,0,0,1,0,0,0,0,0,0,0,0,1,0,1,1,1,1,2,0,106,1,1,8,8,401000,300,-1,-1,-1,-1,-1,-1,-1,-1,-1,-1,-1,-1,-1,-1,-1,-1,-1,-1,-1,-1,-1,-1,139,139,23,0.052,0,0,0,1,1,0,0,0,0,0,0,1,1,27,0,0,6,130,1,13,13,6,0,13,0,503,30,0,0,0,21,15,15,15,15,15,15,15,15,15,15,0,-1,-1,-1,-1,-1,-1,-1,-1,0.9,1,1,1,1,1,1,1,1,-1,-1,-1,-1,-1,10013,0,1,1,0,0,0,0,1,0,0,0,6,2100,310,6,6,1,2,60,6401,-1,-1,11040000,11040000,11040000,11040000,11040000,11040000,11040000,11040000,11040000,11040000,1,1,0,0,0,0,1,1,0,[0|0|0|0|0|0|0]
11041100,Blood Warpick,1,0,[0|0|0],1100,2206010,0,2.5,0,800,210,100,36,36,0,0,40,27,27,27,105000,-1,-1,-1,-1,-1,0,11040000,11040000,11040000,11040000,11040000,11040000,11040000,11040000,11040000,11040000,11040000,11040000,11040000,11040000,11040000,11040000,1,1,1,1,15,15,6.5,809,10403,0,0,1,10,103,0,0,0,53,60,0,27,1100,-1,-1,0,-1,7,0,5,33,2,0,150,0,0,0,0,10,11,9,0,0,99,0,0,10,70,0,1,0,0,0,13,13,13,13,2,1,1,1,0,0,0,0,0,0,0,0,0,1,0,0,0,0,1,0,0,0,0,0,0,0,0,1,0,1,1,1,1,2,0,106,1,1,8,8,401000,300,-1,-1,-1,-1,-1,-1,-1,-1,-1,-1,-1,-1,-1,-1,-1,-1,-1,-1,-1,-1,-1,-1,139,139,23,0.052,0,0,0,1,1,0,0,0,0,0,0,1,1,27,0,0,6,130,1,13,13,6,0,13,0,503,30,0,0,0,21,15,15,15,15,15,15,15,15,15,15,0,-1,-1,-1,-1,-1,-1,-1,-1,0.9,1,1,1,1,1,1,1,1,-1,-1,-1,-1,-1,10013,0,1,1,0,0,0,0,1,0,0,0,6,2100,310,6,6,1,2,60,6501,-1,-1,11040000,11040000,11040000,11040000,11040000,11040000,11040000,11040000,11040000,11040000,1,1,0,0,0,0,1,1,0,[0|0|0|0|0|0|0]
11041200,Occult Warpick,1,0,[0|0|0],1100,2206012,0,2.5,0,800,210,100,16,16,0,0,40,27,27,27,-1,-1,-1,-1,-1,-1,0,11040000,11040000,11040000,11040000,11040000,11040000,11040000,11040000,11040000,11040000,11040000,11040000,11040000,11040000,11040000,11040000,1,1,1,1,15,15,6.5,809,10403,0,0,1,10,103,0,0,0,53,60,0,27,1200,-1,-1,0,-1,7,0,5,33,2,0,150,7,0,0,0,10,11,9,0,0,99,0,0,10,70,0,1,0,0,0,13,13,13,13,2,1,1,1,0,0,0,0,0,0,0,0,0,1,0,0,0,0,1,0,0,0,0,0,0,0,0,1,0,1,1,1,1,2,0,106,1,1,8,8,401000,300,-1,-1,-1,-1,-1,-1,-1,-1,-1,-1,-1,-1,-1,-1,-1,-1,-1,-1,-1,-1,-1,-1,139,139,23,0.052,0,0,0,1,1,0,0,0,0,0,0,1,1,27,0,0,6,130,1,13,13,6,0,13,0,503,69,0,0,0,21,15,15,15,15,15,15,15,15,15,15,0,-1,-1,-1,-1,-1,-1,-1,-1,0.9,1,1,1,1,1,1,1,1,-1,-1,-1,-1,-1,10013,0,1,1,0,0,0,0,1,0,0,0,6,2100,310,6,6,1,2,60,-1,-1,-1,11040000,11040000,11040000,11040000,11040000,11040000,11040000,11040000,11040000,11040000,1,1,0,0,0,0,1,1,0,[0|0|0|0|0|0|0]
12500500,Flame Art Smithscript Greathammer,0,0,[0|0|0],1210,2408206,0,9,0,1300,650,100,23,4,4,33,65,35,35,35,-1,-1,-1,-1,-1,-1,0,12500000,12500000,12500000,12500000,12500000,12500000,12500000,12500000,12500000,12500000,12500000,12500000,12500000,12500000,12500000,12500000,1,1,1,1,15,15,7,880,12227,0,0,1,10,133,0,133,0,100,60,0,42,500,-1,-1,0,-1,7,0,5,35,2,0,151,0,11,250,2,12,20,10,11,11,99,0,0,30,80,0,2,0,0,0,20,20,20,20,1,1,1,1,0,0,0,0,0,0,0,0,0,1,0,0,0,0,1,0,0,0,0,0,0,0,0,1,0,1,1,1,1,2,0,106,2,2,7,7,401000,300,-1,-1,-1,-1,-1,-1,-1,-1,-1,-1,-1,-1,-1,-1,-1,-1,-1,-1,-1,-1,-1,-1,139,139,35,0.077,1,0,0,1,1,0,0,0,0,4,0,1,1,35,0,0,6,150,1,20,20,6,0,20,0,700,0,0,0,3,23,15,15,15,15,15,15,15,15,15,15,0,-1,-1,-1,-1,-1,-1,-1,-1,0.96,1,1,1,1,1,1,1,1,-1,-1,-1,-1,-1,20010100,0,1,1,0,0,0,0,1,0,0,0,2,4500,310,6,6,2,2,90,-1,-1,-1,12500000,12500000,12500000,12500000,12500000,12500000,12500000,12500000,12500000,12500000,1,1,0,0,0,0,1,1,1,[0|0|0|0|0|0|0]
12500700,Sacred Smithscript Greathammer,0,0,[0|0|0],1210,2408208,0,9,0,1300,650,100,20,4,4,33,65,35,35,35,-1,-1,-1,-1,-1,-1,0,12500000,12500000,12500000,12500000,12500000,12500000,12500000,12500000,12500000,12500000,12500000,12500000,12500000,12500000,12500000,12500000,1,1,1,1,15,15,7,880,12227,0,0,1,10,133,0,0,0,100,60,0,42,700,-1,-1,0,-1,7,0,5,35,2,0,151,0,13,250,2,12,20,10,11,11,99,0,0,30,80,0,2,0,0,0,20,20,20,20,1,1,1,1,0,0,0,0,0,0,0,0,0,1,0,0,0,0,1,0,0,0,0,0,0,0,0,1,0,1,1,1,1,2,0,106,2,2,7,7,401000,300,-1,-1,-1,-1,-1,-1,-1,-1,-1,-1,-1,-1,-1,-1,-1,-1,-1,-1,-1,-1,-1,-1,139,139,35,0.077,1,0,0,1,1,0,0,0,0,0,0,1,1,35,133,4,6,150,1,20,20,6,0,20,0,700,0,0,0,3,23,15,15,15,15,15,15,15,15,15,15,0,-1,-1,-1,-1,-1,-1,-1,-1,0.96,1,1,1,1,1,1,1,1,-1,-1,-1,-1,-1,20010100,0,1,1,0,0,0,0,1,0,0,0,2,4500,310,6,6,2,2,90,-1,-1,-1,12500000,12500000,12500000,12500000,12500000,12500000,12500000,12500000,12500000,12500000,1,1,0,0,0,0,1,1,1,[0|0|0|0|0|0|0]
12500800,Magic Smithscript Greathammer,0,0,[0|0|0],1210,2408204,0,9,0,1300,650,100,20,4,29,4,65,35,35,35,-1,-1,-1,-1,-1,-1,0,12500000,12500000,12500000,12500000,12500000,12500000,12500000,12500000,12500000,12500000,12500000,12500000,12500000,12500000,12500000,12500000,1,1,1,1,15,15,7,880,12227,0,0,1,10,133,133,0,0,100,60,0,42,800,-1,-1,0,-1,7,0,5,35,2,0,151,0,10,250,2,12,20,10,11,11,99,0,0,30,80,0,2,0,0,0,20,20,20,20,1,1,1,1,0,0,0,0,0,0,0,0,0,1,0,0,0,0,1,0,0,0,0,0,0,0,0,1,0,1,1,1,1,2,0,106,2,2,7,7,401000,300,-1,-1,-1,-1,-1,-1,-1,-1,-1,-1,-1,-1,-1,-1,-1,-1,-1,-1,-1,-1,-1,-1,139,139,35,0.077,1,0,0,1,1,0,0,0,4,0,0,1,1,35,0,0,6,150,1,20,20,6,0,20,0,700,0,0,0,3,23,15,15,15,15,15,15,15,15,15,15,0,-1,-1,-1,-1,-1,-1,-1,-1,0.96,1,1,1,1,1,1,1,1,-1,-1,-1,-1,-1,20010100,0,1,1,0,0,0,0,1,0,0,0,2,4500,310,6,6,2,2,90,-1,-1,-1,12500000,12500000,12500000,12500000,12500000,12500000,12500000,12500000,12500000,12500000,1,1,0,0,0,0,1,1,1,[0|0|0|0|0|0|0]
12500900,Cold Smithscript Greathammer,0,0,[0|0|0],1210,2408211,0,9,0,1300,650,100,49,12,25,4,65,35,35,35,-1,107600,-1,-1,-1,-1,0,12500000,12500000,12500000,12500000,12500000,12500000,12500000,12500000,12500000,12500000,12500000,12500000,12500000,12500000,12500000,12500000,1,1,1,1,15,15,7,880,12227,0,0,1,10,133,113,0,0,100,60,0,42,900,-1,-1,0,-1,7,0,5,35,2,0,151,0,10,250,2,12,20,10,11,11,99,0,0,30,80,0,2,0,0,0,20,20,20,20,1,1,1,1,0,0,0,0,0,0,0,0,0,1,0,0,0,0,1,0,0,0,0,0,0,0,0,1,0,1,1,1,1,2,0,106,2,2,7,7,401000,300,-1,-1,-1,-1,-1,-1,-1,-1,-1,-1,-1,-1,-1,-1,-1,-1,-1,-1,-1,-1,-1,-1,139,139,35,0.077,1,0,0,1,1,0,0,0,4,0,0,1,1,35,0,0,6,150,1,20,20,6,0,20,0,700,0,0,0,3,23,15,15,15,15,15,15,15,15,15,15,0,-1,-1,-1,-1,-1,-1,-1,-1,0.96,1,1,1,1,1,1,1,1,-1,-1,-1,-1,-1,20010100,0,1,1,0,0,0,0,1,0,0,0,2,4500,310,6,6,2,2,90,6601,-1,-1,12500000,12500000,12500000,12500000,12500000,12500000,12500000,12500000,12500000,12500000,1,1,0,0,0,0,1,1,1,[0|0|0|0|0|0|0]
12530100,Bloodfiend's Heavy Arm,0,0,[0|0|0],2320,2507501,0,20,0,1350,1160,100,64,0,0,0,76,46,46,46,-1,-1,-1,-1,-1,-1,0,12530000,12530000,12530000,12530000,12530000,12530000,12530000,12530000,12530000,12530000,12530000,12530000,12530000,12530000,12530000,12530000,1,1,1,1,15,15,7.5,881,12230,0,0,1,10,142,0,0,0,102,60,0,51,6000,-1,-1,0,-1,7,0,5,31,2,3,103,1,0,267,2,12,28,11,0,0,99,0,0,30,80,0,2,0,0,0,25,25,25,25,1,1,1,1,0,0,0,0,0,0,0,0,0,1,0,0,1,0,1,0,0,0,0,0,0,0,0,1,0,1,1,1,1,2,0,109,2,2,7,7,401000,300,-1,-1,-1,-1,-1,-1,-1,-1,-1,-1,-1,-1,-1,-1,-1,-1,-1,-1,-1,-1,-1,-1,139,139,35,0.099,1,0,0,1,1,0,0,0,0,0,0,1,1,46,0,0,6,160,1,25,25,6,16,25,0,700,30,0,0,3,41,15,15,15,15,15,15,15,15,15,15,0,-1,-1,-1,-1,-1,-1,-1,-1,1.015,1,1,1,1,1,1,1,1,-1,-1,-1,-1,-1,20010600,0,1,1,0,0,0,0,1,0,0,0,2,10000,310,6,6,2,2,105,-1,-1,-1,12530000,12530000,12530000,12530000,12530000,12530000,12530000,12530000,12530000,12530000,1,1,0,0,0,0,1,1,0,[0|0|0|0|0|0|0]
12530200,Bloodfiend's Keen Arm,0,0,[0|0|0],2320,2507502,0,20,0,1350,1160,100,19,43,0,0,76,46,46,46,-1,-1,-1,-1,-1,-1,0,12530000,12530000,12530000,12530000,12530000,12530000,12530000,12530000,12530000,12530000,12530000,12530000,12530000,12530000,12530000,12530000,1,1,1,1,15,15,7.5,881,12230,0,0,1,10,142,0,0,0,102,60,0,51,200,-1,-1,0,-1,7,0,5,31,2,3,103,2,0,267,2,12,28,11,0,0,99,0,0,30,80,0,2,0,0,0,25,25,25,25,1,1,1,1,0,0,0,0,0,0,0,0,0,1,0,0,1,0,1,0,0,0,0,0,0,0,0,1,0,1,1,1,1,2,0,109,2,2,7,7,401000,300,-1,-1,-1,-1,-1,-1,-1,-1,-1,-1,-1,-1,-1,-1,-1,-1,-1,-1,-1,-1,-1,-1,139,139,35,0.099,1,0,0,1,1,0,0,0,0,0,0,1,1,46,0,0,6,160,1,25,25,6,16,25,0,700,30,0,0,3,41,15,15,15,15,15,15,15,15,15,15,0,-1,-1,-1,-1,-1,-1,-1,-1,1.015,1,1,1,1,1,1,1,1,-1,-1,-1,-1,-1,20010600,0,1,1,0,0,0,0,1,0,0,0,2,10000,310,6,6,2,2,105,-1,-1,-1,12530000,12530000,12530000,12530000,12530000,12530000,12530000,12530000,12530000,12530000,1,1,0,0,0,0,1,1,0,[0|0|0|0|0|0|0]
12530300,Bloodfiend's Quality Arm,0,0,[0|0|0],2320,2507503,0,20,0,1350,1160,100,62,62,0,0,76,46,46,46,-1,-1,-1,-1,-1,-1,0,12530000,12530000,12530000,12530000,12530000,12530000,12530000,12530000,12530000,12530000,12530000,12530000,12530000,12530000,12530000,12530000,1,1,1,1,15,15,7.5,881,12230,0,0,1,10,142,0,0,0,102,60,0,51,300,-1,-1,0,-1,7,0,5,31,2,3,103,8,0,267,2,12,28,11,0,0,99,0,0,30,80,0,2,0,0,0,25,25,25,25,1,1,1,1,0,0,0,0,0,0,0,0,0,1,0,0,1,0,1,0,0,0,0,0,0,0,0,1,0,1,1,1,1,2,0,109,2,2,7,7,401000,300,-1,-1,-1,-1,-1,-1,-1,-1,-1,-1,-1,-1,-1,-1,-1,-1,-1,-1,-1,-1,-1,-1,139,139,35,0.099,1,0,0,1,1,0,0,0,0,0,0,1,1,46,0,0,6,160,1,25,25,6,16,25,0,700,30,0,0,3,41,15,15,15,15,15,15,15,15,15,15,0,-1,-1,-1,-1,-1,-1,-1,-1,1.015,1,1,1,1,1,1,1,1,-1,-1,-1,-1,-1,20010600,0,1,1,0,0,0,0,1,0,0,0,2,10000,310,6,6,2,2,105,-1,-1,-1,12530000,12530000,12530000,12530000,12530000,12530000,12530000,12530000,12530000,12530000,1,1,0,0,0,0,1,1,0,[0|0|0|0|0|0|0]
12530400,Bloodfiend's Fire Arm,0,0,[0|0|0],2320,2507505,0,20,0,1350,1160,100,35,9,0,0,76,46,46,46,-1,-1,-1,-1,-1,-1,0,12530000,12530000,12530000,12530000,12530000,12530000,12530000,12530000,12530000,12530000,12530000,12530000,12530000,12530000,12530000,12530000,1,1,1,1,15,15,7.5,881,12230,0,0,1,10,142,0,142,0,102,60,0,51,400,-1,-1,0,-1,7,0,5,31,2,3,103,0,11,267,2,12,28,11,0,0,99,0,0,30,80,0,2,0,0,0,25,25,25,25,1,1,1,1,0,0,0,0,0,0,0,0,0,1,0,0,0,0,1,0,0,0,0,0,0,0,0,1,0,1,1,1,1,2,0,109,2,2,7,7,401000,300,-1,-1,-1,-1,-1,-1,-1,-1,-1,-1,-1,-1,-1,-1,-1,-1,-1,-1,-1,-1,-1,-1,139,139,35,0.099,1,0,0,1,1,0,0,0,0,4,0,1,1,46,0,0,6,160,1,25,25,6,16,25,0,700,30,0,0,3,41,15,15,15,15,15,15,15,15,15,15,0,-1,-1,-1,-1,-1,-1,-1,-1,1.015,1,1,1,1,1,1,1,1,-1,-1,-1,-1,-1,20010601,0,1,1,0,0,0,0,1,0,0,0,2,10000,310,6,6,2,2,105,-1,-1,-1,12530000,12530000,12530000,12530000,12530000,12530000,12530000,12530000,12530000,12530000,1,1,0,0,0,0,1,1,0,[0|0|0|0|0|0|0]
12530500,Bloodfiend's Flame Art Arm,0,0,[0|0|0],2320,2507506,0,20,0,1350,1160,100,12,3,0,32,76,46,46,46,-1,-1,-1,-1,-1,-1,0,12530000,12530000,12530000,12530000,12530000,12530000,12530000,12530000,12530000,12530000,12530000,12530000,12530000,12530000,12530000,12530000,1,1,1,1,15,15,7.5,881,12230,0,0,1,10,142,0,142,0,102,60,0,51,500,-1,-1,0,-1,7,0,5,31,2,3,103,0,11,267,2,12,28,11,0,0,99,0,0,30,80,0,2,0,0,0,25,25,25,25,1,1,1,1,0,0,0,0,0,0,0,0,0,1,0,0,0,0,1,0,0,0,0,0,0,0,0,1,0,1,1,1,1,2,0,109,2,2,7,7,401000,300,-1,-1,-1,-1,-1,-1,-1,-1,-1,-1,-1,-1,-1,-1,-1,-1,-1,-1,-1,-1,-1,-1,139,139,35,0.099,1,0,0,1,1,0,0,0,0,4,0,1,1,46,0,0,6,160,1,25,25,6,16,25,0,700,30,0,0,3,41,15,15,15,15,15,15,15,15,15,15,0,-1,-1,-1,-1,-1,-1,-1,-1,1.015,1,1,1,1,1,1,1,1,-1,-1,-1,-1,-1,20010600,0,1,1,0,0,0,0,1,0,0,0,2,10000,310,6,6,2,2,105,-1,-1,-1,12530000,12530000,12530000,12530000,12530000,12530000,12530000,12530000,12530000,12530000,1,1,0,0,0,0,1,1,0,[0|0|0|0|0|0|0]
12530600,Bloodfiend's Lightning Arm,0,0,[0|0|0],2320,2507507,0,20,0,1350,1160,100,9,36,0,0,76,46,46,46,-1,-1,-1,-1,-1,-1,0,12530000,12530000,12530000,12530000,12530000,12530000,12530000,12530000,12530000,12530000,12530000,12530000,12530000,12530000,12530000,12530000,1,1,1,1,15,15,7.5,881,12230,0,0,1,10,142,0,0,142,102,60,0,51,600,-1,-1,0,-1,7,0,5,31,2,3,103,0,12,267,2,12,28,11,0,0,99,0,0,30,80,0,2,0,0,0,25,25,25,25,1,1,1,1,0,0,0,0,0,0,0,0,0,1,0,0,0,0,1,0,0,0,0,0,0,0,0,1,0,1,1,1,1,2,0,109,2,2,7,7,401000,300,-1,-1,-1,-1,-1,-1,-1,-1,-1,-1,-1,-1,-1,-1,-1,-1,-1,-1,-1,-1,-1,-1,139,139,35,0.099,1,0,0,1,1,0,0,0,0,0,4,1,1,46,0,0,6,160,1,25,25,6,16,25,0,700,30,0,0,3,41,15,15,15,15,15,15,15,15,15,15,0,-1,-1,-1,-1,-1,-1,-1,-1,1.015,1,1,1,1,1,1,1,1,-1,-1,-1,-1,-1,20010600,0,1,1,0,0,0,0,1,0,0,0,2,10000,310,6,6,2,2,105,-1,-1,-1,12530000,12530000,12530000,12530000,12530000,12530000,12530000,12530000,12530000,12530000,1,1,0,0,0,0,1,1,0,[0|0|0|0|0|0|0]
12530700,Bloodfiend's Sacred Arm,0,0,[0|0|0],2320,2507508,0,20,0,1350,1160,100,12,3,0,32,76,46,46,46,-1,-1,-1,-1,-1,-1,0,12530000,12530000,12530000,12530000,12530000,12530000,12530000,12530000,12530000,12530000,12530000,12530000,12530000,12530000,12530000,12530000,1,1,1,1,15,15,7.5,881,12230,0,0,1,10,142,0,0,0,102,60,0,51,700,-1,-1,0,-1,7,0,5,31,2,3,103,0,13,267,2,12,28,11,0,0,99,0,0,30,80,0,2,0,0,0,25,25,25,25,1,1,1,1,0,0,0,0,0,0,0,0,0,1,0,0,0,0,1,0,0,0,0,0,0,0,0,1,0,1,1,1,1,2,0,109,2,2,7,7,401000,300,-1,-1,-1,-1,-1,-1,-1,-1,-1,-1,-1,-1,-1,-1,-1,-1,-1,-1,-1,-1,-1,-1,139,139,35,0.099,1,0,0,1,1,0,0,0,0,0,0,1,1,46,142,4,6,160,1,25,25,6,16,25,0,700,30,0,0,3,41,15,15,15,15,15,15,15,15,15,15,0,-1,-1,-1,-1,-1,-1,-1,-1,1.015,1,1,1,1,1,1,1,1,-1,-1,-1,-1,-1,20010600,0,1,1,0,0,0,0,1,0,0,0,2,10000,310,6,6,2,2,105,-1,-1,-1,12530000,12530000,12530000,12530000,12530000,12530000,12530000,12530000,12530000,12530000,1,1,0,0,0,0,1,1,0,[0|0|0|0|0|0|0]
12530800,Bloodfiend's Magic Arm,0,0,[0|0|0],2320,2507504,0,20,0,1350,1160,100,12,2,33,0,76,46,46,46,-1,-1,-1,-1,-1,-1,0,12530000,12530000,12530000,12530000,12530000,12530000,12530000,12530000,12530000,12530000,12530000,12530000,12530000,12530000,12530000,12530000,1,1,1,1,15,15,7.5,881,12230,0,0,1,10,142,142,0,0,102,60,0,51,800,-1,-1,0,-1,7,0,5,31,2,3,103,0,10,267,2,12,28,11,0,0,99,0,0,30,80,0,2,0,0,0,25,25,25,25,1,1,1,1,0,0,0,0,0,0,0,0,0,1,0,0,0,0,1,0,0,0,0,0,0,0,0,1,0,1,1,1,1,2,0,109,2,2,7,7,401000,300,-1,-1,-1,-1,-1,-1,-1,-1,-1,-1,-1,-1,-1,-1,-1,-1,-1,-1,-1,-1,-1,-1,139,139,35,0.099,1,0,0,1,1,0,0,0,4,0,0,1,1,46,0,0,6,160,1,25,25,6,16,25,0,700,30,0,0,3,41,15,15,15,15,15,15,15,15,15,15,0,-1,-1,-1,-1,-1,-1,-1,-1,1.015,1,1,1,1,1,1,1,1,-1,-1,-1,-1,-1,20010600,0,1,1,0,0,0,0,1,0,0,0,2,10000,310,6,6,2,2,105,-1,-1,-1,12530000,12530000,12530000,12530000,12530000,12530000,12530000,12530000,12530000,12530000,1,1,0,0,0,0,1,1,0,[0|0|0|0|0|0|0]
12530900,Bloodfiend's Cold Arm,0,0,[0|0|0],2320,2507511,0,20,0,1350,1160,100,34,8,28,0,76,46,46,46,-1,107700,-1,-1,-1,-1,0,12530000,12530000,12530000,12530000,12530000,12530000,12530000,12530000,12530000,12530000,12530000,12530000,12530000,12530000,12530000,12530000,1,1,1,1,15,15,7.5,881,12230,0,0,1,10,142,121,0,0,102,60,0,51,900,-1,-1,0,-1,7,0,5,31,2,3,103,0,10,267,2,12,28,11,0,0,99,0,0,30,80,0,2,0,0,0,25,25,25,25,1,1,1,1,0,0,0,0,0,0,0,0,0,1,0,0,0,0,1,0,0,0,0,0,0,0,0,1,0,1,1,1,1,2,0,109,2,2,7,7,401000,300,-1,-1,-1,-1,-1,-1,-1,-1,-1,-1,-1,-1,-1,-1,-1,-1,-1,-1,-1,-1,-1,-1,139,139,35,0.099,1,0,0,1,1,0,0,0,4,0,0,1,1,46,0,0,6,160,1,25,25,6,16,25,0,700,30,0,0,3,41,15,15,15,15,15,15,15,15,15,15,0,-1,-1,-1,-1,-1,-1,-1,-1,1.015,1,1,1,1,1,1,1,1,-1,-1,-1,-1,-1,20010600,0,1,1,0,0,0,0,1,0,0,0,2,10000,310,6,6,2,2,105,6601,-1,-1,12530000,12530000,12530000,12530000,12530000,12530000,12530000,12530000,12530000,12530000,1,1,0,0,0,0,1,1,0,[0|0|0|0|0|0|0]
12531000,Bloodfiend's Poison Arm,0,0,[0|0|0],2320,2507509,0,20,0,1350,1160,100,42,9,0,0,76,46,46,46,-1,106200,-1,-1,-1,-1,0,12530000,12530000,12530000,12530000,12530000,12530000,12530000,12530000,12530000,12530000,12530000,12530000,12530000,12530000,12530000,12530000,1,1,1,1,15,15,7.5,881,12230,0,0,1,10,142,0,0,0,102,60,0,51,1000,-1,-1,0,-1,7,0,5,31,2,3,103,0,0,267,2,12,28,11,0,0,99,0,0,30,80,0,2,0,0,0,25,25,25,25,1,1,1,1,0,0,0,0,0,0,0,0,0,1,0,0,0,0,1,0,0,0,0,0,0,0,0,1,0,1,1,1,1,2,0,109,2,2,7,7,401000,300,-1,-1,-1,-1,-1,-1,-1,-1,-1,-1,-1,-1,-1,-1,-1,-1,-1,-1,-1,-1,-1,-1,139,139,35,0.099,1,0,0,1,1,0,0,0,0,0,0,1,1,46,0,0,6,160,1,25,25,6,16,25,0,700,62.25,0,0,3,41,15,15,15,15,15,15,15,15,15,15,0,-1,-1,-1,-1,-1,-1,-1,-1,1.015,1,1,1,1,1,1,1,1,-1,-1,-1,-1,-1,20010600,0,1,1,0,0,0,0,1,0,0,0,2,10000,310,6,6,2,2,105,6401,-1,-1,12530000,12530000,12530000,12530000,12530000,12530000,12530000,12530000,12530000,12530000,1,1,0,0,0,0,1,1,0,[0|0|0|0|0|0|0]
12531100,Bloodfiend's Blood Arm,0,0,[0|0|0],2320,2507510,0,20,0,1350,1160,100,42,9,0,0,76,46,46,46,105200,-1,-1,-1,-1,-1,0,12530000,12530000,12530000,12530000,12530000,12530000,12530000,12530000,12530000,12530000,12530000,12530000,12530000,12530000,12530000,12530000,1,1,1,1,15,15,7.5,881,12230,0,0,1,10,142,0,0,0,102,60,0,51,1100,-1,-1,0,-1,7,0,5,31,2,3,103,0,0,267,2,12,28,11,0,0,99,0,0,30,80,0,2,0,0,0,25,25,25,25,1,1,1,1,0,0,0,0,0,0,0,0,0,1,0,0,0,0,1,0,0,0,0,0,0,0,0,1,0,1,1,1,1,2,0,109,2,2,7,7,401000,300,-1,-1,-1,-1,-1,-1,-1,-1,-1,-1,-1,-1,-1,-1,-1,-1,-1,-1,-1,-1,-1,-1,139,139,35,0.099,1,0,0,1,1,0,0,0,0,0,0,1,1,46,0,0,6,160,1,25,25,6,16,25,0,700,62.25,0,0,3,41,15,15,15,15,15,15,15,15,15,15,0,-1,-1,-1,-1,-1,-1,-1,-1,1.015,1,1,1,1,1,1,1,1,-1,-1,-1,-1,-1,20010600,0,1,1,0,0,0,0,1,0,0,0,2,10000,310,6,6,2,2,105,6501,-1,-1,12530000,12530000,12530000,12530000,12530000,12530000,12530000,12530000,12530000,12530000,1,1,0,0,0,0,1,1,0,[0|0|0|0|0|0|0]
12531200,Bloodfiend's Occult Arm,0,0,[0|0|0],2320,2507512,0,20,0,1350,1160,100,17,4,0,0,76,46,46,46,-1,-1,-1,-1,-1,-1,0,12530000,12530000,12530000,12530000,12530000,12530000,12530000,12530000,12530000,12530000,12530000,12530000,12530000,12530000,12530000,12530000,1,1,1,1,15,15,7.5,881,12230,0,0,1,10,142,0,0,0,102,60,0,51,1200,-1,-1,0,-1,7,0,5,31,2,3,103,7,0,267,2,12,28,11,0,0,99,0,0,30,80,0,2,0,0,0,25,25,25,25,1,1,1,1,0,0,0,0,0,0,0,0,0,1,0,0,0,0,1,0,0,0,0,0,0,0,0,1,0,1,1,1,1,2,0,109,2,2,7,7,401000,300,-1,-1,-1,-1,-1,-1,-1,-1,-1,-1,-1,-1,-1,-1,-1,-1,-1,-1,-1,-1,-1,-1,139,139,35,0.099,1,0,0,1,1,0,0,0,0,0,0,1,1,46,0,0,6,160,1,25,25,6,16,25,0,700,98.5,0,0,3,41,15,15,15,15,15,15,15,15,15,15,0,-1,-1,-1,-1,-1,-1,-1,-1,1.015,1,1,1,1,1,1,1,1,-1,-1,-1,-1,-1,20010600,0,1,1,0,0,0,0,1,0,0,0,2,10000,310,6,6,2,2,105,-1,-1,-1,12530000,12530000,12530000,12530000,12530000,12530000,12530000,12530000,12530000,12530000,1,1,0,0,0,0,1,1,0,[0|0|0|0|0|0|0]
14500500,Flame Art Smithscript Axe,0,0,[0|0|0],1420,2006506,0,5,0,900,340,500,4,3,4,37,48,32,32,32,-1,-1,-1,-1,-1,-1,0,14500000,14500000,14500000,14500000,14500000,14500000,14500000,14500000,14500000,14500000,14500000,14500000,14500000,14500000,14500000,14500000,1,1,1,1,15,15,5,1552,12232,0,0,1,10,125,0,125,0,60,60,0,32,500,-1,-1,0,-1,7,0,4,30,2,0,100,0,11,248,0,10,13,10,11,11,99,0,0,10,60,0,1,0,0,0,16,16,16,16,3,1,1,1,0,0,0,0,0,0,0,0,1,0,0,0,0,0,1,0,0,0,0,0,0,0,0,1,0,1,1,1,1,2,0,106,1,1,5,5,401000,300,-1,-1,-1,-1,-1,-1,-1,-1,-1,-1,-1,-1,-1,-1,-1,-1,-1,-1,-1,-1,-1,-1,139,139,28,0.015,0,0,0,1,1,0,0,0,0,4,0,1,1,32,0,0,6,110,3,16,16,6,0,16,0,110,0,0,0,0,17,15,15,15,15,15,15,15,15,15,15,0,-1,-1,-1,-1,-1,-1,-1,-1,1.045,1,1,1,1,1,1,1,1,-1,-1,-1,-1,-1,20010100,0,1,1,0,0,0,0,1,0,0,0,0,2500,310,6,6,2,2,75,-1,-1,-1,14500000,14500000,14500000,14500000,14500000,14500000,14500000,14500000,14500000,14500000,1,1,0,0,0,0,1,1,1,[0|0|0|0|0|0|0]
14500700,Sacred Smithscript Axe,0,0,[0|0|0],1420,2006508,0,5,0,900,340,500,4,3,4,37,48,32,32,32,-1,-1,-1,-1,-1,-1,0,14500000,14500000,14500000,14500000,14500000,14500000,14500000,14500000,14500000,14500000,14500000,14500000,14500000,14500000,14500000,14500000,1,1,1,1,15,15,5,1552,12232,0,0,1,10,125,0,0,0,60,60,0,32,700,-1,-1,0,-1,7,0,4,30,2,0,100,0,13,248,0,10,13,10,11,11,99,0,0,10,60,0,1,0,0,0,16,16,16,16,3,1,1,1,0,0,0,0,0,0,0,0,1,0,0,0,0,0,1,0,0,0,0,0,0,0,0,1,0,1,1,1,1,2,0,106,1,1,5,5,401000,300,-1,-1,-1,-1,-1,-1,-1,-1,-1,-1,-1,-1,-1,-1,-1,-1,-1,-1,-1,-1,-1,-1,139,139,28,0.015,0,0,0,1,1,0,0,0,0,0,0,1,1,32,125,4,6,110,3,16,16,6,0,16,0,110,0,0,0,0,17,15,15,15,15,15,15,15,15,15,15,0,-1,-1,-1,-1,-1,-1,-1,-1,1.045,1,1,1,1,1,1,1,1,-1,-1,-1,-1,-1,20010100,0,1,1,0,0,0,0,1,0,0,0,0,2500,310,6,6,2,2,75,-1,-1,-1,14500000,14500000,14500000,14500000,14500000,14500000,14500000,14500000,14500000,14500000,1,1,0,0,0,0,1,1,1,[0|0|0|0|0|0|0]
14500800,Magic Smithscript Axe,0,0,[0|0|0],1420,2006504,0,5,0,900,340,500,12,8,36,4,48,32,32,32,-1,-1,-1,-1,-1,-1,0,14500000,14500000,14500000,14500000,14500000,14500000,14500000,14500000,14500000,14500000,14500000,14500000,14500000,14500000,14500000,14500000,1,1,1,1,15,15,5,1552,12232,0,0,1,10,125,125,0,0,60,60,0,32,800,-1,-1,0,-1,7,0,4,30,2,0,100,0,10,248,0,10,13,10,11,11,99,0,0,10,60,0,1,0,0,0,16,16,16,16,3,1,1,1,0,0,0,0,0,0,0,0,1,0,0,0,0,0,1,0,0,0,0,0,0,0,0,1,0,1,1,1,1,2,0,106,1,1,5,5,401000,300,-1,-1,-1,-1,-1,-1,-1,-1,-1,-1,-1,-1,-1,-1,-1,-1,-1,-1,-1,-1,-1,-1,139,139,28,0.015,0,0,0,1,1,0,0,0,4,0,0,1,1,32,0,0,6,110,3,16,16,6,0,16,0,110,0,0,0,0,17,15,15,15,15,15,15,15,15,15,15,0,-1,-1,-1,-1,-1,-1,-1,-1,1.045,1,1,1,1,1,1,1,1,-1,-1,-1,-1,-1,20010100,0,1,1,0,0,0,0,1,0,0,0,0,2500,310,6,6,2,2,75,-1,-1,-1,14500000,14500000,14500000,14500000,14500000,14500000,14500000,14500000,14500000,14500000,1,1,0,0,0,0,1,1,1,[0|0|0|0|0|0|0]
14500900,Cold Smithscript Axe,0,0,[0|0|0],1420,2006511,0,5,0,900,340,500,42,29,31,4,48,32,32,32,-1,107500,-1,-1,-1,-1,0,14500000,14500000,14500000,14500000,14500000,14500000,14500000,14500000,14500000,14500000,14500000,14500000,14500000,14500000,14500000,14500000,1,1,1,1,15,15,5,1552,12232,0,0,1,10,125,106,0,0,60,60,0,32,900,-1,-1,0,-1,7,0,4,30,2,0,100,0,10,248,0,10,13,10,11,11,99,0,0,10,60,0,1,0,0,0,16,16,16,16,3,1,1,1,0,0,0,0,0,0,0,0,1,0,0,0,0,0,1,0,0,0,0,0,0,0,0,1,0,1,1,1,1,2,0,106,1,1,5,5,401000,300,-1,-1,-1,-1,-1,-1,-1,-1,-1,-1,-1,-1,-1,-1,-1,-1,-1,-1,-1,-1,-1,-1,139,139,28,0.015,0,0,0,1,1,0,0,0,4,0,0,1,1,32,0,0,6,110,3,16,16,6,0,16,0,110,0,0,0,0,17,15,15,15,15,15,15,15,15,15,15,0,-1,-1,-1,-1,-1,-1,-1,-1,1.045,1,1,1,1,1,1,1,1,-1,-1,-1,-1,-1,20010100,0,1,1,0,0,0,0,1,0,0,0,0,2500,310,6,6,2,2,75,6601,-1,-1,14500000,14500000,14500000,14500000,14500000,14500000,14500000,14500000,14500000,14500000,1,1,0,0,0,0,1,1,1,[0|0|0|0|0|0|0]
16500500,Flame Art Smithscript Spear,0,0,[0|0|0],1620,2609306,0,4,0,450,270,500,7,8,4,40,38,23,23,23,-1,-1,-1,-1,-1,-1,0,16500000,16500000,16500000,16500000,16500000,16500000,16500000,16500000,16500000,16500000,16500000,16500000,16500000,16500000,16500000,16500000,1,1,1,1,15,15,5,1551,12238,0,0,1,10,98,0,98,0,36,60,0,28,500,-1,-1,0,-1,7,0,6,36,2,0,102,0,11,247,3,13,9,12,11,11,99,0,0,10,40,0,1,0,0,0,14,14,14,14,3,1,1,1,0,0,0,0,0,0,0,0,1,0,0,1,0,0,1,0,0,0,0,0,0,0,0,1,0,1,1,1,1,2,0,128,2,2,0,0,401000,300,-1,-1,-1,-1,-1,-1,-1,-1,-1,-1,-1,-1,-1,-1,-1,-1,-1,-1,-1,-1,-1,-1,139,139,36,0.015,0,0,0,1,1,0,0,0,0,4,0,1,1,23,0,0,6,170,2,14,14,6,0,14,0,101,0,0,0,0,25,15,15,15,15,15,15,15,15,15,15,0,-1,-1,-1,-1,-1,-1,-1,-1,1.01,1,1,1,1,1,1,1,1,-1,-1,-1,-1,-1,20010100,0,1,1,0,0,0,0,1,0,0,0,0,2000,310,6,6,2,2,60,-1,-1,-1,16500000,16500000,16500000,16500000,16500000,16500000,16500000,16500000,16500000,16500000,1,1,0,0,0,0,1,1,1,[0|0|0|0|0|0|0]
16500700,Sacred Smithscript Spear,0,0,[0|0|0],1620,2609308,0,4,0,450,270,500,7,8,4,40,38,23,23,23,-1,-1,-1,-1,-1,-1,0,16500000,16500000,16500000,16500000,16500000,16500000,16500000,16500000,16500000,16500000,16500000,16500000,16500000,16500000,16500000,16500000,1,1,1,1,15,15,5,1551,12238,0,0,1,10,98,0,0,0,36,60,0,28,700,-1,-1,0,-1,7,0,6,36,2,0,102,0,13,247,3,13,9,12,11,11,99,0,0,10,40,0,1,0,0,0,14,14,14,14,3,1,1,1,0,0,0,0,0,0,0,0,1,0,0,1,0,0,1,0,0,0,0,0,0,0,0,1,0,1,1,1,1,2,0,128,2,2,0,0,401000,300,-1,-1,-1,-1,-1,-1,-1,-1,-1,-1,-1,-1,-1,-1,-1,-1,-1,-1,-1,-1,-1,-1,139,139,36,0.015,0,0,0,1,1,0,0,0,0,0,0,1,1,23,98,4,6,170,2,14,14,6,0,14,0,101,0,0,0,0,25,15,15,15,15,15,15,15,15,15,15,0,-1,-1,-1,-1,-1,-1,-1,-1,1.01,1,1,1,1,1,1,1,1,-1,-1,-1,-1,-1,20010100,0,1,1,0,0,0,0,1,0,0,0,0,2000,310,6,6,2,2,60,-1,-1,-1,16500000,16500000,16500000,16500000,16500000,16500000,16500000,16500000,16500000,16500000,1,1,0,0,0,0,1,1,1,[0|0|0|0|0|0|0]
16500800,Magic Smithscript Spear,0,0,[0|0|0],1620,2609304,0,4,0,450,270,500,7,8,40,4,38,23,23,23,-1,-1,-1,-1,-1,-1,0,16500000,16500000,16500000,16500000,16500000,16500000,16500000,16500000,16500000,16500000,16500000,16500000,16500000,16500000,16500000,16500000,1,1,1,1,15,15,5,1551,12238,0,0,1,10,98,98,0,0,36,60,0,28,800,-1,-1,0,-1,7,0,6,36,2,0,102,0,10,247,3,13,9,12,11,11,99,0,0,10,40,0,1,0,0,0,14,14,14,14,3,1,1,1,0,0,0,0,0,0,0,0,1,0,0,1,0,0,1,0,0,0,0,0,0,0,0,1,0,1,1,1,1,2,0,128,2,2,0,0,401000,300,-1,-1,-1,-1,-1,-1,-1,-1,-1,-1,-1,-1,-1,-1,-1,-1,-1,-1,-1,-1,-1,-1,139,139,36,0.015,0,0,0,1,1,0,0,0,4,0,0,1,1,23,0,0,6,170,2,14,14,6,0,14,0,101,0,0,0,0,25,15,15,15,15,15,15,15,15,15,15,0,-1,-1,-1,-1,-1,-1,-1,-1,1.01,1,1,1,1,1,1,1,1,-1,-1,-1,-1,-1,20010100,0,1,1,0,0,0,0,1,0,0,0,0,2000,310,6,6,2,2,60,-1,-1,-1,16500000,16500000,16500000,16500000,16500000,16500000,16500000,16500000,16500000,16500000,1,1,0,0,0,0,1,1,1,[0|0|0|0|0|0|0]
16500900,Cold Smithscript Spear,0,0,[0|0|0],1620,2609311,0,4,0,450,270,500,31,37,39,4,38,23,23,23,-1,107500,-1,-1,-1,-1,0,16500000,16500000,16500000,16500000,16500000,16500000,16500000,16500000,16500000,16500000,16500000,16500000,16500000,16500000,16500000,16500000,1,1,1,1,15,15,5,1551,12238,0,0,1,10,98,83,0,0,36,60,0,28,900,-1,-1,0,-1,7,0,6,36,2,0,102,0,10,247,3,13,9,12,11,11,99,0,0,10,40,0,1,0,0,0,14,14,14,14,3,1,1,1,0,0,0,0,0,0,0,0,1,0,0,1,0,0,1,0,0,0,0,0,0,0,0,1,0,1,1,1,1,2,0,128,2,2,0,0,401000,300,-1,-1,-1,-1,-1,-1,-1,-1,-1,-1,-1,-1,-1,-1,-1,-1,-1,-1,-1,-1,-1,-1,139,139,36,0.015,0,0,0,1,1,0,0,0,4,0,0,1,1,23,0,0,6,170,2,14,14,6,0,14,0,101,0,0,0,0,25,15,15,15,15,15,15,15,15,15,15,0,-1,-1,-1,-1,-1,-1,-1,-1,1.01,1,1,1,1,1,1,1,1,-1,-1,-1,-1,-1,20010100,0,1,1,0,0,0,0,1,0,0,0,0,2000,310,6,6,2,2,60,6601,-1,-1,16500000,16500000,16500000,16500000,16500000,16500000,16500000,16500000,16500000,16500000,1,1,0,0,0,0,1,1,1,[0|0|0|0|0|0|0]
17030000,Serpent-Hunter,1,0,[0|0|0],1703,2702000,0,12,0,950,650,-1,95,5,0,0,72,42,42,42,6908,-1,-1,1908,-1,-1,2200,17030000,17030000,17030000,17030000,17030000,17030000,17030000,17030000,17030000,17030000,17030000,-1,-1,-1,-1,-1,1,1,1,1,15,15,5.5,935,10643,0,0,1,10,111,0,0,0,73,60,0,50,2200,-1,-1,0,-1,7,0,6,37,2,0,100,0,0,207,3,13,0,0,0,0,99,0,0,10,70,0,1,0,0,0,24,24,24,24,3,1,1,1,0,0,0,0,0,0,0,0,0,0,0,1,1,0,1,0,0,0,0,0,0,0,0,1,0,1,0,1,1,2,1,106,2,2,0,0,401000,300,-1,440562,10143,-1,440562,10140,-1,440562,10300,-1,-1,-1,-1,-1,-1,-1,-1,-1,-1,-1,-1,-1,139,139,37,0.059,0,1,0,1,1,0,0,0,0,0,0,1,1,42,0,0,6,180,2,24,24,6,0,24,0,1188,0,0,0,2,28,15,15,15,15,15,15,15,15,15,15,0,-1,-1,-1,-1,-1,-1,-1,-1,1.12,1,1,1,1,1,1,1,1,-1,-1,-1,-1,-1,10000,0,1,1,0,0,0,0,1,0,0,0,12,6500,310,6,6,2,0,90,-1,-1,-1,-1,-1,-1,-1,-1,-1,-1,-1,-1,-1,1,1,0,0,0,0,1,1,0,[0|0|0|0|0|0|0]
21540500,Flame Art Golem Fist,0,0,[0|0|0],2120,3107406,0,6,0,1050,470,500,12,1,3,26,58,24,24,24,-1,-1,-1,-1,-1,-1,0,21540000,21540000,21540000,21540000,21540000,21540000,21540000,21540000,21540000,21540000,21540000,21540000,21540000,21540000,21540000,21540000,1,1,1,1,15,15,5,1171,12253,0,0,1,10,104,0,104,0,59,60,0,36,500,-1,-1,0,-1,7,0,9,42,2,0,149,0,11,259,0,0,24,8,11,11,99,0,0,10,70,0,1,0,0,0,14,14,14,14,1,1,1,1,0,0,0,0,0,0,0,0,0,1,0,0,0,0,1,0,0,0,0,0,0,0,0,1,0,1,1,1,1,2,0,106,1,1,6,6,401000,10300,-1,-1,-1,-1,-1,-1,-1,-1,-1,-1,-1,-1,-1,-1,-1,-1,-1,-1,-1,-1,-1,-1,139,139,111,0.015,0,1,0,1,1,0,0,0,0,4,0,1,1,24,0,0,6,220,1,14,14,6,0,14,0,700,0,0,0,7,35,15,15,15,15,15,15,15,15,15,15,0,-1,-1,-1,-1,-1,-1,-1,-1,1.27,1,1,1,1,1,1,1,1,-1,-1,-1,-1,-1,20010100,0,1,1,0,0,0,0,1,1,0,0,3,2500,310,6,6,2,2,60,-1,-1,-1,21540000,21540000,21540000,21540000,21540000,21540000,21540000,21540000,21540000,21540000,1,1,0,0,0,0,1,1,1,[0|0|0|0|0|0|0]
21540700,Sacred Golem Fist,0,0,[0|0|0],2120,3107408,0,6,0,1050,470,500,12,1,3,26,58,24,24,24,-1,-1,-1,-1,-1,-1,0,21540000,21540000,21540000,21540000,21540000,21540000,21540000,21540000,21540000,21540000,21540000,21540000,21540000,21540000,21540000,21540000,1,1,1,1,15,15,5,1171,12253,0,0,1,10,104,0,0,0,59,60,0,36,700,-1,-1,0,-1,7,0,9,42,2,0,149,0,13,259,0,0,24,8,11,11,99,0,0,10,70,0,1,0,0,0,14,14,14,14,1,1,1,1,0,0,0,0,0,0,0,0,0,1,0,0,0,0,1,0,0,0,0,0,0,0,0,1,0,1,1,1,1,2,0,106,1,1,6,6,401000,10300,-1,-1,-1,-1,-1,-1,-1,-1,-1,-1,-1,-1,-1,-1,-1,-1,-1,-1,-1,-1,-1,-1,139,139,111,0.015,0,1,0,1,1,0,0,0,0,0,0,1,1,24,104,4,6,220,1,14,14,6,0,14,0,700,0,0,0,7,35,15,15,15,15,15,15,15,15,15,15,0,-1,-1,-1,-1,-1,-1,-1,-1,1.27,1,1,1,1,1,1,1,1,-1,-1,-1,-1,-1,20010100,0,1,1,0,0,0,0,1,1,0,0,3,2500,310,6,6,2,2,60,-1,-1,-1,21540000,21540000,21540000,21540000,21540000,21540000,21540000,21540000,21540000,21540000,1,1,0,0,0,0,1,1,1,[0|0|0|0|0|0|0]
21540800,Magic Golem Fist,0,0,[0|0|0],2120,3107404,0,6,0,1050,470,500,12,1,28,3,58,24,24,24,-1,-1,-1,-1,-1,-1,0,21540000,21540000,21540000,21540000,21540000,21540000,21540000,21540000,21540000,21540000,21540000,21540000,21540000,21540000,21540000,21540000,1,1,1,1,15,15,5,1171,12253,0,0,1,10,104,104,0,0,59,60,0,36,800,-1,-1,0,-1,7,0,9,42,2,0,149,0,10,259,0,0,24,8,11,11,99,0,0,10,70,0,1,0,0,0,14,14,14,14,1,1,1,1,0,0,0,0,0,0,0,0,0,1,0,0,0,0,1,0,0,0,0,0,0,0,0,1,0,1,1,1,1,2,0,106,1,1,6,6,401000,10300,-1,-1,-1,-1,-1,-1,-1,-1,-1,-1,-1,-1,-1,-1,-1,-1,-1,-1,-1,-1,-1,-1,139,139,111,0.015,0,1,0,1,1,0,0,0,4,0,0,1,1,24,0,0,6,220,1,14,14,6,0,14,0,700,0,0,0,7,35,15,15,15,15,15,15,15,15,15,15,0,-1,-1,-1,-1,-1,-1,-1,-1,1.27,1,1,1,1,1,1,1,1,-1,-1,-1,-1,-1,20010100,0,1,1,0,0,0,0,1,1,0,0,3,2500,310,6,6,2,2,60,-1,-1,-1,21540000,21540000,21540000,21540000,21540000,21540000,21540000,21540000,21540000,21540000,1,1,0,0,0,0,1,1,1,[0|0|0|0|0|0|0]
21540900,Cold Golem Fist,0,0,[0|0|0],2120,3107411,0,6,0,1050,470,500,49,4,26,3,58,24,24,24,-1,107500,-1,-1,-1,-1,0,21540000,21540000,21540000,21540000,21540000,21540000,21540000,21540000,21540000,21540000,21540000,21540000,21540000,21540000,21540000,21540000,1,1,1,1,15,15,5,1171,12253,0,0,1,10,104,88,0,0,59,60,0,36,900,-1,-1,0,-1,7,0,9,42,2,0,149,0,10,259,0,0,24,8,11,11,99,0,0,10,70,0,1,0,0,0,14,14,14,14,1,1,1,1,0,0,0,0,0,0,0,0,0,1,0,0,0,0,1,0,0,0,0,0,0,0,0,1,0,1,1,1,1,2,0,106,1,1,6,6,401000,10300,-1,-1,-1,-1,-1,-1,-1,-1,-1,-1,-1,-1,-1,-1,-1,-1,-1,-1,-1,-1,-1,-1,139,139,111,0.015,0,1,0,1,1,0,0,0,4,0,0,1,1,24,0,0,6,220,1,14,14,6,0,14,0,700,0,0,0,7,35,15,15,15,15,15,15,15,15,15,15,0,-1,-1,-1,-1,-1,-1,-1,-1,1.27,1,1,1,1,1,1,1,1,-1,-1,-1,-1,-1,20010100,0,1,1,0,0,0,0,1,1,0,0,3,2500,310,6,6,2,2,60,6601,-1,-1,21540000,21540000,21540000,21540000,21540000,21540000,21540000,21540000,21540000,21540000,1,1,0,0,0,0,1,1,1,[0|0|0|0|0|0|0]
21550000,Shield of Night,0,0,[0|0|0],3000,7118000,0,2,0,600,140,500,0,32,0,0,55,70,45,45,-1,-1,-1,5215500,-1,-1,2200,21550000,21550000,21550000,21550000,21550000,21550000,21550000,21550000,21550000,21550000,21550000,-1,-1,-1,-1,-1,1,1,1,1,15,15,5,1172,12254,0,0,1,10,65,42,0,0,54,60,0,34,8500,-1,-1,0,-1,7,0,12,48,2,0,149,0,0,0,0,15,8,15,0,0,99,0,0,30,60,0,2,0,0,0,20,20,20,20,1,1,1,1,0,0,1,0,0,0,0,0,0,1,0,0,0,0,1,0,0,0,0,0,0,0,0,1,0,1,1,1,0,2,1,106,1,1,0,0,401000,10300,-1,-1,-1,-1,-1,-1,-1,-1,-1,-1,-1,-1,-1,-1,-1,-1,-1,-1,-1,-1,-1,-1,139,139,480,0.018,0,0,0,1,1,0,0,0,0,0,0,1,1,45,0,0,6,20,1,20,20,6,0,20,0,5440,0,0,0,7,65,15,15,15,15,15,15,15,15,15,15,0,490050,-1,-1,-1,130,-1,-1,-1,1,1,1,1,1,1,1,1,1,-1,-1,-1,-1,-1,20010000,0,1,1,0,0,0,0,1,1,0,0,3,1000,310,6,6,2,0,45,-1,-1,-1,-1,-1,-1,-1,-1,-1,-1,-1,-1,-1,1,1,0,0,0,0,1,1,0,[0|0|0|0|0|0|0]
23520000,Gazing Finger,0,0,[0|0|0],2321,2517000,0,15,0,1300,780,1000,66,0,30,10,66,50,38,38,-1,-1,-1,-1,-1,-1,2200,23520000,23520000,23520000,23520000,23520000,23520000,23520000,23520000,23520000,23520000,23520000,-1,-1,-1,-1,-1,1,1,1,1,15,15,7.5,883,12258,0,0,1,10,133,86,0,0,95,60,0,46,2200,-1,-1,0,-1,7,0,5,31,2,0,150,0,0,190,2,12,20,8,20,14,99,0,0,30,80,0,2,0,0,0,23,23,23,23,1,1,1,1,0,0,0,0,0,0,0,0,0,1,0,0,0,0,1,0,0,0,0,0,0,0,0,1,0,1,1,1,1,2,1,106,2,2,7,7,401000,300,-1,-1,-1,-1,-1,-1,-1,-1,-1,-1,-1,-1,-1,-1,-1,-1,-1,-1,-1,-1,-1,-1,139,139,35,0.099,1,0,0,1,1,0,0,0,0,0,0,1,1,38,0,0,6,160,1,23,23,6,0,23,0,5390,0,0,0,1,41,15,15,15,15,15,15,15,15,15,15,0,-1,-1,-1,-1,-1,-1,-1,-1,0.935,1,1,1,1,1,1,1,1,-1,-1,-1,-1,-1,10000,0,1,1,0,0,0,0,1,0,0,0,1,7500,330,6,6,3,0,105,-1,-1,-1,-1,-1,-1,-1,-1,-1,-1,-1,-1,-1,1,1,0,0,0,0,1,1,0,[0|0|0|0|0|0|0]
30000000,Buckler,0,0,[0|0|0],3000,7106000,0,1.5,0,600,140,100,10,30,0,0,61,30,30,16,-1,-1,-1,-1,-1,-1,0,30000000,30000000,30000000,30000000,30000000,30000000,30000000,30000000,30000000,30000000,30000000,30000000,30000000,30000000,30000000,30000000,1,1,1,1,15,15,5,2098,12000,0,0,1,10,68,0,0,0,54,60,0,37,8000,-1,-1,0,-1,7,0,12,48,2,0,160,0,0,0,0,15,8,13,0,0,99,0,0,30,60,0,2,0,0,0,19,19,19,19,1,1,1,1,0,0,1,0,0,0,0,0,0,1,0,0,0,0,1,0,0,0,0,0,0,0,0,1,0,1,1,1,0,2,0,106,2,2,0,0,401000,300,-1,-1,-1,-1,-1,-1,-1,-1,-1,-1,-1,-1,-1,-1,-1,-1,-1,-1,-1,-1,-1,-1,139,139,48,0.015,0,0,0,1,1,0,0,0,0,0,0,1,1,30,0,0,6,20,1,19,19,6,0,19,0,303,0,0,0,0,65,15,15,15,15,15,15,15,15,15,15,0,-1,-1,-1,-1,-1,-1,-1,-1,0.93,1,1,1,1,1,1,1,1,-1,-1,-1,-1,-1,10000,0,1,1,0,0,0,0,1,0,0,0,6,1400,310,6,6,1,2,45,-1,-1,-1,30000000,30000000,30000000,30000000,30000000,30000000,30000000,30000000,30000000,30000000,1,1,0,0,0,0,1,1,0,[0|0|0|0|0|0|0]
30000100,Heavy Buckler,0,0,[0|0|0],3000,7106001,0,1.5,0,600,140,100,38,0,0,0,61,30,30,16,-1,-1,-1,-1,-1,-1,0,30000000,30000000,30000000,30000000,30000000,30000000,30000000,30000000,30000000,30000000,30000000,30000000,30000000,30000000,30000000,30000000,1,1,1,1,15,15,5,2098,12000,0,0,1,10,66,0,0,0,54,60,0,37,100,-1,-1,0,-1,7,0,12,48,2,0,160,1,0,0,0,15,8,13,0,0,99,0,0,30,60,0,2,0,0,0,19,19,19,19,1,1,1,1,0,0,1,0,0,0,0,0,0,1,0,0,0,0,1,0,0,0,0,0,0,0,0,1,0,1,1,1,0,2,0,106,2,2,0,0,401000,300,-1,-1,-1,-1,-1,-1,-1,-1,-1,-1,-1,-1,-1,-1,-1,-1,-1,-1,-1,-1,-1,-1,139,139,48,0.015,0,0,0,1,1,0,0,0,0,0,0,1,1,30,0,0,6,20,1,19,19,6,0,19,0,303,0,0,0,0,65,15,15,15,15,15,15,15,15,15,15,0,-1,-1,-1,-1,-1,-1,-1,-1,0.93,1,1,1,1,1,1,1,1,-1,-1,-1,-1,-1,10000,0,1,1,0,0,0,0,1,0,0,0,6,1400,310,6,6,1,2,45,-1,-1,-1,30000000,30000000,30000000,30000000,30000000,30000000,30000000,30000000,30000000,30000000,1,1,0,0,0,0,1,1,0,[0|0|0|0|0|0|0]
30000200,Keen Buckler,0,0,[0|0|0],3000,7106002,0,1.5,0,600,140,100,8,36,0,0,61,30,30,16,-1,-1,-1,-1,-1,-1,0,30000000,30000000,30000000,30000000,30000000,30000000,30000000,30000000,30000000,30000000,30000000,30000000,30000000,30000000,30000000,30000000,1,1,1,1,15,15,5,2098,12000,0,0,1,10,66,0,0,0,54,60,0,37,200,-1,-1,0,-1,7,0,12,48,2,0,160,2,0,0,0,15,8,13,0,0,99,0,0,30,60,0,2,0,0,0,19,19,19,19,1,1,1,1,0,0,1,0,0,0,0,0,0,1,0,0,0,0,1,0,0,0,0,0,0,0,0,1,0,1,1,1,0,2,0,106,2,2,0,0,401000,300,-1,-1,-1,-1,-1,-1,-1,-1,-1,-1,-1,-1,-1,-1,-1,-1,-1,-1,-1,-1,-1,-1,139,139,48,0.015,0,0,0,1,1,0,0,0,0,0,0,1,1,30,0,0,6,20,1,19,19,6,0,19,0,303,0,0,0,0,65,15,15,15,15,15,15,15,15,15,15,0,-1,-1,-1,-1,-1,-1,-1,-1,0.93,1,1,1,1,1,1,1,1,-1,-1,-1,-1,-1,10000,0,1,1,0,0,0,0,1,0,0,0,6,1400,310,6,6,1,2,45,-1,-1,-1,30000000,30000000,30000000,30000000,30000000,30000000,30000000,30000000,30000000,30000000,1,1,0,0,0,0,1,1,0,[0|0|0|0|0|0|0]
30000300,Quality Buckler,0,0,[0|0|0],3000,7106003,0,1.5,0,600,140,100,44,44,0,0,61,30,30,16,-1,-1,-1,-1,-1,-1,0,30000000,30000000,30000000,30000000,30000000,30000000,30000000,30000000,30000000,30000000,30000000,30000000,30000000,30000000,30000000,30000000,1,1,1,1,15,15,5,2098,12000,0,0,1,10,66,0,0,0,54,60,0,37,300,-1,-1,0,-1,7,0,12,48,2,0,160,8,0,0,0,15,8,13,0,0,99,0,0,30,60,0,2,0,0,0,19,19,19,19,1,1,1,1,0,0,1,0,0,0,0,0,0,1,0,0,0,0,1,0,0,0,0,0,0,0,0,1,0,1,1,1,0,2,0,106,2,2,0,0,401000,300,-1,-1,-1,-1,-1,-1,-1,-1,-1,-1,-1,-1,-1,-1,-1,-1,-1,-1,-1,-1,-1,-1,139,139,48,0.015,0,0,0,1,1,0,0,0,0,0,0,1,1,30,0,0,6,20,1,19,19,6,0,19,0,303,0,0,0,0,65,15,15,15,15,15,15,15,15,15,15,0,-1,-1,-1,-1,-1,-1,-1,-1,0.93,1,1,1,1,1,1,1,1,-1,-1,-1,-1,-1,10000,0,1,1,0,0,0,0,1,0,0,0,6,1400,310,6,6,1,2,45,-1,-1,-1,30000000,30000000,30000000,30000000,30000000,30000000,30000000,30000000,30000000,30000000,1,1,0,0,0,0,1,1,0,[0|0|0|0|0|0|0]
30000400,Fire Buckler,0,0,[0|0|0],3000,7106005,0,1.5,0,600,140,100,32,20,0,0,61,30,30,16,-1,-1,-1,-1,-1,-1,0,30000000,30000000,30000000,30000000,30000000,30000000,30000000,30000000,30000000,30000000,30000000,30000000,30000000,30000000,30000000,30000000,1,1,1,1,15,15,5,2098,12000,0,0,1,10,66,0,66,0,54,60,0,37,400,-1,-1,0,-1,7,0,12,48,2,0,160,0,11,0,0,15,8,13,0,0,99,0,0,30,60,0,2,0,0,0,19,19,19,19,1,1,1,1,0,0,1,0,0,0,0,0,0,1,0,0,0,0,1,0,0,0,0,0,0,0,0,1,0,1,1,1,0,2,0,106,2,2,0,0,401000,300,-1,-1,-1,-1,-1,-1,-1,-1,-1,-1,-1,-1,-1,-1,-1,-1,-1,-1,-1,-1,-1,-1,139,139,48,0.015,0,0,0,1,1,0,0,0,0,4,0,1,1,30,0,0,6,20,1,19,19,6,0,19,0,303,0,0,0,0,65,15,15,15,15,15,15,15,15,15,15,0,-1,-1,-1,-1,-1,-1,-1,-1,0.93,1,1,1,1,1,1,1,1,-1,-1,-1,-1,-1,10005,0,1,1,0,0,0,0,1,0,0,0,6,1400,310,6,6,1,2,45,-1,-1,-1,30000000,30000000,30000000,30000000,30000000,30000000,30000000,30000000,30000000,30000000,1,1,0,0,0,0,1,1,0,[0|0|0|0|0|0|0]
30000500,Flame Art Buckler,0,0,[0|0|0],3000,7106006,0,1.5,0,600,140,100,4,12,0,28,61,30,30,16,-1,-1,-1,-1,-1,-1,0,30000000,30000000,30000000,30000000,30000000,30000000,30000000,30000000,30000000,30000000,30000000,30000000,30000000,30000000,30000000,30000000,1,1,1,1,15,15,5,2098,12000,0,0,1,10,66,0,66,0,54,60,0,37,500,-1,-1,0,-1,7,0,12,48,2,0,160,0,11,0,0,15,8,13,0,0,99,0,0,30,60,0,2,0,0,0,19,19,19,19,1,1,1,1,0,0,1,0,0,0,0,0,0,1,0,0,0,0,1,0,0,0,0,0,0,0,0,1,0,1,1,1,0,2,0,106,2,2,0,0,401000,300,-1,-1,-1,-1,-1,-1,-1,-1,-1,-1,-1,-1,-1,-1,-1,-1,-1,-1,-1,-1,-1,-1,139,139,48,0.015,0,0,0,1,1,0,0,0,0,4,0,1,1,30,0,0,6,20,1,19,19,6,0,19,0,303,0,0,0,0,65,15,15,15,15,15,15,15,15,15,15,0,-1,-1,-1,-1,-1,-1,-1,-1,0.93,1,1,1,1,1,1,1,1,-1,-1,-1,-1,-1,10000,0,1,1,0,0,0,0,1,0,0,0,6,1400,310,6,6,1,2,45,-1,-1,-1,30000000,30000000,30000000,30000000,30000000,30000000,30000000,30000000,30000000,30000000,1,1,0,0,0,0,1,1,0,[0|0|0|0|0|0|0]
30000600,Lightning Buckler,0,0,[0|0|0],3000,7106007,0,1.5,0,600,140,100,8,34,0,0,61,30,30,16,-1,-1,-1,-1,-1,-1,0,30000000,30000000,30000000,30000000,30000000,30000000,30000000,30000000,30000000,30000000,30000000,30000000,30000000,30000000,30000000,30000000,1,1,1,1,15,15,5,2098,12000,0,0,1,10,66,0,0,66,54,60,0,37,600,-1,-1,0,-1,7,0,12,48,2,0,160,0,12,0,0,15,8,13,0,0,99,0,0,30,60,0,2,0,0,0,19,19,19,19,1,1,1,1,0,0,1,0,0,0,0,0,0,1,0,0,0,0,1,0,0,0,0,0,0,0,0,1,0,1,1,1,0,2,0,106,2,2,0,0,401000,300,-1,-1,-1,-1,-1,-1,-1,-1,-1,-1,-1,-1,-1,-1,-1,-1,-1,-1,-1,-1,-1,-1,139,139,48,0.015,0,0,0,1,1,0,0,0,0,0,4,1,1,30,0,0,6,20,1,19,19,6,0,19,0,303,0,0,0,0,65,15,15,15,15,15,15,15,15,15,15,0,-1,-1,-1,-1,-1,-1,-1,-1,0.93,1,1,1,1,1,1,1,1,-1,-1,-1,-1,-1,10000,0,1,1,0,0,0,0,1,0,0,0,6,1400,310,6,6,1,2,45,-1,-1,-1,30000000,30000000,30000000,30000000,30000000,30000000,30000000,30000000,30000000,30000000,1,1,0,0,0,0,1,1,0,[0|0|0|0|0|0|0]
30000700,Sacred Buckler,0,0,[0|0|0],3000,7106008,0,1.5,0,600,140,100,5,15,0,24,61,30,30,16,-1,-1,-1,-1,-1,-1,0,30000000,30000000,30000000,30000000,30000000,30000000,30000000,30000000,30000000,30000000,30000000,30000000,30000000,30000000,30000000,30000000,1,1,1,1,15,15,5,2098,12000,0,0,1,10,66,0,0,0,54,60,0,37,700,-1,-1,0,-1,7,0,12,48,2,0,160,0,13,0,0,15,8,13,0,0,99,0,0,30,60,0,2,0,0,0,19,19,19,19,1,1,1,1,0,0,1,0,0,0,0,0,0,1,0,0,0,0,1,0,0,0,0,0,0,0,0,1,0,1,1,1,0,2,0,106,2,2,0,0,401000,300,-1,-1,-1,-1,-1,-1,-1,-1,-1,-1,-1,-1,-1,-1,-1,-1,-1,-1,-1,-1,-1,-1,139,139,48,0.015,0,0,0,1,1,0,0,0,0,0,0,1,1,30,66,4,6,20,1,19,19,6,0,19,0,303,0,0,0,0,65,15,15,15,15,15,15,15,15,15,15,0,-1,-1,-1,-1,-1,-1,-1,-1,0.93,1,1,1,1,1,1,1,1,-1,-1,-1,-1,-1,10000,0,1,1,0,0,0,0,1,0,0,0,6,1400,310,6,6,1,2,45,-1,-1,-1,30000000,30000000,30000000,30000000,30000000,30000000,30000000,30000000,30000000,30000000,1,1,0,0,0,0,1,1,0,[0|0|0|0|0|0|0]
30000800,Magic Buckler,0,0,[0|0|0],3000,7106004,0,1.5,0,600,140,100,4,12,28,0,61,30,30,16,-1,-1,-1,-1,-1,-1,0,30000000,30000000,30000000,30000000,30000000,30000000,30000000,30000000,30000000,30000000,30000000,30000000,30000000,30000000,30000000,30000000,1,1,1,1,15,15,5,2098,12000,0,0,1,10,66,66,0,0,54,60,0,37,800,-1,-1,0,-1,7,0,12,48,2,0,160,0,10,0,0,15,8,13,0,0,99,0,0,30,60,0,2,0,0,0,19,19,19,19,1,1,1,1,0,0,1,0,0,0,0,0,0,1,0,0,0,0,1,0,0,0,0,0,0,0,0,1,0,1,1,1,0,2,0,106,2,2,0,0,401000,300,-1,-1,-1,-1,-1,-1,-1,-1,-1,-1,-1,-1,-1,-1,-1,-1,-1,-1,-1,-1,-1,-1,139,139,48,0.015,0,0,0,1,1,0,0,0,4,0,0,1,1,30,0,0,6,20,1,19,19,6,0,19,0,303,0,0,0,0,65,15,15,15,15,15,15,15,15,15,15,0,-1,-1,-1,-1,-1,-1,-1,-1,0.93,1,1,1,1,1,1,1,1,-1,-1,-1,-1,-1,10000,0,1,1,0,0,0,0,1,0,0,0,6,1400,310,6,6,1,2,45,-1,-1,-1,30000000,30000000,30000000,30000000,30000000,30000000,30000000,30000000,30000000,30000000,1,1,0,0,0,0,1,1,0,[0|0|0|0|0|0|0]
30000900,Cold Buckler,0,0,[0|0|0],3000,7106011,0,1.5,0,600,140,100,9,28,26,0,61,30,30,16,-1,107500,-1,-1,-1,-1,0,30000000,30000000,30000000,30000000,30000000,30000000,30000000,30000000,30000000,30000000,30000000,30000000,30000000,30000000,30000000,30000000,1,1,1,1,15,15,5,2098,12000,0,0,1,10,66,56,0,0,54,60,0,37,900,-1,-1,0,-1,7,0,12,48,2,0,160,0,10,0,0,15,8,13,0,0,99,0,0,30,60,0,2,0,0,0,19,19,19,19,1,1,1,1,0,0,1,0,0,0,0,0,0,1,0,0,0,0,1,0,0,0,0,0,0,0,0,1,0,1,1,1,0,2,0,106,2,2,0,0,401000,300,-1,-1,-1,-1,-1,-1,-1,-1,-1,-1,-1,-1,-1,-1,-1,-1,-1,-1,-1,-1,-1,-1,139,139,48,0.015,0,0,0,1,1,0,0,0,4,0,0,1,1,30,0,0,6,20,1,19,19,6,0,19,0,303,0,0,0,0,65,15,15,15,15,15,15,15,15,15,15,0,-1,-1,-1,-1,-1,-1,-1,-1,0.93,1,1,1,1,1,1,1,1,-1,-1,-1,-1,-1,10000,0,1,1,0,0,0,0,1,0,0,0,6,1400,310,6,6,1,2,45,6601,-1,-1,30000000,30000000,30000000,30000000,30000000,30000000,30000000,30000000,30000000,30000000,1,1,0,0,0,0,1,1,0,[0|0|0|0|0|0|0]
30001000,Poison Buckler,0,0,[0|0|0],3000,7106009,0,1.5,0,600,140,100,9,27,0,0,61,30,30,16,-1,106000,-1,-1,-1,-1,0,30000000,30000000,30000000,30000000,30000000,30000000,30000000,30000000,30000000,30000000,30000000,30000000,30000000,30000000,30000000,30000000,1,1,1,1,15,15,5,2098,12000,0,0,1,10,66,0,0,0,54,60,0,37,1000,-1,-1,0,-1,7,0,12,48,2,0,160,0,0,0,0,15,8,13,0,0,99,0,0,30,60,0,2,0,0,0,19,19,19,19,1,1,1,1,0,0,1,0,0,0,0,0,0,1,0,0,0,0,1,0,0,0,0,0,0,0,0,1,0,1,1,1,0,2,0,106,2,2,0,0,401000,300,-1,-1,-1,-1,-1,-1,-1,-1,-1,-1,-1,-1,-1,-1,-1,-1,-1,-1,-1,-1,-1,-1,139,139,48,0.015,0,0,0,1,1,0,0,0,0,0,0,1,1,30,0,0,6,20,1,19,19,6,0,19,0,303,30,0,0,0,65,15,15,15,15,15,15,15,15,15,15,0,-1,-1,-1,-1,-1,-1,-1,-1,0.93,1,1,1,1,1,1,1,1,-1,-1,-1,-1,-1,10013,0,1,1,0,0,0,0,1,0,0,0,6,1400,310,6,6,1,2,45,6401,-1,-1,30000000,30000000,30000000,30000000,30000000,30000000,30000000,30000000,30000000,30000000,1,1,0,0,0,0,1,1,0,[0|0|0|0|0|0|0]
30001100,Bloody Buckler,0,0,[0|0|0],3000,7106010,0,1.5,0,600,140,100,9,27,0,0,61,30,30,16,105000,-1,-1,-1,-1,-1,0,30000000,30000000,30000000,30000000,30000000,30000000,30000000,30000000,30000000,30000000,30000000,30000000,30000000,30000000,30000000,30000000,1,1,1,1,15,15,5,2098,12000,0,0,1,10,66,0,0,0,54,60,0,37,1100,-1,-1,0,-1,7,0,12,48,2,0,160,0,0,0,0,15,8,13,0,0,99,0,0,30,60,0,2,0,0,0,19,19,19,19,1,1,1,1,0,0,1,0,0,0,0,0,0,1,0,0,0,0,1,0,0,0,0,0,0,0,0,1,0,1,1,1,0,2,0,106,2,2,0,0,401000,300,-1,-1,-1,-1,-1,-1,-1,-1,-1,-1,-1,-1,-1,-1,-1,-1,-1,-1,-1,-1,-1,-1,139,139,48,0.015,0,0,0,1,1,0,0,0,0,0,0,1,1,30,0,0,6,20,1,19,19,6,0,19,0,303,30,0,0,0,65,15,15,15,15,15,15,15,15,15,15,0,-1,-1,-1,-1,-1,-1,-1,-1,0.93,1,1,1,1,1,1,1,1,-1,-1,-1,-1,-1,10013,0,1,1,0,0,0,0,1,0,0,0,6,1400,310,6,6,1,2,45,6501,-1,-1,30000000,30000000,30000000,30000000,30000000,30000000,30000000,30000000,30000000,30000000,1,1,0,0,0,0,1,1,0,[0|0|0|0|0|0|0]
30001200,Occult Buckler,0,0,[0|0|0],3000,7106012,0,1.5,0,600,140,100,9,0,0,0,61,30,30,16,-1,-1,-1,-1,-1,-1,0,30000000,30000000,30000000,30000000,30000000,30000000,30000000,30000000,30000000,30000000,30000000,30000000,30000000,30000000,30000000,30000000,1,1,1,1,15,15,5,2098,12000,0,0,1,10,66,0,0,0,54,60,0,37,1200,-1,-1,0,-1,7,0,12,48,2,0,160,7,0,0,0,15,8,13,0,0,99,0,0,30,60,0,2,0,0,0,19,19,19,19,1,1,1,1,0,0,1,0,0,0,0,0,0,1,0,0,0,0,1,0,0,0,0,0,0,0,0,1,0,1,1,1,0,2,0,106,2,2,0,0,401000,300,-1,-1,-1,-1,-1,-1,-1,-1,-1,-1,-1,-1,-1,-1,-1,-1,-1,-1,-1,-1,-1,-1,139,139,48,0.015,0,0,0,1,1,0,0,0,0,0,0,1,1,30,0,0,6,20,1,19,19,6,0,19,0,303,38,0,0,0,65,15,15,15,15,15,15,15,15,15,15,0,-1,-1,-1,-1,-1,-1,-1,-1,0.93,1,1,1,1,1,1,1,1,-1,-1,-1,-1,-1,10013,0,1,1,0,0,0,0,1,0,0,0,6,1400,310,6,6,1,2,45,-1,-1,-1,30000000,30000000,30000000,30000000,30000000,30000000,30000000,30000000,30000000,30000000,1,1,0,0,0,0,1,1,0,[0|0|0|0|0|0|0]
30010000,Perfumer's Shield,1,0,[0|0|0],3000,7112000,0,1.5,0,600,140,100,24,0,0,0,66,35,35,16,-1,-1,-1,5300100,-1,-1,0,30010000,30010000,30010000,30010000,30010000,30010000,30010000,30010000,30010000,30010000,30010000,30010000,30010000,30010000,30010000,30010000,1,1,1,1,15,15,5,2103,12001,0,0,1,10,67,0,0,0,51,60,0,37,8000,-1,-1,0,-1,7,0,12,48,2,0,160,0,0,0,0,15,8,0,0,0,99,0,0,30,60,0,2,0,0,0,19,19,19,19,1,1,1,1,0,0,1,0,0,0,0,0,0,1,0,0,0,0,1,0,0,0,0,0,0,0,0,1,0,1,1,1,0,2,0,106,2,2,0,0,401000,300,-1,-1,-1,-1,-1,-1,-1,-1,-1,-1,-1,-1,-1,-1,-1,-1,-1,-1,-1,-1,-1,-1,139,139,480,0.015,0,0,0,1,1,0,0,0,0,0,0,1,1,35,0,0,6,20,1,19,19,6,0,19,0,302,0,0,0,0,65,15,15,15,15,15,15,15,15,15,15,0,-1,-1,-1,-1,-1,-1,-1,-1,0.97,1,1,1,1,1,1,1,1,-1,-1,-1,-1,-1,10000,0,1,1,0,0,0,0,1,0,0,0,6,1400,310,6,6,1,2,45,-1,-1,-1,30010000,30010000,30010000,30010000,30010000,30010000,30010000,30010000,30010000,30010000,1,1,0,0,0,0,1,1,0,[0|0|0|0|0|0|0]
30010100,Perfumer's Heavy Shield,1,0,[0|0|0],3000,7112001,0,1.5,0,600,140,100,22,0,0,0,66,35,35,16,-1,-1,-1,5300100,-1,-1,0,30010000,30010000,30010000,30010000,30010000,30010000,30010000,30010000,30010000,30010000,30010000,30010000,30010000,30010000,30010000,30010000,1,1,1,1,15,15,5,2103,12001,0,0,1,10,65,0,0,0,51,60,0,37,100,-1,-1,0,-1,7,0,12,48,2,0,160,1,0,0,0,15,8,0,0,0,99,0,0,30,60,0,2,0,0,0,19,19,19,19,1,1,1,1,0,0,1,0,0,0,0,0,0,1,0,0,0,0,1,0,0,0,0,0,0,0,0,1,0,1,1,1,0,2,0,106,2,2,0,0,401000,300,-1,-1,-1,-1,-1,-1,-1,-1,-1,-1,-1,-1,-1,-1,-1,-1,-1,-1,-1,-1,-1,-1,139,139,480,0.015,0,0,0,1,1,0,0,0,0,0,0,1,1,35,0,0,6,20,1,19,19,6,0,19,0,302,0,0,0,0,65,15,15,15,15,15,15,15,15,15,15,0,-1,-1,-1,-1,-1,-1,-1,-1,0.97,1,1,1,1,1,1,1,1,-1,-1,-1,-1,-1,10000,0,1,1,0,0,0,0,1,0,0,0,6,1400,310,6,6,1,2,45,-1,-1,-1,30010000,30010000,30010000,30010000,30010000,30010000,30010000,30010000,30010000,30010000,1,1,0,0,0,0,1,1,0,[0|0|0|0|0|0|0]
30010200,Perfumer's Keen Shield,1,0,[0|0|0],3000,7112002,0,1.5,0,600,140,100,4,21,0,0,66,35,35,16,-1,-1,-1,5300100,-1,-1,0,30010000,30010000,30010000,30010000,30010000,30010000,30010000,30010000,30010000,30010000,30010000,30010000,30010000,30010000,30010000,30010000,1,1,1,1,15,15,5,2103,12001,0,0,1,10,65,0,0,0,51,60,0,37,200,-1,-1,0,-1,7,0,12,48,2,0,160,2,0,0,0,15,8,0,0,0,99,0,0,30,60,0,2,0,0,0,19,19,19,19,1,1,1,1,0,0,1,0,0,0,0,0,0,1,0,0,0,0,1,0,0,0,0,0,0,0,0,1,0,1,1,1,0,2,0,106,2,2,0,0,401000,300,-1,-1,-1,-1,-1,-1,-1,-1,-1,-1,-1,-1,-1,-1,-1,-1,-1,-1,-1,-1,-1,-1,139,139,480,0.015,0,0,0,1,1,0,0,0,0,0,0,1,1,35,0,0,6,20,1,19,19,6,0,19,0,302,0,0,0,0,65,15,15,15,15,15,15,15,15,15,15,0,-1,-1,-1,-1,-1,-1,-1,-1,0.97,1,1,1,1,1,1,1,1,-1,-1,-1,-1,-1,10000,0,1,1,0,0,0,0,1,0,0,0,6,1400,310,6,6,1,2,45,-1,-1,-1,30010000,30010000,30010000,30010000,30010000,30010000,30010000,30010000,30010000,30010000,1,1,0,0,0,0,1,1,0,[0|0|0|0|0|0|0]
30010300,Perfumer's Quality Shield,1,0,[0|0|0],3000,7112003,0,1.5,0,600,140,100,26,26,0,0,66,35,35,16,-1,-1,-1,5300100,-1,-1,0,30010000,30010000,30010000,30010000,30010000,30010000,30010000,30010000,30010000,30010000,30010000,30010000,30010000,30010000,30010000,30010000,1,1,1,1,15,15,5,2103,12001,0,0,1,10,65,0,0,0,51,60,0,37,300,-1,-1,0,-1,7,0,12,48,2,0,160,8,0,0,0,15,8,0,0,0,99,0,0,30,60,0,2,0,0,0,19,19,19,19,1,1,1,1,0,0,1,0,0,0,0,0,0,1,0,0,0,0,1,0,0,0,0,0,0,0,0,1,0,1,1,1,0,2,0,106,2,2,0,0,401000,300,-1,-1,-1,-1,-1,-1,-1,-1,-1,-1,-1,-1,-1,-1,-1,-1,-1,-1,-1,-1,-1,-1,139,139,480,0.015,0,0,0,1,1,0,0,0,0,0,0,1,1,35,0,0,6,20,1,19,19,6,0,19,0,302,0,0,0,0,65,15,15,15,15,15,15,15,15,15,15,0,-1,-1,-1,-1,-1,-1,-1,-1,0.97,1,1,1,1,1,1,1,1,-1,-1,-1,-1,-1,10000,0,1,1,0,0,0,0,1,0,0,0,6,1400,310,6,6,1,2,45,-1,-1,-1,30010000,30010000,30010000,30010000,30010000,30010000,30010000,30010000,30010000,30010000,1,1,0,0,0,0,1,1,0,[0|0|0|0|0|0|0]
30010400,Perfumer's Fire Shield,1,0,[0|0|0],3000,7112005,0,1.5,0,600,140,100,19,12,0,0,66,35,35,16,-1,-1,-1,5300100,-1,-1,0,30010000,30010000,30010000,30010000,30010000,30010000,30010000,30010000,30010000,30010000,30010000,30010000,30010000,30010000,30010000,30010000,1,1,1,1,15,15,5,2103,12001,0,0,1,10,65,0,65,0,51,60,0,37,400,-1,-1,0,-1,7,0,12,48,2,0,160,0,11,0,0,15,8,0,0,0,99,0,0,30,60,0,2,0,0,0,19,19,19,19,1,1,1,1,0,0,1,0,0,0,0,0,0,1,0,0,0,0,1,0,0,0,0,0,0,0,0,1,0,1,1,1,0,2,0,106,2,2,0,0,401000,300,-1,-1,-1,-1,-1,-1,-1,-1,-1,-1,-1,-1,-1,-1,-1,-1,-1,-1,-1,-1,-1,-1,139,139,480,0.015,0,0,0,1,1,0,0,0,0,4,0,1,1,35,0,0,6,20,1,19,19,6,0,19,0,302,0,0,0,0,65,15,15,15,15,15,15,15,15,15,15,0,-1,-1,-1,-1,-1,-1,-1,-1,0.97,1,1,1,1,1,1,1,1,-1,-1,-1,-1,-1,10005,0,1,1,0,0,0,0,1,0,0,0,6,1400,310,6,6,1,2,45,-1,-1,-1,30010000,30010000,30010000,30010000,30010000,30010000,30010000,30010000,30010000,30010000,1,1,0,0,0,0,1,1,0,[0|0|0|0|0|0|0]
30010500,Perfumer's Flame Art Shield,1,0,[0|0|0],3000,7112006,0,1.5,0,600,140,100,9,0,0,16,66,35,35,16,-1,-1,-1,5300100,-1,-1,0,30010000,30010000,30010000,30010000,30010000,30010000,30010000,30010000,30010000,30010000,30010000,30010000,30010000,30010000,30010000,30010000,1,1,1,1,15,15,5,2103,12001,0,0,1,10,65,0,65,0,51,60,0,37,500,-1,-1,0,-1,7,0,12,48,2,0,160,0,11,0,0,15,8,0,0,0,99,0,0,30,60,0,2,0,0,0,19,19,19,19,1,1,1,1,0,0,1,0,0,0,0,0,0,1,0,0,0,0,1,0,0,0,0,0,0,0,0,1,0,1,1,1,0,2,0,106,2,2,0,0,401000,300,-1,-1,-1,-1,-1,-1,-1,-1,-1,-1,-1,-1,-1,-1,-1,-1,-1,-1,-1,-1,-1,-1,139,139,480,0.015,0,0,0,1,1,0,0,0,0,4,0,1,1,35,0,0,6,20,1,19,19,6,0,19,0,302,0,0,0,0,65,15,15,15,15,15,15,15,15,15,15,0,-1,-1,-1,-1,-1,-1,-1,-1,0.97,1,1,1,1,1,1,1,1,-1,-1,-1,-1,-1,10000,0,1,1,0,0,0,0,1,0,0,0,6,1400,310,6,6,1,2,45,-1,-1,-1,30010000,30010000,30010000,30010000,30010000,30010000,30010000,30010000,30010000,30010000,1,1,0,0,0,0,1,1,0,[0|0|0|0|0|0|0]
30010600,Perfumer's Lightning Shield,1,0,[0|0|0],3000,7112007,0,1.5,0,600,140,100,4,20,0,0,66,35,35,16,-1,-1,-1,5300100,-1,-1,0,30010000,30010000,30010000,30010000,30010000,30010000,30010000,30010000,30010000,30010000,30010000,30010000,30010000,30010000,30010000,30010000,1,1,1,1,15,15,5,2103,12001,0,0,1,10,65,0,0,65,51,60,0,37,600,-1,-1,0,-1,7,0,12,48,2,0,160,0,12,0,0,15,8,0,0,0,99,0,0,30,60,0,2,0,0,0,19,19,19,19,1,1,1,1,0,0,1,0,0,0,0,0,0,1,0,0,0,0,1,0,0,0,0,0,0,0,0,1,0,1,1,1,0,2,0,106,2,2,0,0,401000,300,-1,-1,-1,-1,-1,-1,-1,-1,-1,-1,-1,-1,-1,-1,-1,-1,-1,-1,-1,-1,-1,-1,139,139,480,0.015,0,0,0,1,1,0,0,0,0,0,4,1,1,35,0,0,6,20,1,19,19,6,0,19,0,302,0,0,0,0,65,15,15,15,15,15,15,15,15,15,15,0,-1,-1,-1,-1,-1,-1,-1,-1,0.97,1,1,1,1,1,1,1,1,-1,-1,-1,-1,-1,10000,0,1,1,0,0,0,0,1,0,0,0,6,1400,310,6,6,1,2,45,-1,-1,-1,30010000,30010000,30010000,30010000,30010000,30010000,30010000,30010000,30010000,30010000,1,1,0,0,0,0,1,1,0,[0|0|0|0|0|0|0]
30010700,Perfumer's Sacred Shield,1,0,[0|0|0],3000,7112008,0,1.5,0,600,140,100,12,0,0,14,66,35,35,16,-1,-1,-1,5300100,-1,-1,0,30010000,30010000,30010000,30010000,30010000,30010000,30010000,30010000,30010000,30010000,30010000,30010000,30010000,30010000,30010000,30010000,1,1,1,1,15,15,5,2103,12001,0,0,1,10,65,0,0,0,51,60,0,37,700,-1,-1,0,-1,7,0,12,48,2,0,160,0,13,0,0,15,8,0,0,0,99,0,0,30,60,0,2,0,0,0,19,19,19,19,1,1,1,1,0,0,1,0,0,0,0,0,0,1,0,0,0,0,1,0,0,0,0,0,0,0,0,1,0,1,1,1,0,2,0,106,2,2,0,0,401000,300,-1,-1,-1,-1,-1,-1,-1,-1,-1,-1,-1,-1,-1,-1,-1,-1,-1,-1,-1,-1,-1,-1,139,139,480,0.015,0,0,0,1,1,0,0,0,0,0,0,1,1,35,65,4,6,20,1,19,19,6,0,19,0,302,0,0,0,0,65,15,15,15,15,15,15,15,15,15,15,0,-1,-1,-1,-1,-1,-1,-1,-1,0.97,1,1,1,1,1,1,1,1,-1,-1,-1,-1,-1,10000,0,1,1,0,0,0,0,1,0,0,0,6,1400,310,6,6,1,2,45,-1,-1,-1,30010000,30010000,30010000,30010000,30010000,30010000,30010000,30010000,30010000,30010000,1,1,0,0,0,0,1,1,0,[0|0|0|0|0|0|0]
30010800,Perfumer's Magic Shield,1,0,[0|0|0],3000,7112004,0,1.5,0,600,140,100,9,0,16,0,66,35,35,16,-1,-1,-1,5300100,-1,-1,0,30010000,30010000,30010000,30010000,30010000,30010000,30010000,30010000,30010000,30010000,30010000,30010000,30010000,30010000,30010000,30010000,1,1,1,1,15,15,5,2103,12001,0,0,1,10,65,65,0,0,51,60,0,37,800,-1,-1,0,-1,7,0,12,48,2,0,160,0,10,0,0,15,8,0,0,0,99,0,0,30,60,0,2,0,0,0,19,19,19,19,1,1,1,1,0,0,1,0,0,0,0,0,0,1,0,0,0,0,1,0,0,0,0,0,0,0,0,1,0,1,1,1,0,2,0,106,2,2,0,0,401000,300,-1,-1,-1,-1,-1,-1,-1,-1,-1,-1,-1,-1,-1,-1,-1,-1,-1,-1,-1,-1,-1,-1,139,139,480,0.015,0,0,0,1,1,0,0,0,4,0,0,1,1,35,0,0,6,20,1,19,19,6,0,19,0,302,0,0,0,0,65,15,15,15,15,15,15,15,15,15,15,0,-1,-1,-1,-1,-1,-1,-1,-1,0.97,1,1,1,1,1,1,1,1,-1,-1,-1,-1,-1,10000,0,1,1,0,0,0,0,1,0,0,0,6,1400,310,6,6,1,2,45,-1,-1,-1,30010000,30010000,30010000,30010000,30010000,30010000,30010000,30010000,30010000,30010000,1,1,0,0,0,0,1,1,0,[0|0|0|0|0|0|0]
30010900,Perfumer's Cold Shield,1,0,[0|0|0],3000,7112011,0,1.5,0,600,140,100,22,0,15,0,66,35,35,16,-1,107500,-1,5300100,-1,-1,0,30010000,30010000,30010000,30010000,30010000,30010000,30010000,30010000,30010000,30010000,30010000,30010000,30010000,30010000,30010000,30010000,1,1,1,1,15,15,5,2103,12001,0,0,1,10,65,55,0,0,51,60,0,37,900,-1,-1,0,-1,7,0,12,48,2,0,160,0,10,0,0,15,8,0,0,0,99,0,0,30,60,0,2,0,0,0,19,19,19,19,1,1,1,1,0,0,1,0,0,0,0,0,0,1,0,0,0,0,1,0,0,0,0,0,0,0,0,1,0,1,1,1,0,2,0,106,2,2,0,0,401000,300,-1,-1,-1,-1,-1,-1,-1,-1,-1,-1,-1,-1,-1,-1,-1,-1,-1,-1,-1,-1,-1,-1,139,139,480,0.015,0,0,0,1,1,0,0,0,4,0,0,1,1,35,0,0,6,20,1,19,19,6,0,19,0,302,0,0,0,0,65,15,15,15,15,15,15,15,15,15,15,0,-1,-1,-1,-1,-1,-1,-1,-1,0.97,1,1,1,1,1,1,1,1,-1,-1,-1,-1,-1,10000,0,1,1,0,0,0,0,1,0,0,0,6,1400,310,6,6,1,2,45,6601,-1,-1,30010000,30010000,30010000,30010000,30010000,30010000,30010000,30010000,30010000,30010000,1,1,0,0,0,0,1,1,0,[0|0|0|0|0|0|0]
30011000,Perfumer's Poison Shield,1,0,[0|0|0],3000,7112009,0,1.5,0,600,140,100,21,0,0,0,66,35,35,16,-1,106000,-1,5300100,-1,-1,0,30010000,30010000,30010000,30010000,30010000,30010000,30010000,30010000,30010000,30010000,30010000,30010000,30010000,30010000,30010000,30010000,1,1,1,1,15,15,5,2103,12001,0,0,1,10,65,0,0,0,51,60,0,37,1000,-1,-1,0,-1,7,0,12,48,2,0,160,0,0,0,0,15,8,0,0,0,99,0,0,30,60,0,2,0,0,0,19,19,19,19,1,1,1,1,0,0,1,0,0,0,0,0,0,1,0,0,0,0,1,0,0,0,0,0,0,0,0,1,0,1,1,1,0,2,0,106,2,2,0,0,401000,300,-1,-1,-1,-1,-1,-1,-1,-1,-1,-1,-1,-1,-1,-1,-1,-1,-1,-1,-1,-1,-1,-1,139,139,480,0.015,0,0,0,1,1,0,0,0,0,0,0,1,1,35,0,0,6,20,1,19,19,6,0,19,0,302,30,0,0,0,65,15,15,15,15,15,15,15,15,15,15,0,-1,-1,-1,-1,-1,-1,-1,-1,0.97,1,1,1,1,1,1,1,1,-1,-1,-1,-1,-1,10013,0,1,1,0,0,0,0,1,0,0,0,6,1400,310,6,6,1,2,45,6401,-1,-1,30010000,30010000,30010000,30010000,30010000,30010000,30010000,30010000,30010000,30010000,1,1,0,0,0,0,1,1,0,[0|0|0|0|0|0|0]
30011100,Perfumer's Blood Shield,1,0,[0|0|0],3000,7112010,0,1.5,0,600,140,100,21,0,0,0,66,35,35,16,105000,-1,-1,5300100,-1,-1,0,30010000,30010000,30010000,30010000,30010000,30010000,30010000,30010000,30010000,30010000,30010000,30010000,30010000,30010000,30010000,30010000,1,1,1,1,15,15,5,2103,12001,0,0,1,10,65,0,0,0,51,60,0,37,1100,-1,-1,0,-1,7,0,12,48,2,0,160,0,0,0,0,15,8,0,0,0,99,0,0,30,60,0,2,0,0,0,19,19,19,19,1,1,1,1,0,0,1,0,0,0,0,0,0,1,0,0,0,0,1,0,0,0,0,0,0,0,0,1,0,1,1,1,0,2,0,106,2,2,0,0,401000,300,-1,-1,-1,-1,-1,-1,-1,-1,-1,-1,-1,-1,-1,-1,-1,-1,-1,-1,-1,-1,-1,-1,139,139,480,0.015,0,0,0,1,1,0,0,0,0,0,0,1,1,35,0,0,6,20,1,19,19,6,0,19,0,302,30,0,0,0,65,15,15,15,15,15,15,15,15,15,15,0,-1,-1,-1,-1,-1,-1,-1,-1,0.97,1,1,1,1,1,1,1,1,-1,-1,-1,-1,-1,10013,0,1,1,0,0,0,0,1,0,0,0,6,1400,310,6,6,1,2,45,6501,-1,-1,30010000,30010000,30010000,30010000,30010000,30010000,30010000,30010000,30010000,30010000,1,1,0,0,0,0,1,1,0,[0|0|0|0|0|0|0]
30011200,Perfumer's Occult Shield,1,0,[0|0|0],3000,7112012,0,1.5,0,600,140,100,22,0,0,0,66,35,35,16,-1,-1,-1,5300100,-1,-1,0,30010000,30010000,30010000,30010000,30010000,30010000,30010000,30010000,30010000,30010000,30010000,30010000,30010000,30010000,30010000,30010000,1,1,1,1,15,15,5,2103,12001,0,0,1,10,65,0,0,0,51,60,0,37,1200,-1,-1,0,-1,7,0,12,48,2,0,160,7,0,0,0,15,8,0,0,0,99,0,0,30,60,0,2,0,0,0,19,19,19,19,1,1,1,1,0,0,1,0,0,0,0,0,0,1,0,0,0,0,1,0,0,0,0,0,0,0,0,1,0,1,1,1,0,2,0,106,2,2,0,0,401000,300,-1,-1,-1,-1,-1,-1,-1,-1,-1,-1,-1,-1,-1,-1,-1,-1,-1,-1,-1,-1,-1,-1,139,139,480,0.015,0,0,0,1,1,0,0,0,0,0,0,1,1,35,0,0,6,20,1,19,19,6,0,19,0,302,22,0,0,0,65,15,15,15,15,15,15,15,15,15,15,0,-1,-1,-1,-1,-1,-1,-1,-1,0.97,1,1,1,1,1,1,1,1,-1,-1,-1,-1,-1,10013,0,1,1,0,0,0,0,1,0,0,0,6,1400,310,6,6,1,2,45,-1,-1,-1,30010000,30010000,30010000,30010000,30010000,30010000,30010000,30010000,30010000,30010000,1,1,0,0,0,0,1,1,0,[0|0|0|0|0|0|0]
30020000,Man-Serpent's Shield,1,0,[0|0|0],3000,7109000,0,2,0,600,140,100,24,0,0,0,75,35,48,18,-1,-1,-1,-1,-1,-1,0,30020000,30020000,30020000,30020000,30020000,30020000,30020000,30020000,30020000,30020000,30020000,30020000,30020000,30020000,30020000,30020000,1,1,1,1,15,15,5,2104,12002,0,0,1,10,70,0,0,0,54,60,0,39,8000,-1,-1,0,-1,7,0,12,48,2,0,160,0,0,0,0,15,8,0,0,0,99,0,0,30,60,0,2,0,0,0,20,20,20,20,1,1,1,1,0,0,1,0,0,0,0,0,0,1,0,0,0,0,1,0,0,0,0,0,0,0,0,1,0,1,1,1,0,2,0,106,2,2,0,0,401000,300,-1,-1,-1,-1,-1,-1,-1,-1,-1,-1,-1,-1,-1,-1,-1,-1,-1,-1,-1,-1,-1,-1,139,139,48,0.015,0,0,0,1,1,0,0,0,0,0,0,1,1,33,0,0,6,20,1,20,20,6,0,20,0,10,0,0,0,0,65,15,15,15,15,15,15,15,15,15,15,0,-1,-1,-1,-1,-1,-1,-1,-1,1,1,1,1,1,1,1,1,1,-1,-1,-1,-1,-1,10000,0,1,1,0,0,0,0,1,0,0,0,6,1400,310,6,6,1,2,45,-1,-1,-1,30020000,30020000,30020000,30020000,30020000,30020000,30020000,30020000,30020000,30020000,1,1,0,0,0,0,1,1,0,[0|0|0|0|0|0|0]
30020100,Man-serpent's Heavy Shield,1,0,[0|0|0],3000,7109001,0,2,0,600,140,100,22,0,0,0,75,35,48,18,-1,-1,-1,-1,-1,-1,0,30020000,30020000,30020000,30020000,30020000,30020000,30020000,30020000,30020000,30020000,30020000,30020000,30020000,30020000,30020000,30020000,1,1,1,1,15,15,5,2104,12002,0,0,1,10,68,0,0,0,54,60,0,39,100,-1,-1,0,-1,7,0,12,48,2,0,160,1,0,0,0,15,8,0,0,0,99,0,0,30,60,0,2,0,0,0,20,20,20,20,1,1,1,1,0,0,1,0,0,0,0,0,0,1,0,0,0,0,1,0,0,0,0,0,0,0,0,1,0,1,1,1,0,2,0,106,2,2,0,0,401000,300,-1,-1,-1,-1,-1,-1,-1,-1,-1,-1,-1,-1,-1,-1,-1,-1,-1,-1,-1,-1,-1,-1,139,139,48,0.015,0,0,0,1,1,0,0,0,0,0,0,1,1,33,0,0,6,20,1,20,20,6,0,20,0,10,0,0,0,0,65,15,15,15,15,15,15,15,15,15,15,0,-1,-1,-1,-1,-1,-1,-1,-1,1,1,1,1,1,1,1,1,1,-1,-1,-1,-1,-1,10000,0,1,1,0,0,0,0,1,0,0,0,6,1400,310,6,6,1,2,45,-1,-1,-1,30020000,30020000,30020000,30020000,30020000,30020000,30020000,30020000,30020000,30020000,1,1,0,0,0,0,1,1,0,[0|0|0|0|0|0|0]
30020200,Man-serpent's Keen Shield,1,0,[0|0|0],3000,7109002,0,2,0,600,140,100,4,21,0,0,75,35,48,18,-1,-1,-1,-1,-1,-1,0,30020000,30020000,30020000,30020000,30020000,30020000,30020000,30020000,30020000,30020000,30020000,30020000,30020000,30020000,30020000,30020000,1,1,1,1,15,15,5,2104,12002,0,0,1,10,68,0,0,0,54,60,0,39,200,-1,-1,0,-1,7,0,12,48,2,0,160,2,0,0,0,15,8,0,0,0,99,0,0,30,60,0,2,0,0,0,20,20,20,20,1,1,1,1,0,0,1,0,0,0,0,0,0,1,0,0,0,0,1,0,0,0,0,0,0,0,0,1,0,1,1,1,0,2,0,106,2,2,0,0,401000,300,-1,-1,-1,-1,-1,-1,-1,-1,-1,-1,-1,-1,-1,-1,-1,-1,-1,-1,-1,-1,-1,-1,139,139,48,0.015,0,0,0,1,1,0,0,0,0,0,0,1,1,33,0,0,6,20,1,20,20,6,0,20,0,10,0,0,0,0,65,15,15,15,15,15,15,15,15,15,15,0,-1,-1,-1,-1,-1,-1,-1,-1,1,1,1,1,1,1,1,1,1,-1,-1,-1,-1,-1,10000,0,1,1,0,0,0,0,1,0,0,0,6,1400,310,6,6,1,2,45,-1,-1,-1,30020000,30020000,30020000,30020000,30020000,30020000,30020000,30020000,30020000,30020000,1,1,0,0,0,0,1,1,0,[0|0|0|0|0|0|0]
30020300,Man-serpent's Quality Shield,1,0,[0|0|0],3000,7109003,0,2,0,600,140,100,26,26,0,0,75,35,48,18,-1,-1,-1,-1,-1,-1,0,30020000,30020000,30020000,30020000,30020000,30020000,30020000,30020000,30020000,30020000,30020000,30020000,30020000,30020000,30020000,30020000,1,1,1,1,15,15,5,2104,12002,0,0,1,10,68,0,0,0,54,60,0,39,300,-1,-1,0,-1,7,0,12,48,2,0,160,8,0,0,0,15,8,0,0,0,99,0,0,30,60,0,2,0,0,0,20,20,20,20,1,1,1,1,0,0,1,0,0,0,0,0,0,1,0,0,0,0,1,0,0,0,0,0,0,0,0,1,0,1,1,1,0,2,0,106,2,2,0,0,401000,300,-1,-1,-1,-1,-1,-1,-1,-1,-1,-1,-1,-1,-1,-1,-1,-1,-1,-1,-1,-1,-1,-1,139,139,48,0.015,0,0,0,1,1,0,0,0,0,0,0,1,1,33,0,0,6,20,1,20,20,6,0,20,0,10,0,0,0,0,65,15,15,15,15,15,15,15,15,15,15,0,-1,-1,-1,-1,-1,-1,-1,-1,1,1,1,1,1,1,1,1,1,-1,-1,-1,-1,-1,10000,0,1,1,0,0,0,0,1,0,0,0,6,1400,310,6,6,1,2,45,-1,-1,-1,30020000,30020000,30020000,30020000,30020000,30020000,30020000,30020000,30020000,30020000,1,1,0,0,0,0,1,1,0,[0|0|0|0|0|0|0]
30020400,Man-serpent's Fire Shield,1,0,[0|0|0],3000,7109005,0,2,0,600,140,100,19,12,0,0,75,35,48,18,-1,-1,-1,-1,-1,-1,0,30020000,30020000,30020000,30020000,30020000,30020000,30020000,30020000,30020000,30020000,30020000,30020000,30020000,30020000,30020000,30020000,1,1,1,1,15,15,5,2104,12002,0,0,1,10,68,0,68,0,54,60,0,39,400,-1,-1,0,-1,7,0,12,48,2,0,160,0,11,0,0,15,8,0,0,0,99,0,0,30,60,0,2,0,0,0,20,20,20,20,1,1,1,1,0,0,1,0,0,0,0,0,0,1,0,0,0,0,1,0,0,0,0,0,0,0,0,1,0,1,1,1,0,2,0,106,2,2,0,0,401000,300,-1,-1,-1,-1,-1,-1,-1,-1,-1,-1,-1,-1,-1,-1,-1,-1,-1,-1,-1,-1,-1,-1,139,139,48,0.015,0,0,0,1,1,0,0,0,0,4,0,1,1,33,0,0,6,20,1,20,20,6,0,20,0,10,0,0,0,0,65,15,15,15,15,15,15,15,15,15,15,0,-1,-1,-1,-1,-1,-1,-1,-1,1,1,1,1,1,1,1,1,1,-1,-1,-1,-1,-1,10005,0,1,1,0,0,0,0,1,0,0,0,6,1400,310,6,6,1,2,45,-1,-1,-1,30020000,30020000,30020000,30020000,30020000,30020000,30020000,30020000,30020000,30020000,1,1,0,0,0,0,1,1,0,[0|0|0|0|0|0|0]
30020500,Man-serpent's Flame Art Shield,1,0,[0|0|0],3000,7109006,0,2,0,600,140,100,9,0,0,16,75,35,48,18,-1,-1,-1,-1,-1,-1,0,30020000,30020000,30020000,30020000,30020000,30020000,30020000,30020000,30020000,30020000,30020000,30020000,30020000,30020000,30020000,30020000,1,1,1,1,15,15,5,2104,12002,0,0,1,10,68,0,68,0,54,60,0,39,500,-1,-1,0,-1,7,0,12,48,2,0,160,0,11,0,0,15,8,0,0,0,99,0,0,30,60,0,2,0,0,0,20,20,20,20,1,1,1,1,0,0,1,0,0,0,0,0,0,1,0,0,0,0,1,0,0,0,0,0,0,0,0,1,0,1,1,1,0,2,0,106,2,2,0,0,401000,300,-1,-1,-1,-1,-1,-1,-1,-1,-1,-1,-1,-1,-1,-1,-1,-1,-1,-1,-1,-1,-1,-1,139,139,48,0.015,0,0,0,1,1,0,0,0,0,4,0,1,1,33,0,0,6,20,1,20,20,6,0,20,0,10,0,0,0,0,65,15,15,15,15,15,15,15,15,15,15,0,-1,-1,-1,-1,-1,-1,-1,-1,1,1,1,1,1,1,1,1,1,-1,-1,-1,-1,-1,10000,0,1,1,0,0,0,0,1,0,0,0,6,1400,310,6,6,1,2,45,-1,-1,-1,30020000,30020000,30020000,30020000,30020000,30020000,30020000,30020000,30020000,30020000,1,1,0,0,0,0,1,1,0,[0|0|0|0|0|0|0]
30020600,Man-serpent's Lightning Shield,1,0,[0|0|0],3000,7109007,0,2,0,600,140,100,4,20,0,0,75,35,48,18,-1,-1,-1,-1,-1,-1,0,30020000,30020000,30020000,30020000,30020000,30020000,30020000,30020000,30020000,30020000,30020000,30020000,30020000,30020000,30020000,30020000,1,1,1,1,15,15,5,2104,12002,0,0,1,10,68,0,0,68,54,60,0,39,600,-1,-1,0,-1,7,0,12,48,2,0,160,0,12,0,0,15,8,0,0,0,99,0,0,30,60,0,2,0,0,0,20,20,20,20,1,1,1,1,0,0,1,0,0,0,0,0,0,1,0,0,0,0,1,0,0,0,0,0,0,0,0,1,0,1,1,1,0,2,0,106,2,2,0,0,401000,300,-1,-1,-1,-1,-1,-1,-1,-1,-1,-1,-1,-1,-1,-1,-1,-1,-1,-1,-1,-1,-1,-1,139,139,48,0.015,0,0,0,1,1,0,0,0,0,0,4,1,1,33,0,0,6,20,1,20,20,6,0,20,0,10,0,0,0,0,65,15,15,15,15,15,15,15,15,15,15,0,-1,-1,-1,-1,-1,-1,-1,-1,1,1,1,1,1,1,1,1,1,-1,-1,-1,-1,-1,10000,0,1,1,0,0,0,0,1,0,0,0,6,1400,310,6,6,1,2,45,-1,-1,-1,30020000,30020000,30020000,30020000,30020000,30020000,30020000,30020000,30020000,30020000,1,1,0,0,0,0,1,1,0,[0|0|0|0|0|0|0]
30020700,Man-serpent's Sacred Shield,1,0,[0|0|0],3000,7109008,0,2,0,600,140,100,12,0,0,14,75,35,48,18,-1,-1,-1,-1,-1,-1,0,30020000,30020000,30020000,30020000,30020000,30020000,30020000,30020000,30020000,30020000,30020000,30020000,30020000,30020000,30020000,30020000,1,1,1,1,15,15,5,2104,12002,0,0,1,10,68,0,0,0,54,60,0,39,700,-1,-1,0,-1,7,0,12,48,2,0,160,0,13,0,0,15,8,0,0,0,99,0,0,30,60,0,2,0,0,0,20,20,20,20,1,1,1,1,0,0,1,0,0,0,0,0,0,1,0,0,0,0,1,0,0,0,0,0,0,0,0,1,0,1,1,1,0,2,0,106,2,2,0,0,401000,300,-1,-1,-1,-1,-1,-1,-1,-1,-1,-1,-1,-1,-1,-1,-1,-1,-1,-1,-1,-1,-1,-1,139,139,48,0.015,0,0,0,1,1,0,0,0,0,0,0,1,1,33,68,4,6,20,1,20,20,6,0,20,0,10,0,0,0,0,65,15,15,15,15,15,15,15,15,15,15,0,-1,-1,-1,-1,-1,-1,-1,-1,1,1,1,1,1,1,1,1,1,-1,-1,-1,-1,-1,10000,0,1,1,0,0,0,0,1,0,0,0,6,1400,310,6,6,1,2,45,-1,-1,-1,30020000,30020000,30020000,30020000,30020000,30020000,30020000,30020000,30020000,30020000,1,1,0,0,0,0,1,1,0,[0|0|0|0|0|0|0]
30020800,Man-serpent's Magic Shield,1,0,[0|0|0],3000,7109004,0,2,0,600,140,100,9,0,16,0,75,35,48,18,-1,-1,-1,-1,-1,-1,0,30020000,30020000,30020000,30020000,30020000,30020000,30020000,30020000,30020000,30020000,30020000,30020000,30020000,30020000,30020000,30020000,1,1,1,1,15,15,5,2104,12002,0,0,1,10,68,68,0,0,54,60,0,39,800,-1,-1,0,-1,7,0,12,48,2,0,160,0,10,0,0,15,8,0,0,0,99,0,0,30,60,0,2,0,0,0,20,20,20,20,1,1,1,1,0,0,1,0,0,0,0,0,0,1,0,0,0,0,1,0,0,0,0,0,0,0,0,1,0,1,1,1,0,2,0,106,2,2,0,0,401000,300,-1,-1,-1,-1,-1,-1,-1,-1,-1,-1,-1,-1,-1,-1,-1,-1,-1,-1,-1,-1,-1,-1,139,139,48,0.015,0,0,0,1,1,0,0,0,4,0,0,1,1,33,0,0,6,20,1,20,20,6,0,20,0,10,0,0,0,0,65,15,15,15,15,15,15,15,15,15,15,0,-1,-1,-1,-1,-1,-1,-1,-1,1,1,1,1,1,1,1,1,1,-1,-1,-1,-1,-1,10000,0,1,1,0,0,0,0,1,0,0,0,6,1400,310,6,6,1,2,45,-1,-1,-1,30020000,30020000,30020000,30020000,30020000,30020000,30020000,30020000,30020000,30020000,1,1,0,0,0,0,1,1,0,[0|0|0|0|0|0|0]
30020900,Man-serpent's Cold Shield,1,0,[0|0|0],3000,7109011,0,2,0,600,140,100,22,0,15,0,75,35,48,18,-1,107500,-1,-1,-1,-1,0,30020000,30020000,30020000,30020000,30020000,30020000,30020000,30020000,30020000,30020000,30020000,30020000,30020000,30020000,30020000,30020000,1,1,1,1,15,15,5,2104,12002,0,0,1,10,68,58,0,0,54,60,0,39,900,-1,-1,0,-1,7,0,12,48,2,0,160,0,10,0,0,15,8,0,0,0,99,0,0,30,60,0,2,0,0,0,20,20,20,20,1,1,1,1,0,0,1,0,0,0,0,0,0,1,0,0,0,0,1,0,0,0,0,0,0,0,0,1,0,1,1,1,0,2,0,106,2,2,0,0,401000,300,-1,-1,-1,-1,-1,-1,-1,-1,-1,-1,-1,-1,-1,-1,-1,-1,-1,-1,-1,-1,-1,-1,139,139,48,0.015,0,0,0,1,1,0,0,0,4,0,0,1,1,33,0,0,6,20,1,20,20,6,0,20,0,10,0,0,0,0,65,15,15,15,15,15,15,15,15,15,15,0,-1,-1,-1,-1,-1,-1,-1,-1,1,1,1,1,1,1,1,1,1,-1,-1,-1,-1,-1,10000,0,1,1,0,0,0,0,1,0,0,0,6,1400,310,6,6,1,2,45,6601,-1,-1,30020000,30020000,30020000,30020000,30020000,30020000,30020000,30020000,30020000,30020000,1,1,0,0,0,0,1,1,0,[0|0|0|0|0|0|0]
30021000,Man-serpent's Poison Shield,1,0,[0|0|0],3000,7109009,0,2,0,600,140,100,21,0,0,0,75,35,48,18,-1,106000,-1,-1,-1,-1,0,30020000,30020000,30020000,30020000,30020000,30020000,30020000,30020000,30020000,30020000,30020000,30020000,30020000,30020000,30020000,30020000,1,1,1,1,15,15,5,2104,12002,0,0,1,10,68,0,0,0,54,60,0,39,1000,-1,-1,0,-1,7,0,12,48,2,0,160,0,0,0,0,15,8,0,0,0,99,0,0,30,60,0,2,0,0,0,20,20,20,20,1,1,1,1,0,0,1,0,0,0,0,0,0,1,0,0,0,0,1,0,0,0,0,0,0,0,0,1,0,1,1,1,0,2,0,106,2,2,0,0,401000,300,-1,-1,-1,-1,-1,-1,-1,-1,-1,-1,-1,-1,-1,-1,-1,-1,-1,-1,-1,-1,-1,-1,139,139,48,0.015,0,0,0,1,1,0,0,0,0,0,0,1,1,33,0,0,6,20,1,20,20,6,0,20,0,10,30,0,0,0,65,15,15,15,15,15,15,15,15,15,15,0,-1,-1,-1,-1,-1,-1,-1,-1,1,1,1,1,1,1,1,1,1,-1,-1,-1,-1,-1,10013,0,1,1,0,0,0,0,1,0,0,0,6,1400,310,6,6,1,2,45,6401,-1,-1,30020000,30020000,30020000,30020000,30020000,30020000,30020000,30020000,30020000,30020000,1,1,0,0,0,0,1,1,0,[0|0|0|0|0|0|0]
30021100,Man-serpent's Blood Shield,1,0,[0|0|0],3000,7109010,0,2,0,600,140,100,21,0,0,0,75,35,48,18,105000,-1,-1,-1,-1,-1,0,30020000,30020000,30020000,30020000,30020000,30020000,30020000,30020000,30020000,30020000,30020000,30020000,30020000,30020000,30020000,30020000,1,1,1,1,15,15,5,2104,12002,0,0,1,10,68,0,0,0,54,60,0,39,1100,-1,-1,0,-1,7,0,12,48,2,0,160,0,0,0,0,15,8,0,0,0,99,0,0,30,60,0,2,0,0,0,20,20,20,20,1,1,1,1,0,0,1,0,0,0,0,0,0,1,0,0,0,0,1,0,0,0,0,0,0,0,0,1,0,1,1,1,0,2,0,106,2,2,0,0,401000,300,-1,-1,-1,-1,-1,-1,-1,-1,-1,-1,-1,-1,-1,-1,-1,-1,-1,-1,-1,-1,-1,-1,139,139,48,0.015,0,0,0,1,1,0,0,0,0,0,0,1,1,33,0,0,6,20,1,20,20,6,0,20,0,10,30,0,0,0,65,15,15,15,15,15,15,15,15,15,15,0,-1,-1,-1,-1,-1,-1,-1,-1,1,1,1,1,1,1,1,1,1,-1,-1,-1,-1,-1,10013,0,1,1,0,0,0,0,1,0,0,0,6,1400,310,6,6,1,2,45,6501,-1,-1,30020000,30020000,30020000,30020000,30020000,30020000,30020000,30020000,30020000,30020000,1,1,0,0,0,0,1,1,0,[0|0|0|0|0|0|0]
30021200,Man-serpent's Occult Shield,1,0,[0|0|0],3000,7109012,0,2,0,600,140,100,22,0,0,0,75,35,48,18,-1,-1,-1,-1,-1,-1,0,30020000,30020000,30020000,30020000,30020000,30020000,30020000,30020000,30020000,30020000,30020000,30020000,30020000,30020000,30020000,30020000,1,1,1,1,15,15,5,2104,12002,0,0,1,10,68,0,0,0,54,60,0,39,1200,-1,-1,0,-1,7,0,12,48,2,0,160,7,0,0,0,15,8,0,0,0,99,0,0,30,60,0,2,0,0,0,20,20,20,20,1,1,1,1,0,0,1,0,0,0,0,0,0,1,0,0,0,0,1,0,0,0,0,0,0,0,0,1,0,1,1,1,0,2,0,106,2,2,0,0,401000,300,-1,-1,-1,-1,-1,-1,-1,-1,-1,-1,-1,-1,-1,-1,-1,-1,-1,-1,-1,-1,-1,-1,139,139,48,0.015,0,0,0,1,1,0,0,0,0,0,0,1,1,33,0,0,6,20,1,20,20,6,0,20,0,10,22,0,0,0,65,15,15,15,15,15,15,15,15,15,15,0,-1,-1,-1,-1,-1,-1,-1,-1,1,1,1,1,1,1,1,1,1,-1,-1,-1,-1,-1,10013,0,1,1,0,0,0,0,1,0,0,0,6,1400,310,6,6,1,2,45,-1,-1,-1,30020000,30020000,30020000,30020000,30020000,30020000,30020000,30020000,30020000,30020000,1,1,0,0,0,0,1,1,0,[0|0|0|0|0|0|0]
30030000,Rickety Shield,0,0,[0|0|0],3000,7100000,0,1,0,600,140,100,24,0,0,0,61,29,24,34,-1,-1,-1,-1,-1,-1,0,30030000,30030000,30030000,30030000,30030000,30030000,30030000,30030000,30030000,30030000,30030000,30030000,30030000,30030000,30030000,30030000,1,1,1,1,15,15,5,2008,12003,0,0,1,10,70,0,0,0,54,60,0,37,8000,-1,-1,0,-1,7,0,12,48,2,2,105,0,0,0,0,15,8,0,0,0,99,0,0,30,60,0,2,0,0,0,20,20,20,20,1,1,1,1,0,0,1,0,0,0,0,0,0,1,0,0,0,0,1,0,0,0,0,0,0,0,0,1,0,1,1,1,0,2,0,128,2,2,0,0,401000,300,-1,-1,-1,-1,-1,-1,-1,-1,-1,-1,-1,-1,-1,-1,-1,-1,-1,-1,-1,-1,-1,-1,139,139,48,0.015,0,0,0,1,1,0,0,0,0,0,0,1,1,34,0,0,6,20,1,20,20,6,0,20,0,302,0,0,0,0,65,15,15,15,15,15,15,15,15,15,15,0,-1,-1,-1,-1,-1,-1,-1,-1,1,1,1,1,1,1,1,1,1,-1,-1,-1,-1,-1,10000,0,1,1,0,0,0,0,1,0,0,0,1,1400,310,6,6,1,2,45,-1,-1,-1,30030000,30030000,30030000,30030000,30030000,30030000,30030000,30030000,30030000,30030000,1,1,0,0,0,0,1,1,0,[0|0|0|0|0|0|0]
30030100,Heavy Rickety Shield,0,0,[0|0|0],3000,7100001,0,1,0,600,140,100,22,0,0,0,61,29,24,34,-1,-1,-1,-1,-1,-1,0,30030000,30030000,30030000,30030000,30030000,30030000,30030000,30030000,30030000,30030000,30030000,30030000,30030000,30030000,30030000,30030000,1,1,1,1,15,15,5,2008,12003,0,0,1,10,68,0,0,0,54,60,0,37,100,-1,-1,0,-1,7,0,12,48,2,2,105,1,0,0,0,15,8,0,0,0,99,0,0,30,60,0,2,0,0,0,20,20,20,20,1,1,1,1,0,0,1,0,0,0,0,0,0,1,0,0,0,0,1,0,0,0,0,0,0,0,0,1,0,1,1,1,0,2,0,128,2,2,0,0,401000,300,-1,-1,-1,-1,-1,-1,-1,-1,-1,-1,-1,-1,-1,-1,-1,-1,-1,-1,-1,-1,-1,-1,139,139,48,0.015,0,0,0,1,1,0,0,0,0,0,0,1,1,34,0,0,6,20,1,20,20,6,0,20,0,302,0,0,0,0,65,15,15,15,15,15,15,15,15,15,15,0,-1,-1,-1,-1,-1,-1,-1,-1,1,1,1,1,1,1,1,1,1,-1,-1,-1,-1,-1,10000,0,1,1,0,0,0,0,1,0,0,0,0,1400,310,6,6,1,2,45,-1,-1,-1,30030000,30030000,30030000,30030000,30030000,30030000,30030000,30030000,30030000,30030000,1,1,0,0,0,0,1,1,0,[0|0|0|0|0|0|0]
30030200,Keen Rickety Shield,0,0,[0|0|0],3000,7100002,0,1,0,600,140,100,4,21,0,0,61,29,24,34,-1,-1,-1,-1,-1,-1,0,30030000,30030000,30030000,30030000,30030000,30030000,30030000,30030000,30030000,30030000,30030000,30030000,30030000,30030000,30030000,30030000,1,1,1,1,15,15,5,2008,12003,0,0,1,10,68,0,0,0,54,60,0,37,200,-1,-1,0,-1,7,0,12,48,2,2,105,2,0,0,0,15,8,0,0,0,99,0,0,30,60,0,2,0,0,0,20,20,20,20,1,1,1,1,0,0,1,0,0,0,0,0,0,1,0,0,0,0,1,0,0,0,0,0,0,0,0,1,0,1,1,1,0,2,0,128,2,2,0,0,401000,300,-1,-1,-1,-1,-1,-1,-1,-1,-1,-1,-1,-1,-1,-1,-1,-1,-1,-1,-1,-1,-1,-1,139,139,48,0.015,0,0,0,1,1,0,0,0,0,0,0,1,1,34,0,0,6,20,1,20,20,6,0,20,0,302,0,0,0,0,65,15,15,15,15,15,15,15,15,15,15,0,-1,-1,-1,-1,-1,-1,-1,-1,1,1,1,1,1,1,1,1,1,-1,-1,-1,-1,-1,10000,0,1,1,0,0,0,0,1,0,0,0,0,1400,310,6,6,1,2,45,-1,-1,-1,30030000,30030000,30030000,30030000,30030000,30030000,30030000,30030000,30030000,30030000,1,1,0,0,0,0,1,1,0,[0|0|0|0|0|0|0]
30030300,Quality Rickety Shield,0,0,[0|0|0],3000,7100003,0,1,0,600,140,100,26,26,0,0,61,29,24,34,-1,-1,-1,-1,-1,-1,0,30030000,30030000,30030000,30030000,30030000,30030000,30030000,30030000,30030000,30030000,30030000,30030000,30030000,30030000,30030000,30030000,1,1,1,1,15,15,5,2008,12003,0,0,1,10,68,0,0,0,54,60,0,37,300,-1,-1,0,-1,7,0,12,48,2,2,105,8,0,0,0,15,8,0,0,0,99,0,0,30,60,0,2,0,0,0,20,20,20,20,1,1,1,1,0,0,1,0,0,0,0,0,0,1,0,0,0,0,1,0,0,0,0,0,0,0,0,1,0,1,1,1,0,2,0,128,2,2,0,0,401000,300,-1,-1,-1,-1,-1,-1,-1,-1,-1,-1,-1,-1,-1,-1,-1,-1,-1,-1,-1,-1,-1,-1,139,139,48,0.015,0,0,0,1,1,0,0,0,0,0,0,1,1,34,0,0,6,20,1,20,20,6,0,20,0,302,0,0,0,0,65,15,15,15,15,15,15,15,15,15,15,0,-1,-1,-1,-1,-1,-1,-1,-1,1,1,1,1,1,1,1,1,1,-1,-1,-1,-1,-1,10000,0,1,1,0,0,0,0,1,0,0,0,0,1400,310,6,6,1,2,45,-1,-1,-1,30030000,30030000,30030000,30030000,30030000,30030000,30030000,30030000,30030000,30030000,1,1,0,0,0,0,1,1,0,[0|0|0|0|0|0|0]
30030400,Fire Rickety Shield,0,0,[0|0|0],3000,7100005,0,1,0,600,140,100,19,12,0,0,61,29,24,34,-1,-1,-1,-1,-1,-1,0,30030000,30030000,30030000,30030000,30030000,30030000,30030000,30030000,30030000,30030000,30030000,30030000,30030000,30030000,30030000,30030000,1,1,1,1,15,15,5,2008,12003,0,0,1,10,68,0,68,0,54,60,0,37,400,-1,-1,0,-1,7,0,12,48,2,2,105,0,11,0,0,15,8,0,0,0,99,0,0,30,60,0,2,0,0,0,20,20,20,20,1,1,1,1,0,0,1,0,0,0,0,0,0,1,0,0,0,0,1,0,0,0,0,0,0,0,0,1,0,1,1,1,0,2,0,128,2,2,0,0,401000,300,-1,-1,-1,-1,-1,-1,-1,-1,-1,-1,-1,-1,-1,-1,-1,-1,-1,-1,-1,-1,-1,-1,139,139,48,0.015,0,0,0,1,1,0,0,0,0,4,0,1,1,34,0,0,6,20,1,20,20,6,0,20,0,302,0,0,0,0,65,15,15,15,15,15,15,15,15,15,15,0,-1,-1,-1,-1,-1,-1,-1,-1,1,1,1,1,1,1,1,1,1,-1,-1,-1,-1,-1,10005,0,1,1,0,0,0,0,1,0,0,0,0,1400,310,6,6,1,2,45,-1,-1,-1,30030000,30030000,30030000,30030000,30030000,30030000,30030000,30030000,30030000,30030000,1,1,0,0,0,0,1,1,0,[0|0|0|0|0|0|0]
30030500,Flame Art Rickety Shield,0,0,[0|0|0],3000,7100006,0,1,0,600,140,100,9,0,0,16,61,29,24,34,-1,-1,-1,-1,-1,-1,0,30030000,30030000,30030000,30030000,30030000,30030000,30030000,30030000,30030000,30030000,30030000,30030000,30030000,30030000,30030000,30030000,1,1,1,1,15,15,5,2008,12003,0,0,1,10,68,0,68,0,54,60,0,37,500,-1,-1,0,-1,7,0,12,48,2,2,105,0,11,0,0,15,8,0,0,0,99,0,0,30,60,0,2,0,0,0,20,20,20,20,1,1,1,1,0,0,1,0,0,0,0,0,0,1,0,0,0,0,1,0,0,0,0,0,0,0,0,1,0,1,1,1,0,2,0,128,2,2,0,0,401000,300,-1,-1,-1,-1,-1,-1,-1,-1,-1,-1,-1,-1,-1,-1,-1,-1,-1,-1,-1,-1,-1,-1,139,139,48,0.015,0,0,0,1,1,0,0,0,0,4,0,1,1,34,0,0,6,20,1,20,20,6,0,20,0,302,0,0,0,0,65,15,15,15,15,15,15,15,15,15,15,0,-1,-1,-1,-1,-1,-1,-1,-1,1,1,1,1,1,1,1,1,1,-1,-1,-1,-1,-1,10000,0,1,1,0,0,0,0,1,0,0,0,0,1400,310,6,6,1,2,45,-1,-1,-1,30030000,30030000,30030000,30030000,30030000,30030000,30030000,30030000,30030000,30030000,1,1,0,0,0,0,1,1,0,[0|0|0|0|0|0|0]
30030600,Lightning Rickety Shield,0,0,[0|0|0],3000,7100007,0,1,0,600,140,100,4,20,0,0,61,29,24,34,-1,-1,-1,-1,-1,-1,0,30030000,30030000,30030000,30030000,30030000,30030000,30030000,30030000,30030000,30030000,30030000,30030000,30030000,30030000,30030000,30030000,1,1,1,1,15,15,5,2008,12003,0,0,1,10,68,0,0,68,54,60,0,37,600,-1,-1,0,-1,7,0,12,48,2,2,105,0,12,0,0,15,8,0,0,0,99,0,0,30,60,0,2,0,0,0,20,20,20,20,1,1,1,1,0,0,1,0,0,0,0,0,0,1,0,0,0,0,1,0,0,0,0,0,0,0,0,1,0,1,1,1,0,2,0,128,2,2,0,0,401000,300,-1,-1,-1,-1,-1,-1,-1,-1,-1,-1,-1,-1,-1,-1,-1,-1,-1,-1,-1,-1,-1,-1,139,139,48,0.015,0,0,0,1,1,0,0,0,0,0,4,1,1,34,0,0,6,20,1,20,20,6,0,20,0,302,0,0,0,0,65,15,15,15,15,15,15,15,15,15,15,0,-1,-1,-1,-1,-1,-1,-1,-1,1,1,1,1,1,1,1,1,1,-1,-1,-1,-1,-1,10000,0,1,1,0,0,0,0,1,0,0,0,0,1400,310,6,6,1,2,45,-1,-1,-1,30030000,30030000,30030000,30030000,30030000,30030000,30030000,30030000,30030000,30030000,1,1,0,0,0,0,1,1,0,[0|0|0|0|0|0|0]
30030700,Sacred Rickety Shield,0,0,[0|0|0],3000,7100008,0,1,0,600,140,100,12,0,0,14,61,29,24,34,-1,-1,-1,-1,-1,-1,0,30030000,30030000,30030000,30030000,30030000,30030000,30030000,30030000,30030000,30030000,30030000,30030000,30030000,30030000,30030000,30030000,1,1,1,1,15,15,5,2008,12003,0,0,1,10,68,0,0,0,54,60,0,37,700,-1,-1,0,-1,7,0,12,48,2,2,105,0,13,0,0,15,8,0,0,0,99,0,0,30,60,0,2,0,0,0,20,20,20,20,1,1,1,1,0,0,1,0,0,0,0,0,0,1,0,0,0,0,1,0,0,0,0,0,0,0,0,1,0,1,1,1,0,2,0,128,2,2,0,0,401000,300,-1,-1,-1,-1,-1,-1,-1,-1,-1,-1,-1,-1,-1,-1,-1,-1,-1,-1,-1,-1,-1,-1,139,139,48,0.015,0,0,0,1,1,0,0,0,0,0,0,1,1,34,68,4,6,20,1,20,20,6,0,20,0,302,0,0,0,0,65,15,15,15,15,15,15,15,15,15,15,0,-1,-1,-1,-1,-1,-1,-1,-1,1,1,1,1,1,1,1,1,1,-1,-1,-1,-1,-1,10000,0,1,1,0,0,0,0,1,0,0,0,0,1400,310,6,6,1,2,45,-1,-1,-1,30030000,30030000,30030000,30030000,30030000,30030000,30030000,30030000,30030000,30030000,1,1,0,0,0,0,1,1,0,[0|0|0|0|0|0|0]
30030800,Magic Rickety Shield,0,0,[0|0|0],3000,7100004,0,1,0,600,140,100,9,0,16,0,61,29,24,34,-1,-1,-1,-1,-1,-1,0,30030000,30030000,30030000,30030000,30030000,30030000,30030000,30030000,30030000,30030000,30030000,30030000,30030000,30030000,30030000,30030000,1,1,1,1,15,15,5,2008,12003,0,0,1,10,68,68,0,0,54,60,0,37,800,-1,-1,0,-1,7,0,12,48,2,2,105,0,10,0,0,15,8,0,0,0,99,0,0,30,60,0,2,0,0,0,20,20,20,20,1,1,1,1,0,0,1,0,0,0,0,0,0,1,0,0,0,0,1,0,0,0,0,0,0,0,0,1,0,1,1,1,0,2,0,128,2,2,0,0,401000,300,-1,-1,-1,-1,-1,-1,-1,-1,-1,-1,-1,-1,-1,-1,-1,-1,-1,-1,-1,-1,-1,-1,139,139,48,0.015,0,0,0,1,1,0,0,0,4,0,0,1,1,34,0,0,6,20,1,20,20,6,0,20,0,302,0,0,0,0,65,15,15,15,15,15,15,15,15,15,15,0,-1,-1,-1,-1,-1,-1,-1,-1,1,1,1,1,1,1,1,1,1,-1,-1,-1,-1,-1,10000,0,1,1,0,0,0,0,1,0,0,0,0,1400,310,6,6,1,2,45,-1,-1,-1,30030000,30030000,30030000,30030000,30030000,30030000,30030000,30030000,30030000,30030000,1,1,0,0,0,0,1,1,0,[0|0|0|0|0|0|0]
30030900,Cold Rickety Shield,0,0,[0|0|0],3000,7100011,0,1,0,600,140,100,22,0,15,0,61,29,24,34,-1,107500,-1,-1,-1,-1,0,30030000,30030000,30030000,30030000,30030000,30030000,30030000,30030000,30030000,30030000,30030000,30030000,30030000,30030000,30030000,30030000,1,1,1,1,15,15,5,2008,12003,0,0,1,10,68,58,0,0,54,60,0,37,900,-1,-1,0,-1,7,0,12,48,2,2,105,0,10,0,0,15,8,0,0,0,99,0,0,30,60,0,2,0,0,0,20,20,20,20,1,1,1,1,0,0,1,0,0,0,0,0,0,1,0,0,0,0,1,0,0,0,0,0,0,0,0,1,0,1,1,1,0,2,0,128,2,2,0,0,401000,300,-1,-1,-1,-1,-1,-1,-1,-1,-1,-1,-1,-1,-1,-1,-1,-1,-1,-1,-1,-1,-1,-1,139,139,48,0.015,0,0,0,1,1,0,0,0,4,0,0,1,1,34,0,0,6,20,1,20,20,6,0,20,0,302,0,0,0,0,65,15,15,15,15,15,15,15,15,15,15,0,-1,-1,-1,-1,-1,-1,-1,-1,1,1,1,1,1,1,1,1,1,-1,-1,-1,-1,-1,10000,0,1,1,0,0,0,0,1,0,0,0,0,1400,310,6,6,1,2,45,6601,-1,-1,30030000,30030000,30030000,30030000,30030000,30030000,30030000,30030000,30030000,30030000,1,1,0,0,0,0,1,1,0,[0|0|0|0|0|0|0]
30031000,Poison Rickety Shield,0,0,[0|0|0],3000,7100009,0,1,0,600,140,100,21,0,0,0,61,29,24,34,-1,106000,-1,-1,-1,-1,0,30030000,30030000,30030000,30030000,30030000,30030000,30030000,30030000,30030000,30030000,30030000,30030000,30030000,30030000,30030000,30030000,1,1,1,1,15,15,5,2008,12003,0,0,1,10,68,0,0,0,54,60,0,37,1000,-1,-1,0,-1,7,0,12,48,2,2,105,0,0,0,0,15,8,0,0,0,99,0,0,30,60,0,2,0,0,0,20,20,20,20,1,1,1,1,0,0,1,0,0,0,0,0,0,1,0,0,0,0,1,0,0,0,0,0,0,0,0,1,0,1,1,1,0,2,0,128,2,2,0,0,401000,300,-1,-1,-1,-1,-1,-1,-1,-1,-1,-1,-1,-1,-1,-1,-1,-1,-1,-1,-1,-1,-1,-1,139,139,48,0.015,0,0,0,1,1,0,0,0,0,0,0,1,1,34,0,0,6,20,1,20,20,6,0,20,0,302,30,0,0,0,65,15,15,15,15,15,15,15,15,15,15,0,-1,-1,-1,-1,-1,-1,-1,-1,1,1,1,1,1,1,1,1,1,-1,-1,-1,-1,-1,10013,0,1,1,0,0,0,0,1,0,0,0,0,1400,310,6,6,1,2,45,6401,-1,-1,30030000,30030000,30030000,30030000,30030000,30030000,30030000,30030000,30030000,30030000,1,1,0,0,0,0,1,1,0,[0|0|0|0|0|0|0]
30031100,Bloody Rickety Shield,0,0,[0|0|0],3000,7100010,0,1,0,600,140,100,21,0,0,0,61,29,24,34,105000,-1,-1,-1,-1,-1,0,30030000,30030000,30030000,30030000,30030000,30030000,30030000,30030000,30030000,30030000,30030000,30030000,30030000,30030000,30030000,30030000,1,1,1,1,15,15,5,2008,12003,0,0,1,10,68,0,0,0,54,60,0,37,1100,-1,-1,0,-1,7,0,12,48,2,2,105,0,0,0,0,15,8,0,0,0,99,0,0,30,60,0,2,0,0,0,20,20,20,20,1,1,1,1,0,0,1,0,0,0,0,0,0,1,0,0,0,0,1,0,0,0,0,0,0,0,0,1,0,1,1,1,0,2,0,128,2,2,0,0,401000,300,-1,-1,-1,-1,-1,-1,-1,-1,-1,-1,-1,-1,-1,-1,-1,-1,-1,-1,-1,-1,-1,-1,139,139,48,0.015,0,0,0,1,1,0,0,0,0,0,0,1,1,34,0,0,6,20,1,20,20,6,0,20,0,302,30,0,0,0,65,15,15,15,15,15,15,15,15,15,15,0,-1,-1,-1,-1,-1,-1,-1,-1,1,1,1,1,1,1,1,1,1,-1,-1,-1,-1,-1,10013,0,1,1,0,0,0,0,1,0,0,0,0,1400,310,6,6,1,2,45,6501,-1,-1,30030000,30030000,30030000,30030000,30030000,30030000,30030000,30030000,30030000,30030000,1,1,0,0,0,0,1,1,0,[0|0|0|0|0|0|0]
30031200,Occult Rickety Shield,0,0,[0|0|0],3000,7100012,0,1,0,600,140,100,22,0,0,0,61,29,24,34,-1,-1,-1,-1,-1,-1,0,30030000,30030000,30030000,30030000,30030000,30030000,30030000,30030000,30030000,30030000,30030000,30030000,30030000,30030000,30030000,30030000,1,1,1,1,15,15,5,2008,12003,0,0,1,10,68,0,0,0,54,60,0,37,1200,-1,-1,0,-1,7,0,12,48,2,2,105,7,0,0,0,15,8,0,0,0,99,0,0,30,60,0,2,0,0,0,20,20,20,20,1,1,1,1,0,0,1,0,0,0,0,0,0,1,0,0,0,0,1,0,0,0,0,0,0,0,0,1,0,1,1,1,0,2,0,128,2,2,0,0,401000,300,-1,-1,-1,-1,-1,-1,-1,-1,-1,-1,-1,-1,-1,-1,-1,-1,-1,-1,-1,-1,-1,-1,139,139,48,0.015,0,0,0,1,1,0,0,0,0,0,0,1,1,34,0,0,6,20,1,20,20,6,0,20,0,302,22,0,0,0,65,15,15,15,15,15,15,15,15,15,15,0,-1,-1,-1,-1,-1,-1,-1,-1,1,1,1,1,1,1,1,1,1,-1,-1,-1,-1,-1,10013,0,1,1,0,0,0,0,1,0,0,0,0,1400,310,6,6,1,2,45,-1,-1,-1,30030000,30030000,30030000,30030000,30030000,30030000,30030000,30030000,30030000,30030000,1,1,0,0,0,0,1,1,0,[0|0|0|0|0|0|0]
30040000,Pillory Shield,1,0,[0|0|0],3000,7105000,0,3.5,0,600,140,100,24,0,0,0,68,46,23,38,-1,-1,-1,5300400,-1,-1,0,30040000,30040000,30040000,30040000,30040000,30040000,30040000,30040000,30040000,30040000,30040000,30040000,30040000,30040000,30040000,30040000,1,1,1,1,15,15,5,2106,12004,0,0,1,10,71,0,0,0,54,60,0,40,8000,-1,-1,0,-1,7,0,12,48,2,2,105,0,0,0,0,15,10,0,0,0,99,0,0,30,60,0,2,0,0,0,21,21,21,21,1,1,1,1,0,0,1,0,0,0,0,0,0,1,0,0,0,0,1,0,0,0,0,0,0,0,0,1,0,1,1,1,0,2,0,128,2,2,0,0,401000,300,-1,-1,-1,-1,-1,-1,-1,-1,-1,-1,-1,-1,-1,-1,-1,-1,-1,-1,-1,-1,-1,-1,139,139,48,0.015,0,0,0,1,1,0,0,0,0,0,0,1,1,46,0,0,6,20,1,21,21,6,0,21,0,10,0,0,0,0,65,15,15,15,15,15,15,15,15,15,15,0,-1,-1,-1,-1,-1,-1,-1,-1,1.07,1,1,1,1,1,1,1,1,-1,-1,-1,-1,-1,10000,0,1,1,0,0,0,0,1,0,0,0,1,1400,310,6,6,1,2,45,-1,-1,-1,30040000,30040000,30040000,30040000,30040000,30040000,30040000,30040000,30040000,30040000,1,1,0,0,0,0,1,1,0,[0|0|0|0|0|0|0]
30040100,Heavy Pillory Shield,1,0,[0|0|0],3000,7105001,0,3.5,0,600,140,100,22,0,0,0,68,46,23,38,-1,-1,-1,5300400,-1,-1,0,30040000,30040000,30040000,30040000,30040000,30040000,30040000,30040000,30040000,30040000,30040000,30040000,30040000,30040000,30040000,30040000,1,1,1,1,15,15,5,2106,12004,0,0,1,10,69,0,0,0,54,60,0,40,100,-1,-1,0,-1,7,0,12,48,2,2,105,1,0,0,0,15,10,0,0,0,99,0,0,30,60,0,2,0,0,0,21,21,21,21,1,1,1,1,0,0,1,0,0,0,0,0,0,1,0,0,0,0,1,0,0,0,0,0,0,0,0,1,0,1,1,1,0,2,0,128,2,2,0,0,401000,300,-1,-1,-1,-1,-1,-1,-1,-1,-1,-1,-1,-1,-1,-1,-1,-1,-1,-1,-1,-1,-1,-1,139,139,48,0.015,0,0,0,1,1,0,0,0,0,0,0,1,1,46,0,0,6,20,1,21,21,6,0,21,0,10,0,0,0,0,65,15,15,15,15,15,15,15,15,15,15,0,-1,-1,-1,-1,-1,-1,-1,-1,1.07,1,1,1,1,1,1,1,1,-1,-1,-1,-1,-1,10000,0,1,1,0,0,0,0,1,0,0,0,1,1400,310,6,6,1,2,45,-1,-1,-1,30040000,30040000,30040000,30040000,30040000,30040000,30040000,30040000,30040000,30040000,1,1,0,0,0,0,1,1,0,[0|0|0|0|0|0|0]
30040200,Keen Pillory Shield,1,0,[0|0|0],3000,7105002,0,3.5,0,600,140,100,4,21,0,0,68,46,23,38,-1,-1,-1,5300400,-1,-1,0,30040000,30040000,30040000,30040000,30040000,30040000,30040000,30040000,30040000,30040000,30040000,30040000,30040000,30040000,30040000,30040000,1,1,1,1,15,15,5,2106,12004,0,0,1,10,69,0,0,0,54,60,0,40,200,-1,-1,0,-1,7,0,12,48,2,2,105,2,0,0,0,15,10,0,0,0,99,0,0,30,60,0,2,0,0,0,21,21,21,21,1,1,1,1,0,0,1,0,0,0,0,0,0,1,0,0,0,0,1,0,0,0,0,0,0,0,0,1,0,1,1,1,0,2,0,128,2,2,0,0,401000,300,-1,-1,-1,-1,-1,-1,-1,-1,-1,-1,-1,-1,-1,-1,-1,-1,-1,-1,-1,-1,-1,-1,139,139,48,0.015,0,0,0,1,1,0,0,0,0,0,0,1,1,46,0,0,6,20,1,21,21,6,0,21,0,10,0,0,0,0,65,15,15,15,15,15,15,15,15,15,15,0,-1,-1,-1,-1,-1,-1,-1,-1,1.07,1,1,1,1,1,1,1,1,-1,-1,-1,-1,-1,10000,0,1,1,0,0,0,0,1,0,0,0,1,1400,310,6,6,1,2,45,-1,-1,-1,30040000,30040000,30040000,30040000,30040000,30040000,30040000,30040000,30040000,30040000,1,1,0,0,0,0,1,1,0,[0|0|0|0|0|0|0]
30040300,Quality Pillory Shield,1,0,[0|0|0],3000,7105003,0,3.5,0,600,140,100,26,26,0,0,68,46,23,38,-1,-1,-1,5300400,-1,-1,0,30040000,30040000,30040000,30040000,30040000,30040000,30040000,30040000,30040000,30040000,30040000,30040000,30040000,30040000,30040000,30040000,1,1,1,1,15,15,5,2106,12004,0,0,1,10,69,0,0,0,54,60,0,40,300,-1,-1,0,-1,7,0,12,48,2,2,105,8,0,0,0,15,10,0,0,0,99,0,0,30,60,0,2,0,0,0,21,21,21,21,1,1,1,1,0,0,1,0,0,0,0,0,0,1,0,0,0,0,1,0,0,0,0,0,0,0,0,1,0,1,1,1,0,2,0,128,2,2,0,0,401000,300,-1,-1,-1,-1,-1,-1,-1,-1,-1,-1,-1,-1,-1,-1,-1,-1,-1,-1,-1,-1,-1,-1,139,139,48,0.015,0,0,0,1,1,0,0,0,0,0,0,1,1,46,0,0,6,20,1,21,21,6,0,21,0,10,0,0,0,0,65,15,15,15,15,15,15,15,15,15,15,0,-1,-1,-1,-1,-1,-1,-1,-1,1.07,1,1,1,1,1,1,1,1,-1,-1,-1,-1,-1,10000,0,1,1,0,0,0,0,1,0,0,0,1,1400,310,6,6,1,2,45,-1,-1,-1,30040000,30040000,30040000,30040000,30040000,30040000,30040000,30040000,30040000,30040000,1,1,0,0,0,0,1,1,0,[0|0|0|0|0|0|0]
30040400,Fire Pillory Shield,1,0,[0|0|0],3000,7105005,0,3.5,0,600,140,100,19,12,0,0,68,46,23,38,-1,-1,-1,5300400,-1,-1,0,30040000,30040000,30040000,30040000,30040000,30040000,30040000,30040000,30040000,30040000,30040000,30040000,30040000,30040000,30040000,30040000,1,1,1,1,15,15,5,2106,12004,0,0,1,10,69,0,69,0,54,60,0,40,400,-1,-1,0,-1,7,0,12,48,2,2,105,0,11,0,0,15,10,0,0,0,99,0,0,30,60,0,2,0,0,0,21,21,21,21,1,1,1,1,0,0,1,0,0,0,0,0,0,1,0,0,0,0,1,0,0,0,0,0,0,0,0,1,0,1,1,1,0,2,0,128,2,2,0,0,401000,300,-1,-1,-1,-1,-1,-1,-1,-1,-1,-1,-1,-1,-1,-1,-1,-1,-1,-1,-1,-1,-1,-1,139,139,48,0.015,0,0,0,1,1,0,0,0,0,4,0,1,1,46,0,0,6,20,1,21,21,6,0,21,0,10,0,0,0,0,65,15,15,15,15,15,15,15,15,15,15,0,-1,-1,-1,-1,-1,-1,-1,-1,1.07,1,1,1,1,1,1,1,1,-1,-1,-1,-1,-1,10005,0,1,1,0,0,0,0,1,0,0,0,1,1400,310,6,6,1,2,45,-1,-1,-1,30040000,30040000,30040000,30040000,30040000,30040000,30040000,30040000,30040000,30040000,1,1,0,0,0,0,1,1,0,[0|0|0|0|0|0|0]
30040500,Flame Art Pillory Shield,1,0,[0|0|0],3000,7105006,0,3.5,0,600,140,100,9,0,0,16,68,46,23,38,-1,-1,-1,5300400,-1,-1,0,30040000,30040000,30040000,30040000,30040000,30040000,30040000,30040000,30040000,30040000,30040000,30040000,30040000,30040000,30040000,30040000,1,1,1,1,15,15,5,2106,12004,0,0,1,10,69,0,69,0,54,60,0,40,500,-1,-1,0,-1,7,0,12,48,2,2,105,0,11,0,0,15,10,0,0,0,99,0,0,30,60,0,2,0,0,0,21,21,21,21,1,1,1,1,0,0,1,0,0,0,0,0,0,1,0,0,0,0,1,0,0,0,0,0,0,0,0,1,0,1,1,1,0,2,0,128,2,2,0,0,401000,300,-1,-1,-1,-1,-1,-1,-1,-1,-1,-1,-1,-1,-1,-1,-1,-1,-1,-1,-1,-1,-1,-1,139,139,48,0.015,0,0,0,1,1,0,0,0,0,4,0,1,1,46,0,0,6,20,1,21,21,6,0,21,0,10,0,0,0,0,65,15,15,15,15,15,15,15,15,15,15,0,-1,-1,-1,-1,-1,-1,-1,-1,1.07,1,1,1,1,1,1,1,1,-1,-1,-1,-1,-1,10000,0,1,1,0,0,0,0,1,0,0,0,1,1400,310,6,6,1,2,45,-1,-1,-1,30040000,30040000,30040000,30040000,30040000,30040000,30040000,30040000,30040000,30040000,1,1,0,0,0,0,1,1,0,[0|0|0|0|0|0|0]
30040600,Lightning Pillory Shield,1,0,[0|0|0],3000,7105007,0,3.5,0,600,140,100,4,20,0,0,68,46,23,38,-1,-1,-1,5300400,-1,-1,0,30040000,30040000,30040000,30040000,30040000,30040000,30040000,30040000,30040000,30040000,30040000,30040000,30040000,30040000,30040000,30040000,1,1,1,1,15,15,5,2106,12004,0,0,1,10,69,0,0,69,54,60,0,40,600,-1,-1,0,-1,7,0,12,48,2,2,105,0,12,0,0,15,10,0,0,0,99,0,0,30,60,0,2,0,0,0,21,21,21,21,1,1,1,1,0,0,1,0,0,0,0,0,0,1,0,0,0,0,1,0,0,0,0,0,0,0,0,1,0,1,1,1,0,2,0,128,2,2,0,0,401000,300,-1,-1,-1,-1,-1,-1,-1,-1,-1,-1,-1,-1,-1,-1,-1,-1,-1,-1,-1,-1,-1,-1,139,139,48,0.015,0,0,0,1,1,0,0,0,0,0,4,1,1,46,0,0,6,20,1,21,21,6,0,21,0,10,0,0,0,0,65,15,15,15,15,15,15,15,15,15,15,0,-1,-1,-1,-1,-1,-1,-1,-1,1.07,1,1,1,1,1,1,1,1,-1,-1,-1,-1,-1,10000,0,1,1,0,0,0,0,1,0,0,0,1,1400,310,6,6,1,2,45,-1,-1,-1,30040000,30040000,30040000,30040000,30040000,30040000,30040000,30040000,30040000,30040000,1,1,0,0,0,0,1,1,0,[0|0|0|0|0|0|0]
30040700,Sacred Pillory Shield,1,0,[0|0|0],3000,7105008,0,3.5,0,600,140,100,12,0,0,14,68,46,23,38,-1,-1,-1,5300400,-1,-1,0,30040000,30040000,30040000,30040000,30040000,30040000,30040000,30040000,30040000,30040000,30040000,30040000,30040000,30040000,30040000,30040000,1,1,1,1,15,15,5,2106,12004,0,0,1,10,69,0,0,0,54,60,0,40,700,-1,-1,0,-1,7,0,12,48,2,2,105,0,13,0,0,15,10,0,0,0,99,0,0,30,60,0,2,0,0,0,21,21,21,21,1,1,1,1,0,0,1,0,0,0,0,0,0,1,0,0,0,0,1,0,0,0,0,0,0,0,0,1,0,1,1,1,0,2,0,128,2,2,0,0,401000,300,-1,-1,-1,-1,-1,-1,-1,-1,-1,-1,-1,-1,-1,-1,-1,-1,-1,-1,-1,-1,-1,-1,139,139,48,0.015,0,0,0,1,1,0,0,0,0,0,0,1,1,46,69,4,6,20,1,21,21,6,0,21,0,10,0,0,0,0,65,15,15,15,15,15,15,15,15,15,15,0,-1,-1,-1,-1,-1,-1,-1,-1,1.07,1,1,1,1,1,1,1,1,-1,-1,-1,-1,-1,10000,0,1,1,0,0,0,0,1,0,0,0,1,1400,310,6,6,1,2,45,-1,-1,-1,30040000,30040000,30040000,30040000,30040000,30040000,30040000,30040000,30040000,30040000,1,1,0,0,0,0,1,1,0,[0|0|0|0|0|0|0]
30040800,Magic Pillory Shield,1,0,[0|0|0],3000,7105004,0,3.5,0,600,140,100,9,0,16,0,68,46,23,38,-1,-1,-1,5300400,-1,-1,0,30040000,30040000,30040000,30040000,30040000,30040000,30040000,30040000,30040000,30040000,30040000,30040000,30040000,30040000,30040000,30040000,1,1,1,1,15,15,5,2106,12004,0,0,1,10,69,69,0,0,54,60,0,40,800,-1,-1,0,-1,7,0,12,48,2,2,105,0,10,0,0,15,10,0,0,0,99,0,0,30,60,0,2,0,0,0,21,21,21,21,1,1,1,1,0,0,1,0,0,0,0,0,0,1,0,0,0,0,1,0,0,0,0,0,0,0,0,1,0,1,1,1,0,2,0,128,2,2,0,0,401000,300,-1,-1,-1,-1,-1,-1,-1,-1,-1,-1,-1,-1,-1,-1,-1,-1,-1,-1,-1,-1,-1,-1,139,139,48,0.015,0,0,0,1,1,0,0,0,4,0,0,1,1,46,0,0,6,20,1,21,21,6,0,21,0,10,0,0,0,0,65,15,15,15,15,15,15,15,15,15,15,0,-1,-1,-1,-1,-1,-1,-1,-1,1.07,1,1,1,1,1,1,1,1,-1,-1,-1,-1,-1,10000,0,1,1,0,0,0,0,1,0,0,0,1,1400,310,6,6,1,2,45,-1,-1,-1,30040000,30040000,30040000,30040000,30040000,30040000,30040000,30040000,30040000,30040000,1,1,0,0,0,0,1,1,0,[0|0|0|0|0|0|0]
30040900,Cold Pillory Shield,1,0,[0|0|0],3000,7105011,0,3.5,0,600,140,100,22,0,15,0,68,46,23,38,-1,107500,-1,5300400,-1,-1,0,30040000,30040000,30040000,30040000,30040000,30040000,30040000,30040000,30040000,30040000,30040000,30040000,30040000,30040000,30040000,30040000,1,1,1,1,15,15,5,2106,12004,0,0,1,10,69,59,0,0,54,60,0,40,900,-1,-1,0,-1,7,0,12,48,2,2,105,0,10,0,0,15,10,0,0,0,99,0,0,30,60,0,2,0,0,0,21,21,21,21,1,1,1,1,0,0,1,0,0,0,0,0,0,1,0,0,0,0,1,0,0,0,0,0,0,0,0,1,0,1,1,1,0,2,0,128,2,2,0,0,401000,300,-1,-1,-1,-1,-1,-1,-1,-1,-1,-1,-1,-1,-1,-1,-1,-1,-1,-1,-1,-1,-1,-1,139,139,48,0.015,0,0,0,1,1,0,0,0,4,0,0,1,1,46,0,0,6,20,1,21,21,6,0,21,0,10,0,0,0,0,65,15,15,15,15,15,15,15,15,15,15,0,-1,-1,-1,-1,-1,-1,-1,-1,1.07,1,1,1,1,1,1,1,1,-1,-1,-1,-1,-1,10000,0,1,1,0,0,0,0,1,0,0,0,1,1400,310,6,6,1,2,45,6601,-1,-1,30040000,30040000,30040000,30040000,30040000,30040000,30040000,30040000,30040000,30040000,1,1,0,0,0,0,1,1,0,[0|0|0|0|0|0|0]
30041000,Poison Pillory Shield,1,0,[0|0|0],3000,7105009,0,3.5,0,600,140,100,21,0,0,0,68,46,23,38,-1,106000,-1,5300400,-1,-1,0,30040000,30040000,30040000,30040000,30040000,30040000,30040000,30040000,30040000,30040000,30040000,30040000,30040000,30040000,30040000,30040000,1,1,1,1,15,15,5,2106,12004,0,0,1,10,69,0,0,0,54,60,0,40,1000,-1,-1,0,-1,7,0,12,48,2,2,105,0,0,0,0,15,10,0,0,0,99,0,0,30,60,0,2,0,0,0,21,21,21,21,1,1,1,1,0,0,1,0,0,0,0,0,0,1,0,0,0,0,1,0,0,0,0,0,0,0,0,1,0,1,1,1,0,2,0,128,2,2,0,0,401000,300,-1,-1,-1,-1,-1,-1,-1,-1,-1,-1,-1,-1,-1,-1,-1,-1,-1,-1,-1,-1,-1,-1,139,139,48,0.015,0,0,0,1,1,0,0,0,0,0,0,1,1,46,0,0,6,20,1,21,21,6,0,21,0,10,30,0,0,0,65,15,15,15,15,15,15,15,15,15,15,0,-1,-1,-1,-1,-1,-1,-1,-1,1.07,1,1,1,1,1,1,1,1,-1,-1,-1,-1,-1,10013,0,1,1,0,0,0,0,1,0,0,0,1,1400,310,6,6,1,2,45,6401,-1,-1,30040000,30040000,30040000,30040000,30040000,30040000,30040000,30040000,30040000,30040000,1,1,0,0,0,0,1,1,0,[0|0|0|0|0|0|0]
30041100,Blood Pillory Shield,1,0,[0|0|0],3000,7105010,0,3.5,0,600,140,100,21,0,0,0,68,46,23,38,105000,-1,-1,5300400,-1,-1,0,30040000,30040000,30040000,30040000,30040000,30040000,30040000,30040000,30040000,30040000,30040000,30040000,30040000,30040000,30040000,30040000,1,1,1,1,15,15,5,2106,12004,0,0,1,10,69,0,0,0,54,60,0,40,1100,-1,-1,0,-1,7,0,12,48,2,2,105,0,0,0,0,15,10,0,0,0,99,0,0,30,60,0,2,0,0,0,21,21,21,21,1,1,1,1,0,0,1,0,0,0,0,0,0,1,0,0,0,0,1,0,0,0,0,0,0,0,0,1,0,1,1,1,0,2,0,128,2,2,0,0,401000,300,-1,-1,-1,-1,-1,-1,-1,-1,-1,-1,-1,-1,-1,-1,-1,-1,-1,-1,-1,-1,-1,-1,139,139,48,0.015,0,0,0,1,1,0,0,0,0,0,0,1,1,46,0,0,6,20,1,21,21,6,0,21,0,10,30,0,0,0,65,15,15,15,15,15,15,15,15,15,15,0,-1,-1,-1,-1,-1,-1,-1,-1,1.07,1,1,1,1,1,1,1,1,-1,-1,-1,-1,-1,10013,0,1,1,0,0,0,0,1,0,0,0,1,1400,310,6,6,1,2,45,6501,-1,-1,30040000,30040000,30040000,30040000,30040000,30040000,30040000,30040000,30040000,30040000,1,1,0,0,0,0,1,1,0,[0|0|0|0|0|0|0]
30041200,Occult Pillory Shield,1,0,[0|0|0],3000,7105012,0,3.5,0,600,140,100,22,0,0,0,68,46,23,38,-1,-1,-1,5300400,-1,-1,0,30040000,30040000,30040000,30040000,30040000,30040000,30040000,30040000,30040000,30040000,30040000,30040000,30040000,30040000,30040000,30040000,1,1,1,1,15,15,5,2106,12004,0,0,1,10,69,0,0,0,54,60,0,40,1200,-1,-1,0,-1,7,0,12,48,2,2,105,7,0,0,0,15,10,0,0,0,99,0,0,30,60,0,2,0,0,0,21,21,21,21,1,1,1,1,0,0,1,0,0,0,0,0,0,1,0,0,0,0,1,0,0,0,0,0,0,0,0,1,0,1,1,1,0,2,0,128,2,2,0,0,401000,300,-1,-1,-1,-1,-1,-1,-1,-1,-1,-1,-1,-1,-1,-1,-1,-1,-1,-1,-1,-1,-1,-1,139,139,48,0.015,0,0,0,1,1,0,0,0,0,0,0,1,1,46,0,0,6,20,1,21,21,6,0,21,0,10,22,0,0,0,65,15,15,15,15,15,15,15,15,15,15,0,-1,-1,-1,-1,-1,-1,-1,-1,1.07,1,1,1,1,1,1,1,1,-1,-1,-1,-1,-1,10013,0,1,1,0,0,0,0,1,0,0,0,1,1400,310,6,6,1,2,45,-1,-1,-1,30040000,30040000,30040000,30040000,30040000,30040000,30040000,30040000,30040000,30040000,1,1,0,0,0,0,1,1,0,[0|0|0|0|0|0|0]
30060000,Beastman's Jar-Shield,1,0,[0|0|0],3000,7223000,0,5,0,900,340,100,24,0,0,0,95,30,55,60,-1,-1,-1,-1,-1,-1,0,30060000,30060000,30060000,30060000,30060000,30060000,30060000,30060000,30060000,30060000,30060000,30060000,30060000,30060000,30060000,30060000,1,1,1,1,15,15,5.5,503,12006,0,0,1,10,71,0,0,0,68,60,0,50,8100,-1,-1,0,-1,7,0,12,49,0,4,127,0,0,0,0,15,10,0,0,0,99,0,0,50,80,0,3,0,0,0,25,25,25,25,1,1,1,1,0,0,1,0,0,0,0,0,0,1,0,0,0,0,1,0,0,0,0,0,0,0,0,1,0,1,1,1,0,2,0,117,2,2,0,0,401000,300,-1,-1,-1,-1,-1,-1,-1,-1,-1,-1,-1,-1,-1,-1,-1,-1,-1,-1,-1,-1,-1,-1,139,139,49,0.015,0,0,0,1,1,0,0,0,0,0,0,1,1,55,0,0,6,30,1,25,25,6,0,25,0,10,0,0,0,0,67,15,15,15,15,15,15,15,15,15,15,0,-1,-1,-1,-1,-1,-1,-1,-1,0.96,1,1,1,1,1,1,1,1,-1,-1,-1,-1,-1,10000,0,1,1,0,0,0,0,1,0,0,0,6,3400,310,6,6,1,2,45,-1,-1,-1,30060000,30060000,30060000,30060000,30060000,30060000,30060000,30060000,30060000,30060000,1,1,0,0,0,0,1,1,0,[0|0|0|0|0|0|0]
30060100,Beastman's Heavy Jar-Shield,1,0,[0|0|0],3000,7223001,0,5,0,900,340,100,22,0,0,0,95,30,55,60,-1,-1,-1,-1,-1,-1,0,30060000,30060000,30060000,30060000,30060000,30060000,30060000,30060000,30060000,30060000,30060000,30060000,30060000,30060000,30060000,30060000,1,1,1,1,15,15,5.5,503,12006,0,0,1,10,69,0,0,0,68,60,0,50,100,-1,-1,0,-1,7,0,12,49,0,4,127,1,0,0,0,15,10,0,0,0,99,0,0,50,80,0,3,0,0,0,25,25,25,25,1,1,1,1,0,0,1,0,0,0,0,0,0,1,0,0,0,0,1,0,0,0,0,0,0,0,0,1,0,1,1,1,0,2,0,117,2,2,0,0,401000,300,-1,-1,-1,-1,-1,-1,-1,-1,-1,-1,-1,-1,-1,-1,-1,-1,-1,-1,-1,-1,-1,-1,139,139,49,0.015,0,0,0,1,1,0,0,0,0,0,0,1,1,55,0,0,6,30,1,25,25,6,0,25,0,10,0,0,0,0,67,15,15,15,15,15,15,15,15,15,15,0,-1,-1,-1,-1,-1,-1,-1,-1,0.96,1,1,1,1,1,1,1,1,-1,-1,-1,-1,-1,10000,0,1,1,0,0,0,0,1,0,0,0,6,3400,310,6,6,1,2,45,-1,-1,-1,30060000,30060000,30060000,30060000,30060000,30060000,30060000,30060000,30060000,30060000,1,1,0,0,0,0,1,1,0,[0|0|0|0|0|0|0]
30060200,Beastman's Keen Jar-Shield,1,0,[0|0|0],3000,7223002,0,5,0,900,340,100,4,21,0,0,95,30,55,60,-1,-1,-1,-1,-1,-1,0,30060000,30060000,30060000,30060000,30060000,30060000,30060000,30060000,30060000,30060000,30060000,30060000,30060000,30060000,30060000,30060000,1,1,1,1,15,15,5.5,503,12006,0,0,1,10,69,0,0,0,68,60,0,50,200,-1,-1,0,-1,7,0,12,49,0,4,127,2,0,0,0,15,10,0,0,0,99,0,0,50,80,0,3,0,0,0,25,25,25,25,1,1,1,1,0,0,1,0,0,0,0,0,0,1,0,0,0,0,1,0,0,0,0,0,0,0,0,1,0,1,1,1,0,2,0,117,2,2,0,0,401000,300,-1,-1,-1,-1,-1,-1,-1,-1,-1,-1,-1,-1,-1,-1,-1,-1,-1,-1,-1,-1,-1,-1,139,139,49,0.015,0,0,0,1,1,0,0,0,0,0,0,1,1,55,0,0,6,30,1,25,25,6,0,25,0,10,0,0,0,0,67,15,15,15,15,15,15,15,15,15,15,0,-1,-1,-1,-1,-1,-1,-1,-1,0.96,1,1,1,1,1,1,1,1,-1,-1,-1,-1,-1,10000,0,1,1,0,0,0,0,1,0,0,0,6,3400,310,6,6,1,2,45,-1,-1,-1,30060000,30060000,30060000,30060000,30060000,30060000,30060000,30060000,30060000,30060000,1,1,0,0,0,0,1,1,0,[0|0|0|0|0|0|0]
30060300,Beastman's Quality Jar-Shield,1,0,[0|0|0],3000,7223003,0,5,0,900,340,100,26,26,0,0,95,30,55,60,-1,-1,-1,-1,-1,-1,0,30060000,30060000,30060000,30060000,30060000,30060000,30060000,30060000,30060000,30060000,30060000,30060000,30060000,30060000,30060000,30060000,1,1,1,1,15,15,5.5,503,12006,0,0,1,10,69,0,0,0,68,60,0,50,300,-1,-1,0,-1,7,0,12,49,0,4,127,8,0,0,0,15,10,0,0,0,99,0,0,50,80,0,3,0,0,0,25,25,25,25,1,1,1,1,0,0,1,0,0,0,0,0,0,1,0,0,0,0,1,0,0,0,0,0,0,0,0,1,0,1,1,1,0,2,0,117,2,2,0,0,401000,300,-1,-1,-1,-1,-1,-1,-1,-1,-1,-1,-1,-1,-1,-1,-1,-1,-1,-1,-1,-1,-1,-1,139,139,49,0.015,0,0,0,1,1,0,0,0,0,0,0,1,1,55,0,0,6,30,1,25,25,6,0,25,0,10,0,0,0,0,67,15,15,15,15,15,15,15,15,15,15,0,-1,-1,-1,-1,-1,-1,-1,-1,0.96,1,1,1,1,1,1,1,1,-1,-1,-1,-1,-1,10000,0,1,1,0,0,0,0,1,0,0,0,6,3400,310,6,6,1,2,45,-1,-1,-1,30060000,30060000,30060000,30060000,30060000,30060000,30060000,30060000,30060000,30060000,1,1,0,0,0,0,1,1,0,[0|0|0|0|0|0|0]
30060400,Beastman's Fire Jar-Shield,1,0,[0|0|0],3000,7223005,0,5,0,900,340,100,19,12,0,0,95,30,55,60,-1,-1,-1,-1,-1,-1,0,30060000,30060000,30060000,30060000,30060000,30060000,30060000,30060000,30060000,30060000,30060000,30060000,30060000,30060000,30060000,30060000,1,1,1,1,15,15,5.5,503,12006,0,0,1,10,69,0,69,0,68,60,0,50,400,-1,-1,0,-1,7,0,12,49,0,4,127,0,11,0,0,15,10,0,0,0,99,0,0,50,80,0,3,0,0,0,25,25,25,25,1,1,1,1,0,0,1,0,0,0,0,0,0,1,0,0,0,0,1,0,0,0,0,0,0,0,0,1,0,1,1,1,0,2,0,117,2,2,0,0,401000,300,-1,-1,-1,-1,-1,-1,-1,-1,-1,-1,-1,-1,-1,-1,-1,-1,-1,-1,-1,-1,-1,-1,139,139,49,0.015,0,0,0,1,1,0,0,0,0,4,0,1,1,55,0,0,6,30,1,25,25,6,0,25,0,10,0,0,0,0,67,15,15,15,15,15,15,15,15,15,15,0,-1,-1,-1,-1,-1,-1,-1,-1,0.96,1,1,1,1,1,1,1,1,-1,-1,-1,-1,-1,10005,0,1,1,0,0,0,0,1,0,0,0,6,3400,310,6,6,1,2,45,-1,-1,-1,30060000,30060000,30060000,30060000,30060000,30060000,30060000,30060000,30060000,30060000,1,1,0,0,0,0,1,1,0,[0|0|0|0|0|0|0]
30060500,Beastman's Flame Art Jar-Shield,1,0,[0|0|0],3000,7223006,0,5,0,900,340,100,9,0,0,16,95,30,55,60,-1,-1,-1,-1,-1,-1,0,30060000,30060000,30060000,30060000,30060000,30060000,30060000,30060000,30060000,30060000,30060000,30060000,30060000,30060000,30060000,30060000,1,1,1,1,15,15,5.5,503,12006,0,0,1,10,69,0,69,0,68,60,0,50,500,-1,-1,0,-1,7,0,12,49,0,4,127,0,11,0,0,15,10,0,0,0,99,0,0,50,80,0,3,0,0,0,25,25,25,25,1,1,1,1,0,0,1,0,0,0,0,0,0,1,0,0,0,0,1,0,0,0,0,0,0,0,0,1,0,1,1,1,0,2,0,117,2,2,0,0,401000,300,-1,-1,-1,-1,-1,-1,-1,-1,-1,-1,-1,-1,-1,-1,-1,-1,-1,-1,-1,-1,-1,-1,139,139,49,0.015,0,0,0,1,1,0,0,0,0,4,0,1,1,55,0,0,6,30,1,25,25,6,0,25,0,10,0,0,0,0,67,15,15,15,15,15,15,15,15,15,15,0,-1,-1,-1,-1,-1,-1,-1,-1,0.96,1,1,1,1,1,1,1,1,-1,-1,-1,-1,-1,10000,0,1,1,0,0,0,0,1,0,0,0,6,3400,310,6,6,1,2,45,-1,-1,-1,30060000,30060000,30060000,30060000,30060000,30060000,30060000,30060000,30060000,30060000,1,1,0,0,0,0,1,1,0,[0|0|0|0|0|0|0]
30060600,Beastman's Lightning Jar-Shield,1,0,[0|0|0],3000,7223007,0,5,0,900,340,100,4,20,0,0,95,30,55,60,-1,-1,-1,-1,-1,-1,0,30060000,30060000,30060000,30060000,30060000,30060000,30060000,30060000,30060000,30060000,30060000,30060000,30060000,30060000,30060000,30060000,1,1,1,1,15,15,5.5,503,12006,0,0,1,10,69,0,0,69,68,60,0,50,600,-1,-1,0,-1,7,0,12,49,0,4,127,0,12,0,0,15,10,0,0,0,99,0,0,50,80,0,3,0,0,0,25,25,25,25,1,1,1,1,0,0,1,0,0,0,0,0,0,1,0,0,0,0,1,0,0,0,0,0,0,0,0,1,0,1,1,1,0,2,0,117,2,2,0,0,401000,300,-1,-1,-1,-1,-1,-1,-1,-1,-1,-1,-1,-1,-1,-1,-1,-1,-1,-1,-1,-1,-1,-1,139,139,49,0.015,0,0,0,1,1,0,0,0,0,0,4,1,1,55,0,0,6,30,1,25,25,6,0,25,0,10,0,0,0,0,67,15,15,15,15,15,15,15,15,15,15,0,-1,-1,-1,-1,-1,-1,-1,-1,0.96,1,1,1,1,1,1,1,1,-1,-1,-1,-1,-1,10000,0,1,1,0,0,0,0,1,0,0,0,6,3400,310,6,6,1,2,45,-1,-1,-1,30060000,30060000,30060000,30060000,30060000,30060000,30060000,30060000,30060000,30060000,1,1,0,0,0,0,1,1,0,[0|0|0|0|0|0|0]
30060700,Beastman's Sacred Jar-Shield,1,0,[0|0|0],3000,7223008,0,5,0,900,340,100,12,0,0,14,95,30,55,60,-1,-1,-1,-1,-1,-1,0,30060000,30060000,30060000,30060000,30060000,30060000,30060000,30060000,30060000,30060000,30060000,30060000,30060000,30060000,30060000,30060000,1,1,1,1,15,15,5.5,503,12006,0,0,1,10,69,0,0,0,68,60,0,50,700,-1,-1,0,-1,7,0,12,49,0,4,127,0,13,0,0,15,10,0,0,0,99,0,0,50,80,0,3,0,0,0,25,25,25,25,1,1,1,1,0,0,1,0,0,0,0,0,0,1,0,0,0,0,1,0,0,0,0,0,0,0,0,1,0,1,1,1,0,2,0,117,2,2,0,0,401000,300,-1,-1,-1,-1,-1,-1,-1,-1,-1,-1,-1,-1,-1,-1,-1,-1,-1,-1,-1,-1,-1,-1,139,139,49,0.015,0,0,0,1,1,0,0,0,0,0,0,1,1,55,69,4,6,30,1,25,25,6,0,25,0,10,0,0,0,0,67,15,15,15,15,15,15,15,15,15,15,0,-1,-1,-1,-1,-1,-1,-1,-1,0.96,1,1,1,1,1,1,1,1,-1,-1,-1,-1,-1,10000,0,1,1,0,0,0,0,1,0,0,0,6,3400,310,6,6,1,2,45,-1,-1,-1,30060000,30060000,30060000,30060000,30060000,30060000,30060000,30060000,30060000,30060000,1,1,0,0,0,0,1,1,0,[0|0|0|0|0|0|0]
30060800,Beastman's Magic Jar-Shield,1,0,[0|0|0],3000,7223004,0,5,0,900,340,100,9,0,16,0,95,30,55,60,-1,-1,-1,-1,-1,-1,0,30060000,30060000,30060000,30060000,30060000,30060000,30060000,30060000,30060000,30060000,30060000,30060000,30060000,30060000,30060000,30060000,1,1,1,1,15,15,5.5,503,12006,0,0,1,10,69,69,0,0,68,60,0,50,800,-1,-1,0,-1,7,0,12,49,0,4,127,0,10,0,0,15,10,0,0,0,99,0,0,50,80,0,3,0,0,0,25,25,25,25,1,1,1,1,0,0,1,0,0,0,0,0,0,1,0,0,0,0,1,0,0,0,0,0,0,0,0,1,0,1,1,1,0,2,0,117,2,2,0,0,401000,300,-1,-1,-1,-1,-1,-1,-1,-1,-1,-1,-1,-1,-1,-1,-1,-1,-1,-1,-1,-1,-1,-1,139,139,49,0.015,0,0,0,1,1,0,0,0,4,0,0,1,1,55,0,0,6,30,1,25,25,6,0,25,0,10,0,0,0,0,67,15,15,15,15,15,15,15,15,15,15,0,-1,-1,-1,-1,-1,-1,-1,-1,0.96,1,1,1,1,1,1,1,1,-1,-1,-1,-1,-1,10000,0,1,1,0,0,0,0,1,0,0,0,6,3400,310,6,6,1,2,45,-1,-1,-1,30060000,30060000,30060000,30060000,30060000,30060000,30060000,30060000,30060000,30060000,1,1,0,0,0,0,1,1,0,[0|0|0|0|0|0|0]
30060900,Beastman's Cold Jar-Shield,1,0,[0|0|0],3000,7223011,0,5,0,900,340,100,22,0,15,0,95,30,55,60,-1,107500,-1,-1,-1,-1,0,30060000,30060000,30060000,30060000,30060000,30060000,30060000,30060000,30060000,30060000,30060000,30060000,30060000,30060000,30060000,30060000,1,1,1,1,15,15,5.5,503,12006,0,0,1,10,69,59,0,0,68,60,0,50,900,-1,-1,0,-1,7,0,12,49,0,4,127,0,10,0,0,15,10,0,0,0,99,0,0,50,80,0,3,0,0,0,25,25,25,25,1,1,1,1,0,0,1,0,0,0,0,0,0,1,0,0,0,0,1,0,0,0,0,0,0,0,0,1,0,1,1,1,0,2,0,117,2,2,0,0,401000,300,-1,-1,-1,-1,-1,-1,-1,-1,-1,-1,-1,-1,-1,-1,-1,-1,-1,-1,-1,-1,-1,-1,139,139,49,0.015,0,0,0,1,1,0,0,0,4,0,0,1,1,55,0,0,6,30,1,25,25,6,0,25,0,10,0,0,0,0,67,15,15,15,15,15,15,15,15,15,15,0,-1,-1,-1,-1,-1,-1,-1,-1,0.96,1,1,1,1,1,1,1,1,-1,-1,-1,-1,-1,10000,0,1,1,0,0,0,0,1,0,0,0,6,3400,310,6,6,1,2,45,6601,-1,-1,30060000,30060000,30060000,30060000,30060000,30060000,30060000,30060000,30060000,30060000,1,1,0,0,0,0,1,1,0,[0|0|0|0|0|0|0]
30061000,Beastman's Poison Jar-Shield,1,0,[0|0|0],3000,7223009,0,5,0,900,340,100,21,0,0,0,95,30,55,60,-1,106000,-1,-1,-1,-1,0,30060000,30060000,30060000,30060000,30060000,30060000,30060000,30060000,30060000,30060000,30060000,30060000,30060000,30060000,30060000,30060000,1,1,1,1,15,15,5.5,503,12006,0,0,1,10,69,0,0,0,68,60,0,50,1000,-1,-1,0,-1,7,0,12,49,0,4,127,0,0,0,0,15,10,0,0,0,99,0,0,50,80,0,3,0,0,0,25,25,25,25,1,1,1,1,0,0,1,0,0,0,0,0,0,1,0,0,0,0,1,0,0,0,0,0,0,0,0,1,0,1,1,1,0,2,0,117,2,2,0,0,401000,300,-1,-1,-1,-1,-1,-1,-1,-1,-1,-1,-1,-1,-1,-1,-1,-1,-1,-1,-1,-1,-1,-1,139,139,49,0.015,0,0,0,1,1,0,0,0,0,0,0,1,1,55,0,0,6,30,1,25,25,6,0,25,0,10,30,0,0,0,67,15,15,15,15,15,15,15,15,15,15,0,-1,-1,-1,-1,-1,-1,-1,-1,0.96,1,1,1,1,1,1,1,1,-1,-1,-1,-1,-1,10013,0,1,1,0,0,0,0,1,0,0,0,6,3400,310,6,6,1,2,45,6401,-1,-1,30060000,30060000,30060000,30060000,30060000,30060000,30060000,30060000,30060000,30060000,1,1,0,0,0,0,1,1,0,[0|0|0|0|0|0|0]
30061100,Beastman's Blood Jar-Shield,1,0,[0|0|0],3000,7223010,0,5,0,900,340,100,21,0,0,0,95,30,55,60,105000,-1,-1,-1,-1,-1,0,30060000,30060000,30060000,30060000,30060000,30060000,30060000,30060000,30060000,30060000,30060000,30060000,30060000,30060000,30060000,30060000,1,1,1,1,15,15,5.5,503,12006,0,0,1,10,69,0,0,0,68,60,0,50,1100,-1,-1,0,-1,7,0,12,49,0,4,127,0,0,0,0,15,10,0,0,0,99,0,0,50,80,0,3,0,0,0,25,25,25,25,1,1,1,1,0,0,1,0,0,0,0,0,0,1,0,0,0,0,1,0,0,0,0,0,0,0,0,1,0,1,1,1,0,2,0,117,2,2,0,0,401000,300,-1,-1,-1,-1,-1,-1,-1,-1,-1,-1,-1,-1,-1,-1,-1,-1,-1,-1,-1,-1,-1,-1,139,139,49,0.015,0,0,0,1,1,0,0,0,0,0,0,1,1,55,0,0,6,30,1,25,25,6,0,25,0,10,30,0,0,0,67,15,15,15,15,15,15,15,15,15,15,0,-1,-1,-1,-1,-1,-1,-1,-1,0.96,1,1,1,1,1,1,1,1,-1,-1,-1,-1,-1,10013,0,1,1,0,0,0,0,1,0,0,0,6,3400,310,6,6,1,2,45,6501,-1,-1,30060000,30060000,30060000,30060000,30060000,30060000,30060000,30060000,30060000,30060000,1,1,0,0,0,0,1,1,0,[0|0|0|0|0|0|0]
30061200,Beastman's Occult Jar-Shield,1,0,[0|0|0],3000,7223012,0,5,0,900,340,100,22,0,0,0,95,30,55,60,-1,-1,-1,-1,-1,-1,0,30060000,30060000,30060000,30060000,30060000,30060000,30060000,30060000,30060000,30060000,30060000,30060000,30060000,30060000,30060000,30060000,1,1,1,1,15,15,5.5,503,12006,0,0,1,10,69,0,0,0,68,60,0,50,1200,-1,-1,0,-1,7,0,12,49,0,4,127,7,0,0,0,15,10,0,0,0,99,0,0,50,80,0,3,0,0,0,25,25,25,25,1,1,1,1,0,0,1,0,0,0,0,0,0,1,0,0,0,0,1,0,0,0,0,0,0,0,0,1,0,1,1,1,0,2,0,117,2,2,0,0,401000,300,-1,-1,-1,-1,-1,-1,-1,-1,-1,-1,-1,-1,-1,-1,-1,-1,-1,-1,-1,-1,-1,-1,139,139,49,0.015,0,0,0,1,1,0,0,0,0,0,0,1,1,55,0,0,6,30,1,25,25,6,0,25,0,10,22,0,0,0,67,15,15,15,15,15,15,15,15,15,15,0,-1,-1,-1,-1,-1,-1,-1,-1,0.96,1,1,1,1,1,1,1,1,-1,-1,-1,-1,-1,10013,0,1,1,0,0,0,0,1,0,0,0,6,3400,310,6,6,1,2,45,-1,-1,-1,30060000,30060000,30060000,30060000,30060000,30060000,30060000,30060000,30060000,30060000,1,1,0,0,0,0,1,1,0,[0|0|0|0|0|0|0]
30070000,Red Thorn Roundshield,0,0,[0|0|0],3000,7104000,0,1.5,0,600,140,100,24,0,0,0,68,32,42,37,-1,-1,-1,-1,-1,-1,0,30070000,30070000,30070000,30070000,30070000,30070000,30070000,30070000,30070000,30070000,30070000,30070000,30070000,30070000,30070000,30070000,1,1,1,1,15,15,5,2108,12007,0,0,1,10,70,0,0,0,54,60,0,38,8000,-1,-1,0,-1,7,0,12,48,2,2,105,0,0,0,0,15,8,0,0,0,99,0,0,30,60,0,2,0,0,0,20,20,20,20,1,1,1,1,0,0,1,0,0,0,0,0,0,1,0,0,0,0,1,0,0,0,0,0,0,0,0,1,0,1,1,1,0,2,0,128,2,2,0,0,401000,300,-1,-1,-1,-1,-1,-1,-1,-1,-1,-1,-1,-1,-1,-1,-1,-1,-1,-1,-1,-1,-1,-1,139,139,48,0.015,0,0,0,1,1,0,0,0,0,0,0,1,1,37,0,0,6,20,1,20,20,6,0,20,0,302,0,0,0,0,65,15,15,15,15,15,15,15,15,15,15,0,-1,-1,-1,-1,-1,-1,-1,-1,1,1,1,1,1,1,1,1,1,-1,-1,-1,-1,-1,10000,0,1,1,0,0,0,0,1,0,0,0,1,1400,310,6,6,1,2,45,-1,-1,-1,30070000,30070000,30070000,30070000,30070000,30070000,30070000,30070000,30070000,30070000,1,1,0,0,0,0,1,1,0,[0|0|0|0|0|0|0]
30070100,Heavy Red Thorn Roundshield,0,0,[0|0|0],3000,7104001,0,1.5,0,600,140,100,22,0,0,0,68,32,42,37,-1,-1,-1,-1,-1,-1,0,30070000,30070000,30070000,30070000,30070000,30070000,30070000,30070000,30070000,30070000,30070000,30070000,30070000,30070000,30070000,30070000,1,1,1,1,15,15,5,2108,12007,0,0,1,10,68,0,0,0,54,60,0,38,100,-1,-1,0,-1,7,0,12,48,2,2,105,1,0,0,0,15,8,0,0,0,99,0,0,30,60,0,2,0,0,0,20,20,20,20,1,1,1,1,0,0,1,0,0,0,0,0,0,1,0,0,0,0,1,0,0,0,0,0,0,0,0,1,0,1,1,1,0,2,0,128,2,2,0,0,401000,300,-1,-1,-1,-1,-1,-1,-1,-1,-1,-1,-1,-1,-1,-1,-1,-1,-1,-1,-1,-1,-1,-1,139,139,48,0.015,0,0,0,1,1,0,0,0,0,0,0,1,1,37,0,0,6,20,1,20,20,6,0,20,0,302,0,0,0,0,65,15,15,15,15,15,15,15,15,15,15,0,-1,-1,-1,-1,-1,-1,-1,-1,1,1,1,1,1,1,1,1,1,-1,-1,-1,-1,-1,10000,0,1,1,0,0,0,0,1,0,0,0,1,1400,310,6,6,1,2,45,-1,-1,-1,30070000,30070000,30070000,30070000,30070000,30070000,30070000,30070000,30070000,30070000,1,1,0,0,0,0,1,1,0,[0|0|0|0|0|0|0]
30070200,Keen Red Thorn Roundshield,0,0,[0|0|0],3000,7104002,0,1.5,0,600,140,100,4,21,0,0,68,32,42,37,-1,-1,-1,-1,-1,-1,0,30070000,30070000,30070000,30070000,30070000,30070000,30070000,30070000,30070000,30070000,30070000,30070000,30070000,30070000,30070000,30070000,1,1,1,1,15,15,5,2108,12007,0,0,1,10,68,0,0,0,54,60,0,38,200,-1,-1,0,-1,7,0,12,48,2,2,105,2,0,0,0,15,8,0,0,0,99,0,0,30,60,0,2,0,0,0,20,20,20,20,1,1,1,1,0,0,1,0,0,0,0,0,0,1,0,0,0,0,1,0,0,0,0,0,0,0,0,1,0,1,1,1,0,2,0,128,2,2,0,0,401000,300,-1,-1,-1,-1,-1,-1,-1,-1,-1,-1,-1,-1,-1,-1,-1,-1,-1,-1,-1,-1,-1,-1,139,139,48,0.015,0,0,0,1,1,0,0,0,0,0,0,1,1,37,0,0,6,20,1,20,20,6,0,20,0,302,0,0,0,0,65,15,15,15,15,15,15,15,15,15,15,0,-1,-1,-1,-1,-1,-1,-1,-1,1,1,1,1,1,1,1,1,1,-1,-1,-1,-1,-1,10000,0,1,1,0,0,0,0,1,0,0,0,1,1400,310,6,6,1,2,45,-1,-1,-1,30070000,30070000,30070000,30070000,30070000,30070000,30070000,30070000,30070000,30070000,1,1,0,0,0,0,1,1,0,[0|0|0|0|0|0|0]
30070300,Quality Red Thorn Roundshield,0,0,[0|0|0],3000,7104003,0,1.5,0,600,140,100,26,26,0,0,68,32,42,37,-1,-1,-1,-1,-1,-1,0,30070000,30070000,30070000,30070000,30070000,30070000,30070000,30070000,30070000,30070000,30070000,30070000,30070000,30070000,30070000,30070000,1,1,1,1,15,15,5,2108,12007,0,0,1,10,68,0,0,0,54,60,0,38,300,-1,-1,0,-1,7,0,12,48,2,2,105,8,0,0,0,15,8,0,0,0,99,0,0,30,60,0,2,0,0,0,20,20,20,20,1,1,1,1,0,0,1,0,0,0,0,0,0,1,0,0,0,0,1,0,0,0,0,0,0,0,0,1,0,1,1,1,0,2,0,128,2,2,0,0,401000,300,-1,-1,-1,-1,-1,-1,-1,-1,-1,-1,-1,-1,-1,-1,-1,-1,-1,-1,-1,-1,-1,-1,139,139,48,0.015,0,0,0,1,1,0,0,0,0,0,0,1,1,37,0,0,6,20,1,20,20,6,0,20,0,302,0,0,0,0,65,15,15,15,15,15,15,15,15,15,15,0,-1,-1,-1,-1,-1,-1,-1,-1,1,1,1,1,1,1,1,1,1,-1,-1,-1,-1,-1,10000,0,1,1,0,0,0,0,1,0,0,0,1,1400,310,6,6,1,2,45,-1,-1,-1,30070000,30070000,30070000,30070000,30070000,30070000,30070000,30070000,30070000,30070000,1,1,0,0,0,0,1,1,0,[0|0|0|0|0|0|0]
30070400,Fire Red Thorn Roundshield,0,0,[0|0|0],3000,7104005,0,1.5,0,600,140,100,19,12,0,0,68,32,42,37,-1,-1,-1,-1,-1,-1,0,30070000,30070000,30070000,30070000,30070000,30070000,30070000,30070000,30070000,30070000,30070000,30070000,30070000,30070000,30070000,30070000,1,1,1,1,15,15,5,2108,12007,0,0,1,10,68,0,68,0,54,60,0,38,400,-1,-1,0,-1,7,0,12,48,2,2,105,0,11,0,0,15,8,0,0,0,99,0,0,30,60,0,2,0,0,0,20,20,20,20,1,1,1,1,0,0,1,0,0,0,0,0,0,1,0,0,0,0,1,0,0,0,0,0,0,0,0,1,0,1,1,1,0,2,0,128,2,2,0,0,401000,300,-1,-1,-1,-1,-1,-1,-1,-1,-1,-1,-1,-1,-1,-1,-1,-1,-1,-1,-1,-1,-1,-1,139,139,48,0.015,0,0,0,1,1,0,0,0,0,4,0,1,1,37,0,0,6,20,1,20,20,6,0,20,0,302,0,0,0,0,65,15,15,15,15,15,15,15,15,15,15,0,-1,-1,-1,-1,-1,-1,-1,-1,1,1,1,1,1,1,1,1,1,-1,-1,-1,-1,-1,10005,0,1,1,0,0,0,0,1,0,0,0,1,1400,310,6,6,1,2,45,-1,-1,-1,30070000,30070000,30070000,30070000,30070000,30070000,30070000,30070000,30070000,30070000,1,1,0,0,0,0,1,1,0,[0|0|0|0|0|0|0]
30070500,Flame Art Red Thorn Roundshield,0,0,[0|0|0],3000,7104006,0,1.5,0,600,140,100,9,0,0,16,68,32,42,37,-1,-1,-1,-1,-1,-1,0,30070000,30070000,30070000,30070000,30070000,30070000,30070000,30070000,30070000,30070000,30070000,30070000,30070000,30070000,30070000,30070000,1,1,1,1,15,15,5,2108,12007,0,0,1,10,68,0,68,0,54,60,0,38,500,-1,-1,0,-1,7,0,12,48,2,2,105,0,11,0,0,15,8,0,0,0,99,0,0,30,60,0,2,0,0,0,20,20,20,20,1,1,1,1,0,0,1,0,0,0,0,0,0,1,0,0,0,0,1,0,0,0,0,0,0,0,0,1,0,1,1,1,0,2,0,128,2,2,0,0,401000,300,-1,-1,-1,-1,-1,-1,-1,-1,-1,-1,-1,-1,-1,-1,-1,-1,-1,-1,-1,-1,-1,-1,139,139,48,0.015,0,0,0,1,1,0,0,0,0,4,0,1,1,37,0,0,6,20,1,20,20,6,0,20,0,302,0,0,0,0,65,15,15,15,15,15,15,15,15,15,15,0,-1,-1,-1,-1,-1,-1,-1,-1,1,1,1,1,1,1,1,1,1,-1,-1,-1,-1,-1,10000,0,1,1,0,0,0,0,1,0,0,0,1,1400,310,6,6,1,2,45,-1,-1,-1,30070000,30070000,30070000,30070000,30070000,30070000,30070000,30070000,30070000,30070000,1,1,0,0,0,0,1,1,0,[0|0|0|0|0|0|0]
30070600,Lightning Red Thorn Roundshield,0,0,[0|0|0],3000,7104007,0,1.5,0,600,140,100,4,20,0,0,68,32,42,37,-1,-1,-1,-1,-1,-1,0,30070000,30070000,30070000,30070000,30070000,30070000,30070000,30070000,30070000,30070000,30070000,30070000,30070000,30070000,30070000,30070000,1,1,1,1,15,15,5,2108,12007,0,0,1,10,68,0,0,68,54,60,0,38,600,-1,-1,0,-1,7,0,12,48,2,2,105,0,12,0,0,15,8,0,0,0,99,0,0,30,60,0,2,0,0,0,20,20,20,20,1,1,1,1,0,0,1,0,0,0,0,0,0,1,0,0,0,0,1,0,0,0,0,0,0,0,0,1,0,1,1,1,0,2,0,128,2,2,0,0,401000,300,-1,-1,-1,-1,-1,-1,-1,-1,-1,-1,-1,-1,-1,-1,-1,-1,-1,-1,-1,-1,-1,-1,139,139,48,0.015,0,0,0,1,1,0,0,0,0,0,4,1,1,37,0,0,6,20,1,20,20,6,0,20,0,302,0,0,0,0,65,15,15,15,15,15,15,15,15,15,15,0,-1,-1,-1,-1,-1,-1,-1,-1,1,1,1,1,1,1,1,1,1,-1,-1,-1,-1,-1,10000,0,1,1,0,0,0,0,1,0,0,0,1,1400,310,6,6,1,2,45,-1,-1,-1,30070000,30070000,30070000,30070000,30070000,30070000,30070000,30070000,30070000,30070000,1,1,0,0,0,0,1,1,0,[0|0|0|0|0|0|0]
30070700,Sacred Red Thorn Roundshield,0,0,[0|0|0],3000,7104008,0,1.5,0,600,140,100,12,0,0,14,68,32,42,37,-1,-1,-1,-1,-1,-1,0,30070000,30070000,30070000,30070000,30070000,30070000,30070000,30070000,30070000,30070000,30070000,30070000,30070000,30070000,30070000,30070000,1,1,1,1,15,15,5,2108,12007,0,0,1,10,68,0,0,0,54,60,0,38,700,-1,-1,0,-1,7,0,12,48,2,2,105,0,13,0,0,15,8,0,0,0,99,0,0,30,60,0,2,0,0,0,20,20,20,20,1,1,1,1,0,0,1,0,0,0,0,0,0,1,0,0,0,0,1,0,0,0,0,0,0,0,0,1,0,1,1,1,0,2,0,128,2,2,0,0,401000,300,-1,-1,-1,-1,-1,-1,-1,-1,-1,-1,-1,-1,-1,-1,-1,-1,-1,-1,-1,-1,-1,-1,139,139,48,0.015,0,0,0,1,1,0,0,0,0,0,0,1,1,37,68,4,6,20,1,20,20,6,0,20,0,302,0,0,0,0,65,15,15,15,15,15,15,15,15,15,15,0,-1,-1,-1,-1,-1,-1,-1,-1,1,1,1,1,1,1,1,1,1,-1,-1,-1,-1,-1,10000,0,1,1,0,0,0,0,1,0,0,0,1,1400,310,6,6,1,2,45,-1,-1,-1,30070000,30070000,30070000,30070000,30070000,30070000,30070000,30070000,30070000,30070000,1,1,0,0,0,0,1,1,0,[0|0|0|0|0|0|0]
30070800,Magic Red Thorn Roundshield,0,0,[0|0|0],3000,7104004,0,1.5,0,600,140,100,9,0,16,0,68,32,42,37,-1,-1,-1,-1,-1,-1,0,30070000,30070000,30070000,30070000,30070000,30070000,30070000,30070000,30070000,30070000,30070000,30070000,30070000,30070000,30070000,30070000,1,1,1,1,15,15,5,2108,12007,0,0,1,10,68,68,0,0,54,60,0,38,800,-1,-1,0,-1,7,0,12,48,2,2,105,0,10,0,0,15,8,0,0,0,99,0,0,30,60,0,2,0,0,0,20,20,20,20,1,1,1,1,0,0,1,0,0,0,0,0,0,1,0,0,0,0,1,0,0,0,0,0,0,0,0,1,0,1,1,1,0,2,0,128,2,2,0,0,401000,300,-1,-1,-1,-1,-1,-1,-1,-1,-1,-1,-1,-1,-1,-1,-1,-1,-1,-1,-1,-1,-1,-1,139,139,48,0.015,0,0,0,1,1,0,0,0,4,0,0,1,1,37,0,0,6,20,1,20,20,6,0,20,0,302,0,0,0,0,65,15,15,15,15,15,15,15,15,15,15,0,-1,-1,-1,-1,-1,-1,-1,-1,1,1,1,1,1,1,1,1,1,-1,-1,-1,-1,-1,10000,0,1,1,0,0,0,0,1,0,0,0,1,1400,310,6,6,1,2,45,-1,-1,-1,30070000,30070000,30070000,30070000,30070000,30070000,30070000,30070000,30070000,30070000,1,1,0,0,0,0,1,1,0,[0|0|0|0|0|0|0]
30070900,Cold Red Thorn Roundshield,0,0,[0|0|0],3000,7104011,0,1.5,0,600,140,100,22,0,15,0,68,32,42,37,-1,107500,-1,-1,-1,-1,0,30070000,30070000,30070000,30070000,30070000,30070000,30070000,30070000,30070000,30070000,30070000,30070000,30070000,30070000,30070000,30070000,1,1,1,1,15,15,5,2108,12007,0,0,1,10,68,58,0,0,54,60,0,38,900,-1,-1,0,-1,7,0,12,48,2,2,105,0,10,0,0,15,8,0,0,0,99,0,0,30,60,0,2,0,0,0,20,20,20,20,1,1,1,1,0,0,1,0,0,0,0,0,0,1,0,0,0,0,1,0,0,0,0,0,0,0,0,1,0,1,1,1,0,2,0,128,2,2,0,0,401000,300,-1,-1,-1,-1,-1,-1,-1,-1,-1,-1,-1,-1,-1,-1,-1,-1,-1,-1,-1,-1,-1,-1,139,139,48,0.015,0,0,0,1,1,0,0,0,4,0,0,1,1,37,0,0,6,20,1,20,20,6,0,20,0,302,0,0,0,0,65,15,15,15,15,15,15,15,15,15,15,0,-1,-1,-1,-1,-1,-1,-1,-1,1,1,1,1,1,1,1,1,1,-1,-1,-1,-1,-1,10000,0,1,1,0,0,0,0,1,0,0,0,1,1400,310,6,6,1,2,45,6601,-1,-1,30070000,30070000,30070000,30070000,30070000,30070000,30070000,30070000,30070000,30070000,1,1,0,0,0,0,1,1,0,[0|0|0|0|0|0|0]
30071000,Poison Red Thorn Roundshield,0,0,[0|0|0],3000,7104009,0,1.5,0,600,140,100,21,0,0,0,68,32,42,37,-1,106000,-1,-1,-1,-1,0,30070000,30070000,30070000,30070000,30070000,30070000,30070000,30070000,30070000,30070000,30070000,30070000,30070000,30070000,30070000,30070000,1,1,1,1,15,15,5,2108,12007,0,0,1,10,68,0,0,0,54,60,0,38,1000,-1,-1,0,-1,7,0,12,48,2,2,105,0,0,0,0,15,8,0,0,0,99,0,0,30,60,0,2,0,0,0,20,20,20,20,1,1,1,1,0,0,1,0,0,0,0,0,0,1,0,0,0,0,1,0,0,0,0,0,0,0,0,1,0,1,1,1,0,2,0,128,2,2,0,0,401000,300,-1,-1,-1,-1,-1,-1,-1,-1,-1,-1,-1,-1,-1,-1,-1,-1,-1,-1,-1,-1,-1,-1,139,139,48,0.015,0,0,0,1,1,0,0,0,0,0,0,1,1,37,0,0,6,20,1,20,20,6,0,20,0,302,30,0,0,0,65,15,15,15,15,15,15,15,15,15,15,0,-1,-1,-1,-1,-1,-1,-1,-1,1,1,1,1,1,1,1,1,1,-1,-1,-1,-1,-1,10013,0,1,1,0,0,0,0,1,0,0,0,1,1400,310,6,6,1,2,45,6401,-1,-1,30070000,30070000,30070000,30070000,30070000,30070000,30070000,30070000,30070000,30070000,1,1,0,0,0,0,1,1,0,[0|0|0|0|0|0|0]
30071100,Bloody Red Thorn Roundshield,0,0,[0|0|0],3000,7104010,0,1.5,0,600,140,100,21,0,0,0,68,32,42,37,105000,-1,-1,-1,-1,-1,0,30070000,30070000,30070000,30070000,30070000,30070000,30070000,30070000,30070000,30070000,30070000,30070000,30070000,30070000,30070000,30070000,1,1,1,1,15,15,5,2108,12007,0,0,1,10,68,0,0,0,54,60,0,38,1100,-1,-1,0,-1,7,0,12,48,2,2,105,0,0,0,0,15,8,0,0,0,99,0,0,30,60,0,2,0,0,0,20,20,20,20,1,1,1,1,0,0,1,0,0,0,0,0,0,1,0,0,0,0,1,0,0,0,0,0,0,0,0,1,0,1,1,1,0,2,0,128,2,2,0,0,401000,300,-1,-1,-1,-1,-1,-1,-1,-1,-1,-1,-1,-1,-1,-1,-1,-1,-1,-1,-1,-1,-1,-1,139,139,48,0.015,0,0,0,1,1,0,0,0,0,0,0,1,1,37,0,0,6,20,1,20,20,6,0,20,0,302,30,0,0,0,65,15,15,15,15,15,15,15,15,15,15,0,-1,-1,-1,-1,-1,-1,-1,-1,1,1,1,1,1,1,1,1,1,-1,-1,-1,-1,-1,10013,0,1,1,0,0,0,0,1,0,0,0,1,1400,310,6,6,1,2,45,6501,-1,-1,30070000,30070000,30070000,30070000,30070000,30070000,30070000,30070000,30070000,30070000,1,1,0,0,0,0,1,1,0,[0|0|0|0|0|0|0]
30071200,Occult Red Thorn Roundshield,0,0,[0|0|0],3000,7104012,0,1.5,0,600,140,100,22,0,0,0,68,32,42,37,-1,-1,-1,-1,-1,-1,0,30070000,30070000,30070000,30070000,30070000,30070000,30070000,30070000,30070000,30070000,30070000,30070000,30070000,30070000,30070000,30070000,1,1,1,1,15,15,5,2108,12007,0,0,1,10,68,0,0,0,54,60,0,38,1200,-1,-1,0,-1,7,0,12,48,2,2,105,7,0,0,0,15,8,0,0,0,99,0,0,30,60,0,2,0,0,0,20,20,20,20,1,1,1,1,0,0,1,0,0,0,0,0,0,1,0,0,0,0,1,0,0,0,0,0,0,0,0,1,0,1,1,1,0,2,0,128,2,2,0,0,401000,300,-1,-1,-1,-1,-1,-1,-1,-1,-1,-1,-1,-1,-1,-1,-1,-1,-1,-1,-1,-1,-1,-1,139,139,48,0.015,0,0,0,1,1,0,0,0,0,0,0,1,1,37,0,0,6,20,1,20,20,6,0,20,0,302,22,0,0,0,65,15,15,15,15,15,15,15,15,15,15,0,-1,-1,-1,-1,-1,-1,-1,-1,1,1,1,1,1,1,1,1,1,-1,-1,-1,-1,-1,10013,0,1,1,0,0,0,0,1,0,0,0,1,1400,310,6,6,1,2,45,-1,-1,-1,30070000,30070000,30070000,30070000,30070000,30070000,30070000,30070000,30070000,30070000,1,1,0,0,0,0,1,1,0,[0|0|0|0|0|0|0]
30080000,Scripture Wooden Shield,1,0,[0|0|0],3000,7103000,0,1.5,0,600,140,100,24,0,0,0,70,40,22,37,-1,-1,-1,-1,-1,-1,0,30080000,30080000,30080000,30080000,30080000,30080000,30080000,30080000,30080000,30080000,30080000,30080000,30080000,30080000,30080000,30080000,1,1,1,1,15,15,5,2109,12008,0,0,1,10,70,0,0,0,54,60,0,38,8000,-1,-1,0,-1,7,0,12,48,2,2,105,0,0,0,0,15,8,0,0,0,99,0,0,30,60,0,2,0,0,0,20,20,20,20,1,1,1,1,0,0,1,0,0,0,0,0,0,1,0,0,0,0,1,0,0,0,0,0,0,0,0,1,0,1,1,1,0,2,0,128,2,2,0,0,401000,300,-1,-1,-1,-1,-1,-1,-1,-1,-1,-1,-1,-1,-1,-1,-1,-1,-1,-1,-1,-1,-1,-1,139,139,48,0.015,0,0,0,1,1,0,0,0,0,0,0,1,1,45,0,0,6,20,1,20,20,6,0,20,0,302,0,0,0,0,65,15,15,15,15,15,15,15,15,15,15,0,-1,-1,-1,-1,-1,-1,-1,-1,1,1,1,1,1,1,1,1,1,-1,-1,-1,-1,-1,10000,0,1,1,0,0,0,0,1,0,0,0,1,1400,310,6,6,1,2,45,-1,-1,-1,30080000,30080000,30080000,30080000,30080000,30080000,30080000,30080000,30080000,30080000,1,1,0,0,0,0,1,1,0,[0|0|0|0|0|0|0]
30080100,Heavy Scripture Wooden Shield,1,0,[0|0|0],3000,7103001,0,1.5,0,600,140,100,22,0,0,0,70,40,22,37,-1,-1,-1,-1,-1,-1,0,30080000,30080000,30080000,30080000,30080000,30080000,30080000,30080000,30080000,30080000,30080000,30080000,30080000,30080000,30080000,30080000,1,1,1,1,15,15,5,2109,12008,0,0,1,10,68,0,0,0,54,60,0,38,100,-1,-1,0,-1,7,0,12,48,2,2,105,1,0,0,0,15,8,0,0,0,99,0,0,30,60,0,2,0,0,0,20,20,20,20,1,1,1,1,0,0,1,0,0,0,0,0,0,1,0,0,0,0,1,0,0,0,0,0,0,0,0,1,0,1,1,1,0,2,0,128,2,2,0,0,401000,300,-1,-1,-1,-1,-1,-1,-1,-1,-1,-1,-1,-1,-1,-1,-1,-1,-1,-1,-1,-1,-1,-1,139,139,48,0.015,0,0,0,1,1,0,0,0,0,0,0,1,1,45,0,0,6,20,1,20,20,6,0,20,0,302,0,0,0,0,65,15,15,15,15,15,15,15,15,15,15,0,-1,-1,-1,-1,-1,-1,-1,-1,1,1,1,1,1,1,1,1,1,-1,-1,-1,-1,-1,10000,0,1,1,0,0,0,0,1,0,0,0,1,1400,310,6,6,1,2,45,-1,-1,-1,30080000,30080000,30080000,30080000,30080000,30080000,30080000,30080000,30080000,30080000,1,1,0,0,0,0,1,1,0,[0|0|0|0|0|0|0]
30080200,Keen Scripture Wooden Shield,1,0,[0|0|0],3000,7103002,0,1.5,0,600,140,100,4,21,0,0,70,40,22,37,-1,-1,-1,-1,-1,-1,0,30080000,30080000,30080000,30080000,30080000,30080000,30080000,30080000,30080000,30080000,30080000,30080000,30080000,30080000,30080000,30080000,1,1,1,1,15,15,5,2109,12008,0,0,1,10,68,0,0,0,54,60,0,38,200,-1,-1,0,-1,7,0,12,48,2,2,105,2,0,0,0,15,8,0,0,0,99,0,0,30,60,0,2,0,0,0,20,20,20,20,1,1,1,1,0,0,1,0,0,0,0,0,0,1,0,0,0,0,1,0,0,0,0,0,0,0,0,1,0,1,1,1,0,2,0,128,2,2,0,0,401000,300,-1,-1,-1,-1,-1,-1,-1,-1,-1,-1,-1,-1,-1,-1,-1,-1,-1,-1,-1,-1,-1,-1,139,139,48,0.015,0,0,0,1,1,0,0,0,0,0,0,1,1,45,0,0,6,20,1,20,20,6,0,20,0,302,0,0,0,0,65,15,15,15,15,15,15,15,15,15,15,0,-1,-1,-1,-1,-1,-1,-1,-1,1,1,1,1,1,1,1,1,1,-1,-1,-1,-1,-1,10000,0,1,1,0,0,0,0,1,0,0,0,1,1400,310,6,6,1,2,45,-1,-1,-1,30080000,30080000,30080000,30080000,30080000,30080000,30080000,30080000,30080000,30080000,1,1,0,0,0,0,1,1,0,[0|0|0|0|0|0|0]
30080300,Quality Scripture Wooden Shield,1,0,[0|0|0],3000,7103003,0,1.5,0,600,140,100,26,26,0,0,70,40,22,37,-1,-1,-1,-1,-1,-1,0,30080000,30080000,30080000,30080000,30080000,30080000,30080000,30080000,30080000,30080000,30080000,30080000,30080000,30080000,30080000,30080000,1,1,1,1,15,15,5,2109,12008,0,0,1,10,68,0,0,0,54,60,0,38,300,-1,-1,0,-1,7,0,12,48,2,2,105,8,0,0,0,15,8,0,0,0,99,0,0,30,60,0,2,0,0,0,20,20,20,20,1,1,1,1,0,0,1,0,0,0,0,0,0,1,0,0,0,0,1,0,0,0,0,0,0,0,0,1,0,1,1,1,0,2,0,128,2,2,0,0,401000,300,-1,-1,-1,-1,-1,-1,-1,-1,-1,-1,-1,-1,-1,-1,-1,-1,-1,-1,-1,-1,-1,-1,139,139,48,0.015,0,0,0,1,1,0,0,0,0,0,0,1,1,45,0,0,6,20,1,20,20,6,0,20,0,302,0,0,0,0,65,15,15,15,15,15,15,15,15,15,15,0,-1,-1,-1,-1,-1,-1,-1,-1,1,1,1,1,1,1,1,1,1,-1,-1,-1,-1,-1,10000,0,1,1,0,0,0,0,1,0,0,0,1,1400,310,6,6,1,2,45,-1,-1,-1,30080000,30080000,30080000,30080000,30080000,30080000,30080000,30080000,30080000,30080000,1,1,0,0,0,0,1,1,0,[0|0|0|0|0|0|0]
30080400,Fire Scripture Wooden Shield,1,0,[0|0|0],3000,7103005,0,1.5,0,600,140,100,19,12,0,0,70,40,22,37,-1,-1,-1,-1,-1,-1,0,30080000,30080000,30080000,30080000,30080000,30080000,30080000,30080000,30080000,30080000,30080000,30080000,30080000,30080000,30080000,30080000,1,1,1,1,15,15,5,2109,12008,0,0,1,10,68,0,68,0,54,60,0,38,400,-1,-1,0,-1,7,0,12,48,2,2,105,0,11,0,0,15,8,0,0,0,99,0,0,30,60,0,2,0,0,0,20,20,20,20,1,1,1,1,0,0,1,0,0,0,0,0,0,1,0,0,0,0,1,0,0,0,0,0,0,0,0,1,0,1,1,1,0,2,0,128,2,2,0,0,401000,300,-1,-1,-1,-1,-1,-1,-1,-1,-1,-1,-1,-1,-1,-1,-1,-1,-1,-1,-1,-1,-1,-1,139,139,48,0.015,0,0,0,1,1,0,0,0,0,4,0,1,1,45,0,0,6,20,1,20,20,6,0,20,0,302,0,0,0,0,65,15,15,15,15,15,15,15,15,15,15,0,-1,-1,-1,-1,-1,-1,-1,-1,1,1,1,1,1,1,1,1,1,-1,-1,-1,-1,-1,10005,0,1,1,0,0,0,0,1,0,0,0,1,1400,310,6,6,1,2,45,-1,-1,-1,30080000,30080000,30080000,30080000,30080000,30080000,30080000,30080000,30080000,30080000,1,1,0,0,0,0,1,1,0,[0|0|0|0|0|0|0]
30080500,Flame Art Scripture Wooden Shield,1,0,[0|0|0],3000,7103006,0,1.5,0,600,140,100,9,0,0,16,70,40,22,37,-1,-1,-1,-1,-1,-1,0,30080000,30080000,30080000,30080000,30080000,30080000,30080000,30080000,30080000,30080000,30080000,30080000,30080000,30080000,30080000,30080000,1,1,1,1,15,15,5,2109,12008,0,0,1,10,68,0,68,0,54,60,0,38,500,-1,-1,0,-1,7,0,12,48,2,2,105,0,11,0,0,15,8,0,0,0,99,0,0,30,60,0,2,0,0,0,20,20,20,20,1,1,1,1,0,0,1,0,0,0,0,0,0,1,0,0,0,0,1,0,0,0,0,0,0,0,0,1,0,1,1,1,0,2,0,128,2,2,0,0,401000,300,-1,-1,-1,-1,-1,-1,-1,-1,-1,-1,-1,-1,-1,-1,-1,-1,-1,-1,-1,-1,-1,-1,139,139,48,0.015,0,0,0,1,1,0,0,0,0,4,0,1,1,45,0,0,6,20,1,20,20,6,0,20,0,302,0,0,0,0,65,15,15,15,15,15,15,15,15,15,15,0,-1,-1,-1,-1,-1,-1,-1,-1,1,1,1,1,1,1,1,1,1,-1,-1,-1,-1,-1,10000,0,1,1,0,0,0,0,1,0,0,0,1,1400,310,6,6,1,2,45,-1,-1,-1,30080000,30080000,30080000,30080000,30080000,30080000,30080000,30080000,30080000,30080000,1,1,0,0,0,0,1,1,0,[0|0|0|0|0|0|0]
30080600,Lightning Scripture Wooden Shield,1,0,[0|0|0],3000,7103007,0,1.5,0,600,140,100,4,20,0,0,70,40,22,37,-1,-1,-1,-1,-1,-1,0,30080000,30080000,30080000,30080000,30080000,30080000,30080000,30080000,30080000,30080000,30080000,30080000,30080000,30080000,30080000,30080000,1,1,1,1,15,15,5,2109,12008,0,0,1,10,68,0,0,68,54,60,0,38,600,-1,-1,0,-1,7,0,12,48,2,2,105,0,12,0,0,15,8,0,0,0,99,0,0,30,60,0,2,0,0,0,20,20,20,20,1,1,1,1,0,0,1,0,0,0,0,0,0,1,0,0,0,0,1,0,0,0,0,0,0,0,0,1,0,1,1,1,0,2,0,128,2,2,0,0,401000,300,-1,-1,-1,-1,-1,-1,-1,-1,-1,-1,-1,-1,-1,-1,-1,-1,-1,-1,-1,-1,-1,-1,139,139,48,0.015,0,0,0,1,1,0,0,0,0,0,4,1,1,45,0,0,6,20,1,20,20,6,0,20,0,302,0,0,0,0,65,15,15,15,15,15,15,15,15,15,15,0,-1,-1,-1,-1,-1,-1,-1,-1,1,1,1,1,1,1,1,1,1,-1,-1,-1,-1,-1,10000,0,1,1,0,0,0,0,1,0,0,0,1,1400,310,6,6,1,2,45,-1,-1,-1,30080000,30080000,30080000,30080000,30080000,30080000,30080000,30080000,30080000,30080000,1,1,0,0,0,0,1,1,0,[0|0|0|0|0|0|0]
30080700,Sacred Scripture Wooden Shield,1,0,[0|0|0],3000,7103008,0,1.5,0,600,140,100,12,0,0,14,70,40,22,37,-1,-1,-1,-1,-1,-1,0,30080000,30080000,30080000,30080000,30080000,30080000,30080000,30080000,30080000,30080000,30080000,30080000,30080000,30080000,30080000,30080000,1,1,1,1,15,15,5,2109,12008,0,0,1,10,68,0,0,0,54,60,0,38,700,-1,-1,0,-1,7,0,12,48,2,2,105,0,13,0,0,15,8,0,0,0,99,0,0,30,60,0,2,0,0,0,20,20,20,20,1,1,1,1,0,0,1,0,0,0,0,0,0,1,0,0,0,0,1,0,0,0,0,0,0,0,0,1,0,1,1,1,0,2,0,128,2,2,0,0,401000,300,-1,-1,-1,-1,-1,-1,-1,-1,-1,-1,-1,-1,-1,-1,-1,-1,-1,-1,-1,-1,-1,-1,139,139,48,0.015,0,0,0,1,1,0,0,0,0,0,0,1,1,45,68,4,6,20,1,20,20,6,0,20,0,302,0,0,0,0,65,15,15,15,15,15,15,15,15,15,15,0,-1,-1,-1,-1,-1,-1,-1,-1,1,1,1,1,1,1,1,1,1,-1,-1,-1,-1,-1,10000,0,1,1,0,0,0,0,1,0,0,0,1,1400,310,6,6,1,2,45,-1,-1,-1,30080000,30080000,30080000,30080000,30080000,30080000,30080000,30080000,30080000,30080000,1,1,0,0,0,0,1,1,0,[0|0|0|0|0|0|0]
30080800,Magic Scripture Wooden Shield,1,0,[0|0|0],3000,7103004,0,1.5,0,600,140,100,9,0,16,0,70,40,22,37,-1,-1,-1,-1,-1,-1,0,30080000,30080000,30080000,30080000,30080000,30080000,30080000,30080000,30080000,30080000,30080000,30080000,30080000,30080000,30080000,30080000,1,1,1,1,15,15,5,2109,12008,0,0,1,10,68,68,0,0,54,60,0,38,800,-1,-1,0,-1,7,0,12,48,2,2,105,0,10,0,0,15,8,0,0,0,99,0,0,30,60,0,2,0,0,0,20,20,20,20,1,1,1,1,0,0,1,0,0,0,0,0,0,1,0,0,0,0,1,0,0,0,0,0,0,0,0,1,0,1,1,1,0,2,0,128,2,2,0,0,401000,300,-1,-1,-1,-1,-1,-1,-1,-1,-1,-1,-1,-1,-1,-1,-1,-1,-1,-1,-1,-1,-1,-1,139,139,48,0.015,0,0,0,1,1,0,0,0,4,0,0,1,1,45,0,0,6,20,1,20,20,6,0,20,0,302,0,0,0,0,65,15,15,15,15,15,15,15,15,15,15,0,-1,-1,-1,-1,-1,-1,-1,-1,1,1,1,1,1,1,1,1,1,-1,-1,-1,-1,-1,10000,0,1,1,0,0,0,0,1,0,0,0,1,1400,310,6,6,1,2,45,-1,-1,-1,30080000,30080000,30080000,30080000,30080000,30080000,30080000,30080000,30080000,30080000,1,1,0,0,0,0,1,1,0,[0|0|0|0|0|0|0]
30080900,Cold Scripture Wooden Shield,1,0,[0|0|0],3000,7103011,0,1.5,0,600,140,100,22,0,15,0,70,40,22,37,-1,107500,-1,-1,-1,-1,0,30080000,30080000,30080000,30080000,30080000,30080000,30080000,30080000,30080000,30080000,30080000,30080000,30080000,30080000,30080000,30080000,1,1,1,1,15,15,5,2109,12008,0,0,1,10,68,58,0,0,54,60,0,38,900,-1,-1,0,-1,7,0,12,48,2,2,105,0,10,0,0,15,8,0,0,0,99,0,0,30,60,0,2,0,0,0,20,20,20,20,1,1,1,1,0,0,1,0,0,0,0,0,0,1,0,0,0,0,1,0,0,0,0,0,0,0,0,1,0,1,1,1,0,2,0,128,2,2,0,0,401000,300,-1,-1,-1,-1,-1,-1,-1,-1,-1,-1,-1,-1,-1,-1,-1,-1,-1,-1,-1,-1,-1,-1,139,139,48,0.015,0,0,0,1,1,0,0,0,4,0,0,1,1,45,0,0,6,20,1,20,20,6,0,20,0,302,0,0,0,0,65,15,15,15,15,15,15,15,15,15,15,0,-1,-1,-1,-1,-1,-1,-1,-1,1,1,1,1,1,1,1,1,1,-1,-1,-1,-1,-1,10000,0,1,1,0,0,0,0,1,0,0,0,1,1400,310,6,6,1,2,45,6601,-1,-1,30080000,30080000,30080000,30080000,30080000,30080000,30080000,30080000,30080000,30080000,1,1,0,0,0,0,1,1,0,[0|0|0|0|0|0|0]
30081000,Poison Scripture Wooden Shield,1,0,[0|0|0],3000,7103009,0,1.5,0,600,140,100,21,0,0,0,70,40,22,37,-1,106000,-1,-1,-1,-1,0,30080000,30080000,30080000,30080000,30080000,30080000,30080000,30080000,30080000,30080000,30080000,30080000,30080000,30080000,30080000,30080000,1,1,1,1,15,15,5,2109,12008,0,0,1,10,68,0,0,0,54,60,0,38,1000,-1,-1,0,-1,7,0,12,48,2,2,105,0,0,0,0,15,8,0,0,0,99,0,0,30,60,0,2,0,0,0,20,20,20,20,1,1,1,1,0,0,1,0,0,0,0,0,0,1,0,0,0,0,1,0,0,0,0,0,0,0,0,1,0,1,1,1,0,2,0,128,2,2,0,0,401000,300,-1,-1,-1,-1,-1,-1,-1,-1,-1,-1,-1,-1,-1,-1,-1,-1,-1,-1,-1,-1,-1,-1,139,139,48,0.015,0,0,0,1,1,0,0,0,0,0,0,1,1,45,0,0,6,20,1,20,20,6,0,20,0,302,30,0,0,0,65,15,15,15,15,15,15,15,15,15,15,0,-1,-1,-1,-1,-1,-1,-1,-1,1,1,1,1,1,1,1,1,1,-1,-1,-1,-1,-1,10013,0,1,1,0,0,0,0,1,0,0,0,1,1400,310,6,6,1,2,45,6401,-1,-1,30080000,30080000,30080000,30080000,30080000,30080000,30080000,30080000,30080000,30080000,1,1,0,0,0,0,1,1,0,[0|0|0|0|0|0|0]
30081100,Blood Scripture Wooden Shield,1,0,[0|0|0],3000,7103010,0,1.5,0,600,140,100,21,0,0,0,70,40,22,37,105000,-1,-1,-1,-1,-1,0,30080000,30080000,30080000,30080000,30080000,30080000,30080000,30080000,30080000,30080000,30080000,30080000,30080000,30080000,30080000,30080000,1,1,1,1,15,15,5,2109,12008,0,0,1,10,68,0,0,0,54,60,0,38,1100,-1,-1,0,-1,7,0,12,48,2,2,105,0,0,0,0,15,8,0,0,0,99,0,0,30,60,0,2,0,0,0,20,20,20,20,1,1,1,1,0,0,1,0,0,0,0,0,0,1,0,0,0,0,1,0,0,0,0,0,0,0,0,1,0,1,1,1,0,2,0,128,2,2,0,0,401000,300,-1,-1,-1,-1,-1,-1,-1,-1,-1,-1,-1,-1,-1,-1,-1,-1,-1,-1,-1,-1,-1,-1,139,139,48,0.015,0,0,0,1,1,0,0,0,0,0,0,1,1,45,0,0,6,20,1,20,20,6,0,20,0,302,30,0,0,0,65,15,15,15,15,15,15,15,15,15,15,0,-1,-1,-1,-1,-1,-1,-1,-1,1,1,1,1,1,1,1,1,1,-1,-1,-1,-1,-1,10013,0,1,1,0,0,0,0,1,0,0,0,1,1400,310,6,6,1,2,45,6501,-1,-1,30080000,30080000,30080000,30080000,30080000,30080000,30080000,30080000,30080000,30080000,1,1,0,0,0,0,1,1,0,[0|0|0|0|0|0|0]
30081200,Occult Scripture Wooden Shield,1,0,[0|0|0],3000,7103012,0,1.5,0,600,140,100,22,0,0,0,70,40,22,37,-1,-1,-1,-1,-1,-1,0,30080000,30080000,30080000,30080000,30080000,30080000,30080000,30080000,30080000,30080000,30080000,30080000,30080000,30080000,30080000,30080000,1,1,1,1,15,15,5,2109,12008,0,0,1,10,68,0,0,0,54,60,0,38,1200,-1,-1,0,-1,7,0,12,48,2,2,105,7,0,0,0,15,8,0,0,0,99,0,0,30,60,0,2,0,0,0,20,20,20,20,1,1,1,1,0,0,1,0,0,0,0,0,0,1,0,0,0,0,1,0,0,0,0,0,0,0,0,1,0,1,1,1,0,2,0,128,2,2,0,0,401000,300,-1,-1,-1,-1,-1,-1,-1,-1,-1,-1,-1,-1,-1,-1,-1,-1,-1,-1,-1,-1,-1,-1,139,139,48,0.015,0,0,0,1,1,0,0,0,0,0,0,1,1,45,0,0,6,20,1,20,20,6,0,20,0,302,22,0,0,0,65,15,15,15,15,15,15,15,15,15,15,0,-1,-1,-1,-1,-1,-1,-1,-1,1,1,1,1,1,1,1,1,1,-1,-1,-1,-1,-1,10013,0,1,1,0,0,0,0,1,0,0,0,1,1400,310,6,6,1,2,45,-1,-1,-1,30080000,30080000,30080000,30080000,30080000,30080000,30080000,30080000,30080000,30080000,1,1,0,0,0,0,1,1,0,[0|0|0|0|0|0|0]
30090000,Riveted Wooden Shield,1,0,[0|0|0],3000,7101000,0,2,0,600,140,100,24,0,0,0,74,43,31,24,-1,-1,-1,-1,-1,-1,0,30090000,30090000,30090000,30090000,30090000,30090000,30090000,30090000,30090000,30090000,30090000,30090000,30090000,30090000,30090000,30090000,1,1,1,1,15,15,5,2110,12009,0,0,1,10,72,0,0,0,56,60,0,39,8000,-1,-1,0,-1,7,0,12,48,2,2,105,0,0,0,0,15,8,0,0,0,99,0,0,30,60,0,2,0,0,0,21,21,21,21,1,1,1,1,0,0,1,0,0,0,0,0,0,1,0,0,0,0,1,0,0,0,0,0,0,0,0,1,0,1,1,1,0,2,0,128,2,2,0,0,401000,300,-1,-1,-1,-1,-1,-1,-1,-1,-1,-1,-1,-1,-1,-1,-1,-1,-1,-1,-1,-1,-1,-1,139,139,48,0.015,0,0,0,1,1,0,0,0,0,0,0,1,1,45,0,0,6,20,1,21,21,6,0,21,0,302,0,0,0,0,65,15,15,15,15,15,15,15,15,15,15,0,-1,-1,-1,-1,-1,-1,-1,-1,1.03,1,1,1,1,1,1,1,1,-1,-1,-1,-1,-1,10000,0,1,1,0,0,0,0,1,0,0,0,1,1400,310,6,6,1,2,45,-1,-1,-1,30090000,30090000,30090000,30090000,30090000,30090000,30090000,30090000,30090000,30090000,1,1,0,0,0,0,1,1,0,[0|0|0|0|0|0|0]
30090100,Heavy Riveted Wooden Shield,1,0,[0|0|0],3000,7101001,0,2,0,600,140,100,22,0,0,0,74,43,31,24,-1,-1,-1,-1,-1,-1,0,30090000,30090000,30090000,30090000,30090000,30090000,30090000,30090000,30090000,30090000,30090000,30090000,30090000,30090000,30090000,30090000,1,1,1,1,15,15,5,2110,12009,0,0,1,10,70,0,0,0,56,60,0,39,100,-1,-1,0,-1,7,0,12,48,2,2,105,1,0,0,0,15,8,0,0,0,99,0,0,30,60,0,2,0,0,0,21,21,21,21,1,1,1,1,0,0,1,0,0,0,0,0,0,1,0,0,0,0,1,0,0,0,0,0,0,0,0,1,0,1,1,1,0,2,0,128,2,2,0,0,401000,300,-1,-1,-1,-1,-1,-1,-1,-1,-1,-1,-1,-1,-1,-1,-1,-1,-1,-1,-1,-1,-1,-1,139,139,48,0.015,0,0,0,1,1,0,0,0,0,0,0,1,1,45,0,0,6,20,1,21,21,6,0,21,0,302,0,0,0,0,65,15,15,15,15,15,15,15,15,15,15,0,-1,-1,-1,-1,-1,-1,-1,-1,1.03,1,1,1,1,1,1,1,1,-1,-1,-1,-1,-1,10000,0,1,1,0,0,0,0,1,0,0,0,1,1400,310,6,6,1,2,45,-1,-1,-1,30090000,30090000,30090000,30090000,30090000,30090000,30090000,30090000,30090000,30090000,1,1,0,0,0,0,1,1,0,[0|0|0|0|0|0|0]
30090200,Keen Riveted Wooden Shield,1,0,[0|0|0],3000,7101002,0,2,0,600,140,100,4,21,0,0,74,43,31,24,-1,-1,-1,-1,-1,-1,0,30090000,30090000,30090000,30090000,30090000,30090000,30090000,30090000,30090000,30090000,30090000,30090000,30090000,30090000,30090000,30090000,1,1,1,1,15,15,5,2110,12009,0,0,1,10,70,0,0,0,56,60,0,39,200,-1,-1,0,-1,7,0,12,48,2,2,105,2,0,0,0,15,8,0,0,0,99,0,0,30,60,0,2,0,0,0,21,21,21,21,1,1,1,1,0,0,1,0,0,0,0,0,0,1,0,0,0,0,1,0,0,0,0,0,0,0,0,1,0,1,1,1,0,2,0,128,2,2,0,0,401000,300,-1,-1,-1,-1,-1,-1,-1,-1,-1,-1,-1,-1,-1,-1,-1,-1,-1,-1,-1,-1,-1,-1,139,139,48,0.015,0,0,0,1,1,0,0,0,0,0,0,1,1,45,0,0,6,20,1,21,21,6,0,21,0,302,0,0,0,0,65,15,15,15,15,15,15,15,15,15,15,0,-1,-1,-1,-1,-1,-1,-1,-1,1.03,1,1,1,1,1,1,1,1,-1,-1,-1,-1,-1,10000,0,1,1,0,0,0,0,1,0,0,0,1,1400,310,6,6,1,2,45,-1,-1,-1,30090000,30090000,30090000,30090000,30090000,30090000,30090000,30090000,30090000,30090000,1,1,0,0,0,0,1,1,0,[0|0|0|0|0|0|0]
30090300,Quality Riveted Wooden Shield,1,0,[0|0|0],3000,7101003,0,2,0,600,140,100,26,26,0,0,74,43,31,24,-1,-1,-1,-1,-1,-1,0,30090000,30090000,30090000,30090000,30090000,30090000,30090000,30090000,30090000,30090000,30090000,30090000,30090000,30090000,30090000,30090000,1,1,1,1,15,15,5,2110,12009,0,0,1,10,70,0,0,0,56,60,0,39,300,-1,-1,0,-1,7,0,12,48,2,2,105,8,0,0,0,15,8,0,0,0,99,0,0,30,60,0,2,0,0,0,21,21,21,21,1,1,1,1,0,0,1,0,0,0,0,0,0,1,0,0,0,0,1,0,0,0,0,0,0,0,0,1,0,1,1,1,0,2,0,128,2,2,0,0,401000,300,-1,-1,-1,-1,-1,-1,-1,-1,-1,-1,-1,-1,-1,-1,-1,-1,-1,-1,-1,-1,-1,-1,139,139,48,0.015,0,0,0,1,1,0,0,0,0,0,0,1,1,45,0,0,6,20,1,21,21,6,0,21,0,302,0,0,0,0,65,15,15,15,15,15,15,15,15,15,15,0,-1,-1,-1,-1,-1,-1,-1,-1,1.03,1,1,1,1,1,1,1,1,-1,-1,-1,-1,-1,10000,0,1,1,0,0,0,0,1,0,0,0,1,1400,310,6,6,1,2,45,-1,-1,-1,30090000,30090000,30090000,30090000,30090000,30090000,30090000,30090000,30090000,30090000,1,1,0,0,0,0,1,1,0,[0|0|0|0|0|0|0]
30090400,Fire Riveted Wooden Shield,1,0,[0|0|0],3000,7101005,0,2,0,600,140,100,19,12,0,0,74,43,31,24,-1,-1,-1,-1,-1,-1,0,30090000,30090000,30090000,30090000,30090000,30090000,30090000,30090000,30090000,30090000,30090000,30090000,30090000,30090000,30090000,30090000,1,1,1,1,15,15,5,2110,12009,0,0,1,10,70,0,70,0,56,60,0,39,400,-1,-1,0,-1,7,0,12,48,2,2,105,0,11,0,0,15,8,0,0,0,99,0,0,30,60,0,2,0,0,0,21,21,21,21,1,1,1,1,0,0,1,0,0,0,0,0,0,1,0,0,0,0,1,0,0,0,0,0,0,0,0,1,0,1,1,1,0,2,0,128,2,2,0,0,401000,300,-1,-1,-1,-1,-1,-1,-1,-1,-1,-1,-1,-1,-1,-1,-1,-1,-1,-1,-1,-1,-1,-1,139,139,48,0.015,0,0,0,1,1,0,0,0,0,4,0,1,1,45,0,0,6,20,1,21,21,6,0,21,0,302,0,0,0,0,65,15,15,15,15,15,15,15,15,15,15,0,-1,-1,-1,-1,-1,-1,-1,-1,1.03,1,1,1,1,1,1,1,1,-1,-1,-1,-1,-1,10005,0,1,1,0,0,0,0,1,0,0,0,1,1400,310,6,6,1,2,45,-1,-1,-1,30090000,30090000,30090000,30090000,30090000,30090000,30090000,30090000,30090000,30090000,1,1,0,0,0,0,1,1,0,[0|0|0|0|0|0|0]
30090500,Flame Art Riveted Wooden Shield,1,0,[0|0|0],3000,7101006,0,2,0,600,140,100,9,0,0,16,74,43,31,24,-1,-1,-1,-1,-1,-1,0,30090000,30090000,30090000,30090000,30090000,30090000,30090000,30090000,30090000,30090000,30090000,30090000,30090000,30090000,30090000,30090000,1,1,1,1,15,15,5,2110,12009,0,0,1,10,70,0,70,0,56,60,0,39,500,-1,-1,0,-1,7,0,12,48,2,2,105,0,11,0,0,15,8,0,0,0,99,0,0,30,60,0,2,0,0,0,21,21,21,21,1,1,1,1,0,0,1,0,0,0,0,0,0,1,0,0,0,0,1,0,0,0,0,0,0,0,0,1,0,1,1,1,0,2,0,128,2,2,0,0,401000,300,-1,-1,-1,-1,-1,-1,-1,-1,-1,-1,-1,-1,-1,-1,-1,-1,-1,-1,-1,-1,-1,-1,139,139,48,0.015,0,0,0,1,1,0,0,0,0,4,0,1,1,45,0,0,6,20,1,21,21,6,0,21,0,302,0,0,0,0,65,15,15,15,15,15,15,15,15,15,15,0,-1,-1,-1,-1,-1,-1,-1,-1,1.03,1,1,1,1,1,1,1,1,-1,-1,-1,-1,-1,10000,0,1,1,0,0,0,0,1,0,0,0,1,1400,310,6,6,1,2,45,-1,-1,-1,30090000,30090000,30090000,30090000,30090000,30090000,30090000,30090000,30090000,30090000,1,1,0,0,0,0,1,1,0,[0|0|0|0|0|0|0]
30090600,Lightning Riveted Wooden Shield,1,0,[0|0|0],3000,7101007,0,2,0,600,140,100,4,20,0,0,74,43,31,24,-1,-1,-1,-1,-1,-1,0,30090000,30090000,30090000,30090000,30090000,30090000,30090000,30090000,30090000,30090000,30090000,30090000,30090000,30090000,30090000,30090000,1,1,1,1,15,15,5,2110,12009,0,0,1,10,70,0,0,70,56,60,0,39,600,-1,-1,0,-1,7,0,12,48,2,2,105,0,12,0,0,15,8,0,0,0,99,0,0,30,60,0,2,0,0,0,21,21,21,21,1,1,1,1,0,0,1,0,0,0,0,0,0,1,0,0,0,0,1,0,0,0,0,0,0,0,0,1,0,1,1,1,0,2,0,128,2,2,0,0,401000,300,-1,-1,-1,-1,-1,-1,-1,-1,-1,-1,-1,-1,-1,-1,-1,-1,-1,-1,-1,-1,-1,-1,139,139,48,0.015,0,0,0,1,1,0,0,0,0,0,4,1,1,45,0,0,6,20,1,21,21,6,0,21,0,302,0,0,0,0,65,15,15,15,15,15,15,15,15,15,15,0,-1,-1,-1,-1,-1,-1,-1,-1,1.03,1,1,1,1,1,1,1,1,-1,-1,-1,-1,-1,10000,0,1,1,0,0,0,0,1,0,0,0,1,1400,310,6,6,1,2,45,-1,-1,-1,30090000,30090000,30090000,30090000,30090000,30090000,30090000,30090000,30090000,30090000,1,1,0,0,0,0,1,1,0,[0|0|0|0|0|0|0]
30090700,Sacred Riveted Wooden Shield,1,0,[0|0|0],3000,7101008,0,2,0,600,140,100,12,0,0,14,74,43,31,24,-1,-1,-1,-1,-1,-1,0,30090000,30090000,30090000,30090000,30090000,30090000,30090000,30090000,30090000,30090000,30090000,30090000,30090000,30090000,30090000,30090000,1,1,1,1,15,15,5,2110,12009,0,0,1,10,70,0,0,0,56,60,0,39,700,-1,-1,0,-1,7,0,12,48,2,2,105,0,13,0,0,15,8,0,0,0,99,0,0,30,60,0,2,0,0,0,21,21,21,21,1,1,1,1,0,0,1,0,0,0,0,0,0,1,0,0,0,0,1,0,0,0,0,0,0,0,0,1,0,1,1,1,0,2,0,128,2,2,0,0,401000,300,-1,-1,-1,-1,-1,-1,-1,-1,-1,-1,-1,-1,-1,-1,-1,-1,-1,-1,-1,-1,-1,-1,139,139,48,0.015,0,0,0,1,1,0,0,0,0,0,0,1,1,45,70,4,6,20,1,21,21,6,0,21,0,302,0,0,0,0,65,15,15,15,15,15,15,15,15,15,15,0,-1,-1,-1,-1,-1,-1,-1,-1,1.03,1,1,1,1,1,1,1,1,-1,-1,-1,-1,-1,10000,0,1,1,0,0,0,0,1,0,0,0,1,1400,310,6,6,1,2,45,-1,-1,-1,30090000,30090000,30090000,30090000,30090000,30090000,30090000,30090000,30090000,30090000,1,1,0,0,0,0,1,1,0,[0|0|0|0|0|0|0]
30090800,Magic Riveted Wooden Shield,1,0,[0|0|0],3000,7101004,0,2,0,600,140,100,9,0,16,0,74,43,31,24,-1,-1,-1,-1,-1,-1,0,30090000,30090000,30090000,30090000,30090000,30090000,30090000,30090000,30090000,30090000,30090000,30090000,30090000,30090000,30090000,30090000,1,1,1,1,15,15,5,2110,12009,0,0,1,10,70,70,0,0,56,60,0,39,800,-1,-1,0,-1,7,0,12,48,2,2,105,0,10,0,0,15,8,0,0,0,99,0,0,30,60,0,2,0,0,0,21,21,21,21,1,1,1,1,0,0,1,0,0,0,0,0,0,1,0,0,0,0,1,0,0,0,0,0,0,0,0,1,0,1,1,1,0,2,0,128,2,2,0,0,401000,300,-1,-1,-1,-1,-1,-1,-1,-1,-1,-1,-1,-1,-1,-1,-1,-1,-1,-1,-1,-1,-1,-1,139,139,48,0.015,0,0,0,1,1,0,0,0,4,0,0,1,1,45,0,0,6,20,1,21,21,6,0,21,0,302,0,0,0,0,65,15,15,15,15,15,15,15,15,15,15,0,-1,-1,-1,-1,-1,-1,-1,-1,1.03,1,1,1,1,1,1,1,1,-1,-1,-1,-1,-1,10000,0,1,1,0,0,0,0,1,0,0,0,1,1400,310,6,6,1,2,45,-1,-1,-1,30090000,30090000,30090000,30090000,30090000,30090000,30090000,30090000,30090000,30090000,1,1,0,0,0,0,1,1,0,[0|0|0|0|0|0|0]
30090900,Cold Riveted Wooden Shield,1,0,[0|0|0],3000,7101011,0,2,0,600,140,100,22,0,15,0,74,43,31,24,-1,107500,-1,-1,-1,-1,0,30090000,30090000,30090000,30090000,30090000,30090000,30090000,30090000,30090000,30090000,30090000,30090000,30090000,30090000,30090000,30090000,1,1,1,1,15,15,5,2110,12009,0,0,1,10,70,60,0,0,56,60,0,39,900,-1,-1,0,-1,7,0,12,48,2,2,105,0,10,0,0,15,8,0,0,0,99,0,0,30,60,0,2,0,0,0,21,21,21,21,1,1,1,1,0,0,1,0,0,0,0,0,0,1,0,0,0,0,1,0,0,0,0,0,0,0,0,1,0,1,1,1,0,2,0,128,2,2,0,0,401000,300,-1,-1,-1,-1,-1,-1,-1,-1,-1,-1,-1,-1,-1,-1,-1,-1,-1,-1,-1,-1,-1,-1,139,139,48,0.015,0,0,0,1,1,0,0,0,4,0,0,1,1,45,0,0,6,20,1,21,21,6,0,21,0,302,0,0,0,0,65,15,15,15,15,15,15,15,15,15,15,0,-1,-1,-1,-1,-1,-1,-1,-1,1.03,1,1,1,1,1,1,1,1,-1,-1,-1,-1,-1,10000,0,1,1,0,0,0,0,1,0,0,0,1,1400,310,6,6,1,2,45,6601,-1,-1,30090000,30090000,30090000,30090000,30090000,30090000,30090000,30090000,30090000,30090000,1,1,0,0,0,0,1,1,0,[0|0|0|0|0|0|0]
30091000,Poison Riveted Wooden Shield,1,0,[0|0|0],3000,7101009,0,2,0,600,140,100,21,0,0,0,74,43,31,24,-1,106000,-1,-1,-1,-1,0,30090000,30090000,30090000,30090000,30090000,30090000,30090000,30090000,30090000,30090000,30090000,30090000,30090000,30090000,30090000,30090000,1,1,1,1,15,15,5,2110,12009,0,0,1,10,70,0,0,0,56,60,0,39,1000,-1,-1,0,-1,7,0,12,48,2,2,105,0,0,0,0,15,8,0,0,0,99,0,0,30,60,0,2,0,0,0,21,21,21,21,1,1,1,1,0,0,1,0,0,0,0,0,0,1,0,0,0,0,1,0,0,0,0,0,0,0,0,1,0,1,1,1,0,2,0,128,2,2,0,0,401000,300,-1,-1,-1,-1,-1,-1,-1,-1,-1,-1,-1,-1,-1,-1,-1,-1,-1,-1,-1,-1,-1,-1,139,139,48,0.015,0,0,0,1,1,0,0,0,0,0,0,1,1,45,0,0,6,20,1,21,21,6,0,21,0,302,30,0,0,0,65,15,15,15,15,15,15,15,15,15,15,0,-1,-1,-1,-1,-1,-1,-1,-1,1.03,1,1,1,1,1,1,1,1,-1,-1,-1,-1,-1,10013,0,1,1,0,0,0,0,1,0,0,0,1,1400,310,6,6,1,2,45,6401,-1,-1,30090000,30090000,30090000,30090000,30090000,30090000,30090000,30090000,30090000,30090000,1,1,0,0,0,0,1,1,0,[0|0|0|0|0|0|0]
30091100,Blood Riveted Wooden Shield,1,0,[0|0|0],3000,7101010,0,2,0,600,140,100,21,0,0,0,74,43,31,24,105000,-1,-1,-1,-1,-1,0,30090000,30090000,30090000,30090000,30090000,30090000,30090000,30090000,30090000,30090000,30090000,30090000,30090000,30090000,30090000,30090000,1,1,1,1,15,15,5,2110,12009,0,0,1,10,70,0,0,0,56,60,0,39,1100,-1,-1,0,-1,7,0,12,48,2,2,105,0,0,0,0,15,8,0,0,0,99,0,0,30,60,0,2,0,0,0,21,21,21,21,1,1,1,1,0,0,1,0,0,0,0,0,0,1,0,0,0,0,1,0,0,0,0,0,0,0,0,1,0,1,1,1,0,2,0,128,2,2,0,0,401000,300,-1,-1,-1,-1,-1,-1,-1,-1,-1,-1,-1,-1,-1,-1,-1,-1,-1,-1,-1,-1,-1,-1,139,139,48,0.015,0,0,0,1,1,0,0,0,0,0,0,1,1,45,0,0,6,20,1,21,21,6,0,21,0,302,30,0,0,0,65,15,15,15,15,15,15,15,15,15,15,0,-1,-1,-1,-1,-1,-1,-1,-1,1.03,1,1,1,1,1,1,1,1,-1,-1,-1,-1,-1,10013,0,1,1,0,0,0,0,1,0,0,0,1,1400,310,6,6,1,2,45,6501,-1,-1,30090000,30090000,30090000,30090000,30090000,30090000,30090000,30090000,30090000,30090000,1,1,0,0,0,0,1,1,0,[0|0|0|0|0|0|0]
30091200,Occult Riveted Wooden Shield,1,0,[0|0|0],3000,7101012,0,2,0,600,140,100,22,0,0,0,74,43,31,24,-1,-1,-1,-1,-1,-1,0,30090000,30090000,30090000,30090000,30090000,30090000,30090000,30090000,30090000,30090000,30090000,30090000,30090000,30090000,30090000,30090000,1,1,1,1,15,15,5,2110,12009,0,0,1,10,70,0,0,0,56,60,0,39,1200,-1,-1,0,-1,7,0,12,48,2,2,105,7,0,0,0,15,8,0,0,0,99,0,0,30,60,0,2,0,0,0,21,21,21,21,1,1,1,1,0,0,1,0,0,0,0,0,0,1,0,0,0,0,1,0,0,0,0,0,0,0,0,1,0,1,1,1,0,2,0,128,2,2,0,0,401000,300,-1,-1,-1,-1,-1,-1,-1,-1,-1,-1,-1,-1,-1,-1,-1,-1,-1,-1,-1,-1,-1,-1,139,139,48,0.015,0,0,0,1,1,0,0,0,0,0,0,1,1,45,0,0,6,20,1,21,21,6,0,21,0,302,22,0,0,0,65,15,15,15,15,15,15,15,15,15,15,0,-1,-1,-1,-1,-1,-1,-1,-1,1.03,1,1,1,1,1,1,1,1,-1,-1,-1,-1,-1,10013,0,1,1,0,0,0,0,1,0,0,0,1,1400,310,6,6,1,2,45,-1,-1,-1,30090000,30090000,30090000,30090000,30090000,30090000,30090000,30090000,30090000,30090000,1,1,0,0,0,0,1,1,0,[0|0|0|0|0|0|0]
30100000,Blue-White Wooden Shield,1,0,[0|0|0],3000,7102000,0,2,0,600,140,100,24,0,0,0,73,45,35,22,-1,-1,-1,-1,-1,-1,0,30100000,30100000,30100000,30100000,30100000,30100000,30100000,30100000,30100000,30100000,30100000,30100000,30100000,30100000,30100000,30100000,1,1,1,1,15,15,5,2111,12010,0,0,1,10,72,0,0,0,56,60,0,39,8000,-1,-1,0,-1,7,0,12,48,2,2,105,0,0,0,0,15,8,0,0,0,99,0,0,30,60,0,2,0,0,0,21,21,21,21,1,1,1,1,0,0,1,0,0,0,0,0,0,1,0,0,0,0,1,0,0,0,0,0,0,0,0,1,0,1,1,1,0,2,0,128,2,2,0,0,401000,300,-1,-1,-1,-1,-1,-1,-1,-1,-1,-1,-1,-1,-1,-1,-1,-1,-1,-1,-1,-1,-1,-1,139,139,48,0.015,0,0,0,1,1,0,0,0,0,0,0,1,1,42,0,0,6,20,1,21,21,6,0,21,0,10,0,0,0,0,65,15,15,15,15,15,15,15,15,15,15,0,-1,-1,-1,-1,-1,-1,-1,-1,1.03,1,1,1,1,1,1,1,1,-1,-1,-1,-1,-1,10000,0,1,1,0,0,0,0,1,0,0,0,1,1400,310,6,6,1,2,45,-1,-1,-1,30100000,30100000,30100000,30100000,30100000,30100000,30100000,30100000,30100000,30100000,1,1,0,0,0,0,1,1,0,[0|0|0|0|0|0|0]
30100100,Heavy Blue-White Wooden Shield,1,0,[0|0|0],3000,7102001,0,2,0,600,140,100,22,0,0,0,73,45,35,22,-1,-1,-1,-1,-1,-1,0,30100000,30100000,30100000,30100000,30100000,30100000,30100000,30100000,30100000,30100000,30100000,30100000,30100000,30100000,30100000,30100000,1,1,1,1,15,15,5,2111,12010,0,0,1,10,70,0,0,0,56,60,0,39,100,-1,-1,0,-1,7,0,12,48,2,2,105,1,0,0,0,15,8,0,0,0,99,0,0,30,60,0,2,0,0,0,21,21,21,21,1,1,1,1,0,0,1,0,0,0,0,0,0,1,0,0,0,0,1,0,0,0,0,0,0,0,0,1,0,1,1,1,0,2,0,128,2,2,0,0,401000,300,-1,-1,-1,-1,-1,-1,-1,-1,-1,-1,-1,-1,-1,-1,-1,-1,-1,-1,-1,-1,-1,-1,139,139,48,0.015,0,0,0,1,1,0,0,0,0,0,0,1,1,42,0,0,6,20,1,21,21,6,0,21,0,10,0,0,0,0,65,15,15,15,15,15,15,15,15,15,15,0,-1,-1,-1,-1,-1,-1,-1,-1,1.03,1,1,1,1,1,1,1,1,-1,-1,-1,-1,-1,10000,0,1,1,0,0,0,0,1,0,0,0,1,1400,310,6,6,1,2,45,-1,-1,-1,30100000,30100000,30100000,30100000,30100000,30100000,30100000,30100000,30100000,30100000,1,1,0,0,0,0,1,1,0,[0|0|0|0|0|0|0]
30100200,Keen Blue-White Wooden Shield,1,0,[0|0|0],3000,7102002,0,2,0,600,140,100,4,21,0,0,73,45,35,22,-1,-1,-1,-1,-1,-1,0,30100000,30100000,30100000,30100000,30100000,30100000,30100000,30100000,30100000,30100000,30100000,30100000,30100000,30100000,30100000,30100000,1,1,1,1,15,15,5,2111,12010,0,0,1,10,70,0,0,0,56,60,0,39,200,-1,-1,0,-1,7,0,12,48,2,2,105,2,0,0,0,15,8,0,0,0,99,0,0,30,60,0,2,0,0,0,21,21,21,21,1,1,1,1,0,0,1,0,0,0,0,0,0,1,0,0,0,0,1,0,0,0,0,0,0,0,0,1,0,1,1,1,0,2,0,128,2,2,0,0,401000,300,-1,-1,-1,-1,-1,-1,-1,-1,-1,-1,-1,-1,-1,-1,-1,-1,-1,-1,-1,-1,-1,-1,139,139,48,0.015,0,0,0,1,1,0,0,0,0,0,0,1,1,42,0,0,6,20,1,21,21,6,0,21,0,10,0,0,0,0,65,15,15,15,15,15,15,15,15,15,15,0,-1,-1,-1,-1,-1,-1,-1,-1,1.03,1,1,1,1,1,1,1,1,-1,-1,-1,-1,-1,10000,0,1,1,0,0,0,0,1,0,0,0,1,1400,310,6,6,1,2,45,-1,-1,-1,30100000,30100000,30100000,30100000,30100000,30100000,30100000,30100000,30100000,30100000,1,1,0,0,0,0,1,1,0,[0|0|0|0|0|0|0]
30100300,Quality Blue-White Wooden Shield,1,0,[0|0|0],3000,7102003,0,2,0,600,140,100,26,26,0,0,73,45,35,22,-1,-1,-1,-1,-1,-1,0,30100000,30100000,30100000,30100000,30100000,30100000,30100000,30100000,30100000,30100000,30100000,30100000,30100000,30100000,30100000,30100000,1,1,1,1,15,15,5,2111,12010,0,0,1,10,70,0,0,0,56,60,0,39,300,-1,-1,0,-1,7,0,12,48,2,2,105,8,0,0,0,15,8,0,0,0,99,0,0,30,60,0,2,0,0,0,21,21,21,21,1,1,1,1,0,0,1,0,0,0,0,0,0,1,0,0,0,0,1,0,0,0,0,0,0,0,0,1,0,1,1,1,0,2,0,128,2,2,0,0,401000,300,-1,-1,-1,-1,-1,-1,-1,-1,-1,-1,-1,-1,-1,-1,-1,-1,-1,-1,-1,-1,-1,-1,139,139,48,0.015,0,0,0,1,1,0,0,0,0,0,0,1,1,42,0,0,6,20,1,21,21,6,0,21,0,10,0,0,0,0,65,15,15,15,15,15,15,15,15,15,15,0,-1,-1,-1,-1,-1,-1,-1,-1,1.03,1,1,1,1,1,1,1,1,-1,-1,-1,-1,-1,10000,0,1,1,0,0,0,0,1,0,0,0,1,1400,310,6,6,1,2,45,-1,-1,-1,30100000,30100000,30100000,30100000,30100000,30100000,30100000,30100000,30100000,30100000,1,1,0,0,0,0,1,1,0,[0|0|0|0|0|0|0]
30100400,Fire Blue-White Wooden Shield,1,0,[0|0|0],3000,7102005,0,2,0,600,140,100,19,12,0,0,73,45,35,22,-1,-1,-1,-1,-1,-1,0,30100000,30100000,30100000,30100000,30100000,30100000,30100000,30100000,30100000,30100000,30100000,30100000,30100000,30100000,30100000,30100000,1,1,1,1,15,15,5,2111,12010,0,0,1,10,70,0,70,0,56,60,0,39,400,-1,-1,0,-1,7,0,12,48,2,2,105,0,11,0,0,15,8,0,0,0,99,0,0,30,60,0,2,0,0,0,21,21,21,21,1,1,1,1,0,0,1,0,0,0,0,0,0,1,0,0,0,0,1,0,0,0,0,0,0,0,0,1,0,1,1,1,0,2,0,128,2,2,0,0,401000,300,-1,-1,-1,-1,-1,-1,-1,-1,-1,-1,-1,-1,-1,-1,-1,-1,-1,-1,-1,-1,-1,-1,139,139,48,0.015,0,0,0,1,1,0,0,0,0,4,0,1,1,42,0,0,6,20,1,21,21,6,0,21,0,10,0,0,0,0,65,15,15,15,15,15,15,15,15,15,15,0,-1,-1,-1,-1,-1,-1,-1,-1,1.03,1,1,1,1,1,1,1,1,-1,-1,-1,-1,-1,10005,0,1,1,0,0,0,0,1,0,0,0,1,1400,310,6,6,1,2,45,-1,-1,-1,30100000,30100000,30100000,30100000,30100000,30100000,30100000,30100000,30100000,30100000,1,1,0,0,0,0,1,1,0,[0|0|0|0|0|0|0]
30100500,Flame Art Blue-White Wooden Shield,1,0,[0|0|0],3000,7102006,0,2,0,600,140,100,9,0,0,16,73,45,35,22,-1,-1,-1,-1,-1,-1,0,30100000,30100000,30100000,30100000,30100000,30100000,30100000,30100000,30100000,30100000,30100000,30100000,30100000,30100000,30100000,30100000,1,1,1,1,15,15,5,2111,12010,0,0,1,10,70,0,70,0,56,60,0,39,500,-1,-1,0,-1,7,0,12,48,2,2,105,0,11,0,0,15,8,0,0,0,99,0,0,30,60,0,2,0,0,0,21,21,21,21,1,1,1,1,0,0,1,0,0,0,0,0,0,1,0,0,0,0,1,0,0,0,0,0,0,0,0,1,0,1,1,1,0,2,0,128,2,2,0,0,401000,300,-1,-1,-1,-1,-1,-1,-1,-1,-1,-1,-1,-1,-1,-1,-1,-1,-1,-1,-1,-1,-1,-1,139,139,48,0.015,0,0,0,1,1,0,0,0,0,4,0,1,1,42,0,0,6,20,1,21,21,6,0,21,0,10,0,0,0,0,65,15,15,15,15,15,15,15,15,15,15,0,-1,-1,-1,-1,-1,-1,-1,-1,1.03,1,1,1,1,1,1,1,1,-1,-1,-1,-1,-1,10000,0,1,1,0,0,0,0,1,0,0,0,1,1400,310,6,6,1,2,45,-1,-1,-1,30100000,30100000,30100000,30100000,30100000,30100000,30100000,30100000,30100000,30100000,1,1,0,0,0,0,1,1,0,[0|0|0|0|0|0|0]
30100600,Lightning Blue-White Wooden Shield,1,0,[0|0|0],3000,7102007,0,2,0,600,140,100,4,20,0,0,73,45,35,22,-1,-1,-1,-1,-1,-1,0,30100000,30100000,30100000,30100000,30100000,30100000,30100000,30100000,30100000,30100000,30100000,30100000,30100000,30100000,30100000,30100000,1,1,1,1,15,15,5,2111,12010,0,0,1,10,70,0,0,70,56,60,0,39,600,-1,-1,0,-1,7,0,12,48,2,2,105,0,12,0,0,15,8,0,0,0,99,0,0,30,60,0,2,0,0,0,21,21,21,21,1,1,1,1,0,0,1,0,0,0,0,0,0,1,0,0,0,0,1,0,0,0,0,0,0,0,0,1,0,1,1,1,0,2,0,128,2,2,0,0,401000,300,-1,-1,-1,-1,-1,-1,-1,-1,-1,-1,-1,-1,-1,-1,-1,-1,-1,-1,-1,-1,-1,-1,139,139,48,0.015,0,0,0,1,1,0,0,0,0,0,4,1,1,42,0,0,6,20,1,21,21,6,0,21,0,10,0,0,0,0,65,15,15,15,15,15,15,15,15,15,15,0,-1,-1,-1,-1,-1,-1,-1,-1,1.03,1,1,1,1,1,1,1,1,-1,-1,-1,-1,-1,10000,0,1,1,0,0,0,0,1,0,0,0,1,1400,310,6,6,1,2,45,-1,-1,-1,30100000,30100000,30100000,30100000,30100000,30100000,30100000,30100000,30100000,30100000,1,1,0,0,0,0,1,1,0,[0|0|0|0|0|0|0]
30100700,Sacred Blue-White Wooden Shield,1,0,[0|0|0],3000,7102008,0,2,0,600,140,100,12,0,0,14,73,45,35,22,-1,-1,-1,-1,-1,-1,0,30100000,30100000,30100000,30100000,30100000,30100000,30100000,30100000,30100000,30100000,30100000,30100000,30100000,30100000,30100000,30100000,1,1,1,1,15,15,5,2111,12010,0,0,1,10,70,0,0,0,56,60,0,39,700,-1,-1,0,-1,7,0,12,48,2,2,105,0,13,0,0,15,8,0,0,0,99,0,0,30,60,0,2,0,0,0,21,21,21,21,1,1,1,1,0,0,1,0,0,0,0,0,0,1,0,0,0,0,1,0,0,0,0,0,0,0,0,1,0,1,1,1,0,2,0,128,2,2,0,0,401000,300,-1,-1,-1,-1,-1,-1,-1,-1,-1,-1,-1,-1,-1,-1,-1,-1,-1,-1,-1,-1,-1,-1,139,139,48,0.015,0,0,0,1,1,0,0,0,0,0,0,1,1,42,70,4,6,20,1,21,21,6,0,21,0,10,0,0,0,0,65,15,15,15,15,15,15,15,15,15,15,0,-1,-1,-1,-1,-1,-1,-1,-1,1.03,1,1,1,1,1,1,1,1,-1,-1,-1,-1,-1,10000,0,1,1,0,0,0,0,1,0,0,0,1,1400,310,6,6,1,2,45,-1,-1,-1,30100000,30100000,30100000,30100000,30100000,30100000,30100000,30100000,30100000,30100000,1,1,0,0,0,0,1,1,0,[0|0|0|0|0|0|0]
30100800,Magic Blue-White Wooden Shield,1,0,[0|0|0],3000,7102004,0,2,0,600,140,100,9,0,16,0,73,45,35,22,-1,-1,-1,-1,-1,-1,0,30100000,30100000,30100000,30100000,30100000,30100000,30100000,30100000,30100000,30100000,30100000,30100000,30100000,30100000,30100000,30100000,1,1,1,1,15,15,5,2111,12010,0,0,1,10,70,70,0,0,56,60,0,39,800,-1,-1,0,-1,7,0,12,48,2,2,105,0,10,0,0,15,8,0,0,0,99,0,0,30,60,0,2,0,0,0,21,21,21,21,1,1,1,1,0,0,1,0,0,0,0,0,0,1,0,0,0,0,1,0,0,0,0,0,0,0,0,1,0,1,1,1,0,2,0,128,2,2,0,0,401000,300,-1,-1,-1,-1,-1,-1,-1,-1,-1,-1,-1,-1,-1,-1,-1,-1,-1,-1,-1,-1,-1,-1,139,139,48,0.015,0,0,0,1,1,0,0,0,4,0,0,1,1,42,0,0,6,20,1,21,21,6,0,21,0,10,0,0,0,0,65,15,15,15,15,15,15,15,15,15,15,0,-1,-1,-1,-1,-1,-1,-1,-1,1.03,1,1,1,1,1,1,1,1,-1,-1,-1,-1,-1,10000,0,1,1,0,0,0,0,1,0,0,0,1,1400,310,6,6,1,2,45,-1,-1,-1,30100000,30100000,30100000,30100000,30100000,30100000,30100000,30100000,30100000,30100000,1,1,0,0,0,0,1,1,0,[0|0|0|0|0|0|0]
30100900,Cold Blue-White Wooden Shield,1,0,[0|0|0],3000,7102011,0,2,0,600,140,100,22,0,15,0,73,45,35,22,-1,107500,-1,-1,-1,-1,0,30100000,30100000,30100000,30100000,30100000,30100000,30100000,30100000,30100000,30100000,30100000,30100000,30100000,30100000,30100000,30100000,1,1,1,1,15,15,5,2111,12010,0,0,1,10,70,60,0,0,56,60,0,39,900,-1,-1,0,-1,7,0,12,48,2,2,105,0,10,0,0,15,8,0,0,0,99,0,0,30,60,0,2,0,0,0,21,21,21,21,1,1,1,1,0,0,1,0,0,0,0,0,0,1,0,0,0,0,1,0,0,0,0,0,0,0,0,1,0,1,1,1,0,2,0,128,2,2,0,0,401000,300,-1,-1,-1,-1,-1,-1,-1,-1,-1,-1,-1,-1,-1,-1,-1,-1,-1,-1,-1,-1,-1,-1,139,139,48,0.015,0,0,0,1,1,0,0,0,4,0,0,1,1,42,0,0,6,20,1,21,21,6,0,21,0,10,0,0,0,0,65,15,15,15,15,15,15,15,15,15,15,0,-1,-1,-1,-1,-1,-1,-1,-1,1.03,1,1,1,1,1,1,1,1,-1,-1,-1,-1,-1,10000,0,1,1,0,0,0,0,1,0,0,0,1,1400,310,6,6,1,2,45,6601,-1,-1,30100000,30100000,30100000,30100000,30100000,30100000,30100000,30100000,30100000,30100000,1,1,0,0,0,0,1,1,0,[0|0|0|0|0|0|0]
30101000,Poison Blue-White Wooden Shield,1,0,[0|0|0],3000,7102009,0,2,0,600,140,100,21,0,0,0,73,45,35,22,-1,106000,-1,-1,-1,-1,0,30100000,30100000,30100000,30100000,30100000,30100000,30100000,30100000,30100000,30100000,30100000,30100000,30100000,30100000,30100000,30100000,1,1,1,1,15,15,5,2111,12010,0,0,1,10,70,0,0,0,56,60,0,39,1000,-1,-1,0,-1,7,0,12,48,2,2,105,0,0,0,0,15,8,0,0,0,99,0,0,30,60,0,2,0,0,0,21,21,21,21,1,1,1,1,0,0,1,0,0,0,0,0,0,1,0,0,0,0,1,0,0,0,0,0,0,0,0,1,0,1,1,1,0,2,0,128,2,2,0,0,401000,300,-1,-1,-1,-1,-1,-1,-1,-1,-1,-1,-1,-1,-1,-1,-1,-1,-1,-1,-1,-1,-1,-1,139,139,48,0.015,0,0,0,1,1,0,0,0,0,0,0,1,1,42,0,0,6,20,1,21,21,6,0,21,0,10,30,0,0,0,65,15,15,15,15,15,15,15,15,15,15,0,-1,-1,-1,-1,-1,-1,-1,-1,1.03,1,1,1,1,1,1,1,1,-1,-1,-1,-1,-1,10013,0,1,1,0,0,0,0,1,0,0,0,1,1400,310,6,6,1,2,45,6401,-1,-1,30100000,30100000,30100000,30100000,30100000,30100000,30100000,30100000,30100000,30100000,1,1,0,0,0,0,1,1,0,[0|0|0|0|0|0|0]
30101100,Blood Blue-White Wooden Shield,1,0,[0|0|0],3000,7102010,0,2,0,600,140,100,21,0,0,0,73,45,35,22,105000,-1,-1,-1,-1,-1,0,30100000,30100000,30100000,30100000,30100000,30100000,30100000,30100000,30100000,30100000,30100000,30100000,30100000,30100000,30100000,30100000,1,1,1,1,15,15,5,2111,12010,0,0,1,10,70,0,0,0,56,60,0,39,1100,-1,-1,0,-1,7,0,12,48,2,2,105,0,0,0,0,15,8,0,0,0,99,0,0,30,60,0,2,0,0,0,21,21,21,21,1,1,1,1,0,0,1,0,0,0,0,0,0,1,0,0,0,0,1,0,0,0,0,0,0,0,0,1,0,1,1,1,0,2,0,128,2,2,0,0,401000,300,-1,-1,-1,-1,-1,-1,-1,-1,-1,-1,-1,-1,-1,-1,-1,-1,-1,-1,-1,-1,-1,-1,139,139,48,0.015,0,0,0,1,1,0,0,0,0,0,0,1,1,42,0,0,6,20,1,21,21,6,0,21,0,10,30,0,0,0,65,15,15,15,15,15,15,15,15,15,15,0,-1,-1,-1,-1,-1,-1,-1,-1,1.03,1,1,1,1,1,1,1,1,-1,-1,-1,-1,-1,10013,0,1,1,0,0,0,0,1,0,0,0,1,1400,310,6,6,1,2,45,6501,-1,-1,30100000,30100000,30100000,30100000,30100000,30100000,30100000,30100000,30100000,30100000,1,1,0,0,0,0,1,1,0,[0|0|0|0|0|0|0]
30101200,Occult Blue-White Wooden Shield,1,0,[0|0|0],3000,7102012,0,2,0,600,140,100,22,0,0,0,73,45,35,22,-1,-1,-1,-1,-1,-1,0,30100000,30100000,30100000,30100000,30100000,30100000,30100000,30100000,30100000,30100000,30100000,30100000,30100000,30100000,30100000,30100000,1,1,1,1,15,15,5,2111,12010,0,0,1,10,70,0,0,0,56,60,0,39,1200,-1,-1,0,-1,7,0,12,48,2,2,105,7,0,0,0,15,8,0,0,0,99,0,0,30,60,0,2,0,0,0,21,21,21,21,1,1,1,1,0,0,1,0,0,0,0,0,0,1,0,0,0,0,1,0,0,0,0,0,0,0,0,1,0,1,1,1,0,2,0,128,2,2,0,0,401000,300,-1,-1,-1,-1,-1,-1,-1,-1,-1,-1,-1,-1,-1,-1,-1,-1,-1,-1,-1,-1,-1,-1,139,139,48,0.015,0,0,0,1,1,0,0,0,0,0,0,1,1,42,0,0,6,20,1,21,21,6,0,21,0,10,22,0,0,0,65,15,15,15,15,15,15,15,15,15,15,0,-1,-1,-1,-1,-1,-1,-1,-1,1.03,1,1,1,1,1,1,1,1,-1,-1,-1,-1,-1,10013,0,1,1,0,0,0,0,1,0,0,0,1,1400,310,6,6,1,2,45,-1,-1,-1,30100000,30100000,30100000,30100000,30100000,30100000,30100000,30100000,30100000,30100000,1,1,0,0,0,0,1,1,0,[0|0|0|0|0|0|0]
30110000,Rift Shield,1,0,[0|0|0],3000,7111000,0,2,0,600,140,100,24,0,0,0,76,33,37,18,-1,-1,-1,5301100,-1,-1,0,30110000,30110000,30110000,30110000,30110000,30110000,30110000,30110000,30110000,30110000,30110000,30110000,30110000,30110000,30110000,30110000,1,1,1,1,15,15,5,2115,12011,0,0,1,10,70,0,0,0,54,60,0,38,8000,-1,-1,0,-1,7,0,12,48,2,0,160,0,0,0,0,15,8,0,0,0,99,0,0,30,60,0,2,0,0,0,20,20,20,20,1,1,1,1,0,0,1,0,0,0,0,0,0,1,0,0,0,0,1,0,0,0,0,0,0,0,0,1,0,1,1,1,0,2,0,106,2,2,0,0,401000,300,-1,-1,-1,-1,-1,-1,-1,-1,-1,-1,-1,-1,-1,-1,-1,-1,-1,-1,-1,-1,-1,-1,139,139,48,0.015,0,0,0,1,1,0,0,0,0,0,0,1,1,37,0,0,6,20,1,20,20,6,0,20,0,302,0,0,0,0,65,15,15,15,15,15,15,15,15,15,15,0,-1,-1,-1,-1,-1,-1,-1,-1,1,1,1,1,1,1,1,1,1,-1,-1,-1,-1,-1,10000,0,1,1,0,0,0,0,1,0,0,0,6,1400,310,6,6,1,2,45,-1,-1,-1,30110000,30110000,30110000,30110000,30110000,30110000,30110000,30110000,30110000,30110000,1,1,0,0,0,0,1,1,0,[0|0|0|0|0|0|0]
30110100,Heavy Rift Shield,1,0,[0|0|0],3000,7111001,0,2,0,600,140,100,22,0,0,0,76,33,37,18,-1,-1,-1,5301100,-1,-1,0,30110000,30110000,30110000,30110000,30110000,30110000,30110000,30110000,30110000,30110000,30110000,30110000,30110000,30110000,30110000,30110000,1,1,1,1,15,15,5,2115,12011,0,0,1,10,68,0,0,0,54,60,0,38,100,-1,-1,0,-1,7,0,12,48,2,0,160,1,0,0,0,15,8,0,0,0,99,0,0,30,60,0,2,0,0,0,20,20,20,20,1,1,1,1,0,0,1,0,0,0,0,0,0,1,0,0,0,0,1,0,0,0,0,0,0,0,0,1,0,1,1,1,0,2,0,106,2,2,0,0,401000,300,-1,-1,-1,-1,-1,-1,-1,-1,-1,-1,-1,-1,-1,-1,-1,-1,-1,-1,-1,-1,-1,-1,139,139,48,0.015,0,0,0,1,1,0,0,0,0,0,0,1,1,37,0,0,6,20,1,20,20,6,0,20,0,302,0,0,0,0,65,15,15,15,15,15,15,15,15,15,15,0,-1,-1,-1,-1,-1,-1,-1,-1,1,1,1,1,1,1,1,1,1,-1,-1,-1,-1,-1,10000,0,1,1,0,0,0,0,1,0,0,0,6,1400,310,6,6,1,2,45,-1,-1,-1,30110000,30110000,30110000,30110000,30110000,30110000,30110000,30110000,30110000,30110000,1,1,0,0,0,0,1,1,0,[0|0|0|0|0|0|0]
30110200,Keen Rift Shield,1,0,[0|0|0],3000,7111002,0,2,0,600,140,100,4,21,0,0,76,33,37,18,-1,-1,-1,5301100,-1,-1,0,30110000,30110000,30110000,30110000,30110000,30110000,30110000,30110000,30110000,30110000,30110000,30110000,30110000,30110000,30110000,30110000,1,1,1,1,15,15,5,2115,12011,0,0,1,10,68,0,0,0,54,60,0,38,200,-1,-1,0,-1,7,0,12,48,2,0,160,2,0,0,0,15,8,0,0,0,99,0,0,30,60,0,2,0,0,0,20,20,20,20,1,1,1,1,0,0,1,0,0,0,0,0,0,1,0,0,0,0,1,0,0,0,0,0,0,0,0,1,0,1,1,1,0,2,0,106,2,2,0,0,401000,300,-1,-1,-1,-1,-1,-1,-1,-1,-1,-1,-1,-1,-1,-1,-1,-1,-1,-1,-1,-1,-1,-1,139,139,48,0.015,0,0,0,1,1,0,0,0,0,0,0,1,1,37,0,0,6,20,1,20,20,6,0,20,0,302,0,0,0,0,65,15,15,15,15,15,15,15,15,15,15,0,-1,-1,-1,-1,-1,-1,-1,-1,1,1,1,1,1,1,1,1,1,-1,-1,-1,-1,-1,10000,0,1,1,0,0,0,0,1,0,0,0,6,1400,310,6,6,1,2,45,-1,-1,-1,30110000,30110000,30110000,30110000,30110000,30110000,30110000,30110000,30110000,30110000,1,1,0,0,0,0,1,1,0,[0|0|0|0|0|0|0]
30110300,Quality Rift Shield,1,0,[0|0|0],3000,7111003,0,2,0,600,140,100,26,26,0,0,76,33,37,18,-1,-1,-1,5301100,-1,-1,0,30110000,30110000,30110000,30110000,30110000,30110000,30110000,30110000,30110000,30110000,30110000,30110000,30110000,30110000,30110000,30110000,1,1,1,1,15,15,5,2115,12011,0,0,1,10,68,0,0,0,54,60,0,38,300,-1,-1,0,-1,7,0,12,48,2,0,160,8,0,0,0,15,8,0,0,0,99,0,0,30,60,0,2,0,0,0,20,20,20,20,1,1,1,1,0,0,1,0,0,0,0,0,0,1,0,0,0,0,1,0,0,0,0,0,0,0,0,1,0,1,1,1,0,2,0,106,2,2,0,0,401000,300,-1,-1,-1,-1,-1,-1,-1,-1,-1,-1,-1,-1,-1,-1,-1,-1,-1,-1,-1,-1,-1,-1,139,139,48,0.015,0,0,0,1,1,0,0,0,0,0,0,1,1,37,0,0,6,20,1,20,20,6,0,20,0,302,0,0,0,0,65,15,15,15,15,15,15,15,15,15,15,0,-1,-1,-1,-1,-1,-1,-1,-1,1,1,1,1,1,1,1,1,1,-1,-1,-1,-1,-1,10000,0,1,1,0,0,0,0,1,0,0,0,6,1400,310,6,6,1,2,45,-1,-1,-1,30110000,30110000,30110000,30110000,30110000,30110000,30110000,30110000,30110000,30110000,1,1,0,0,0,0,1,1,0,[0|0|0|0|0|0|0]
30110400,Fire Rift Shield,1,0,[0|0|0],3000,7111005,0,2,0,600,140,100,19,12,0,0,76,33,37,18,-1,-1,-1,5301100,-1,-1,0,30110000,30110000,30110000,30110000,30110000,30110000,30110000,30110000,30110000,30110000,30110000,30110000,30110000,30110000,30110000,30110000,1,1,1,1,15,15,5,2115,12011,0,0,1,10,68,0,68,0,54,60,0,38,400,-1,-1,0,-1,7,0,12,48,2,0,160,0,11,0,0,15,8,0,0,0,99,0,0,30,60,0,2,0,0,0,20,20,20,20,1,1,1,1,0,0,1,0,0,0,0,0,0,1,0,0,0,0,1,0,0,0,0,0,0,0,0,1,0,1,1,1,0,2,0,106,2,2,0,0,401000,300,-1,-1,-1,-1,-1,-1,-1,-1,-1,-1,-1,-1,-1,-1,-1,-1,-1,-1,-1,-1,-1,-1,139,139,48,0.015,0,0,0,1,1,0,0,0,0,4,0,1,1,37,0,0,6,20,1,20,20,6,0,20,0,302,0,0,0,0,65,15,15,15,15,15,15,15,15,15,15,0,-1,-1,-1,-1,-1,-1,-1,-1,1,1,1,1,1,1,1,1,1,-1,-1,-1,-1,-1,10005,0,1,1,0,0,0,0,1,0,0,0,6,1400,310,6,6,1,2,45,-1,-1,-1,30110000,30110000,30110000,30110000,30110000,30110000,30110000,30110000,30110000,30110000,1,1,0,0,0,0,1,1,0,[0|0|0|0|0|0|0]
30110500,Flame Art Rift Shield,1,0,[0|0|0],3000,7111006,0,2,0,600,140,100,9,0,0,16,76,33,37,18,-1,-1,-1,5301100,-1,-1,0,30110000,30110000,30110000,30110000,30110000,30110000,30110000,30110000,30110000,30110000,30110000,30110000,30110000,30110000,30110000,30110000,1,1,1,1,15,15,5,2115,12011,0,0,1,10,68,0,68,0,54,60,0,38,500,-1,-1,0,-1,7,0,12,48,2,0,160,0,11,0,0,15,8,0,0,0,99,0,0,30,60,0,2,0,0,0,20,20,20,20,1,1,1,1,0,0,1,0,0,0,0,0,0,1,0,0,0,0,1,0,0,0,0,0,0,0,0,1,0,1,1,1,0,2,0,106,2,2,0,0,401000,300,-1,-1,-1,-1,-1,-1,-1,-1,-1,-1,-1,-1,-1,-1,-1,-1,-1,-1,-1,-1,-1,-1,139,139,48,0.015,0,0,0,1,1,0,0,0,0,4,0,1,1,37,0,0,6,20,1,20,20,6,0,20,0,302,0,0,0,0,65,15,15,15,15,15,15,15,15,15,15,0,-1,-1,-1,-1,-1,-1,-1,-1,1,1,1,1,1,1,1,1,1,-1,-1,-1,-1,-1,10000,0,1,1,0,0,0,0,1,0,0,0,6,1400,310,6,6,1,2,45,-1,-1,-1,30110000,30110000,30110000,30110000,30110000,30110000,30110000,30110000,30110000,30110000,1,1,0,0,0,0,1,1,0,[0|0|0|0|0|0|0]
30110600,Lightning Rift Shield,1,0,[0|0|0],3000,7111007,0,2,0,600,140,100,4,20,0,0,76,33,37,18,-1,-1,-1,5301100,-1,-1,0,30110000,30110000,30110000,30110000,30110000,30110000,30110000,30110000,30110000,30110000,30110000,30110000,30110000,30110000,30110000,30110000,1,1,1,1,15,15,5,2115,12011,0,0,1,10,68,0,0,68,54,60,0,38,600,-1,-1,0,-1,7,0,12,48,2,0,160,0,12,0,0,15,8,0,0,0,99,0,0,30,60,0,2,0,0,0,20,20,20,20,1,1,1,1,0,0,1,0,0,0,0,0,0,1,0,0,0,0,1,0,0,0,0,0,0,0,0,1,0,1,1,1,0,2,0,106,2,2,0,0,401000,300,-1,-1,-1,-1,-1,-1,-1,-1,-1,-1,-1,-1,-1,-1,-1,-1,-1,-1,-1,-1,-1,-1,139,139,48,0.015,0,0,0,1,1,0,0,0,0,0,4,1,1,37,0,0,6,20,1,20,20,6,0,20,0,302,0,0,0,0,65,15,15,15,15,15,15,15,15,15,15,0,-1,-1,-1,-1,-1,-1,-1,-1,1,1,1,1,1,1,1,1,1,-1,-1,-1,-1,-1,10000,0,1,1,0,0,0,0,1,0,0,0,6,1400,310,6,6,1,2,45,-1,-1,-1,30110000,30110000,30110000,30110000,30110000,30110000,30110000,30110000,30110000,30110000,1,1,0,0,0,0,1,1,0,[0|0|0|0|0|0|0]
30110700,Sacred Rift Shield,1,0,[0|0|0],3000,7111008,0,2,0,600,140,100,12,0,0,14,76,33,37,18,-1,-1,-1,5301100,-1,-1,0,30110000,30110000,30110000,30110000,30110000,30110000,30110000,30110000,30110000,30110000,30110000,30110000,30110000,30110000,30110000,30110000,1,1,1,1,15,15,5,2115,12011,0,0,1,10,68,0,0,0,54,60,0,38,700,-1,-1,0,-1,7,0,12,48,2,0,160,0,13,0,0,15,8,0,0,0,99,0,0,30,60,0,2,0,0,0,20,20,20,20,1,1,1,1,0,0,1,0,0,0,0,0,0,1,0,0,0,0,1,0,0,0,0,0,0,0,0,1,0,1,1,1,0,2,0,106,2,2,0,0,401000,300,-1,-1,-1,-1,-1,-1,-1,-1,-1,-1,-1,-1,-1,-1,-1,-1,-1,-1,-1,-1,-1,-1,139,139,48,0.015,0,0,0,1,1,0,0,0,0,0,0,1,1,37,68,4,6,20,1,20,20,6,0,20,0,302,0,0,0,0,65,15,15,15,15,15,15,15,15,15,15,0,-1,-1,-1,-1,-1,-1,-1,-1,1,1,1,1,1,1,1,1,1,-1,-1,-1,-1,-1,10000,0,1,1,0,0,0,0,1,0,0,0,6,1400,310,6,6,1,2,45,-1,-1,-1,30110000,30110000,30110000,30110000,30110000,30110000,30110000,30110000,30110000,30110000,1,1,0,0,0,0,1,1,0,[0|0|0|0|0|0|0]
30110800,Magic Rift Shield,1,0,[0|0|0],3000,7111004,0,2,0,600,140,100,9,0,16,0,76,33,37,18,-1,-1,-1,5301100,-1,-1,0,30110000,30110000,30110000,30110000,30110000,30110000,30110000,30110000,30110000,30110000,30110000,30110000,30110000,30110000,30110000,30110000,1,1,1,1,15,15,5,2115,12011,0,0,1,10,68,68,0,0,54,60,0,38,800,-1,-1,0,-1,7,0,12,48,2,0,160,0,10,0,0,15,8,0,0,0,99,0,0,30,60,0,2,0,0,0,20,20,20,20,1,1,1,1,0,0,1,0,0,0,0,0,0,1,0,0,0,0,1,0,0,0,0,0,0,0,0,1,0,1,1,1,0,2,0,106,2,2,0,0,401000,300,-1,-1,-1,-1,-1,-1,-1,-1,-1,-1,-1,-1,-1,-1,-1,-1,-1,-1,-1,-1,-1,-1,139,139,48,0.015,0,0,0,1,1,0,0,0,4,0,0,1,1,37,0,0,6,20,1,20,20,6,0,20,0,302,0,0,0,0,65,15,15,15,15,15,15,15,15,15,15,0,-1,-1,-1,-1,-1,-1,-1,-1,1,1,1,1,1,1,1,1,1,-1,-1,-1,-1,-1,10000,0,1,1,0,0,0,0,1,0,0,0,6,1400,310,6,6,1,2,45,-1,-1,-1,30110000,30110000,30110000,30110000,30110000,30110000,30110000,30110000,30110000,30110000,1,1,0,0,0,0,1,1,0,[0|0|0|0|0|0|0]
30110900,Cold Rift Shield,1,0,[0|0|0],3000,7111011,0,2,0,600,140,100,22,0,15,0,76,33,37,18,-1,107500,-1,5301100,-1,-1,0,30110000,30110000,30110000,30110000,30110000,30110000,30110000,30110000,30110000,30110000,30110000,30110000,30110000,30110000,30110000,30110000,1,1,1,1,15,15,5,2115,12011,0,0,1,10,68,58,0,0,54,60,0,38,900,-1,-1,0,-1,7,0,12,48,2,0,160,0,10,0,0,15,8,0,0,0,99,0,0,30,60,0,2,0,0,0,20,20,20,20,1,1,1,1,0,0,1,0,0,0,0,0,0,1,0,0,0,0,1,0,0,0,0,0,0,0,0,1,0,1,1,1,0,2,0,106,2,2,0,0,401000,300,-1,-1,-1,-1,-1,-1,-1,-1,-1,-1,-1,-1,-1,-1,-1,-1,-1,-1,-1,-1,-1,-1,139,139,48,0.015,0,0,0,1,1,0,0,0,4,0,0,1,1,37,0,0,6,20,1,20,20,6,0,20,0,302,0,0,0,0,65,15,15,15,15,15,15,15,15,15,15,0,-1,-1,-1,-1,-1,-1,-1,-1,1,1,1,1,1,1,1,1,1,-1,-1,-1,-1,-1,10000,0,1,1,0,0,0,0,1,0,0,0,6,1400,310,6,6,1,2,45,6601,-1,-1,30110000,30110000,30110000,30110000,30110000,30110000,30110000,30110000,30110000,30110000,1,1,0,0,0,0,1,1,0,[0|0|0|0|0|0|0]
30111000,Poison Rift Shield,1,0,[0|0|0],3000,7111009,0,2,0,600,140,100,21,0,0,0,76,33,37,18,-1,106000,-1,5301100,-1,-1,0,30110000,30110000,30110000,30110000,30110000,30110000,30110000,30110000,30110000,30110000,30110000,30110000,30110000,30110000,30110000,30110000,1,1,1,1,15,15,5,2115,12011,0,0,1,10,68,0,0,0,54,60,0,38,1000,-1,-1,0,-1,7,0,12,48,2,0,160,0,0,0,0,15,8,0,0,0,99,0,0,30,60,0,2,0,0,0,20,20,20,20,1,1,1,1,0,0,1,0,0,0,0,0,0,1,0,0,0,0,1,0,0,0,0,0,0,0,0,1,0,1,1,1,0,2,0,106,2,2,0,0,401000,300,-1,-1,-1,-1,-1,-1,-1,-1,-1,-1,-1,-1,-1,-1,-1,-1,-1,-1,-1,-1,-1,-1,139,139,48,0.015,0,0,0,1,1,0,0,0,0,0,0,1,1,37,0,0,6,20,1,20,20,6,0,20,0,302,30,0,0,0,65,15,15,15,15,15,15,15,15,15,15,0,-1,-1,-1,-1,-1,-1,-1,-1,1,1,1,1,1,1,1,1,1,-1,-1,-1,-1,-1,10013,0,1,1,0,0,0,0,1,0,0,0,6,1400,310,6,6,1,2,45,6401,-1,-1,30110000,30110000,30110000,30110000,30110000,30110000,30110000,30110000,30110000,30110000,1,1,0,0,0,0,1,1,0,[0|0|0|0|0|0|0]
30111100,Blood Rift Shield,1,0,[0|0|0],3000,7111010,0,2,0,600,140,100,21,0,0,0,76,33,37,18,105000,-1,-1,5301100,-1,-1,0,30110000,30110000,30110000,30110000,30110000,30110000,30110000,30110000,30110000,30110000,30110000,30110000,30110000,30110000,30110000,30110000,1,1,1,1,15,15,5,2115,12011,0,0,1,10,68,0,0,0,54,60,0,38,1100,-1,-1,0,-1,7,0,12,48,2,0,160,0,0,0,0,15,8,0,0,0,99,0,0,30,60,0,2,0,0,0,20,20,20,20,1,1,1,1,0,0,1,0,0,0,0,0,0,1,0,0,0,0,1,0,0,0,0,0,0,0,0,1,0,1,1,1,0,2,0,106,2,2,0,0,401000,300,-1,-1,-1,-1,-1,-1,-1,-1,-1,-1,-1,-1,-1,-1,-1,-1,-1,-1,-1,-1,-1,-1,139,139,48,0.015,0,0,0,1,1,0,0,0,0,0,0,1,1,37,0,0,6,20,1,20,20,6,0,20,0,302,30,0,0,0,65,15,15,15,15,15,15,15,15,15,15,0,-1,-1,-1,-1,-1,-1,-1,-1,1,1,1,1,1,1,1,1,1,-1,-1,-1,-1,-1,10013,0,1,1,0,0,0,0,1,0,0,0,6,1400,310,6,6,1,2,45,6501,-1,-1,30110000,30110000,30110000,30110000,30110000,30110000,30110000,30110000,30110000,30110000,1,1,0,0,0,0,1,1,0,[0|0|0|0|0|0|0]
30111200,Occult Rift Shield,1,0,[0|0|0],3000,7111012,0,2,0,600,140,100,22,0,0,0,76,33,37,18,-1,-1,-1,5301100,-1,-1,0,30110000,30110000,30110000,30110000,30110000,30110000,30110000,30110000,30110000,30110000,30110000,30110000,30110000,30110000,30110000,30110000,1,1,1,1,15,15,5,2115,12011,0,0,1,10,68,0,0,0,54,60,0,38,1200,-1,-1,0,-1,7,0,12,48,2,0,160,7,0,0,0,15,8,0,0,0,99,0,0,30,60,0,2,0,0,0,20,20,20,20,1,1,1,1,0,0,1,0,0,0,0,0,0,1,0,0,0,0,1,0,0,0,0,0,0,0,0,1,0,1,1,1,0,2,0,106,2,2,0,0,401000,300,-1,-1,-1,-1,-1,-1,-1,-1,-1,-1,-1,-1,-1,-1,-1,-1,-1,-1,-1,-1,-1,-1,139,139,48,0.015,0,0,0,1,1,0,0,0,0,0,0,1,1,37,0,0,6,20,1,20,20,6,0,20,0,302,22,0,0,0,65,15,15,15,15,15,15,15,15,15,15,0,-1,-1,-1,-1,-1,-1,-1,-1,1,1,1,1,1,1,1,1,1,-1,-1,-1,-1,-1,10013,0,1,1,0,0,0,0,1,0,0,0,6,1400,310,6,6,1,2,45,-1,-1,-1,30110000,30110000,30110000,30110000,30110000,30110000,30110000,30110000,30110000,30110000,1,1,0,0,0,0,1,1,0,[0|0|0|0|0|0|0]
30120000,Iron Roundshield,0,0,[0|0|0],3000,7107000,0,3,0,600,140,100,24,0,0,0,80,42,42,18,-1,-1,-1,-1,-1,-1,0,30120000,30120000,30120000,30120000,30120000,30120000,30120000,30120000,30120000,30120000,30120000,30120000,30120000,30120000,30120000,30120000,1,1,1,1,15,15,5,2116,12012,0,0,1,10,74,0,0,0,59,60,0,41,8000,-1,-1,0,-1,7,0,12,48,2,0,160,0,0,0,0,15,8,0,0,0,99,0,0,30,60,0,2,0,0,0,22,22,22,22,1,1,1,1,0,0,1,0,0,0,0,0,0,1,0,0,0,0,1,0,0,0,0,0,0,0,0,1,0,1,1,1,0,2,0,106,2,2,0,0,401000,300,-1,-1,-1,-1,-1,-1,-1,-1,-1,-1,-1,-1,-1,-1,-1,-1,-1,-1,-1,-1,-1,-1,139,139,48,0.015,0,0,0,1,1,0,0,0,0,0,0,1,1,42,0,0,6,20,1,22,22,6,0,22,0,10,0,0,0,0,65,15,15,15,15,15,15,15,15,15,15,0,-1,-1,-1,-1,-1,-1,-1,-1,1.06,1,1,1,1,1,1,1,1,-1,-1,-1,-1,-1,10000,0,1,1,0,0,0,0,1,0,0,0,6,1400,310,6,6,1,2,45,-1,-1,-1,30120000,30120000,30120000,30120000,30120000,30120000,30120000,30120000,30120000,30120000,1,1,0,0,0,0,1,1,0,[0|0|0|0|0|0|0]
30120100,Heavy Iron Roundshield,0,0,[0|0|0],3000,7107001,0,3,0,600,140,100,22,0,0,0,80,42,42,18,-1,-1,-1,-1,-1,-1,0,30120000,30120000,30120000,30120000,30120000,30120000,30120000,30120000,30120000,30120000,30120000,30120000,30120000,30120000,30120000,30120000,1,1,1,1,15,15,5,2116,12012,0,0,1,10,72,0,0,0,59,60,0,41,100,-1,-1,0,-1,7,0,12,48,2,0,160,1,0,0,0,15,8,0,0,0,99,0,0,30,60,0,2,0,0,0,22,22,22,22,1,1,1,1,0,0,1,0,0,0,0,0,0,1,0,0,0,0,1,0,0,0,0,0,0,0,0,1,0,1,1,1,0,2,0,106,2,2,0,0,401000,300,-1,-1,-1,-1,-1,-1,-1,-1,-1,-1,-1,-1,-1,-1,-1,-1,-1,-1,-1,-1,-1,-1,139,139,48,0.015,0,0,0,1,1,0,0,0,0,0,0,1,1,42,0,0,6,20,1,22,22,6,0,22,0,10,0,0,0,0,65,15,15,15,15,15,15,15,15,15,15,0,-1,-1,-1,-1,-1,-1,-1,-1,1.06,1,1,1,1,1,1,1,1,-1,-1,-1,-1,-1,10000,0,1,1,0,0,0,0,1,0,0,0,6,1400,310,6,6,1,2,45,-1,-1,-1,30120000,30120000,30120000,30120000,30120000,30120000,30120000,30120000,30120000,30120000,1,1,0,0,0,0,1,1,0,[0|0|0|0|0|0|0]
30120200,Keen Iron Roundshield,0,0,[0|0|0],3000,7107002,0,3,0,600,140,100,4,21,0,0,80,42,42,18,-1,-1,-1,-1,-1,-1,0,30120000,30120000,30120000,30120000,30120000,30120000,30120000,30120000,30120000,30120000,30120000,30120000,30120000,30120000,30120000,30120000,1,1,1,1,15,15,5,2116,12012,0,0,1,10,72,0,0,0,59,60,0,41,200,-1,-1,0,-1,7,0,12,48,2,0,160,2,0,0,0,15,8,0,0,0,99,0,0,30,60,0,2,0,0,0,22,22,22,22,1,1,1,1,0,0,1,0,0,0,0,0,0,1,0,0,0,0,1,0,0,0,0,0,0,0,0,1,0,1,1,1,0,2,0,106,2,2,0,0,401000,300,-1,-1,-1,-1,-1,-1,-1,-1,-1,-1,-1,-1,-1,-1,-1,-1,-1,-1,-1,-1,-1,-1,139,139,48,0.015,0,0,0,1,1,0,0,0,0,0,0,1,1,42,0,0,6,20,1,22,22,6,0,22,0,10,0,0,0,0,65,15,15,15,15,15,15,15,15,15,15,0,-1,-1,-1,-1,-1,-1,-1,-1,1.06,1,1,1,1,1,1,1,1,-1,-1,-1,-1,-1,10000,0,1,1,0,0,0,0,1,0,0,0,6,1400,310,6,6,1,2,45,-1,-1,-1,30120000,30120000,30120000,30120000,30120000,30120000,30120000,30120000,30120000,30120000,1,1,0,0,0,0,1,1,0,[0|0|0|0|0|0|0]
30120300,Quality Iron Roundshield,0,0,[0|0|0],3000,7107003,0,3,0,600,140,100,26,26,0,0,80,42,42,18,-1,-1,-1,-1,-1,-1,0,30120000,30120000,30120000,30120000,30120000,30120000,30120000,30120000,30120000,30120000,30120000,30120000,30120000,30120000,30120000,30120000,1,1,1,1,15,15,5,2116,12012,0,0,1,10,72,0,0,0,59,60,0,41,300,-1,-1,0,-1,7,0,12,48,2,0,160,8,0,0,0,15,8,0,0,0,99,0,0,30,60,0,2,0,0,0,22,22,22,22,1,1,1,1,0,0,1,0,0,0,0,0,0,1,0,0,0,0,1,0,0,0,0,0,0,0,0,1,0,1,1,1,0,2,0,106,2,2,0,0,401000,300,-1,-1,-1,-1,-1,-1,-1,-1,-1,-1,-1,-1,-1,-1,-1,-1,-1,-1,-1,-1,-1,-1,139,139,48,0.015,0,0,0,1,1,0,0,0,0,0,0,1,1,42,0,0,6,20,1,22,22,6,0,22,0,10,0,0,0,0,65,15,15,15,15,15,15,15,15,15,15,0,-1,-1,-1,-1,-1,-1,-1,-1,1.06,1,1,1,1,1,1,1,1,-1,-1,-1,-1,-1,10000,0,1,1,0,0,0,0,1,0,0,0,6,1400,310,6,6,1,2,45,-1,-1,-1,30120000,30120000,30120000,30120000,30120000,30120000,30120000,30120000,30120000,30120000,1,1,0,0,0,0,1,1,0,[0|0|0|0|0|0|0]
30120400,Fire Iron Roundshield,0,0,[0|0|0],3000,7107005,0,3,0,600,140,100,19,12,0,0,80,42,42,18,-1,-1,-1,-1,-1,-1,0,30120000,30120000,30120000,30120000,30120000,30120000,30120000,30120000,30120000,30120000,30120000,30120000,30120000,30120000,30120000,30120000,1,1,1,1,15,15,5,2116,12012,0,0,1,10,72,0,72,0,59,60,0,41,400,-1,-1,0,-1,7,0,12,48,2,0,160,0,11,0,0,15,8,0,0,0,99,0,0,30,60,0,2,0,0,0,22,22,22,22,1,1,1,1,0,0,1,0,0,0,0,0,0,1,0,0,0,0,1,0,0,0,0,0,0,0,0,1,0,1,1,1,0,2,0,106,2,2,0,0,401000,300,-1,-1,-1,-1,-1,-1,-1,-1,-1,-1,-1,-1,-1,-1,-1,-1,-1,-1,-1,-1,-1,-1,139,139,48,0.015,0,0,0,1,1,0,0,0,0,4,0,1,1,42,0,0,6,20,1,22,22,6,0,22,0,10,0,0,0,0,65,15,15,15,15,15,15,15,15,15,15,0,-1,-1,-1,-1,-1,-1,-1,-1,1.06,1,1,1,1,1,1,1,1,-1,-1,-1,-1,-1,10005,0,1,1,0,0,0,0,1,0,0,0,6,1400,310,6,6,1,2,45,-1,-1,-1,30120000,30120000,30120000,30120000,30120000,30120000,30120000,30120000,30120000,30120000,1,1,0,0,0,0,1,1,0,[0|0|0|0|0|0|0]
30120500,Flame Art Iron Roundshield,0,0,[0|0|0],3000,7107006,0,3,0,600,140,100,9,0,0,16,80,42,42,18,-1,-1,-1,-1,-1,-1,0,30120000,30120000,30120000,30120000,30120000,30120000,30120000,30120000,30120000,30120000,30120000,30120000,30120000,30120000,30120000,30120000,1,1,1,1,15,15,5,2116,12012,0,0,1,10,72,0,72,0,59,60,0,41,500,-1,-1,0,-1,7,0,12,48,2,0,160,0,11,0,0,15,8,0,0,0,99,0,0,30,60,0,2,0,0,0,22,22,22,22,1,1,1,1,0,0,1,0,0,0,0,0,0,1,0,0,0,0,1,0,0,0,0,0,0,0,0,1,0,1,1,1,0,2,0,106,2,2,0,0,401000,300,-1,-1,-1,-1,-1,-1,-1,-1,-1,-1,-1,-1,-1,-1,-1,-1,-1,-1,-1,-1,-1,-1,139,139,48,0.015,0,0,0,1,1,0,0,0,0,4,0,1,1,42,0,0,6,20,1,22,22,6,0,22,0,10,0,0,0,0,65,15,15,15,15,15,15,15,15,15,15,0,-1,-1,-1,-1,-1,-1,-1,-1,1.06,1,1,1,1,1,1,1,1,-1,-1,-1,-1,-1,10000,0,1,1,0,0,0,0,1,0,0,0,6,1400,310,6,6,1,2,45,-1,-1,-1,30120000,30120000,30120000,30120000,30120000,30120000,30120000,30120000,30120000,30120000,1,1,0,0,0,0,1,1,0,[0|0|0|0|0|0|0]
30120600,Lightning Iron Roundshield,0,0,[0|0|0],3000,7107007,0,3,0,600,140,100,4,20,0,0,80,42,42,18,-1,-1,-1,-1,-1,-1,0,30120000,30120000,30120000,30120000,30120000,30120000,30120000,30120000,30120000,30120000,30120000,30120000,30120000,30120000,30120000,30120000,1,1,1,1,15,15,5,2116,12012,0,0,1,10,72,0,0,72,59,60,0,41,600,-1,-1,0,-1,7,0,12,48,2,0,160,0,12,0,0,15,8,0,0,0,99,0,0,30,60,0,2,0,0,0,22,22,22,22,1,1,1,1,0,0,1,0,0,0,0,0,0,1,0,0,0,0,1,0,0,0,0,0,0,0,0,1,0,1,1,1,0,2,0,106,2,2,0,0,401000,300,-1,-1,-1,-1,-1,-1,-1,-1,-1,-1,-1,-1,-1,-1,-1,-1,-1,-1,-1,-1,-1,-1,139,139,48,0.015,0,0,0,1,1,0,0,0,0,0,4,1,1,42,0,0,6,20,1,22,22,6,0,22,0,10,0,0,0,0,65,15,15,15,15,15,15,15,15,15,15,0,-1,-1,-1,-1,-1,-1,-1,-1,1.06,1,1,1,1,1,1,1,1,-1,-1,-1,-1,-1,10000,0,1,1,0,0,0,0,1,0,0,0,6,1400,310,6,6,1,2,45,-1,-1,-1,30120000,30120000,30120000,30120000,30120000,30120000,30120000,30120000,30120000,30120000,1,1,0,0,0,0,1,1,0,[0|0|0|0|0|0|0]
30120700,Sacred Iron Roundshield,0,0,[0|0|0],3000,7107008,0,3,0,600,140,100,12,0,0,14,80,42,42,18,-1,-1,-1,-1,-1,-1,0,30120000,30120000,30120000,30120000,30120000,30120000,30120000,30120000,30120000,30120000,30120000,30120000,30120000,30120000,30120000,30120000,1,1,1,1,15,15,5,2116,12012,0,0,1,10,72,0,0,0,59,60,0,41,700,-1,-1,0,-1,7,0,12,48,2,0,160,0,13,0,0,15,8,0,0,0,99,0,0,30,60,0,2,0,0,0,22,22,22,22,1,1,1,1,0,0,1,0,0,0,0,0,0,1,0,0,0,0,1,0,0,0,0,0,0,0,0,1,0,1,1,1,0,2,0,106,2,2,0,0,401000,300,-1,-1,-1,-1,-1,-1,-1,-1,-1,-1,-1,-1,-1,-1,-1,-1,-1,-1,-1,-1,-1,-1,139,139,48,0.015,0,0,0,1,1,0,0,0,0,0,0,1,1,42,72,4,6,20,1,22,22,6,0,22,0,10,0,0,0,0,65,15,15,15,15,15,15,15,15,15,15,0,-1,-1,-1,-1,-1,-1,-1,-1,1.06,1,1,1,1,1,1,1,1,-1,-1,-1,-1,-1,10000,0,1,1,0,0,0,0,1,0,0,0,6,1400,310,6,6,1,2,45,-1,-1,-1,30120000,30120000,30120000,30120000,30120000,30120000,30120000,30120000,30120000,30120000,1,1,0,0,0,0,1,1,0,[0|0|0|0|0|0|0]
30120800,Magic Iron Roundshield,0,0,[0|0|0],3000,7107004,0,3,0,600,140,100,9,0,16,0,80,42,42,18,-1,-1,-1,-1,-1,-1,0,30120000,30120000,30120000,30120000,30120000,30120000,30120000,30120000,30120000,30120000,30120000,30120000,30120000,30120000,30120000,30120000,1,1,1,1,15,15,5,2116,12012,0,0,1,10,72,72,0,0,59,60,0,41,800,-1,-1,0,-1,7,0,12,48,2,0,160,0,10,0,0,15,8,0,0,0,99,0,0,30,60,0,2,0,0,0,22,22,22,22,1,1,1,1,0,0,1,0,0,0,0,0,0,1,0,0,0,0,1,0,0,0,0,0,0,0,0,1,0,1,1,1,0,2,0,106,2,2,0,0,401000,300,-1,-1,-1,-1,-1,-1,-1,-1,-1,-1,-1,-1,-1,-1,-1,-1,-1,-1,-1,-1,-1,-1,139,139,48,0.015,0,0,0,1,1,0,0,0,4,0,0,1,1,42,0,0,6,20,1,22,22,6,0,22,0,10,0,0,0,0,65,15,15,15,15,15,15,15,15,15,15,0,-1,-1,-1,-1,-1,-1,-1,-1,1.06,1,1,1,1,1,1,1,1,-1,-1,-1,-1,-1,10000,0,1,1,0,0,0,0,1,0,0,0,6,1400,310,6,6,1,2,45,-1,-1,-1,30120000,30120000,30120000,30120000,30120000,30120000,30120000,30120000,30120000,30120000,1,1,0,0,0,0,1,1,0,[0|0|0|0|0|0|0]
30120900,Cold Iron Roundshield,0,0,[0|0|0],3000,7107011,0,3,0,600,140,100,22,0,15,0,80,42,42,18,-1,107500,-1,-1,-1,-1,0,30120000,30120000,30120000,30120000,30120000,30120000,30120000,30120000,30120000,30120000,30120000,30120000,30120000,30120000,30120000,30120000,1,1,1,1,15,15,5,2116,12012,0,0,1,10,72,61,0,0,59,60,0,41,900,-1,-1,0,-1,7,0,12,48,2,0,160,0,10,0,0,15,8,0,0,0,99,0,0,30,60,0,2,0,0,0,22,22,22,22,1,1,1,1,0,0,1,0,0,0,0,0,0,1,0,0,0,0,1,0,0,0,0,0,0,0,0,1,0,1,1,1,0,2,0,106,2,2,0,0,401000,300,-1,-1,-1,-1,-1,-1,-1,-1,-1,-1,-1,-1,-1,-1,-1,-1,-1,-1,-1,-1,-1,-1,139,139,48,0.015,0,0,0,1,1,0,0,0,4,0,0,1,1,42,0,0,6,20,1,22,22,6,0,22,0,10,0,0,0,0,65,15,15,15,15,15,15,15,15,15,15,0,-1,-1,-1,-1,-1,-1,-1,-1,1.06,1,1,1,1,1,1,1,1,-1,-1,-1,-1,-1,10000,0,1,1,0,0,0,0,1,0,0,0,6,1400,310,6,6,1,2,45,6601,-1,-1,30120000,30120000,30120000,30120000,30120000,30120000,30120000,30120000,30120000,30120000,1,1,0,0,0,0,1,1,0,[0|0|0|0|0|0|0]
30121000,Poison Iron Roundshield,0,0,[0|0|0],3000,7107009,0,3,0,600,140,100,21,0,0,0,80,42,42,18,-1,106000,-1,-1,-1,-1,0,30120000,30120000,30120000,30120000,30120000,30120000,30120000,30120000,30120000,30120000,30120000,30120000,30120000,30120000,30120000,30120000,1,1,1,1,15,15,5,2116,12012,0,0,1,10,72,0,0,0,59,60,0,41,1000,-1,-1,0,-1,7,0,12,48,2,0,160,0,0,0,0,15,8,0,0,0,99,0,0,30,60,0,2,0,0,0,22,22,22,22,1,1,1,1,0,0,1,0,0,0,0,0,0,1,0,0,0,0,1,0,0,0,0,0,0,0,0,1,0,1,1,1,0,2,0,106,2,2,0,0,401000,300,-1,-1,-1,-1,-1,-1,-1,-1,-1,-1,-1,-1,-1,-1,-1,-1,-1,-1,-1,-1,-1,-1,139,139,48,0.015,0,0,0,1,1,0,0,0,0,0,0,1,1,42,0,0,6,20,1,22,22,6,0,22,0,10,30,0,0,0,65,15,15,15,15,15,15,15,15,15,15,0,-1,-1,-1,-1,-1,-1,-1,-1,1.06,1,1,1,1,1,1,1,1,-1,-1,-1,-1,-1,10013,0,1,1,0,0,0,0,1,0,0,0,6,1400,310,6,6,1,2,45,6401,-1,-1,30120000,30120000,30120000,30120000,30120000,30120000,30120000,30120000,30120000,30120000,1,1,0,0,0,0,1,1,0,[0|0|0|0|0|0|0]
30121100,Bloody Iron Roundshield,0,0,[0|0|0],3000,7107010,0,3,0,600,140,100,21,0,0,0,80,42,42,18,105000,-1,-1,-1,-1,-1,0,30120000,30120000,30120000,30120000,30120000,30120000,30120000,30120000,30120000,30120000,30120000,30120000,30120000,30120000,30120000,30120000,1,1,1,1,15,15,5,2116,12012,0,0,1,10,72,0,0,0,59,60,0,41,1100,-1,-1,0,-1,7,0,12,48,2,0,160,0,0,0,0,15,8,0,0,0,99,0,0,30,60,0,2,0,0,0,22,22,22,22,1,1,1,1,0,0,1,0,0,0,0,0,0,1,0,0,0,0,1,0,0,0,0,0,0,0,0,1,0,1,1,1,0,2,0,106,2,2,0,0,401000,300,-1,-1,-1,-1,-1,-1,-1,-1,-1,-1,-1,-1,-1,-1,-1,-1,-1,-1,-1,-1,-1,-1,139,139,48,0.015,0,0,0,1,1,0,0,0,0,0,0,1,1,42,0,0,6,20,1,22,22,6,0,22,0,10,30,0,0,0,65,15,15,15,15,15,15,15,15,15,15,0,-1,-1,-1,-1,-1,-1,-1,-1,1.06,1,1,1,1,1,1,1,1,-1,-1,-1,-1,-1,10013,0,1,1,0,0,0,0,1,0,0,0,6,1400,310,6,6,1,2,45,6501,-1,-1,30120000,30120000,30120000,30120000,30120000,30120000,30120000,30120000,30120000,30120000,1,1,0,0,0,0,1,1,0,[0|0|0|0|0|0|0]
30121200,Occult Iron Roundshield,0,0,[0|0|0],3000,7107012,0,3,0,600,140,100,22,0,0,0,80,42,42,18,-1,-1,-1,-1,-1,-1,0,30120000,30120000,30120000,30120000,30120000,30120000,30120000,30120000,30120000,30120000,30120000,30120000,30120000,30120000,30120000,30120000,1,1,1,1,15,15,5,2116,12012,0,0,1,10,72,0,0,0,59,60,0,41,1200,-1,-1,0,-1,7,0,12,48,2,0,160,7,0,0,0,15,8,0,0,0,99,0,0,30,60,0,2,0,0,0,22,22,22,22,1,1,1,1,0,0,1,0,0,0,0,0,0,1,0,0,0,0,1,0,0,0,0,0,0,0,0,1,0,1,1,1,0,2,0,106,2,2,0,0,401000,300,-1,-1,-1,-1,-1,-1,-1,-1,-1,-1,-1,-1,-1,-1,-1,-1,-1,-1,-1,-1,-1,-1,139,139,48,0.015,0,0,0,1,1,0,0,0,0,0,0,1,1,42,0,0,6,20,1,22,22,6,0,22,0,10,22,0,0,0,65,15,15,15,15,15,15,15,15,15,15,0,-1,-1,-1,-1,-1,-1,-1,-1,1.06,1,1,1,1,1,1,1,1,-1,-1,-1,-1,-1,10013,0,1,1,0,0,0,0,1,0,0,0,6,1400,310,6,6,1,2,45,-1,-1,-1,30120000,30120000,30120000,30120000,30120000,30120000,30120000,30120000,30120000,30120000,1,1,0,0,0,0,1,1,0,[0|0|0|0|0|0|0]
30130000,Gilded Iron Shield,1,0,[0|0|0],3000,7108000,0,3,0,600,140,100,24,0,0,0,78,40,38,17,-1,-1,-1,-1,-1,-1,0,30130000,30130000,30130000,30130000,30130000,30130000,30130000,30130000,30130000,30130000,30130000,30130000,30130000,30130000,30130000,30130000,1,1,1,1,15,15,5,2117,12013,0,0,1,10,74,0,0,0,59,60,0,41,8000,-1,-1,0,-1,7,0,12,48,2,0,160,0,0,0,0,15,8,0,0,0,99,0,0,30,60,0,2,0,0,0,22,22,22,22,1,1,1,1,0,0,1,0,0,0,0,0,0,1,0,0,0,0,1,0,0,0,0,0,0,0,0,1,0,1,1,1,0,2,0,106,2,2,0,0,401000,300,-1,-1,-1,-1,-1,-1,-1,-1,-1,-1,-1,-1,-1,-1,-1,-1,-1,-1,-1,-1,-1,-1,139,139,48,0.015,0,0,0,1,1,0,0,0,0,0,0,1,1,51,0,0,6,20,1,22,22,6,0,22,0,302,0,0,0,0,65,15,15,15,15,15,15,15,15,15,15,0,-1,-1,-1,-1,-1,-1,-1,-1,1.06,1,1,1,1,1,1,1,1,-1,-1,-1,-1,-1,10000,0,1,1,0,0,0,0,1,0,0,0,6,1400,310,6,6,1,2,45,-1,-1,-1,30130000,30130000,30130000,30130000,30130000,30130000,30130000,30130000,30130000,30130000,1,1,0,0,0,0,1,1,0,[0|0|0|0|0|0|0]
30130100,Gilded Heavy Iron Shield,1,0,[0|0|0],3000,7108001,0,3,0,600,140,100,22,0,0,0,78,40,38,17,-1,-1,-1,-1,-1,-1,0,30130000,30130000,30130000,30130000,30130000,30130000,30130000,30130000,30130000,30130000,30130000,30130000,30130000,30130000,30130000,30130000,1,1,1,1,15,15,5,2117,12013,0,0,1,10,72,0,0,0,59,60,0,41,100,-1,-1,0,-1,7,0,12,48,2,0,160,1,0,0,0,15,8,0,0,0,99,0,0,30,60,0,2,0,0,0,22,22,22,22,1,1,1,1,0,0,1,0,0,0,0,0,0,1,0,0,0,0,1,0,0,0,0,0,0,0,0,1,0,1,1,1,0,2,0,106,2,2,0,0,401000,300,-1,-1,-1,-1,-1,-1,-1,-1,-1,-1,-1,-1,-1,-1,-1,-1,-1,-1,-1,-1,-1,-1,139,139,48,0.015,0,0,0,1,1,0,0,0,0,0,0,1,1,51,0,0,6,20,1,22,22,6,0,22,0,302,0,0,0,0,65,15,15,15,15,15,15,15,15,15,15,0,-1,-1,-1,-1,-1,-1,-1,-1,1.06,1,1,1,1,1,1,1,1,-1,-1,-1,-1,-1,10000,0,1,1,0,0,0,0,1,0,0,0,6,1400,310,6,6,1,2,45,-1,-1,-1,30130000,30130000,30130000,30130000,30130000,30130000,30130000,30130000,30130000,30130000,1,1,0,0,0,0,1,1,0,[0|0|0|0|0|0|0]
30130200,Gilded Keen Iron Shield,1,0,[0|0|0],3000,7108002,0,3,0,600,140,100,4,21,0,0,78,40,38,17,-1,-1,-1,-1,-1,-1,0,30130000,30130000,30130000,30130000,30130000,30130000,30130000,30130000,30130000,30130000,30130000,30130000,30130000,30130000,30130000,30130000,1,1,1,1,15,15,5,2117,12013,0,0,1,10,72,0,0,0,59,60,0,41,200,-1,-1,0,-1,7,0,12,48,2,0,160,2,0,0,0,15,8,0,0,0,99,0,0,30,60,0,2,0,0,0,22,22,22,22,1,1,1,1,0,0,1,0,0,0,0,0,0,1,0,0,0,0,1,0,0,0,0,0,0,0,0,1,0,1,1,1,0,2,0,106,2,2,0,0,401000,300,-1,-1,-1,-1,-1,-1,-1,-1,-1,-1,-1,-1,-1,-1,-1,-1,-1,-1,-1,-1,-1,-1,139,139,48,0.015,0,0,0,1,1,0,0,0,0,0,0,1,1,51,0,0,6,20,1,22,22,6,0,22,0,302,0,0,0,0,65,15,15,15,15,15,15,15,15,15,15,0,-1,-1,-1,-1,-1,-1,-1,-1,1.06,1,1,1,1,1,1,1,1,-1,-1,-1,-1,-1,10000,0,1,1,0,0,0,0,1,0,0,0,6,1400,310,6,6,1,2,45,-1,-1,-1,30130000,30130000,30130000,30130000,30130000,30130000,30130000,30130000,30130000,30130000,1,1,0,0,0,0,1,1,0,[0|0|0|0|0|0|0]
30130300,Gilded Quality Iron Shield,1,0,[0|0|0],3000,7108003,0,3,0,600,140,100,26,26,0,0,78,40,38,17,-1,-1,-1,-1,-1,-1,0,30130000,30130000,30130000,30130000,30130000,30130000,30130000,30130000,30130000,30130000,30130000,30130000,30130000,30130000,30130000,30130000,1,1,1,1,15,15,5,2117,12013,0,0,1,10,72,0,0,0,59,60,0,41,300,-1,-1,0,-1,7,0,12,48,2,0,160,8,0,0,0,15,8,0,0,0,99,0,0,30,60,0,2,0,0,0,22,22,22,22,1,1,1,1,0,0,1,0,0,0,0,0,0,1,0,0,0,0,1,0,0,0,0,0,0,0,0,1,0,1,1,1,0,2,0,106,2,2,0,0,401000,300,-1,-1,-1,-1,-1,-1,-1,-1,-1,-1,-1,-1,-1,-1,-1,-1,-1,-1,-1,-1,-1,-1,139,139,48,0.015,0,0,0,1,1,0,0,0,0,0,0,1,1,51,0,0,6,20,1,22,22,6,0,22,0,302,0,0,0,0,65,15,15,15,15,15,15,15,15,15,15,0,-1,-1,-1,-1,-1,-1,-1,-1,1.06,1,1,1,1,1,1,1,1,-1,-1,-1,-1,-1,10000,0,1,1,0,0,0,0,1,0,0,0,6,1400,310,6,6,1,2,45,-1,-1,-1,30130000,30130000,30130000,30130000,30130000,30130000,30130000,30130000,30130000,30130000,1,1,0,0,0,0,1,1,0,[0|0|0|0|0|0|0]
30130400,Gilded Fire Iron Shield,1,0,[0|0|0],3000,7108005,0,3,0,600,140,100,19,12,0,0,78,40,38,17,-1,-1,-1,-1,-1,-1,0,30130000,30130000,30130000,30130000,30130000,30130000,30130000,30130000,30130000,30130000,30130000,30130000,30130000,30130000,30130000,30130000,1,1,1,1,15,15,5,2117,12013,0,0,1,10,72,0,72,0,59,60,0,41,400,-1,-1,0,-1,7,0,12,48,2,0,160,0,11,0,0,15,8,0,0,0,99,0,0,30,60,0,2,0,0,0,22,22,22,22,1,1,1,1,0,0,1,0,0,0,0,0,0,1,0,0,0,0,1,0,0,0,0,0,0,0,0,1,0,1,1,1,0,2,0,106,2,2,0,0,401000,300,-1,-1,-1,-1,-1,-1,-1,-1,-1,-1,-1,-1,-1,-1,-1,-1,-1,-1,-1,-1,-1,-1,139,139,48,0.015,0,0,0,1,1,0,0,0,0,4,0,1,1,51,0,0,6,20,1,22,22,6,0,22,0,302,0,0,0,0,65,15,15,15,15,15,15,15,15,15,15,0,-1,-1,-1,-1,-1,-1,-1,-1,1.06,1,1,1,1,1,1,1,1,-1,-1,-1,-1,-1,10005,0,1,1,0,0,0,0,1,0,0,0,6,1400,310,6,6,1,2,45,-1,-1,-1,30130000,30130000,30130000,30130000,30130000,30130000,30130000,30130000,30130000,30130000,1,1,0,0,0,0,1,1,0,[0|0|0|0|0|0|0]
30130500,Gilded Flame Art Iron Shield,1,0,[0|0|0],3000,7108006,0,3,0,600,140,100,9,0,0,16,78,40,38,17,-1,-1,-1,-1,-1,-1,0,30130000,30130000,30130000,30130000,30130000,30130000,30130000,30130000,30130000,30130000,30130000,30130000,30130000,30130000,30130000,30130000,1,1,1,1,15,15,5,2117,12013,0,0,1,10,72,0,72,0,59,60,0,41,500,-1,-1,0,-1,7,0,12,48,2,0,160,0,11,0,0,15,8,0,0,0,99,0,0,30,60,0,2,0,0,0,22,22,22,22,1,1,1,1,0,0,1,0,0,0,0,0,0,1,0,0,0,0,1,0,0,0,0,0,0,0,0,1,0,1,1,1,0,2,0,106,2,2,0,0,401000,300,-1,-1,-1,-1,-1,-1,-1,-1,-1,-1,-1,-1,-1,-1,-1,-1,-1,-1,-1,-1,-1,-1,139,139,48,0.015,0,0,0,1,1,0,0,0,0,4,0,1,1,51,0,0,6,20,1,22,22,6,0,22,0,302,0,0,0,0,65,15,15,15,15,15,15,15,15,15,15,0,-1,-1,-1,-1,-1,-1,-1,-1,1.06,1,1,1,1,1,1,1,1,-1,-1,-1,-1,-1,10000,0,1,1,0,0,0,0,1,0,0,0,6,1400,310,6,6,1,2,45,-1,-1,-1,30130000,30130000,30130000,30130000,30130000,30130000,30130000,30130000,30130000,30130000,1,1,0,0,0,0,1,1,0,[0|0|0|0|0|0|0]
30130600,Gilded Lightning Iron Shield,1,0,[0|0|0],3000,7108007,0,3,0,600,140,100,4,20,0,0,78,40,38,17,-1,-1,-1,-1,-1,-1,0,30130000,30130000,30130000,30130000,30130000,30130000,30130000,30130000,30130000,30130000,30130000,30130000,30130000,30130000,30130000,30130000,1,1,1,1,15,15,5,2117,12013,0,0,1,10,72,0,0,72,59,60,0,41,600,-1,-1,0,-1,7,0,12,48,2,0,160,0,12,0,0,15,8,0,0,0,99,0,0,30,60,0,2,0,0,0,22,22,22,22,1,1,1,1,0,0,1,0,0,0,0,0,0,1,0,0,0,0,1,0,0,0,0,0,0,0,0,1,0,1,1,1,0,2,0,106,2,2,0,0,401000,300,-1,-1,-1,-1,-1,-1,-1,-1,-1,-1,-1,-1,-1,-1,-1,-1,-1,-1,-1,-1,-1,-1,139,139,48,0.015,0,0,0,1,1,0,0,0,0,0,4,1,1,51,0,0,6,20,1,22,22,6,0,22,0,302,0,0,0,0,65,15,15,15,15,15,15,15,15,15,15,0,-1,-1,-1,-1,-1,-1,-1,-1,1.06,1,1,1,1,1,1,1,1,-1,-1,-1,-1,-1,10000,0,1,1,0,0,0,0,1,0,0,0,6,1400,310,6,6,1,2,45,-1,-1,-1,30130000,30130000,30130000,30130000,30130000,30130000,30130000,30130000,30130000,30130000,1,1,0,0,0,0,1,1,0,[0|0|0|0|0|0|0]
30130700,Gilded Sacred Iron Shield,1,0,[0|0|0],3000,7108008,0,3,0,600,140,100,12,0,0,14,78,40,38,17,-1,-1,-1,-1,-1,-1,0,30130000,30130000,30130000,30130000,30130000,30130000,30130000,30130000,30130000,30130000,30130000,30130000,30130000,30130000,30130000,30130000,1,1,1,1,15,15,5,2117,12013,0,0,1,10,72,0,0,0,59,60,0,41,700,-1,-1,0,-1,7,0,12,48,2,0,160,0,13,0,0,15,8,0,0,0,99,0,0,30,60,0,2,0,0,0,22,22,22,22,1,1,1,1,0,0,1,0,0,0,0,0,0,1,0,0,0,0,1,0,0,0,0,0,0,0,0,1,0,1,1,1,0,2,0,106,2,2,0,0,401000,300,-1,-1,-1,-1,-1,-1,-1,-1,-1,-1,-1,-1,-1,-1,-1,-1,-1,-1,-1,-1,-1,-1,139,139,48,0.015,0,0,0,1,1,0,0,0,0,0,0,1,1,51,72,4,6,20,1,22,22,6,0,22,0,302,0,0,0,0,65,15,15,15,15,15,15,15,15,15,15,0,-1,-1,-1,-1,-1,-1,-1,-1,1.06,1,1,1,1,1,1,1,1,-1,-1,-1,-1,-1,10000,0,1,1,0,0,0,0,1,0,0,0,6,1400,310,6,6,1,2,45,-1,-1,-1,30130000,30130000,30130000,30130000,30130000,30130000,30130000,30130000,30130000,30130000,1,1,0,0,0,0,1,1,0,[0|0|0|0|0|0|0]
30130800,Gilded Magic Iron Shield,1,0,[0|0|0],3000,7108004,0,3,0,600,140,100,9,0,16,0,78,40,38,17,-1,-1,-1,-1,-1,-1,0,30130000,30130000,30130000,30130000,30130000,30130000,30130000,30130000,30130000,30130000,30130000,30130000,30130000,30130000,30130000,30130000,1,1,1,1,15,15,5,2117,12013,0,0,1,10,72,72,0,0,59,60,0,41,800,-1,-1,0,-1,7,0,12,48,2,0,160,0,10,0,0,15,8,0,0,0,99,0,0,30,60,0,2,0,0,0,22,22,22,22,1,1,1,1,0,0,1,0,0,0,0,0,0,1,0,0,0,0,1,0,0,0,0,0,0,0,0,1,0,1,1,1,0,2,0,106,2,2,0,0,401000,300,-1,-1,-1,-1,-1,-1,-1,-1,-1,-1,-1,-1,-1,-1,-1,-1,-1,-1,-1,-1,-1,-1,139,139,48,0.015,0,0,0,1,1,0,0,0,4,0,0,1,1,51,0,0,6,20,1,22,22,6,0,22,0,302,0,0,0,0,65,15,15,15,15,15,15,15,15,15,15,0,-1,-1,-1,-1,-1,-1,-1,-1,1.06,1,1,1,1,1,1,1,1,-1,-1,-1,-1,-1,10000,0,1,1,0,0,0,0,1,0,0,0,6,1400,310,6,6,1,2,45,-1,-1,-1,30130000,30130000,30130000,30130000,30130000,30130000,30130000,30130000,30130000,30130000,1,1,0,0,0,0,1,1,0,[0|0|0|0|0|0|0]
30130900,Gilded Cold Iron Shield,1,0,[0|0|0],3000,7108011,0,3,0,600,140,100,22,0,15,0,78,40,38,17,-1,107500,-1,-1,-1,-1,0,30130000,30130000,30130000,30130000,30130000,30130000,30130000,30130000,30130000,30130000,30130000,30130000,30130000,30130000,30130000,30130000,1,1,1,1,15,15,5,2117,12013,0,0,1,10,72,61,0,0,59,60,0,41,900,-1,-1,0,-1,7,0,12,48,2,0,160,0,10,0,0,15,8,0,0,0,99,0,0,30,60,0,2,0,0,0,22,22,22,22,1,1,1,1,0,0,1,0,0,0,0,0,0,1,0,0,0,0,1,0,0,0,0,0,0,0,0,1,0,1,1,1,0,2,0,106,2,2,0,0,401000,300,-1,-1,-1,-1,-1,-1,-1,-1,-1,-1,-1,-1,-1,-1,-1,-1,-1,-1,-1,-1,-1,-1,139,139,48,0.015,0,0,0,1,1,0,0,0,4,0,0,1,1,51,0,0,6,20,1,22,22,6,0,22,0,302,0,0,0,0,65,15,15,15,15,15,15,15,15,15,15,0,-1,-1,-1,-1,-1,-1,-1,-1,1.06,1,1,1,1,1,1,1,1,-1,-1,-1,-1,-1,10000,0,1,1,0,0,0,0,1,0,0,0,6,1400,310,6,6,1,2,45,6601,-1,-1,30130000,30130000,30130000,30130000,30130000,30130000,30130000,30130000,30130000,30130000,1,1,0,0,0,0,1,1,0,[0|0|0|0|0|0|0]
30131000,Gilded Poison Iron Shield,1,0,[0|0|0],3000,7108009,0,3,0,600,140,100,21,0,0,0,78,40,38,17,-1,106000,-1,-1,-1,-1,0,30130000,30130000,30130000,30130000,30130000,30130000,30130000,30130000,30130000,30130000,30130000,30130000,30130000,30130000,30130000,30130000,1,1,1,1,15,15,5,2117,12013,0,0,1,10,72,0,0,0,59,60,0,41,1000,-1,-1,0,-1,7,0,12,48,2,0,160,0,0,0,0,15,8,0,0,0,99,0,0,30,60,0,2,0,0,0,22,22,22,22,1,1,1,1,0,0,1,0,0,0,0,0,0,1,0,0,0,0,1,0,0,0,0,0,0,0,0,1,0,1,1,1,0,2,0,106,2,2,0,0,401000,300,-1,-1,-1,-1,-1,-1,-1,-1,-1,-1,-1,-1,-1,-1,-1,-1,-1,-1,-1,-1,-1,-1,139,139,48,0.015,0,0,0,1,1,0,0,0,0,0,0,1,1,51,0,0,6,20,1,22,22,6,0,22,0,302,30,0,0,0,65,15,15,15,15,15,15,15,15,15,15,0,-1,-1,-1,-1,-1,-1,-1,-1,1.06,1,1,1,1,1,1,1,1,-1,-1,-1,-1,-1,10013,0,1,1,0,0,0,0,1,0,0,0,6,1400,310,6,6,1,2,45,6401,-1,-1,30130000,30130000,30130000,30130000,30130000,30130000,30130000,30130000,30130000,30130000,1,1,0,0,0,0,1,1,0,[0|0|0|0|0|0|0]
30131100,Gilded Blood Iron Shield,1,0,[0|0|0],3000,7108010,0,3,0,600,140,100,21,0,0,0,78,40,38,17,105000,-1,-1,-1,-1,-1,0,30130000,30130000,30130000,30130000,30130000,30130000,30130000,30130000,30130000,30130000,30130000,30130000,30130000,30130000,30130000,30130000,1,1,1,1,15,15,5,2117,12013,0,0,1,10,72,0,0,0,59,60,0,41,1100,-1,-1,0,-1,7,0,12,48,2,0,160,0,0,0,0,15,8,0,0,0,99,0,0,30,60,0,2,0,0,0,22,22,22,22,1,1,1,1,0,0,1,0,0,0,0,0,0,1,0,0,0,0,1,0,0,0,0,0,0,0,0,1,0,1,1,1,0,2,0,106,2,2,0,0,401000,300,-1,-1,-1,-1,-1,-1,-1,-1,-1,-1,-1,-1,-1,-1,-1,-1,-1,-1,-1,-1,-1,-1,139,139,48,0.015,0,0,0,1,1,0,0,0,0,0,0,1,1,51,0,0,6,20,1,22,22,6,0,22,0,302,30,0,0,0,65,15,15,15,15,15,15,15,15,15,15,0,-1,-1,-1,-1,-1,-1,-1,-1,1.06,1,1,1,1,1,1,1,1,-1,-1,-1,-1,-1,10013,0,1,1,0,0,0,0,1,0,0,0,6,1400,310,6,6,1,2,45,6501,-1,-1,30130000,30130000,30130000,30130000,30130000,30130000,30130000,30130000,30130000,30130000,1,1,0,0,0,0,1,1,0,[0|0|0|0|0|0|0]
30131200,Gilded Occult Iron Shield,1,0,[0|0|0],3000,7108012,0,3,0,600,140,100,22,0,0,0,78,40,38,17,-1,-1,-1,-1,-1,-1,0,30130000,30130000,30130000,30130000,30130000,30130000,30130000,30130000,30130000,30130000,30130000,30130000,30130000,30130000,30130000,30130000,1,1,1,1,15,15,5,2117,12013,0,0,1,10,72,0,0,0,59,60,0,41,1200,-1,-1,0,-1,7,0,12,48,2,0,160,7,0,0,0,15,8,0,0,0,99,0,0,30,60,0,2,0,0,0,22,22,22,22,1,1,1,1,0,0,1,0,0,0,0,0,0,1,0,0,0,0,1,0,0,0,0,0,0,0,0,1,0,1,1,1,0,2,0,106,2,2,0,0,401000,300,-1,-1,-1,-1,-1,-1,-1,-1,-1,-1,-1,-1,-1,-1,-1,-1,-1,-1,-1,-1,-1,-1,139,139,48,0.015,0,0,0,1,1,0,0,0,0,0,0,1,1,51,0,0,6,20,1,22,22,6,0,22,0,302,22,0,0,0,65,15,15,15,15,15,15,15,15,15,15,0,-1,-1,-1,-1,-1,-1,-1,-1,1.06,1,1,1,1,1,1,1,1,-1,-1,-1,-1,-1,10013,0,1,1,0,0,0,0,1,0,0,0,6,1400,310,6,6,1,2,45,-1,-1,-1,30130000,30130000,30130000,30130000,30130000,30130000,30130000,30130000,30130000,30130000,1,1,0,0,0,0,1,1,0,[0|0|0|0|0|0|0]
30140000,Ice Crest Shield,1,0,[0|0|0],3000,7110000,0,3,0,600,140,100,24,0,0,0,77,57,41,18,-1,-1,-1,5301400,-1,-1,0,30140000,30140000,30140000,30140000,30140000,30140000,30140000,30140000,30140000,30140000,30140000,30140000,30140000,30140000,30140000,30140000,1,1,1,1,15,15,5,2118,12014,0,0,1,10,74,0,0,0,59,60,0,41,8000,-1,-1,0,-1,7,0,12,48,2,0,160,0,0,0,0,15,9,0,0,0,99,0,0,30,60,0,2,0,0,0,22,22,22,22,1,1,1,1,0,0,1,0,0,0,0,0,0,1,0,0,0,0,1,0,0,0,0,0,0,0,0,1,0,1,1,1,0,2,0,106,2,2,0,0,401000,300,-1,-1,-1,-1,-1,-1,-1,-1,-1,-1,-1,-1,-1,-1,-1,-1,-1,-1,-1,-1,-1,-1,139,139,48,0.015,0,0,0,1,1,0,0,0,0,0,0,1,1,35,0,0,6,20,1,22,22,6,0,22,0,10,0,0,0,0,65,15,15,15,15,15,15,15,15,15,15,0,-1,-1,-1,-1,-1,-1,-1,-1,1.06,1,1,1,1,1,1,1,1,-1,-1,-1,-1,-1,10000,0,1,1,0,0,0,0,1,0,0,0,6,1400,310,6,6,1,2,45,-1,-1,-1,30140000,30140000,30140000,30140000,30140000,30140000,30140000,30140000,30140000,30140000,1,1,0,0,0,0,1,1,0,[0|0|0|0|0|0|0]
30140100,Heavy Ice Crest Shield,1,0,[0|0|0],3000,7110001,0,3,0,600,140,100,22,0,0,0,77,57,41,18,-1,-1,-1,5301400,-1,-1,0,30140000,30140000,30140000,30140000,30140000,30140000,30140000,30140000,30140000,30140000,30140000,30140000,30140000,30140000,30140000,30140000,1,1,1,1,15,15,5,2118,12014,0,0,1,10,72,0,0,0,59,60,0,41,100,-1,-1,0,-1,7,0,12,48,2,0,160,1,0,0,0,15,9,0,0,0,99,0,0,30,60,0,2,0,0,0,22,22,22,22,1,1,1,1,0,0,1,0,0,0,0,0,0,1,0,0,0,0,1,0,0,0,0,0,0,0,0,1,0,1,1,1,0,2,0,106,2,2,0,0,401000,300,-1,-1,-1,-1,-1,-1,-1,-1,-1,-1,-1,-1,-1,-1,-1,-1,-1,-1,-1,-1,-1,-1,139,139,48,0.015,0,0,0,1,1,0,0,0,0,0,0,1,1,35,0,0,6,20,1,22,22,6,0,22,0,10,0,0,0,0,65,15,15,15,15,15,15,15,15,15,15,0,-1,-1,-1,-1,-1,-1,-1,-1,1.06,1,1,1,1,1,1,1,1,-1,-1,-1,-1,-1,10000,0,1,1,0,0,0,0,1,0,0,0,6,1400,310,6,6,1,2,45,-1,-1,-1,30140000,30140000,30140000,30140000,30140000,30140000,30140000,30140000,30140000,30140000,1,1,0,0,0,0,1,1,0,[0|0|0|0|0|0|0]
30140200,Keen Ice Crest Shield,1,0,[0|0|0],3000,7110002,0,3,0,600,140,100,4,21,0,0,77,57,41,18,-1,-1,-1,5301400,-1,-1,0,30140000,30140000,30140000,30140000,30140000,30140000,30140000,30140000,30140000,30140000,30140000,30140000,30140000,30140000,30140000,30140000,1,1,1,1,15,15,5,2118,12014,0,0,1,10,72,0,0,0,59,60,0,41,200,-1,-1,0,-1,7,0,12,48,2,0,160,2,0,0,0,15,9,0,0,0,99,0,0,30,60,0,2,0,0,0,22,22,22,22,1,1,1,1,0,0,1,0,0,0,0,0,0,1,0,0,0,0,1,0,0,0,0,0,0,0,0,1,0,1,1,1,0,2,0,106,2,2,0,0,401000,300,-1,-1,-1,-1,-1,-1,-1,-1,-1,-1,-1,-1,-1,-1,-1,-1,-1,-1,-1,-1,-1,-1,139,139,48,0.015,0,0,0,1,1,0,0,0,0,0,0,1,1,35,0,0,6,20,1,22,22,6,0,22,0,10,0,0,0,0,65,15,15,15,15,15,15,15,15,15,15,0,-1,-1,-1,-1,-1,-1,-1,-1,1.06,1,1,1,1,1,1,1,1,-1,-1,-1,-1,-1,10000,0,1,1,0,0,0,0,1,0,0,0,6,1400,310,6,6,1,2,45,-1,-1,-1,30140000,30140000,30140000,30140000,30140000,30140000,30140000,30140000,30140000,30140000,1,1,0,0,0,0,1,1,0,[0|0|0|0|0|0|0]
30140300,Quality Ice Crest Shield,1,0,[0|0|0],3000,7110003,0,3,0,600,140,100,26,26,0,0,77,57,41,18,-1,-1,-1,5301400,-1,-1,0,30140000,30140000,30140000,30140000,30140000,30140000,30140000,30140000,30140000,30140000,30140000,30140000,30140000,30140000,30140000,30140000,1,1,1,1,15,15,5,2118,12014,0,0,1,10,72,0,0,0,59,60,0,41,300,-1,-1,0,-1,7,0,12,48,2,0,160,8,0,0,0,15,9,0,0,0,99,0,0,30,60,0,2,0,0,0,22,22,22,22,1,1,1,1,0,0,1,0,0,0,0,0,0,1,0,0,0,0,1,0,0,0,0,0,0,0,0,1,0,1,1,1,0,2,0,106,2,2,0,0,401000,300,-1,-1,-1,-1,-1,-1,-1,-1,-1,-1,-1,-1,-1,-1,-1,-1,-1,-1,-1,-1,-1,-1,139,139,48,0.015,0,0,0,1,1,0,0,0,0,0,0,1,1,35,0,0,6,20,1,22,22,6,0,22,0,10,0,0,0,0,65,15,15,15,15,15,15,15,15,15,15,0,-1,-1,-1,-1,-1,-1,-1,-1,1.06,1,1,1,1,1,1,1,1,-1,-1,-1,-1,-1,10000,0,1,1,0,0,0,0,1,0,0,0,6,1400,310,6,6,1,2,45,-1,-1,-1,30140000,30140000,30140000,30140000,30140000,30140000,30140000,30140000,30140000,30140000,1,1,0,0,0,0,1,1,0,[0|0|0|0|0|0|0]
30140400,Fire Ice Crest Shield,1,0,[0|0|0],3000,7110005,0,3,0,600,140,100,19,12,0,0,77,57,41,18,-1,-1,-1,5301400,-1,-1,0,30140000,30140000,30140000,30140000,30140000,30140000,30140000,30140000,30140000,30140000,30140000,30140000,30140000,30140000,30140000,30140000,1,1,1,1,15,15,5,2118,12014,0,0,1,10,72,0,72,0,59,60,0,41,400,-1,-1,0,-1,7,0,12,48,2,0,160,0,11,0,0,15,9,0,0,0,99,0,0,30,60,0,2,0,0,0,22,22,22,22,1,1,1,1,0,0,1,0,0,0,0,0,0,1,0,0,0,0,1,0,0,0,0,0,0,0,0,1,0,1,1,1,0,2,0,106,2,2,0,0,401000,300,-1,-1,-1,-1,-1,-1,-1,-1,-1,-1,-1,-1,-1,-1,-1,-1,-1,-1,-1,-1,-1,-1,139,139,48,0.015,0,0,0,1,1,0,0,0,0,4,0,1,1,35,0,0,6,20,1,22,22,6,0,22,0,10,0,0,0,0,65,15,15,15,15,15,15,15,15,15,15,0,-1,-1,-1,-1,-1,-1,-1,-1,1.06,1,1,1,1,1,1,1,1,-1,-1,-1,-1,-1,10005,0,1,1,0,0,0,0,1,0,0,0,6,1400,310,6,6,1,2,45,-1,-1,-1,30140000,30140000,30140000,30140000,30140000,30140000,30140000,30140000,30140000,30140000,1,1,0,0,0,0,1,1,0,[0|0|0|0|0|0|0]
30140500,Flame Art Ice Crest Shield,1,0,[0|0|0],3000,7110006,0,3,0,600,140,100,9,0,0,16,77,57,41,18,-1,-1,-1,5301400,-1,-1,0,30140000,30140000,30140000,30140000,30140000,30140000,30140000,30140000,30140000,30140000,30140000,30140000,30140000,30140000,30140000,30140000,1,1,1,1,15,15,5,2118,12014,0,0,1,10,72,0,72,0,59,60,0,41,500,-1,-1,0,-1,7,0,12,48,2,0,160,0,11,0,0,15,9,0,0,0,99,0,0,30,60,0,2,0,0,0,22,22,22,22,1,1,1,1,0,0,1,0,0,0,0,0,0,1,0,0,0,0,1,0,0,0,0,0,0,0,0,1,0,1,1,1,0,2,0,106,2,2,0,0,401000,300,-1,-1,-1,-1,-1,-1,-1,-1,-1,-1,-1,-1,-1,-1,-1,-1,-1,-1,-1,-1,-1,-1,139,139,48,0.015,0,0,0,1,1,0,0,0,0,4,0,1,1,35,0,0,6,20,1,22,22,6,0,22,0,10,0,0,0,0,65,15,15,15,15,15,15,15,15,15,15,0,-1,-1,-1,-1,-1,-1,-1,-1,1.06,1,1,1,1,1,1,1,1,-1,-1,-1,-1,-1,10000,0,1,1,0,0,0,0,1,0,0,0,6,1400,310,6,6,1,2,45,-1,-1,-1,30140000,30140000,30140000,30140000,30140000,30140000,30140000,30140000,30140000,30140000,1,1,0,0,0,0,1,1,0,[0|0|0|0|0|0|0]
30140600,Lightning Ice Crest Shield,1,0,[0|0|0],3000,7110007,0,3,0,600,140,100,4,20,0,0,77,57,41,18,-1,-1,-1,5301400,-1,-1,0,30140000,30140000,30140000,30140000,30140000,30140000,30140000,30140000,30140000,30140000,30140000,30140000,30140000,30140000,30140000,30140000,1,1,1,1,15,15,5,2118,12014,0,0,1,10,72,0,0,72,59,60,0,41,600,-1,-1,0,-1,7,0,12,48,2,0,160,0,12,0,0,15,9,0,0,0,99,0,0,30,60,0,2,0,0,0,22,22,22,22,1,1,1,1,0,0,1,0,0,0,0,0,0,1,0,0,0,0,1,0,0,0,0,0,0,0,0,1,0,1,1,1,0,2,0,106,2,2,0,0,401000,300,-1,-1,-1,-1,-1,-1,-1,-1,-1,-1,-1,-1,-1,-1,-1,-1,-1,-1,-1,-1,-1,-1,139,139,48,0.015,0,0,0,1,1,0,0,0,0,0,4,1,1,35,0,0,6,20,1,22,22,6,0,22,0,10,0,0,0,0,65,15,15,15,15,15,15,15,15,15,15,0,-1,-1,-1,-1,-1,-1,-1,-1,1.06,1,1,1,1,1,1,1,1,-1,-1,-1,-1,-1,10000,0,1,1,0,0,0,0,1,0,0,0,6,1400,310,6,6,1,2,45,-1,-1,-1,30140000,30140000,30140000,30140000,30140000,30140000,30140000,30140000,30140000,30140000,1,1,0,0,0,0,1,1,0,[0|0|0|0|0|0|0]
30140700,Sacred Ice Crest Shield,1,0,[0|0|0],3000,7110008,0,3,0,600,140,100,12,0,0,14,77,57,41,18,-1,-1,-1,5301400,-1,-1,0,30140000,30140000,30140000,30140000,30140000,30140000,30140000,30140000,30140000,30140000,30140000,30140000,30140000,30140000,30140000,30140000,1,1,1,1,15,15,5,2118,12014,0,0,1,10,72,0,0,0,59,60,0,41,700,-1,-1,0,-1,7,0,12,48,2,0,160,0,13,0,0,15,9,0,0,0,99,0,0,30,60,0,2,0,0,0,22,22,22,22,1,1,1,1,0,0,1,0,0,0,0,0,0,1,0,0,0,0,1,0,0,0,0,0,0,0,0,1,0,1,1,1,0,2,0,106,2,2,0,0,401000,300,-1,-1,-1,-1,-1,-1,-1,-1,-1,-1,-1,-1,-1,-1,-1,-1,-1,-1,-1,-1,-1,-1,139,139,48,0.015,0,0,0,1,1,0,0,0,0,0,0,1,1,35,72,4,6,20,1,22,22,6,0,22,0,10,0,0,0,0,65,15,15,15,15,15,15,15,15,15,15,0,-1,-1,-1,-1,-1,-1,-1,-1,1.06,1,1,1,1,1,1,1,1,-1,-1,-1,-1,-1,10000,0,1,1,0,0,0,0,1,0,0,0,6,1400,310,6,6,1,2,45,-1,-1,-1,30140000,30140000,30140000,30140000,30140000,30140000,30140000,30140000,30140000,30140000,1,1,0,0,0,0,1,1,0,[0|0|0|0|0|0|0]
30140800,Magic Ice Crest Shield,1,0,[0|0|0],3000,7110004,0,3,0,600,140,100,9,0,16,0,77,57,41,18,-1,-1,-1,5301400,-1,-1,0,30140000,30140000,30140000,30140000,30140000,30140000,30140000,30140000,30140000,30140000,30140000,30140000,30140000,30140000,30140000,30140000,1,1,1,1,15,15,5,2118,12014,0,0,1,10,72,72,0,0,59,60,0,41,800,-1,-1,0,-1,7,0,12,48,2,0,160,0,10,0,0,15,9,0,0,0,99,0,0,30,60,0,2,0,0,0,22,22,22,22,1,1,1,1,0,0,1,0,0,0,0,0,0,1,0,0,0,0,1,0,0,0,0,0,0,0,0,1,0,1,1,1,0,2,0,106,2,2,0,0,401000,300,-1,-1,-1,-1,-1,-1,-1,-1,-1,-1,-1,-1,-1,-1,-1,-1,-1,-1,-1,-1,-1,-1,139,139,48,0.015,0,0,0,1,1,0,0,0,4,0,0,1,1,35,0,0,6,20,1,22,22,6,0,22,0,10,0,0,0,0,65,15,15,15,15,15,15,15,15,15,15,0,-1,-1,-1,-1,-1,-1,-1,-1,1.06,1,1,1,1,1,1,1,1,-1,-1,-1,-1,-1,10000,0,1,1,0,0,0,0,1,0,0,0,6,1400,310,6,6,1,2,45,-1,-1,-1,30140000,30140000,30140000,30140000,30140000,30140000,30140000,30140000,30140000,30140000,1,1,0,0,0,0,1,1,0,[0|0|0|0|0|0|0]
30140900,Cold Ice Crest Shield,1,0,[0|0|0],3000,7110011,0,3,0,600,140,100,22,0,15,0,77,57,41,18,-1,107500,-1,5301400,-1,-1,0,30140000,30140000,30140000,30140000,30140000,30140000,30140000,30140000,30140000,30140000,30140000,30140000,30140000,30140000,30140000,30140000,1,1,1,1,15,15,5,2118,12014,0,0,1,10,72,61,0,0,59,60,0,41,900,-1,-1,0,-1,7,0,12,48,2,0,160,0,10,0,0,15,9,0,0,0,99,0,0,30,60,0,2,0,0,0,22,22,22,22,1,1,1,1,0,0,1,0,0,0,0,0,0,1,0,0,0,0,1,0,0,0,0,0,0,0,0,1,0,1,1,1,0,2,0,106,2,2,0,0,401000,300,-1,-1,-1,-1,-1,-1,-1,-1,-1,-1,-1,-1,-1,-1,-1,-1,-1,-1,-1,-1,-1,-1,139,139,48,0.015,0,0,0,1,1,0,0,0,4,0,0,1,1,35,0,0,6,20,1,22,22,6,0,22,0,10,0,0,0,0,65,15,15,15,15,15,15,15,15,15,15,0,-1,-1,-1,-1,-1,-1,-1,-1,1.06,1,1,1,1,1,1,1,1,-1,-1,-1,-1,-1,10000,0,1,1,0,0,0,0,1,0,0,0,6,1400,310,6,6,1,2,45,6601,-1,-1,30140000,30140000,30140000,30140000,30140000,30140000,30140000,30140000,30140000,30140000,1,1,0,0,0,0,1,1,0,[0|0|0|0|0|0|0]
30141000,Poison Ice Crest Shield,1,0,[0|0|0],3000,7110009,0,3,0,600,140,100,21,0,0,0,77,57,41,18,-1,106000,-1,5301400,-1,-1,0,30140000,30140000,30140000,30140000,30140000,30140000,30140000,30140000,30140000,30140000,30140000,30140000,30140000,30140000,30140000,30140000,1,1,1,1,15,15,5,2118,12014,0,0,1,10,72,0,0,0,59,60,0,41,1000,-1,-1,0,-1,7,0,12,48,2,0,160,0,0,0,0,15,9,0,0,0,99,0,0,30,60,0,2,0,0,0,22,22,22,22,1,1,1,1,0,0,1,0,0,0,0,0,0,1,0,0,0,0,1,0,0,0,0,0,0,0,0,1,0,1,1,1,0,2,0,106,2,2,0,0,401000,300,-1,-1,-1,-1,-1,-1,-1,-1,-1,-1,-1,-1,-1,-1,-1,-1,-1,-1,-1,-1,-1,-1,139,139,48,0.015,0,0,0,1,1,0,0,0,0,0,0,1,1,35,0,0,6,20,1,22,22,6,0,22,0,10,30,0,0,0,65,15,15,15,15,15,15,15,15,15,15,0,-1,-1,-1,-1,-1,-1,-1,-1,1.06,1,1,1,1,1,1,1,1,-1,-1,-1,-1,-1,10013,0,1,1,0,0,0,0,1,0,0,0,6,1400,310,6,6,1,2,45,6401,-1,-1,30140000,30140000,30140000,30140000,30140000,30140000,30140000,30140000,30140000,30140000,1,1,0,0,0,0,1,1,0,[0|0|0|0|0|0|0]
30141100,Blood Ice Crest Shield,1,0,[0|0|0],3000,7110010,0,3,0,600,140,100,21,0,0,0,77,57,41,18,105000,-1,-1,5301400,-1,-1,0,30140000,30140000,30140000,30140000,30140000,30140000,30140000,30140000,30140000,30140000,30140000,30140000,30140000,30140000,30140000,30140000,1,1,1,1,15,15,5,2118,12014,0,0,1,10,72,0,0,0,59,60,0,41,1100,-1,-1,0,-1,7,0,12,48,2,0,160,0,0,0,0,15,9,0,0,0,99,0,0,30,60,0,2,0,0,0,22,22,22,22,1,1,1,1,0,0,1,0,0,0,0,0,0,1,0,0,0,0,1,0,0,0,0,0,0,0,0,1,0,1,1,1,0,2,0,106,2,2,0,0,401000,300,-1,-1,-1,-1,-1,-1,-1,-1,-1,-1,-1,-1,-1,-1,-1,-1,-1,-1,-1,-1,-1,-1,139,139,48,0.015,0,0,0,1,1,0,0,0,0,0,0,1,1,35,0,0,6,20,1,22,22,6,0,22,0,10,30,0,0,0,65,15,15,15,15,15,15,15,15,15,15,0,-1,-1,-1,-1,-1,-1,-1,-1,1.06,1,1,1,1,1,1,1,1,-1,-1,-1,-1,-1,10013,0,1,1,0,0,0,0,1,0,0,0,6,1400,310,6,6,1,2,45,6501,-1,-1,30140000,30140000,30140000,30140000,30140000,30140000,30140000,30140000,30140000,30140000,1,1,0,0,0,0,1,1,0,[0|0|0|0|0|0|0]
30141200,Occult Ice Crest Shield,1,0,[0|0|0],3000,7110012,0,3,0,600,140,100,22,0,0,0,77,57,41,18,-1,-1,-1,5301400,-1,-1,0,30140000,30140000,30140000,30140000,30140000,30140000,30140000,30140000,30140000,30140000,30140000,30140000,30140000,30140000,30140000,30140000,1,1,1,1,15,15,5,2118,12014,0,0,1,10,72,0,0,0,59,60,0,41,1200,-1,-1,0,-1,7,0,12,48,2,0,160,7,0,0,0,15,9,0,0,0,99,0,0,30,60,0,2,0,0,0,22,22,22,22,1,1,1,1,0,0,1,0,0,0,0,0,0,1,0,0,0,0,1,0,0,0,0,0,0,0,0,1,0,1,1,1,0,2,0,106,2,2,0,0,401000,300,-1,-1,-1,-1,-1,-1,-1,-1,-1,-1,-1,-1,-1,-1,-1,-1,-1,-1,-1,-1,-1,-1,139,139,48,0.015,0,0,0,1,1,0,0,0,0,0,0,1,1,35,0,0,6,20,1,22,22,6,0,22,0,10,22,0,0,0,65,15,15,15,15,15,15,15,15,15,15,0,-1,-1,-1,-1,-1,-1,-1,-1,1.06,1,1,1,1,1,1,1,1,-1,-1,-1,-1,-1,10013,0,1,1,0,0,0,0,1,0,0,0,6,1400,310,6,6,1,2,45,-1,-1,-1,30140000,30140000,30140000,30140000,30140000,30140000,30140000,30140000,30140000,30140000,1,1,0,0,0,0,1,1,0,[0|0|0|0|0|0|0]
30150000,Smoldering Shield,1,0,[0|0|0],3000,7115000,0,3,0,600,140,100,24,0,0,40,79,38,56,14,-1,-1,-1,5301500,-1,-1,0,30150000,30150000,30150000,30150000,30150000,30150000,30150000,30150000,30150000,30150000,30150000,30150000,30150000,30150000,30150000,30150000,1,1,1,1,15,15,5,2119,12015,0,0,1,10,58,0,37,0,59,60,0,41,8000,-1,-1,0,-1,7,0,12,48,2,0,160,0,11,0,0,15,10,9,0,12,99,0,0,30,60,0,2,0,0,0,22,22,22,22,1,1,1,1,0,0,1,0,0,0,0,0,0,1,0,0,0,0,1,0,0,0,0,0,0,0,0,1,0,1,1,1,0,2,1,106,2,2,0,0,401000,300,-1,-1,-1,-1,-1,-1,-1,-1,-1,-1,-1,-1,-1,-1,-1,-1,-1,-1,-1,-1,-1,-1,139,139,48,0.015,0,0,0,1,1,0,0,0,0,4,0,1,1,38,0,0,6,20,1,22,22,6,0,22,0,300,0,0,0,0,65,15,15,15,15,15,15,15,15,15,15,0,-1,-1,-1,-1,-1,-1,-1,-1,1.06,1,1,1,1,1,1,1,1,-1,-1,-1,-1,-1,10000,0,1,1,0,0,0,0,1,0,0,0,6,1400,310,6,6,2,0,45,-1,-1,-1,30150000,30150000,30150000,30150000,30150000,30150000,30150000,30150000,30150000,30150000,1,1,0,0,0,0,1,1,0,[0|0|0|0|0|0|0]
30190000,Spiralhorn Shield,1,0,[0|0|0],3000,7114000,0,2,0,600,140,100,24,0,0,0,61,35,39,39,6400,-1,-1,5301900,-1,-1,0,30190000,30190000,30190000,30190000,30190000,30190000,30190000,30190000,30190000,30190000,30190000,30190000,30190000,30190000,30190000,30190000,1,1,1,1,15,15,5,2113,12019,0,0,1,10,75,0,0,0,51,60,0,35,8000,-1,-1,0,-1,7,0,12,48,2,2,105,0,0,0,0,15,8,10,0,0,99,0,0,30,60,0,2,0,0,0,20,20,20,20,1,1,1,1,0,0,1,0,0,0,0,0,0,1,0,0,0,0,1,0,0,0,0,0,0,0,0,1,0,1,1,1,0,2,0,128,2,2,0,0,401000,300,-1,-1,-1,-1,-1,-1,-1,-1,-1,-1,-1,-1,-1,-1,-1,-1,-1,-1,-1,-1,-1,-1,139,139,48,0.015,0,0,0,1,1,0,0,0,0,0,0,1,1,32,0,0,6,20,1,20,20,6,0,20,0,302,0,0,0,0,65,15,15,15,15,15,15,15,15,15,15,0,-1,-1,-1,-1,-1,-1,-1,-1,1.04,1,1,1,1,1,1,1,1,-1,-1,-1,-1,-1,10000,0,1,1,0,0,0,0,1,0,0,0,1,1400,310,6,6,2,2,45,6501,-1,-1,30190000,30190000,30190000,30190000,30190000,30190000,30190000,30190000,30190000,30190000,1,1,0,0,0,0,1,1,0,[0|0|0|0|0|0|0]
30190100,Heavy Spiralhorn Shield,1,0,[0|0|0],3000,7114001,0,2,0,600,140,100,22,0,0,0,61,35,39,39,6400,-1,-1,5301900,-1,-1,0,30190000,30190000,30190000,30190000,30190000,30190000,30190000,30190000,30190000,30190000,30190000,30190000,30190000,30190000,30190000,30190000,1,1,1,1,15,15,5,2113,12019,0,0,1,10,73,0,0,0,51,60,0,35,100,-1,-1,0,-1,7,0,12,48,2,2,105,1,0,0,0,15,8,10,0,0,99,0,0,30,60,0,2,0,0,0,20,20,20,20,1,1,1,1,0,0,1,0,0,0,0,0,0,1,0,0,0,0,1,0,0,0,0,0,0,0,0,1,0,1,1,1,0,2,0,128,2,2,0,0,401000,300,-1,-1,-1,-1,-1,-1,-1,-1,-1,-1,-1,-1,-1,-1,-1,-1,-1,-1,-1,-1,-1,-1,139,139,48,0.015,0,0,0,1,1,0,0,0,0,0,0,1,1,32,0,0,6,20,1,20,20,6,0,20,0,302,0,0,0,0,65,15,15,15,15,15,15,15,15,15,15,0,-1,-1,-1,-1,-1,-1,-1,-1,1.04,1,1,1,1,1,1,1,1,-1,-1,-1,-1,-1,10000,0,1,1,0,0,0,0,1,0,0,0,1,1400,310,6,6,2,2,45,6501,-1,-1,30190000,30190000,30190000,30190000,30190000,30190000,30190000,30190000,30190000,30190000,1,1,0,0,0,0,1,1,0,[0|0|0|0|0|0|0]
30190200,Keen Spiralhorn Shield,1,0,[0|0|0],3000,7114002,0,2,0,600,140,100,4,21,0,0,61,35,39,39,6400,-1,-1,5301900,-1,-1,0,30190000,30190000,30190000,30190000,30190000,30190000,30190000,30190000,30190000,30190000,30190000,30190000,30190000,30190000,30190000,30190000,1,1,1,1,15,15,5,2113,12019,0,0,1,10,73,0,0,0,51,60,0,35,200,-1,-1,0,-1,7,0,12,48,2,2,105,2,0,0,0,15,8,10,0,0,99,0,0,30,60,0,2,0,0,0,20,20,20,20,1,1,1,1,0,0,1,0,0,0,0,0,0,1,0,0,0,0,1,0,0,0,0,0,0,0,0,1,0,1,1,1,0,2,0,128,2,2,0,0,401000,300,-1,-1,-1,-1,-1,-1,-1,-1,-1,-1,-1,-1,-1,-1,-1,-1,-1,-1,-1,-1,-1,-1,139,139,48,0.015,0,0,0,1,1,0,0,0,0,0,0,1,1,32,0,0,6,20,1,20,20,6,0,20,0,302,0,0,0,0,65,15,15,15,15,15,15,15,15,15,15,0,-1,-1,-1,-1,-1,-1,-1,-1,1.04,1,1,1,1,1,1,1,1,-1,-1,-1,-1,-1,10000,0,1,1,0,0,0,0,1,0,0,0,1,1400,310,6,6,2,2,45,6501,-1,-1,30190000,30190000,30190000,30190000,30190000,30190000,30190000,30190000,30190000,30190000,1,1,0,0,0,0,1,1,0,[0|0|0|0|0|0|0]
30190300,Quality Spiralhorn Shield,1,0,[0|0|0],3000,7114003,0,2,0,600,140,100,26,26,0,0,61,35,39,39,6400,-1,-1,5301900,-1,-1,0,30190000,30190000,30190000,30190000,30190000,30190000,30190000,30190000,30190000,30190000,30190000,30190000,30190000,30190000,30190000,30190000,1,1,1,1,15,15,5,2113,12019,0,0,1,10,73,0,0,0,51,60,0,35,300,-1,-1,0,-1,7,0,12,48,2,2,105,8,0,0,0,15,8,10,0,0,99,0,0,30,60,0,2,0,0,0,20,20,20,20,1,1,1,1,0,0,1,0,0,0,0,0,0,1,0,0,0,0,1,0,0,0,0,0,0,0,0,1,0,1,1,1,0,2,0,128,2,2,0,0,401000,300,-1,-1,-1,-1,-1,-1,-1,-1,-1,-1,-1,-1,-1,-1,-1,-1,-1,-1,-1,-1,-1,-1,139,139,48,0.015,0,0,0,1,1,0,0,0,0,0,0,1,1,32,0,0,6,20,1,20,20,6,0,20,0,302,0,0,0,0,65,15,15,15,15,15,15,15,15,15,15,0,-1,-1,-1,-1,-1,-1,-1,-1,1.04,1,1,1,1,1,1,1,1,-1,-1,-1,-1,-1,10000,0,1,1,0,0,0,0,1,0,0,0,1,1400,310,6,6,2,2,45,6501,-1,-1,30190000,30190000,30190000,30190000,30190000,30190000,30190000,30190000,30190000,30190000,1,1,0,0,0,0,1,1,0,[0|0|0|0|0|0|0]
30190400,Fire Spiralhorn Shield,1,0,[0|0|0],3000,7114005,0,2,0,600,140,100,19,12,0,0,61,35,39,39,6400,-1,-1,5301900,-1,-1,0,30190000,30190000,30190000,30190000,30190000,30190000,30190000,30190000,30190000,30190000,30190000,30190000,30190000,30190000,30190000,30190000,1,1,1,1,15,15,5,2113,12019,0,0,1,10,73,0,73,0,51,60,0,35,400,-1,-1,0,-1,7,0,12,48,2,2,105,0,11,0,0,15,8,10,0,0,99,0,0,30,60,0,2,0,0,0,20,20,20,20,1,1,1,1,0,0,1,0,0,0,0,0,0,1,0,0,0,0,1,0,0,0,0,0,0,0,0,1,0,1,1,1,0,2,0,128,2,2,0,0,401000,300,-1,-1,-1,-1,-1,-1,-1,-1,-1,-1,-1,-1,-1,-1,-1,-1,-1,-1,-1,-1,-1,-1,139,139,48,0.015,0,0,0,1,1,0,0,0,0,4,0,1,1,32,0,0,6,20,1,20,20,6,0,20,0,302,0,0,0,0,65,15,15,15,15,15,15,15,15,15,15,0,-1,-1,-1,-1,-1,-1,-1,-1,1.04,1,1,1,1,1,1,1,1,-1,-1,-1,-1,-1,10005,0,1,1,0,0,0,0,1,0,0,0,1,1400,310,6,6,2,2,45,6501,-1,-1,30190000,30190000,30190000,30190000,30190000,30190000,30190000,30190000,30190000,30190000,1,1,0,0,0,0,1,1,0,[0|0|0|0|0|0|0]
30190500,Flame Art Spiralhorn Shield,1,0,[0|0|0],3000,7114006,0,2,0,600,140,100,9,0,0,16,61,35,39,39,6400,-1,-1,5301900,-1,-1,0,30190000,30190000,30190000,30190000,30190000,30190000,30190000,30190000,30190000,30190000,30190000,30190000,30190000,30190000,30190000,30190000,1,1,1,1,15,15,5,2113,12019,0,0,1,10,73,0,73,0,51,60,0,35,500,-1,-1,0,-1,7,0,12,48,2,2,105,0,11,0,0,15,8,10,0,0,99,0,0,30,60,0,2,0,0,0,20,20,20,20,1,1,1,1,0,0,1,0,0,0,0,0,0,1,0,0,0,0,1,0,0,0,0,0,0,0,0,1,0,1,1,1,0,2,0,128,2,2,0,0,401000,300,-1,-1,-1,-1,-1,-1,-1,-1,-1,-1,-1,-1,-1,-1,-1,-1,-1,-1,-1,-1,-1,-1,139,139,48,0.015,0,0,0,1,1,0,0,0,0,4,0,1,1,32,0,0,6,20,1,20,20,6,0,20,0,302,0,0,0,0,65,15,15,15,15,15,15,15,15,15,15,0,-1,-1,-1,-1,-1,-1,-1,-1,1.04,1,1,1,1,1,1,1,1,-1,-1,-1,-1,-1,10000,0,1,1,0,0,0,0,1,0,0,0,1,1400,310,6,6,2,2,45,6501,-1,-1,30190000,30190000,30190000,30190000,30190000,30190000,30190000,30190000,30190000,30190000,1,1,0,0,0,0,1,1,0,[0|0|0|0|0|0|0]
30190600,Lightning Spiralhorn Shield,1,0,[0|0|0],3000,7114007,0,2,0,600,140,100,4,20,0,0,61,35,39,39,6400,-1,-1,5301900,-1,-1,0,30190000,30190000,30190000,30190000,30190000,30190000,30190000,30190000,30190000,30190000,30190000,30190000,30190000,30190000,30190000,30190000,1,1,1,1,15,15,5,2113,12019,0,0,1,10,73,0,0,73,51,60,0,35,600,-1,-1,0,-1,7,0,12,48,2,2,105,0,12,0,0,15,8,10,0,0,99,0,0,30,60,0,2,0,0,0,20,20,20,20,1,1,1,1,0,0,1,0,0,0,0,0,0,1,0,0,0,0,1,0,0,0,0,0,0,0,0,1,0,1,1,1,0,2,0,128,2,2,0,0,401000,300,-1,-1,-1,-1,-1,-1,-1,-1,-1,-1,-1,-1,-1,-1,-1,-1,-1,-1,-1,-1,-1,-1,139,139,48,0.015,0,0,0,1,1,0,0,0,0,0,4,1,1,32,0,0,6,20,1,20,20,6,0,20,0,302,0,0,0,0,65,15,15,15,15,15,15,15,15,15,15,0,-1,-1,-1,-1,-1,-1,-1,-1,1.04,1,1,1,1,1,1,1,1,-1,-1,-1,-1,-1,10000,0,1,1,0,0,0,0,1,0,0,0,1,1400,310,6,6,2,2,45,6501,-1,-1,30190000,30190000,30190000,30190000,30190000,30190000,30190000,30190000,30190000,30190000,1,1,0,0,0,0,1,1,0,[0|0|0|0|0|0|0]
30190700,Sacred Spiralhorn Shield,1,0,[0|0|0],3000,7114008,0,2,0,600,140,100,12,0,0,14,61,35,39,39,6400,-1,-1,5301900,-1,-1,0,30190000,30190000,30190000,30190000,30190000,30190000,30190000,30190000,30190000,30190000,30190000,30190000,30190000,30190000,30190000,30190000,1,1,1,1,15,15,5,2113,12019,0,0,1,10,73,0,0,0,51,60,0,35,700,-1,-1,0,-1,7,0,12,48,2,2,105,0,13,0,0,15,8,10,0,0,99,0,0,30,60,0,2,0,0,0,20,20,20,20,1,1,1,1,0,0,1,0,0,0,0,0,0,1,0,0,0,0,1,0,0,0,0,0,0,0,0,1,0,1,1,1,0,2,0,128,2,2,0,0,401000,300,-1,-1,-1,-1,-1,-1,-1,-1,-1,-1,-1,-1,-1,-1,-1,-1,-1,-1,-1,-1,-1,-1,139,139,48,0.015,0,0,0,1,1,0,0,0,0,0,0,1,1,32,73,4,6,20,1,20,20,6,0,20,0,302,0,0,0,0,65,15,15,15,15,15,15,15,15,15,15,0,-1,-1,-1,-1,-1,-1,-1,-1,1.04,1,1,1,1,1,1,1,1,-1,-1,-1,-1,-1,10000,0,1,1,0,0,0,0,1,0,0,0,1,1400,310,6,6,2,2,45,6501,-1,-1,30190000,30190000,30190000,30190000,30190000,30190000,30190000,30190000,30190000,30190000,1,1,0,0,0,0,1,1,0,[0|0|0|0|0|0|0]
30190800,Magic Spiralhorn Shield,1,0,[0|0|0],3000,7114004,0,2,0,600,140,100,9,0,16,0,61,35,39,39,6400,-1,-1,5301900,-1,-1,0,30190000,30190000,30190000,30190000,30190000,30190000,30190000,30190000,30190000,30190000,30190000,30190000,30190000,30190000,30190000,30190000,1,1,1,1,15,15,5,2113,12019,0,0,1,10,73,73,0,0,51,60,0,35,800,-1,-1,0,-1,7,0,12,48,2,2,105,0,10,0,0,15,8,10,0,0,99,0,0,30,60,0,2,0,0,0,20,20,20,20,1,1,1,1,0,0,1,0,0,0,0,0,0,1,0,0,0,0,1,0,0,0,0,0,0,0,0,1,0,1,1,1,0,2,0,128,2,2,0,0,401000,300,-1,-1,-1,-1,-1,-1,-1,-1,-1,-1,-1,-1,-1,-1,-1,-1,-1,-1,-1,-1,-1,-1,139,139,48,0.015,0,0,0,1,1,0,0,0,4,0,0,1,1,32,0,0,6,20,1,20,20,6,0,20,0,302,0,0,0,0,65,15,15,15,15,15,15,15,15,15,15,0,-1,-1,-1,-1,-1,-1,-1,-1,1.04,1,1,1,1,1,1,1,1,-1,-1,-1,-1,-1,10000,0,1,1,0,0,0,0,1,0,0,0,1,1400,310,6,6,2,2,45,6501,-1,-1,30190000,30190000,30190000,30190000,30190000,30190000,30190000,30190000,30190000,30190000,1,1,0,0,0,0,1,1,0,[0|0|0|0|0|0|0]
30190900,Cold Spiralhorn Shield,1,0,[0|0|0],3000,7114011,0,2,0,600,140,100,22,0,15,0,61,35,39,39,6400,107500,-1,5301900,-1,-1,0,30190000,30190000,30190000,30190000,30190000,30190000,30190000,30190000,30190000,30190000,30190000,30190000,30190000,30190000,30190000,30190000,1,1,1,1,15,15,5,2113,12019,0,0,1,10,73,62,0,0,51,60,0,35,900,-1,-1,0,-1,7,0,12,48,2,2,105,0,10,0,0,15,8,10,0,0,99,0,0,30,60,0,2,0,0,0,20,20,20,20,1,1,1,1,0,0,1,0,0,0,0,0,0,1,0,0,0,0,1,0,0,0,0,0,0,0,0,1,0,1,1,1,0,2,0,128,2,2,0,0,401000,300,-1,-1,-1,-1,-1,-1,-1,-1,-1,-1,-1,-1,-1,-1,-1,-1,-1,-1,-1,-1,-1,-1,139,139,48,0.015,0,0,0,1,1,0,0,0,4,0,0,1,1,32,0,0,6,20,1,20,20,6,0,20,0,302,0,0,0,0,65,15,15,15,15,15,15,15,15,15,15,0,-1,-1,-1,-1,-1,-1,-1,-1,1.04,1,1,1,1,1,1,1,1,-1,-1,-1,-1,-1,10000,0,1,1,0,0,0,0,1,0,0,0,1,1400,310,6,6,2,2,45,6601,6501,-1,30190000,30190000,30190000,30190000,30190000,30190000,30190000,30190000,30190000,30190000,1,1,0,0,0,0,1,1,0,[0|0|0|0|0|0|0]
30191000,Poison Spiralhorn Shield,1,0,[0|0|0],3000,7114009,0,2,0,600,140,100,21,0,0,0,61,35,39,39,6400,106000,-1,5301900,-1,-1,0,30190000,30190000,30190000,30190000,30190000,30190000,30190000,30190000,30190000,30190000,30190000,30190000,30190000,30190000,30190000,30190000,1,1,1,1,15,15,5,2113,12019,0,0,1,10,73,0,0,0,51,60,0,35,1000,-1,-1,0,-1,7,0,12,48,2,2,105,0,0,0,0,15,8,10,0,0,99,0,0,30,60,0,2,0,0,0,20,20,20,20,1,1,1,1,0,0,1,0,0,0,0,0,0,1,0,0,0,0,1,0,0,0,0,0,0,0,0,1,0,1,1,1,0,2,0,128,2,2,0,0,401000,300,-1,-1,-1,-1,-1,-1,-1,-1,-1,-1,-1,-1,-1,-1,-1,-1,-1,-1,-1,-1,-1,-1,139,139,48,0.015,0,0,0,1,1,0,0,0,0,0,0,1,1,32,0,0,6,20,1,20,20,6,0,20,0,302,30,0,0,0,65,15,15,15,15,15,15,15,15,15,15,0,-1,-1,-1,-1,-1,-1,-1,-1,1.04,1,1,1,1,1,1,1,1,-1,-1,-1,-1,-1,10013,0,1,1,0,0,0,0,1,0,0,0,1,1400,310,6,6,2,2,45,6401,6501,-1,30190000,30190000,30190000,30190000,30190000,30190000,30190000,30190000,30190000,30190000,1,1,0,0,0,0,1,1,0,[0|0|0|0|0|0|0]
30191100,Blood Spiralhorn Shield,1,0,[0|0|0],3000,7114010,0,2,0,600,140,100,21,0,0,0,61,35,39,39,105050,-1,-1,5301900,-1,-1,0,30190000,30190000,30190000,30190000,30190000,30190000,30190000,30190000,30190000,30190000,30190000,30190000,30190000,30190000,30190000,30190000,1,1,1,1,15,15,5,2113,12019,0,0,1,10,73,0,0,0,51,60,0,35,1100,-1,-1,0,-1,7,0,12,48,2,2,105,0,0,0,0,15,8,10,0,0,99,0,0,30,60,0,2,0,0,0,20,20,20,20,1,1,1,1,0,0,1,0,0,0,0,0,0,1,0,0,0,0,1,0,0,0,0,0,0,0,0,1,0,1,1,1,0,2,0,128,2,2,0,0,401000,300,-1,-1,-1,-1,-1,-1,-1,-1,-1,-1,-1,-1,-1,-1,-1,-1,-1,-1,-1,-1,-1,-1,139,139,48,0.015,0,0,0,1,1,0,0,0,0,0,0,1,1,32,0,0,6,20,1,20,20,6,0,20,0,302,30,0,0,0,65,15,15,15,15,15,15,15,15,15,15,0,-1,-1,-1,-1,-1,-1,-1,-1,1.04,1,1,1,1,1,1,1,1,-1,-1,-1,-1,-1,10013,0,1,1,0,0,0,0,1,0,0,0,1,1400,310,6,6,2,2,45,6501,-1,-1,30190000,30190000,30190000,30190000,30190000,30190000,30190000,30190000,30190000,30190000,1,1,0,0,0,0,1,1,0,[0|0|0|0|0|0|0]
30191200,Occult Spiralhorn Shield,1,0,[0|0|0],3000,7114012,0,2,0,600,140,100,22,0,0,0,61,35,39,39,6400,-1,-1,5301900,-1,-1,0,30190000,30190000,30190000,30190000,30190000,30190000,30190000,30190000,30190000,30190000,30190000,30190000,30190000,30190000,30190000,30190000,1,1,1,1,15,15,5,2113,12019,0,0,1,10,73,0,0,0,51,60,0,35,1200,-1,-1,0,-1,7,0,12,48,2,2,105,7,0,0,0,15,8,10,0,0,99,0,0,30,60,0,2,0,0,0,20,20,20,20,1,1,1,1,0,0,1,0,0,0,0,0,0,1,0,0,0,0,1,0,0,0,0,0,0,0,0,1,0,1,1,1,0,2,0,128,2,2,0,0,401000,300,-1,-1,-1,-1,-1,-1,-1,-1,-1,-1,-1,-1,-1,-1,-1,-1,-1,-1,-1,-1,-1,-1,139,139,48,0.015,0,0,0,1,1,0,0,0,0,0,0,1,1,32,0,0,6,20,1,20,20,6,0,20,0,302,22,0,0,0,65,15,15,15,15,15,15,15,15,15,15,0,-1,-1,-1,-1,-1,-1,-1,-1,1.04,1,1,1,1,1,1,1,1,-1,-1,-1,-1,-1,10013,0,1,1,0,0,0,0,1,0,0,0,1,1400,310,6,6,2,2,45,6501,-1,-1,30190000,30190000,30190000,30190000,30190000,30190000,30190000,30190000,30190000,30190000,1,1,0,0,0,0,1,1,0,[0|0|0|0|0|0|0]
30200000,Coil Shield,0,0,[0|0|0],3020,7116000,0,1.5,0,600,140,200,24,0,0,0,65,38,29,35,-1,6502,-1,5302000,-1,-1,2200,30200000,30200000,30200000,30200000,30200000,30200000,30200000,30200000,30200000,30200000,30200000,-1,-1,-1,-1,-1,1,1,1,1,15,15,5,2112,12020,0,0,1,10,77,0,0,0,51,60,0,29,8500,-1,-1,0,-1,7,0,12,48,2,0,160,0,0,0,0,15,10,10,0,0,99,0,0,30,60,0,2,0,0,0,19,19,19,19,1,1,1,1,0,0,1,0,0,0,0,0,0,1,0,0,0,0,1,0,0,0,0,0,0,0,0,1,0,1,1,1,0,2,1,106,2,2,0,0,401000,300,-1,-1,-1,-1,-1,-1,-1,-1,-1,-1,-1,-1,-1,-1,-1,-1,-1,-1,-1,-1,-1,-1,139,139,480,0.015,0,0,0,1,1,0,0,0,0,0,0,1,1,36,0,0,6,20,1,19,19,6,0,19,0,1007,0,0,0,0,65,15,15,15,15,15,15,15,15,15,15,0,-1,-1,-1,-1,-1,-1,-1,-1,0.97,1,1,1,1,1,1,1,1,-1,-1,-1,-1,-1,10000,0,1,1,0,0,0,0,1,0,0,0,1,1400,310,6,6,2,0,45,6401,-1,-1,-1,-1,-1,-1,-1,-1,-1,-1,-1,-1,1,1,0,0,0,0,1,1,0,[0|0|0|0|0|0|0]
30510000,Smithscript Shield,0,0,[0|0|0],3000,7117000,0,2.5,0,650,140,500,35,15,5,5,74,38,38,38,-1,-1,-1,-1,-1,-1,0,30510000,30510000,30510000,30510000,30510000,30510000,30510000,30510000,30510000,30510000,30510000,30510000,30510000,30510000,30510000,30510000,1,1,1,1,15,15,5,2120,12283,0,0,1,10,72,0,0,0,56,60,0,37,8000,-1,-1,0,-1,7,0,12,48,2,0,160,0,0,0,0,15,10,15,11,11,99,0,0,30,60,0,2,0,0,0,15,15,15,15,1,1,1,1,0,0,1,0,0,0,0,0,0,1,0,0,0,0,1,0,0,0,0,0,0,0,0,1,0,1,1,1,0,2,1,106,2,2,0,0,401000,300,-1,-1,-1,-1,-1,-1,-1,-1,-1,-1,-1,-1,-1,-1,-1,-1,-1,-1,-1,-1,-1,-1,139,139,48,0.018,0,0,0,1,1,0,0,0,0,0,0,1,1,38,0,0,6,20,1,15,15,6,0,15,0,5370,0,0,0,0,65,15,15,15,15,15,15,15,15,15,15,0,-1,-1,-1,-1,-1,-1,-1,-1,1.03,1,1,1,1,1,1,1,1,-1,-1,-1,-1,-1,10000,0,1,1,0,0,0,0,1,0,0,0,1,1300,310,6,6,2,0,45,-1,-1,-1,30510000,30510000,30510000,30510000,30510000,30510000,30510000,30510000,30510000,30510000,1,1,0,0,0,0,1,1,1,[0|0|0|0|0|0|0]
31000000,Kite Shield,1,0,[0|0|0],3100,7216000,0,4.5,0,900,340,100,40,0,0,0,100,47,47,33,-1,-1,-1,-1,-1,-1,0,31000000,31000000,31000000,31000000,31000000,31000000,31000000,31000000,31000000,31000000,31000000,31000000,31000000,31000000,31000000,31000000,1,1,1,1,15,15,5.5,2033,12040,0,0,1,10,78,0,0,0,65,60,0,51,8100,-1,-1,0,-1,7,0,12,49,0,0,104,0,0,0,0,15,12,0,0,0,99,0,0,50,80,0,3,0,0,0,23,23,23,23,1,1,1,1,0,0,1,1,0,0,0,0,0,1,0,0,0,0,0,0,0,0,0,0,0,0,0,1,0,1,1,1,0,2,0,106,2,1,0,0,-1,-1,-1,-1,-1,-1,-1,-1,-1,-1,-1,-1,-1,-1,-1,-1,-1,-1,-1,-1,-1,-1,-1,-1,139,139,49,0.03,0,0,0,0,1,0,0,0,0,0,0,1,1,47,0,0,6,30,1,23,23,6,0,23,0,10,0,0,0,0,67,15,15,15,15,15,15,15,15,15,15,0,-1,-1,-1,-1,-1,-1,-1,-1,0.93,1,1,1,1,1,1,1,1,-1,-1,-1,-1,-1,10000,0,1,1,0,0,0,0,1,0,0,0,6,3400,310,6,6,1,2,60,-1,-1,-1,31000000,31000000,31000000,31000000,31000000,31000000,31000000,31000000,31000000,31000000,1,1,0,0,0,0,1,1,0,[0|0|0|0|0|0|0]
31000100,Heavy Kite Shield,1,0,[0|0|0],3100,7216001,0,4.5,0,900,340,100,36,0,0,0,100,47,47,33,-1,-1,-1,-1,-1,-1,0,31000000,31000000,31000000,31000000,31000000,31000000,31000000,31000000,31000000,31000000,31000000,31000000,31000000,31000000,31000000,31000000,1,1,1,1,15,15,5.5,2033,12040,0,0,1,10,76,0,0,0,65,60,0,51,100,-1,-1,0,-1,7,0,12,49,0,0,104,1,0,0,0,15,12,0,0,0,99,0,0,50,80,0,2,0,0,0,23,23,23,23,1,1,1,1,0,0,1,1,0,0,0,0,0,1,0,0,0,0,0,0,0,0,0,0,0,0,0,1,0,1,1,1,0,2,0,106,2,2,0,0,-1,-1,-1,-1,-1,-1,-1,-1,-1,-1,-1,-1,-1,-1,-1,-1,-1,-1,-1,-1,-1,-1,-1,-1,139,139,48,0.03,0,0,0,0,1,0,0,0,0,0,0,1,1,47,0,0,6,30,1,23,23,6,0,23,0,10,0,0,0,0,67,15,15,15,15,15,15,15,15,15,15,0,-1,-1,-1,-1,-1,-1,-1,-1,0.93,1,1,1,1,1,1,1,1,-1,-1,-1,-1,-1,10000,0,1,1,0,0,0,0,1,0,0,0,6,3400,310,6,6,1,2,60,-1,-1,-1,31000000,31000000,31000000,31000000,31000000,31000000,31000000,31000000,31000000,31000000,1,1,0,0,0,0,1,1,0,[0|0|0|0|0|0|0]
31000200,Keen Kite Shield,1,0,[0|0|0],3100,7216002,0,4.5,0,900,340,100,8,32,0,0,100,47,47,33,-1,-1,-1,-1,-1,-1,0,31000000,31000000,31000000,31000000,31000000,31000000,31000000,31000000,31000000,31000000,31000000,31000000,31000000,31000000,31000000,31000000,1,1,1,1,15,15,5.5,2033,12040,0,0,1,10,76,0,0,0,65,60,0,51,200,-1,-1,0,-1,7,0,12,49,0,0,104,2,0,0,0,15,12,0,0,0,99,0,0,50,80,0,2,0,0,0,23,23,23,23,1,1,1,1,0,0,1,1,0,0,0,0,0,1,0,0,0,0,0,0,0,0,0,0,0,0,0,1,0,1,1,1,0,2,0,106,2,2,0,0,-1,-1,-1,-1,-1,-1,-1,-1,-1,-1,-1,-1,-1,-1,-1,-1,-1,-1,-1,-1,-1,-1,-1,-1,139,139,48,0.03,0,0,0,0,1,0,0,0,0,0,0,1,1,47,0,0,6,30,1,23,23,6,0,23,0,10,0,0,0,0,67,15,15,15,15,15,15,15,15,15,15,0,-1,-1,-1,-1,-1,-1,-1,-1,0.93,1,1,1,1,1,1,1,1,-1,-1,-1,-1,-1,10000,0,1,1,0,0,0,0,1,0,0,0,6,3400,310,6,6,1,2,60,-1,-1,-1,31000000,31000000,31000000,31000000,31000000,31000000,31000000,31000000,31000000,31000000,1,1,0,0,0,0,1,1,0,[0|0|0|0|0|0|0]
31000300,Quality Kite Shield,1,0,[0|0|0],3100,7216003,0,4.5,0,900,340,100,40,40,0,0,100,47,47,33,-1,-1,-1,-1,-1,-1,0,31000000,31000000,31000000,31000000,31000000,31000000,31000000,31000000,31000000,31000000,31000000,31000000,31000000,31000000,31000000,31000000,1,1,1,1,15,15,5.5,2033,12040,0,0,1,10,76,0,0,0,65,60,0,51,300,-1,-1,0,-1,7,0,12,49,0,0,104,8,0,0,0,15,12,0,0,0,99,0,0,50,80,0,2,0,0,0,23,23,23,23,1,1,1,1,0,0,1,1,0,0,0,0,0,1,0,0,0,0,0,0,0,0,0,0,0,0,0,1,0,1,1,1,0,2,0,106,2,2,0,0,-1,-1,-1,-1,-1,-1,-1,-1,-1,-1,-1,-1,-1,-1,-1,-1,-1,-1,-1,-1,-1,-1,-1,-1,139,139,48,0.03,0,0,0,0,1,0,0,0,0,0,0,1,1,47,0,0,6,30,1,23,23,6,0,23,0,10,0,0,0,0,67,15,15,15,15,15,15,15,15,15,15,0,-1,-1,-1,-1,-1,-1,-1,-1,0.93,1,1,1,1,1,1,1,1,-1,-1,-1,-1,-1,10000,0,1,1,0,0,0,0,1,0,0,0,6,3400,310,6,6,1,2,60,-1,-1,-1,31000000,31000000,31000000,31000000,31000000,31000000,31000000,31000000,31000000,31000000,1,1,0,0,0,0,1,1,0,[0|0|0|0|0|0|0]
31000400,Fire Kite Shield,1,0,[0|0|0],3100,7216005,0,4.5,0,900,340,100,28,12,0,0,100,47,47,33,-1,-1,-1,-1,-1,-1,0,31000000,31000000,31000000,31000000,31000000,31000000,31000000,31000000,31000000,31000000,31000000,31000000,31000000,31000000,31000000,31000000,1,1,1,1,15,15,5.5,2033,12040,0,0,1,10,76,0,76,0,65,60,0,51,400,-1,-1,0,-1,7,0,12,49,0,0,104,0,11,0,0,15,12,0,0,0,99,0,0,50,80,0,2,0,0,0,23,23,23,23,1,1,1,1,0,0,1,1,0,0,0,0,0,1,0,0,0,0,0,0,0,0,0,0,0,0,0,1,0,1,1,1,0,2,0,106,2,2,0,0,-1,-1,-1,-1,-1,-1,-1,-1,-1,-1,-1,-1,-1,-1,-1,-1,-1,-1,-1,-1,-1,-1,-1,-1,139,139,48,0.03,0,0,0,0,1,0,0,0,0,4,0,1,1,47,0,0,6,30,1,23,23,6,0,23,0,10,0,0,0,0,67,15,15,15,15,15,15,15,15,15,15,0,-1,-1,-1,-1,-1,-1,-1,-1,0.93,1,1,1,1,1,1,1,1,-1,-1,-1,-1,-1,10005,0,1,1,0,0,0,0,1,0,0,0,6,3400,310,6,6,1,2,60,-1,-1,-1,31000000,31000000,31000000,31000000,31000000,31000000,31000000,31000000,31000000,31000000,1,1,0,0,0,0,1,1,0,[0|0|0|0|0|0|0]
31000500,Flame Art Kite Shield,1,0,[0|0|0],3100,7216006,0,4.5,0,900,340,100,14,0,0,24,100,47,47,33,-1,-1,-1,-1,-1,-1,0,31000000,31000000,31000000,31000000,31000000,31000000,31000000,31000000,31000000,31000000,31000000,31000000,31000000,31000000,31000000,31000000,1,1,1,1,15,15,5.5,2033,12040,0,0,1,10,76,0,76,0,65,60,0,51,500,-1,-1,0,-1,7,0,12,49,0,0,104,0,11,0,0,15,12,0,0,0,99,0,0,50,80,0,2,0,0,0,23,23,23,23,1,1,1,1,0,0,1,1,0,0,0,0,0,1,0,0,0,0,0,0,0,0,0,0,0,0,0,1,0,1,1,1,0,2,0,106,2,2,0,0,-1,-1,-1,-1,-1,-1,-1,-1,-1,-1,-1,-1,-1,-1,-1,-1,-1,-1,-1,-1,-1,-1,-1,-1,139,139,48,0.03,0,0,0,0,1,0,0,0,0,4,0,1,1,47,0,0,6,30,1,23,23,6,0,23,0,10,0,0,0,0,67,15,15,15,15,15,15,15,15,15,15,0,-1,-1,-1,-1,-1,-1,-1,-1,0.93,1,1,1,1,1,1,1,1,-1,-1,-1,-1,-1,10000,0,1,1,0,0,0,0,1,0,0,0,6,3400,310,6,6,1,2,60,-1,-1,-1,31000000,31000000,31000000,31000000,31000000,31000000,31000000,31000000,31000000,31000000,1,1,0,0,0,0,1,1,0,[0|0|0|0|0|0|0]
31000600,Lightning Kite Shield,1,0,[0|0|0],3100,7216007,0,4.5,0,900,340,100,8,28,0,0,100,47,47,33,-1,-1,-1,-1,-1,-1,0,31000000,31000000,31000000,31000000,31000000,31000000,31000000,31000000,31000000,31000000,31000000,31000000,31000000,31000000,31000000,31000000,1,1,1,1,15,15,5.5,2033,12040,0,0,1,10,76,0,0,76,65,60,0,51,600,-1,-1,0,-1,7,0,12,49,0,0,104,0,12,0,0,15,12,0,0,0,99,0,0,50,80,0,2,0,0,0,23,23,23,23,1,1,1,1,0,0,1,1,0,0,0,0,0,1,0,0,0,0,0,0,0,0,0,0,0,0,0,1,0,1,1,1,0,2,0,106,2,2,0,0,-1,-1,-1,-1,-1,-1,-1,-1,-1,-1,-1,-1,-1,-1,-1,-1,-1,-1,-1,-1,-1,-1,-1,-1,139,139,48,0.03,0,0,0,0,1,0,0,0,0,0,4,1,1,47,0,0,6,30,1,23,23,6,0,23,0,10,0,0,0,0,67,15,15,15,15,15,15,15,15,15,15,0,-1,-1,-1,-1,-1,-1,-1,-1,0.93,1,1,1,1,1,1,1,1,-1,-1,-1,-1,-1,10000,0,1,1,0,0,0,0,1,0,0,0,6,3400,310,6,6,1,2,60,-1,-1,-1,31000000,31000000,31000000,31000000,31000000,31000000,31000000,31000000,31000000,31000000,1,1,0,0,0,0,1,1,0,[0|0|0|0|0|0|0]
31000700,Sacred Kite Shield,1,0,[0|0|0],3100,7216008,0,4.5,0,900,340,100,18,0,0,24,100,47,47,33,-1,-1,-1,-1,-1,-1,0,31000000,31000000,31000000,31000000,31000000,31000000,31000000,31000000,31000000,31000000,31000000,31000000,31000000,31000000,31000000,31000000,1,1,1,1,15,15,5.5,2033,12040,0,0,1,10,76,0,0,0,65,60,0,51,700,-1,-1,0,-1,7,0,12,49,0,0,104,0,13,0,0,15,12,0,0,0,99,0,0,50,80,0,2,0,0,0,23,23,23,23,1,1,1,1,0,0,1,1,0,0,0,0,0,1,0,0,0,0,0,0,0,0,0,0,0,0,0,1,0,1,1,1,0,2,0,106,2,2,0,0,-1,-1,-1,-1,-1,-1,-1,-1,-1,-1,-1,-1,-1,-1,-1,-1,-1,-1,-1,-1,-1,-1,-1,-1,139,139,48,0.03,0,0,0,0,1,0,0,0,0,0,0,1,1,47,76,4,6,30,1,23,23,6,0,23,0,10,0,0,0,0,67,15,15,15,15,15,15,15,15,15,15,0,-1,-1,-1,-1,-1,-1,-1,-1,0.93,1,1,1,1,1,1,1,1,-1,-1,-1,-1,-1,10000,0,1,1,0,0,0,0,1,0,0,0,6,3400,310,6,6,1,2,60,-1,-1,-1,31000000,31000000,31000000,31000000,31000000,31000000,31000000,31000000,31000000,31000000,1,1,0,0,0,0,1,1,0,[0|0|0|0|0|0|0]
31000800,Magic Kite Shield,1,0,[0|0|0],3100,7216004,0,4.5,0,900,340,100,16,0,24,0,100,47,47,33,-1,-1,-1,-1,-1,-1,0,31000000,31000000,31000000,31000000,31000000,31000000,31000000,31000000,31000000,31000000,31000000,31000000,31000000,31000000,31000000,31000000,1,1,1,1,15,15,5.5,2033,12040,0,0,1,10,76,76,0,0,65,60,0,51,800,-1,-1,0,-1,7,0,12,49,0,0,104,0,10,0,0,15,12,0,0,0,99,0,0,50,80,0,2,0,0,0,23,23,23,23,1,1,1,1,0,0,1,1,0,0,0,0,0,1,0,0,0,0,0,0,0,0,0,0,0,0,0,1,0,1,1,1,0,2,0,106,2,2,0,0,-1,-1,-1,-1,-1,-1,-1,-1,-1,-1,-1,-1,-1,-1,-1,-1,-1,-1,-1,-1,-1,-1,-1,-1,139,139,48,0.03,0,0,0,0,1,0,0,0,4,0,0,1,1,47,0,0,6,30,1,23,23,6,0,23,0,10,0,0,0,0,67,15,15,15,15,15,15,15,15,15,15,0,-1,-1,-1,-1,-1,-1,-1,-1,0.93,1,1,1,1,1,1,1,1,-1,-1,-1,-1,-1,10000,0,1,1,0,0,0,0,1,0,0,0,6,3400,310,6,6,1,2,60,-1,-1,-1,31000000,31000000,31000000,31000000,31000000,31000000,31000000,31000000,31000000,31000000,1,1,0,0,0,0,1,1,0,[0|0|0|0|0|0|0]
31000900,Cold Kite Shield,1,0,[0|0|0],3100,7216011,0,4.5,0,900,340,100,36,0,24,0,100,47,47,33,-1,107500,-1,-1,-1,-1,0,31000000,31000000,31000000,31000000,31000000,31000000,31000000,31000000,31000000,31000000,31000000,31000000,31000000,31000000,31000000,31000000,1,1,1,1,15,15,5.5,2033,12040,0,0,1,10,76,65,0,0,65,60,0,51,900,-1,-1,0,-1,7,0,12,49,0,0,104,0,10,0,0,15,12,0,0,0,99,0,0,50,80,0,2,0,0,0,23,23,23,23,1,1,1,1,0,0,1,1,0,0,0,0,0,1,0,0,0,0,0,0,0,0,0,0,0,0,0,1,0,1,1,1,0,2,0,106,2,2,0,0,-1,-1,-1,-1,-1,-1,-1,-1,-1,-1,-1,-1,-1,-1,-1,-1,-1,-1,-1,-1,-1,-1,-1,-1,139,139,48,0.03,0,0,0,0,1,0,0,0,4,0,0,1,1,47,0,0,6,30,1,23,23,6,0,23,0,10,0,0,0,0,67,15,15,15,15,15,15,15,15,15,15,0,-1,-1,-1,-1,-1,-1,-1,-1,0.93,1,1,1,1,1,1,1,1,-1,-1,-1,-1,-1,10000,0,1,1,0,0,0,0,1,0,0,0,6,3400,310,6,6,1,2,60,6601,-1,-1,31000000,31000000,31000000,31000000,31000000,31000000,31000000,31000000,31000000,31000000,1,1,0,0,0,0,1,1,0,[0|0|0|0|0|0|0]
31001000,Poison Kite Shield,1,0,[0|0|0],3100,7216009,0,4.5,0,900,340,100,38,0,0,0,100,47,47,33,-1,106000,-1,-1,-1,-1,0,31000000,31000000,31000000,31000000,31000000,31000000,31000000,31000000,31000000,31000000,31000000,31000000,31000000,31000000,31000000,31000000,1,1,1,1,15,15,5.5,2033,12040,0,0,1,10,76,0,0,0,65,60,0,51,1000,-1,-1,0,-1,7,0,12,49,0,0,104,0,0,0,0,15,12,0,0,0,99,0,0,50,80,0,2,0,0,0,23,23,23,23,1,1,1,1,0,0,1,1,0,0,0,0,0,1,0,0,0,0,0,0,0,0,0,0,0,0,0,1,0,1,1,1,0,2,0,106,2,2,0,0,-1,-1,-1,-1,-1,-1,-1,-1,-1,-1,-1,-1,-1,-1,-1,-1,-1,-1,-1,-1,-1,-1,-1,-1,139,139,48,0.03,0,0,0,0,1,0,0,0,0,0,0,1,1,47,0,0,6,30,1,23,23,6,0,23,0,10,30,0,0,0,67,15,15,15,15,15,15,15,15,15,15,0,-1,-1,-1,-1,-1,-1,-1,-1,0.93,1,1,1,1,1,1,1,1,-1,-1,-1,-1,-1,10013,0,1,1,0,0,0,0,1,0,0,0,6,3400,310,6,6,1,2,60,6401,-1,-1,31000000,31000000,31000000,31000000,31000000,31000000,31000000,31000000,31000000,31000000,1,1,0,0,0,0,1,1,0,[0|0|0|0|0|0|0]
31001100,Blood Kite Shield,1,0,[0|0|0],3100,7216010,0,4.5,0,900,340,100,38,0,0,0,100,47,47,33,105000,-1,-1,-1,-1,-1,0,31000000,31000000,31000000,31000000,31000000,31000000,31000000,31000000,31000000,31000000,31000000,31000000,31000000,31000000,31000000,31000000,1,1,1,1,15,15,5.5,2033,12040,0,0,1,10,76,0,0,0,65,60,0,51,1100,-1,-1,0,-1,7,0,12,49,0,0,104,0,0,0,0,15,12,0,0,0,99,0,0,50,80,0,2,0,0,0,23,23,23,23,1,1,1,1,0,0,1,1,0,0,0,0,0,1,0,0,0,0,0,0,0,0,0,0,0,0,0,1,0,1,1,1,0,2,0,106,2,2,0,0,-1,-1,-1,-1,-1,-1,-1,-1,-1,-1,-1,-1,-1,-1,-1,-1,-1,-1,-1,-1,-1,-1,-1,-1,139,139,48,0.03,0,0,0,0,1,0,0,0,0,0,0,1,1,47,0,0,6,30,1,23,23,6,0,23,0,10,30,0,0,0,67,15,15,15,15,15,15,15,15,15,15,0,-1,-1,-1,-1,-1,-1,-1,-1,0.93,1,1,1,1,1,1,1,1,-1,-1,-1,-1,-1,10013,0,1,1,0,0,0,0,1,0,0,0,6,3400,310,6,6,1,2,60,6501,-1,-1,31000000,31000000,31000000,31000000,31000000,31000000,31000000,31000000,31000000,31000000,1,1,0,0,0,0,1,1,0,[0|0|0|0|0|0|0]
31001200,Occult Kite Shield,1,0,[0|0|0],3100,7216012,0,4.5,0,900,340,100,38,0,0,0,100,47,47,33,-1,-1,-1,-1,-1,-1,0,31000000,31000000,31000000,31000000,31000000,31000000,31000000,31000000,31000000,31000000,31000000,31000000,31000000,31000000,31000000,31000000,1,1,1,1,15,15,5.5,2033,12040,0,0,1,10,76,0,0,0,65,60,0,51,1200,-1,-1,0,-1,7,0,12,49,0,0,104,7,0,0,0,15,12,0,0,0,99,0,0,50,80,0,2,0,0,0,23,23,23,23,1,1,1,1,0,0,1,1,0,0,0,0,0,1,0,0,0,0,0,0,0,0,0,0,0,0,0,1,0,1,1,1,0,2,0,106,2,2,0,0,-1,-1,-1,-1,-1,-1,-1,-1,-1,-1,-1,-1,-1,-1,-1,-1,-1,-1,-1,-1,-1,-1,-1,-1,139,139,48,0.03,0,0,0,0,1,0,0,0,0,0,0,1,1,47,0,0,6,30,1,23,23,6,0,23,0,10,38,0,0,0,67,15,15,15,15,15,15,15,15,15,15,0,-1,-1,-1,-1,-1,-1,-1,-1,0.93,1,1,1,1,1,1,1,1,-1,-1,-1,-1,-1,10013,0,1,1,0,0,0,0,1,0,0,0,6,3400,310,6,6,1,2,60,-1,-1,-1,31000000,31000000,31000000,31000000,31000000,31000000,31000000,31000000,31000000,31000000,1,1,0,0,0,0,1,1,0,[0|0|0|0|0|0|0]
31010000,Marred Leather Shield,1,0,[0|0|0],3100,7209000,0,3,0,900,340,100,40,0,0,0,81,49,36,45,6401,-1,-1,-1,-1,-1,0,31010000,31010000,31010000,31010000,31010000,31010000,31010000,31010000,31010000,31010000,31010000,31010000,31010000,31010000,31010000,31010000,1,1,1,1,15,15,5.5,2101,12041,0,0,1,10,75,0,0,0,61,60,0,46,8100,-1,-1,0,-1,7,0,12,49,0,0,104,0,0,0,0,15,8,0,0,0,99,0,0,50,80,0,3,0,0,0,22,22,22,22,1,1,1,1,0,0,1,1,0,0,0,0,0,1,0,0,0,0,0,0,0,0,0,0,0,0,0,1,0,1,1,1,0,2,0,106,2,1,0,0,-1,-1,-1,-1,-1,-1,-1,-1,-1,-1,-1,-1,-1,-1,-1,-1,-1,-1,-1,-1,-1,-1,-1,-1,139,139,49,0.03,0,0,0,0,1,0,0,0,0,0,0,1,1,45,0,0,6,30,1,22,22,6,0,22,0,10,0,0,0,0,67,15,15,15,15,15,15,15,15,15,15,0,-1,-1,-1,-1,-1,-1,-1,-1,0.9,1,1,1,1,1,1,1,1,-1,-1,-1,-1,-1,10000,0,1,1,0,0,0,0,1,0,0,0,1,3400,310,6,6,1,2,60,6501,-1,-1,31010000,31010000,31010000,31010000,31010000,31010000,31010000,31010000,31010000,31010000,1,1,0,0,0,0,1,1,0,[0|0|0|0|0|0|0]
31010100,Marred Heavy Leather Shield,1,0,[0|0|0],3100,7209001,0,3,0,900,340,100,36,0,0,0,81,49,36,45,6401,-1,-1,-1,-1,-1,0,31010000,31010000,31010000,31010000,31010000,31010000,31010000,31010000,31010000,31010000,31010000,31010000,31010000,31010000,31010000,31010000,1,1,1,1,15,15,5.5,2101,12041,0,0,1,10,73,0,0,0,61,60,0,46,100,-1,-1,0,-1,7,0,12,49,0,0,104,1,0,0,0,15,8,0,0,0,99,0,0,50,80,0,3,0,0,0,22,22,22,22,1,1,1,1,0,0,1,1,0,0,0,0,0,1,0,0,0,0,0,0,0,0,0,0,0,0,0,1,0,1,1,1,0,2,0,106,2,2,0,0,-1,-1,-1,-1,-1,-1,-1,-1,-1,-1,-1,-1,-1,-1,-1,-1,-1,-1,-1,-1,-1,-1,-1,-1,139,139,48,0.03,0,0,0,0,1,0,0,0,0,0,0,1,1,45,0,0,6,30,1,22,22,6,0,22,0,10,0,0,0,0,67,15,15,15,15,15,15,15,15,15,15,0,-1,-1,-1,-1,-1,-1,-1,-1,0.9,1,1,1,1,1,1,1,1,-1,-1,-1,-1,-1,10000,0,1,1,0,0,0,0,1,0,0,0,1,3400,310,6,6,1,2,60,6501,-1,-1,31010000,31010000,31010000,31010000,31010000,31010000,31010000,31010000,31010000,31010000,1,1,0,0,0,0,1,1,0,[0|0|0|0|0|0|0]
31010200,Marred Keen Leather Shield,1,0,[0|0|0],3100,7209002,0,3,0,900,340,100,8,32,0,0,81,49,36,45,6401,-1,-1,-1,-1,-1,0,31010000,31010000,31010000,31010000,31010000,31010000,31010000,31010000,31010000,31010000,31010000,31010000,31010000,31010000,31010000,31010000,1,1,1,1,15,15,5.5,2101,12041,0,0,1,10,73,0,0,0,61,60,0,46,200,-1,-1,0,-1,7,0,12,49,0,0,104,2,0,0,0,15,8,0,0,0,99,0,0,50,80,0,3,0,0,0,22,22,22,22,1,1,1,1,0,0,1,1,0,0,0,0,0,1,0,0,0,0,0,0,0,0,0,0,0,0,0,1,0,1,1,1,0,2,0,106,2,2,0,0,-1,-1,-1,-1,-1,-1,-1,-1,-1,-1,-1,-1,-1,-1,-1,-1,-1,-1,-1,-1,-1,-1,-1,-1,139,139,48,0.03,0,0,0,0,1,0,0,0,0,0,0,1,1,45,0,0,6,30,1,22,22,6,0,22,0,10,0,0,0,0,67,15,15,15,15,15,15,15,15,15,15,0,-1,-1,-1,-1,-1,-1,-1,-1,0.9,1,1,1,1,1,1,1,1,-1,-1,-1,-1,-1,10000,0,1,1,0,0,0,0,1,0,0,0,1,3400,310,6,6,1,2,60,6501,-1,-1,31010000,31010000,31010000,31010000,31010000,31010000,31010000,31010000,31010000,31010000,1,1,0,0,0,0,1,1,0,[0|0|0|0|0|0|0]
31010300,Marred Quality Leather Shield,1,0,[0|0|0],3100,7209003,0,3,0,900,340,100,40,40,0,0,81,49,36,45,6401,-1,-1,-1,-1,-1,0,31010000,31010000,31010000,31010000,31010000,31010000,31010000,31010000,31010000,31010000,31010000,31010000,31010000,31010000,31010000,31010000,1,1,1,1,15,15,5.5,2101,12041,0,0,1,10,73,0,0,0,61,60,0,46,300,-1,-1,0,-1,7,0,12,49,0,0,104,8,0,0,0,15,8,0,0,0,99,0,0,50,80,0,3,0,0,0,22,22,22,22,1,1,1,1,0,0,1,1,0,0,0,0,0,1,0,0,0,0,0,0,0,0,0,0,0,0,0,1,0,1,1,1,0,2,0,106,2,2,0,0,-1,-1,-1,-1,-1,-1,-1,-1,-1,-1,-1,-1,-1,-1,-1,-1,-1,-1,-1,-1,-1,-1,-1,-1,139,139,48,0.03,0,0,0,0,1,0,0,0,0,0,0,1,1,45,0,0,6,30,1,22,22,6,0,22,0,10,0,0,0,0,67,15,15,15,15,15,15,15,15,15,15,0,-1,-1,-1,-1,-1,-1,-1,-1,0.9,1,1,1,1,1,1,1,1,-1,-1,-1,-1,-1,10000,0,1,1,0,0,0,0,1,0,0,0,1,3400,310,6,6,1,2,60,6501,-1,-1,31010000,31010000,31010000,31010000,31010000,31010000,31010000,31010000,31010000,31010000,1,1,0,0,0,0,1,1,0,[0|0|0|0|0|0|0]
31010400,Marred Fire Leather Shield,1,0,[0|0|0],3100,7209005,0,3,0,900,340,100,28,12,0,0,81,49,36,45,6401,-1,-1,-1,-1,-1,0,31010000,31010000,31010000,31010000,31010000,31010000,31010000,31010000,31010000,31010000,31010000,31010000,31010000,31010000,31010000,31010000,1,1,1,1,15,15,5.5,2101,12041,0,0,1,10,73,0,73,0,61,60,0,46,400,-1,-1,0,-1,7,0,12,49,0,0,104,0,11,0,0,15,8,0,0,0,99,0,0,50,80,0,3,0,0,0,22,22,22,22,1,1,1,1,0,0,1,1,0,0,0,0,0,1,0,0,0,0,0,0,0,0,0,0,0,0,0,1,0,1,1,1,0,2,0,106,2,2,0,0,-1,-1,-1,-1,-1,-1,-1,-1,-1,-1,-1,-1,-1,-1,-1,-1,-1,-1,-1,-1,-1,-1,-1,-1,139,139,48,0.03,0,0,0,0,1,0,0,0,0,4,0,1,1,45,0,0,6,30,1,22,22,6,0,22,0,10,0,0,0,0,67,15,15,15,15,15,15,15,15,15,15,0,-1,-1,-1,-1,-1,-1,-1,-1,0.9,1,1,1,1,1,1,1,1,-1,-1,-1,-1,-1,10005,0,1,1,0,0,0,0,1,0,0,0,1,3400,310,6,6,1,2,60,6501,-1,-1,31010000,31010000,31010000,31010000,31010000,31010000,31010000,31010000,31010000,31010000,1,1,0,0,0,0,1,1,0,[0|0|0|0|0|0|0]
31010500,Marred Flame Art Leather Shield,1,0,[0|0|0],3100,7209006,0,3,0,900,340,100,14,0,0,24,81,49,36,45,6401,-1,-1,-1,-1,-1,0,31010000,31010000,31010000,31010000,31010000,31010000,31010000,31010000,31010000,31010000,31010000,31010000,31010000,31010000,31010000,31010000,1,1,1,1,15,15,5.5,2101,12041,0,0,1,10,73,0,73,0,61,60,0,46,500,-1,-1,0,-1,7,0,12,49,0,0,104,0,11,0,0,15,8,0,0,0,99,0,0,50,80,0,3,0,0,0,22,22,22,22,1,1,1,1,0,0,1,1,0,0,0,0,0,1,0,0,0,0,0,0,0,0,0,0,0,0,0,1,0,1,1,1,0,2,0,106,2,2,0,0,-1,-1,-1,-1,-1,-1,-1,-1,-1,-1,-1,-1,-1,-1,-1,-1,-1,-1,-1,-1,-1,-1,-1,-1,139,139,48,0.03,0,0,0,0,1,0,0,0,0,4,0,1,1,45,0,0,6,30,1,22,22,6,0,22,0,10,0,0,0,0,67,15,15,15,15,15,15,15,15,15,15,0,-1,-1,-1,-1,-1,-1,-1,-1,0.9,1,1,1,1,1,1,1,1,-1,-1,-1,-1,-1,10000,0,1,1,0,0,0,0,1,0,0,0,1,3400,310,6,6,1,2,60,6501,-1,-1,31010000,31010000,31010000,31010000,31010000,31010000,31010000,31010000,31010000,31010000,1,1,0,0,0,0,1,1,0,[0|0|0|0|0|0|0]
31010600,Marred Lightning Leather Shield,1,0,[0|0|0],3100,7209007,0,3,0,900,340,100,8,28,0,0,81,49,36,45,6401,-1,-1,-1,-1,-1,0,31010000,31010000,31010000,31010000,31010000,31010000,31010000,31010000,31010000,31010000,31010000,31010000,31010000,31010000,31010000,31010000,1,1,1,1,15,15,5.5,2101,12041,0,0,1,10,73,0,0,73,61,60,0,46,600,-1,-1,0,-1,7,0,12,49,0,0,104,0,12,0,0,15,8,0,0,0,99,0,0,50,80,0,3,0,0,0,22,22,22,22,1,1,1,1,0,0,1,1,0,0,0,0,0,1,0,0,0,0,0,0,0,0,0,0,0,0,0,1,0,1,1,1,0,2,0,106,2,2,0,0,-1,-1,-1,-1,-1,-1,-1,-1,-1,-1,-1,-1,-1,-1,-1,-1,-1,-1,-1,-1,-1,-1,-1,-1,139,139,48,0.03,0,0,0,0,1,0,0,0,0,0,4,1,1,45,0,0,6,30,1,22,22,6,0,22,0,10,0,0,0,0,67,15,15,15,15,15,15,15,15,15,15,0,-1,-1,-1,-1,-1,-1,-1,-1,0.9,1,1,1,1,1,1,1,1,-1,-1,-1,-1,-1,10000,0,1,1,0,0,0,0,1,0,0,0,1,3400,310,6,6,1,2,60,6501,-1,-1,31010000,31010000,31010000,31010000,31010000,31010000,31010000,31010000,31010000,31010000,1,1,0,0,0,0,1,1,0,[0|0|0|0|0|0|0]
31010700,Marred Sacred Leather Shield,1,0,[0|0|0],3100,7209008,0,3,0,900,340,100,18,0,0,24,81,49,36,45,6401,-1,-1,-1,-1,-1,0,31010000,31010000,31010000,31010000,31010000,31010000,31010000,31010000,31010000,31010000,31010000,31010000,31010000,31010000,31010000,31010000,1,1,1,1,15,15,5.5,2101,12041,0,0,1,10,73,0,0,0,61,60,0,46,700,-1,-1,0,-1,7,0,12,49,0,0,104,0,13,0,0,15,8,0,0,0,99,0,0,50,80,0,3,0,0,0,22,22,22,22,1,1,1,1,0,0,1,1,0,0,0,0,0,1,0,0,0,0,0,0,0,0,0,0,0,0,0,1,0,1,1,1,0,2,0,106,2,2,0,0,-1,-1,-1,-1,-1,-1,-1,-1,-1,-1,-1,-1,-1,-1,-1,-1,-1,-1,-1,-1,-1,-1,-1,-1,139,139,48,0.03,0,0,0,0,1,0,0,0,0,0,0,1,1,45,73,4,6,30,1,22,22,6,0,22,0,10,0,0,0,0,67,15,15,15,15,15,15,15,15,15,15,0,-1,-1,-1,-1,-1,-1,-1,-1,0.9,1,1,1,1,1,1,1,1,-1,-1,-1,-1,-1,10000,0,1,1,0,0,0,0,1,0,0,0,1,3400,310,6,6,1,2,60,6501,-1,-1,31010000,31010000,31010000,31010000,31010000,31010000,31010000,31010000,31010000,31010000,1,1,0,0,0,0,1,1,0,[0|0|0|0|0|0|0]
31010800,Marred Magic Leather Shield,1,0,[0|0|0],3100,7209004,0,3,0,900,340,100,16,0,24,0,81,49,36,45,6401,-1,-1,-1,-1,-1,0,31010000,31010000,31010000,31010000,31010000,31010000,31010000,31010000,31010000,31010000,31010000,31010000,31010000,31010000,31010000,31010000,1,1,1,1,15,15,5.5,2101,12041,0,0,1,10,73,73,0,0,61,60,0,46,800,-1,-1,0,-1,7,0,12,49,0,0,104,0,10,0,0,15,8,0,0,0,99,0,0,50,80,0,3,0,0,0,22,22,22,22,1,1,1,1,0,0,1,1,0,0,0,0,0,1,0,0,0,0,0,0,0,0,0,0,0,0,0,1,0,1,1,1,0,2,0,106,2,2,0,0,-1,-1,-1,-1,-1,-1,-1,-1,-1,-1,-1,-1,-1,-1,-1,-1,-1,-1,-1,-1,-1,-1,-1,-1,139,139,48,0.03,0,0,0,0,1,0,0,0,4,0,0,1,1,45,0,0,6,30,1,22,22,6,0,22,0,10,0,0,0,0,67,15,15,15,15,15,15,15,15,15,15,0,-1,-1,-1,-1,-1,-1,-1,-1,0.9,1,1,1,1,1,1,1,1,-1,-1,-1,-1,-1,10000,0,1,1,0,0,0,0,1,0,0,0,1,3400,310,6,6,1,2,60,6501,-1,-1,31010000,31010000,31010000,31010000,31010000,31010000,31010000,31010000,31010000,31010000,1,1,0,0,0,0,1,1,0,[0|0|0|0|0|0|0]
31010900,Marred Cold Leather Shield,1,0,[0|0|0],3100,7209011,0,3,0,900,340,100,36,0,24,0,81,49,36,45,6400,107500,-1,-1,-1,-1,0,31010000,31010000,31010000,31010000,31010000,31010000,31010000,31010000,31010000,31010000,31010000,31010000,31010000,31010000,31010000,31010000,1,1,1,1,15,15,5.5,2101,12041,0,0,1,10,73,62,0,0,61,60,0,46,900,-1,-1,0,-1,7,0,12,49,0,0,104,0,10,0,0,15,8,0,0,0,99,0,0,50,80,0,3,0,0,0,22,22,22,22,1,1,1,1,0,0,1,1,0,0,0,0,0,1,0,0,0,0,0,0,0,0,0,0,0,0,0,1,0,1,1,1,0,2,0,106,2,2,0,0,-1,-1,-1,-1,-1,-1,-1,-1,-1,-1,-1,-1,-1,-1,-1,-1,-1,-1,-1,-1,-1,-1,-1,-1,139,139,48,0.03,0,0,0,0,1,0,0,0,4,0,0,1,1,45,0,0,6,30,1,22,22,6,0,22,0,10,0,0,0,0,67,15,15,15,15,15,15,15,15,15,15,0,-1,-1,-1,-1,-1,-1,-1,-1,0.9,1,1,1,1,1,1,1,1,-1,-1,-1,-1,-1,10000,0,1,1,0,0,0,0,1,0,0,0,1,3400,310,6,6,1,2,60,6601,6501,-1,31010000,31010000,31010000,31010000,31010000,31010000,31010000,31010000,31010000,31010000,1,1,0,0,0,0,1,1,0,[0|0|0|0|0|0|0]
31011000,Marred Poison Leather Shield,1,0,[0|0|0],3100,7209009,0,3,0,900,340,100,38,0,0,0,81,49,36,45,6400,106000,-1,-1,-1,-1,0,31010000,31010000,31010000,31010000,31010000,31010000,31010000,31010000,31010000,31010000,31010000,31010000,31010000,31010000,31010000,31010000,1,1,1,1,15,15,5.5,2101,12041,0,0,1,10,73,0,0,0,61,60,0,46,1000,-1,-1,0,-1,7,0,12,49,0,0,104,0,0,0,0,15,8,0,0,0,99,0,0,50,80,0,3,0,0,0,22,22,22,22,1,1,1,1,0,0,1,1,0,0,0,0,0,1,0,0,0,0,0,0,0,0,0,0,0,0,0,1,0,1,1,1,0,2,0,106,2,2,0,0,-1,-1,-1,-1,-1,-1,-1,-1,-1,-1,-1,-1,-1,-1,-1,-1,-1,-1,-1,-1,-1,-1,-1,-1,139,139,48,0.03,0,0,0,0,1,0,0,0,0,0,0,1,1,45,0,0,6,30,1,22,22,6,0,22,0,10,30,0,0,0,67,15,15,15,15,15,15,15,15,15,15,0,-1,-1,-1,-1,-1,-1,-1,-1,0.9,1,1,1,1,1,1,1,1,-1,-1,-1,-1,-1,10013,0,1,1,0,0,0,0,1,0,0,0,1,3400,310,6,6,1,2,60,6401,6501,-1,31010000,31010000,31010000,31010000,31010000,31010000,31010000,31010000,31010000,31010000,1,1,0,0,0,0,1,1,0,[0|0|0|0|0|0|0]
31011100,Marred Blood Leather Shield,1,0,[0|0|0],3100,7209010,0,3,0,900,340,100,38,0,0,0,81,49,36,45,105050,-1,-1,-1,-1,-1,0,31010000,31010000,31010000,31010000,31010000,31010000,31010000,31010000,31010000,31010000,31010000,31010000,31010000,31010000,31010000,31010000,1,1,1,1,15,15,5.5,2101,12041,0,0,1,10,73,0,0,0,61,60,0,46,1100,-1,-1,0,-1,7,0,12,49,0,0,104,0,0,0,0,15,8,0,0,0,99,0,0,50,80,0,3,0,0,0,22,22,22,22,1,1,1,1,0,0,1,1,0,0,0,0,0,1,0,0,0,0,0,0,0,0,0,0,0,0,0,1,0,1,1,1,0,2,0,106,2,2,0,0,-1,-1,-1,-1,-1,-1,-1,-1,-1,-1,-1,-1,-1,-1,-1,-1,-1,-1,-1,-1,-1,-1,-1,-1,139,139,48,0.03,0,0,0,0,1,0,0,0,0,0,0,1,1,45,0,0,6,30,1,22,22,6,0,22,0,10,30,0,0,0,67,15,15,15,15,15,15,15,15,15,15,0,-1,-1,-1,-1,-1,-1,-1,-1,0.9,1,1,1,1,1,1,1,1,-1,-1,-1,-1,-1,10013,0,1,1,0,0,0,0,1,0,0,0,1,3400,310,6,6,1,2,60,6501,-1,-1,31010000,31010000,31010000,31010000,31010000,31010000,31010000,31010000,31010000,31010000,1,1,0,0,0,0,1,1,0,[0|0|0|0|0|0|0]
31011200,Marred Occult Leather Shield,1,0,[0|0|0],3100,7209012,0,3,0,900,340,100,38,0,0,0,81,49,36,45,6400,-1,-1,-1,-1,-1,0,31010000,31010000,31010000,31010000,31010000,31010000,31010000,31010000,31010000,31010000,31010000,31010000,31010000,31010000,31010000,31010000,1,1,1,1,15,15,5.5,2101,12041,0,0,1,10,73,0,0,0,61,60,0,46,1200,-1,-1,0,-1,7,0,12,49,0,0,104,7,0,0,0,15,8,0,0,0,99,0,0,50,80,0,3,0,0,0,22,22,22,22,1,1,1,1,0,0,1,1,0,0,0,0,0,1,0,0,0,0,0,0,0,0,0,0,0,0,0,1,0,1,1,1,0,2,0,106,2,2,0,0,-1,-1,-1,-1,-1,-1,-1,-1,-1,-1,-1,-1,-1,-1,-1,-1,-1,-1,-1,-1,-1,-1,-1,-1,139,139,48,0.03,0,0,0,0,1,0,0,0,0,0,0,1,1,45,0,0,6,30,1,22,22,6,0,22,0,10,38,0,0,0,67,15,15,15,15,15,15,15,15,15,15,0,-1,-1,-1,-1,-1,-1,-1,-1,0.9,1,1,1,1,1,1,1,1,-1,-1,-1,-1,-1,10013,0,1,1,0,0,0,0,1,0,0,0,1,3400,310,6,6,1,2,60,6501,-1,-1,31010000,31010000,31010000,31010000,31010000,31010000,31010000,31010000,31010000,31010000,1,1,0,0,0,0,1,1,0,[0|0|0|0|0|0|0]
31020000,Marred Wooden Shield,1,0,[0|0|0],3100,7204000,0,4,0,900,340,100,40,0,0,0,86,52,27,50,6401,-1,-1,-1,-1,-1,0,31020000,31020000,31020000,31020000,31020000,31020000,31020000,31020000,31020000,31020000,31020000,31020000,31020000,31020000,31020000,31020000,1,1,1,1,15,15,5.5,2001,12042,0,0,1,10,76,0,0,0,60,60,0,48,8100,-1,-1,0,-1,7,0,12,49,0,2,105,0,0,0,0,15,8,0,0,0,99,0,0,50,80,0,3,0,0,0,23,23,23,23,1,1,1,1,0,0,1,1,0,0,0,0,0,1,0,0,0,0,0,0,0,0,0,0,0,0,0,1,0,1,1,1,0,2,0,128,2,1,0,0,-1,-1,-1,-1,-1,-1,-1,-1,-1,-1,-1,-1,-1,-1,-1,-1,-1,-1,-1,-1,-1,-1,-1,-1,139,139,49,0.03,0,0,0,0,1,0,0,0,0,0,0,1,1,49,0,0,6,30,1,23,23,6,0,23,0,10,0,0,0,0,67,15,15,15,15,15,15,15,15,15,15,0,-1,-1,-1,-1,-1,-1,-1,-1,0.955,1,1,1,1,1,1,1,1,-1,-1,-1,-1,-1,10000,0,1,1,0,0,0,0,1,0,0,0,1,3400,310,6,6,1,2,60,6501,-1,-1,31020000,31020000,31020000,31020000,31020000,31020000,31020000,31020000,31020000,31020000,1,1,0,0,0,0,1,1,0,[0|0|0|0|0|0|0]
31020100,Marred Heavy Wooden Shield,1,0,[0|0|0],3100,7204001,0,4,0,900,340,100,36,0,0,0,86,52,27,50,6401,-1,-1,-1,-1,-1,0,31020000,31020000,31020000,31020000,31020000,31020000,31020000,31020000,31020000,31020000,31020000,31020000,31020000,31020000,31020000,31020000,1,1,1,1,15,15,5.5,2001,12042,0,0,1,10,74,0,0,0,60,60,0,48,100,-1,-1,0,-1,7,0,12,49,0,2,105,1,0,0,0,15,8,0,0,0,99,0,0,50,80,0,3,0,0,0,23,23,23,23,1,1,1,1,0,0,1,1,0,0,0,0,0,1,0,0,0,0,0,0,0,0,0,0,0,0,0,1,0,1,1,1,0,2,0,128,2,1,0,0,-1,-1,-1,-1,-1,-1,-1,-1,-1,-1,-1,-1,-1,-1,-1,-1,-1,-1,-1,-1,-1,-1,-1,-1,139,139,49,0.03,0,0,0,0,1,0,0,0,0,0,0,1,1,49,0,0,6,30,1,23,23,6,0,23,0,10,0,0,0,0,67,15,15,15,15,15,15,15,15,15,15,0,-1,-1,-1,-1,-1,-1,-1,-1,0.955,1,1,1,1,1,1,1,1,-1,-1,-1,-1,-1,10000,0,1,1,0,0,0,0,1,0,0,0,1,3400,310,6,6,1,2,60,6501,-1,-1,31020000,31020000,31020000,31020000,31020000,31020000,31020000,31020000,31020000,31020000,1,1,0,0,0,0,1,1,0,[0|0|0|0|0|0|0]
31020200,Marred Keen Wooden Shield,1,0,[0|0|0],3100,7204002,0,4,0,900,340,100,8,32,0,0,86,52,27,50,6401,-1,-1,-1,-1,-1,0,31020000,31020000,31020000,31020000,31020000,31020000,31020000,31020000,31020000,31020000,31020000,31020000,31020000,31020000,31020000,31020000,1,1,1,1,15,15,5.5,2001,12042,0,0,1,10,74,0,0,0,60,60,0,48,200,-1,-1,0,-1,7,0,12,49,0,2,105,2,0,0,0,15,8,0,0,0,99,0,0,50,80,0,3,0,0,0,23,23,23,23,1,1,1,1,0,0,1,1,0,0,0,0,0,1,0,0,0,0,0,0,0,0,0,0,0,0,0,1,0,1,1,1,0,2,0,128,2,1,0,0,-1,-1,-1,-1,-1,-1,-1,-1,-1,-1,-1,-1,-1,-1,-1,-1,-1,-1,-1,-1,-1,-1,-1,-1,139,139,49,0.03,0,0,0,0,1,0,0,0,0,0,0,1,1,49,0,0,6,30,1,23,23,6,0,23,0,10,0,0,0,0,67,15,15,15,15,15,15,15,15,15,15,0,-1,-1,-1,-1,-1,-1,-1,-1,0.955,1,1,1,1,1,1,1,1,-1,-1,-1,-1,-1,10000,0,1,1,0,0,0,0,1,0,0,0,1,3400,310,6,6,1,2,60,6501,-1,-1,31020000,31020000,31020000,31020000,31020000,31020000,31020000,31020000,31020000,31020000,1,1,0,0,0,0,1,1,0,[0|0|0|0|0|0|0]
31020300,Marred Quality Wooden Shield,1,0,[0|0|0],3100,7204003,0,4,0,900,340,100,40,40,0,0,86,52,27,50,6401,-1,-1,-1,-1,-1,0,31020000,31020000,31020000,31020000,31020000,31020000,31020000,31020000,31020000,31020000,31020000,31020000,31020000,31020000,31020000,31020000,1,1,1,1,15,15,5.5,2001,12042,0,0,1,10,74,0,0,0,60,60,0,48,300,-1,-1,0,-1,7,0,12,49,0,2,105,8,0,0,0,15,8,0,0,0,99,0,0,50,80,0,3,0,0,0,23,23,23,23,1,1,1,1,0,0,1,1,0,0,0,0,0,1,0,0,0,0,0,0,0,0,0,0,0,0,0,1,0,1,1,1,0,2,0,128,2,1,0,0,-1,-1,-1,-1,-1,-1,-1,-1,-1,-1,-1,-1,-1,-1,-1,-1,-1,-1,-1,-1,-1,-1,-1,-1,139,139,49,0.03,0,0,0,0,1,0,0,0,0,0,0,1,1,49,0,0,6,30,1,23,23,6,0,23,0,10,0,0,0,0,67,15,15,15,15,15,15,15,15,15,15,0,-1,-1,-1,-1,-1,-1,-1,-1,0.955,1,1,1,1,1,1,1,1,-1,-1,-1,-1,-1,10000,0,1,1,0,0,0,0,1,0,0,0,1,3400,310,6,6,1,2,60,6501,-1,-1,31020000,31020000,31020000,31020000,31020000,31020000,31020000,31020000,31020000,31020000,1,1,0,0,0,0,1,1,0,[0|0|0|0|0|0|0]
31020400,Marred Fire Wooden Shield,1,0,[0|0|0],3100,7204005,0,4,0,900,340,100,28,12,0,0,86,52,27,50,6401,-1,-1,-1,-1,-1,0,31020000,31020000,31020000,31020000,31020000,31020000,31020000,31020000,31020000,31020000,31020000,31020000,31020000,31020000,31020000,31020000,1,1,1,1,15,15,5.5,2001,12042,0,0,1,10,74,0,74,0,60,60,0,48,400,-1,-1,0,-1,7,0,12,49,0,2,105,0,11,0,0,15,8,0,0,0,99,0,0,50,80,0,3,0,0,0,23,23,23,23,1,1,1,1,0,0,1,1,0,0,0,0,0,1,0,0,0,0,0,0,0,0,0,0,0,0,0,1,0,1,1,1,0,2,0,128,2,1,0,0,-1,-1,-1,-1,-1,-1,-1,-1,-1,-1,-1,-1,-1,-1,-1,-1,-1,-1,-1,-1,-1,-1,-1,-1,139,139,49,0.03,0,0,0,0,1,0,0,0,0,4,0,1,1,49,0,0,6,30,1,23,23,6,0,23,0,10,0,0,0,0,67,15,15,15,15,15,15,15,15,15,15,0,-1,-1,-1,-1,-1,-1,-1,-1,0.955,1,1,1,1,1,1,1,1,-1,-1,-1,-1,-1,10005,0,1,1,0,0,0,0,1,0,0,0,1,3400,310,6,6,1,2,60,6501,-1,-1,31020000,31020000,31020000,31020000,31020000,31020000,31020000,31020000,31020000,31020000,1,1,0,0,0,0,1,1,0,[0|0|0|0|0|0|0]
31020500,Marred Flame Art Wooden Shield,1,0,[0|0|0],3100,7204006,0,4,0,900,340,100,14,0,0,24,86,52,27,50,6401,-1,-1,-1,-1,-1,0,31020000,31020000,31020000,31020000,31020000,31020000,31020000,31020000,31020000,31020000,31020000,31020000,31020000,31020000,31020000,31020000,1,1,1,1,15,15,5.5,2001,12042,0,0,1,10,74,0,74,0,60,60,0,48,500,-1,-1,0,-1,7,0,12,49,0,2,105,0,11,0,0,15,8,0,0,0,99,0,0,50,80,0,3,0,0,0,23,23,23,23,1,1,1,1,0,0,1,1,0,0,0,0,0,1,0,0,0,0,0,0,0,0,0,0,0,0,0,1,0,1,1,1,0,2,0,128,2,1,0,0,-1,-1,-1,-1,-1,-1,-1,-1,-1,-1,-1,-1,-1,-1,-1,-1,-1,-1,-1,-1,-1,-1,-1,-1,139,139,49,0.03,0,0,0,0,1,0,0,0,0,4,0,1,1,49,0,0,6,30,1,23,23,6,0,23,0,10,0,0,0,0,67,15,15,15,15,15,15,15,15,15,15,0,-1,-1,-1,-1,-1,-1,-1,-1,0.955,1,1,1,1,1,1,1,1,-1,-1,-1,-1,-1,10000,0,1,1,0,0,0,0,1,0,0,0,1,3400,310,6,6,1,2,60,6501,-1,-1,31020000,31020000,31020000,31020000,31020000,31020000,31020000,31020000,31020000,31020000,1,1,0,0,0,0,1,1,0,[0|0|0|0|0|0|0]
31020600,Marred Lightning Wooden Shield,1,0,[0|0|0],3100,7204007,0,4,0,900,340,100,8,28,0,0,86,52,27,50,6401,-1,-1,-1,-1,-1,0,31020000,31020000,31020000,31020000,31020000,31020000,31020000,31020000,31020000,31020000,31020000,31020000,31020000,31020000,31020000,31020000,1,1,1,1,15,15,5.5,2001,12042,0,0,1,10,74,0,0,74,60,60,0,48,600,-1,-1,0,-1,7,0,12,49,0,2,105,0,12,0,0,15,8,0,0,0,99,0,0,50,80,0,3,0,0,0,23,23,23,23,1,1,1,1,0,0,1,1,0,0,0,0,0,1,0,0,0,0,0,0,0,0,0,0,0,0,0,1,0,1,1,1,0,2,0,128,2,1,0,0,-1,-1,-1,-1,-1,-1,-1,-1,-1,-1,-1,-1,-1,-1,-1,-1,-1,-1,-1,-1,-1,-1,-1,-1,139,139,49,0.03,0,0,0,0,1,0,0,0,0,0,4,1,1,49,0,0,6,30,1,23,23,6,0,23,0,10,0,0,0,0,67,15,15,15,15,15,15,15,15,15,15,0,-1,-1,-1,-1,-1,-1,-1,-1,0.955,1,1,1,1,1,1,1,1,-1,-1,-1,-1,-1,10000,0,1,1,0,0,0,0,1,0,0,0,1,3400,310,6,6,1,2,60,6501,-1,-1,31020000,31020000,31020000,31020000,31020000,31020000,31020000,31020000,31020000,31020000,1,1,0,0,0,0,1,1,0,[0|0|0|0|0|0|0]
31020700,Marred Sacred Wooden Shield,1,0,[0|0|0],3100,7204008,0,4,0,900,340,100,18,0,0,24,86,52,27,50,6401,-1,-1,-1,-1,-1,0,31020000,31020000,31020000,31020000,31020000,31020000,31020000,31020000,31020000,31020000,31020000,31020000,31020000,31020000,31020000,31020000,1,1,1,1,15,15,5.5,2001,12042,0,0,1,10,74,0,0,0,60,60,0,48,700,-1,-1,0,-1,7,0,12,49,0,2,105,0,13,0,0,15,8,0,0,0,99,0,0,50,80,0,3,0,0,0,23,23,23,23,1,1,1,1,0,0,1,1,0,0,0,0,0,1,0,0,0,0,0,0,0,0,0,0,0,0,0,1,0,1,1,1,0,2,0,128,2,1,0,0,-1,-1,-1,-1,-1,-1,-1,-1,-1,-1,-1,-1,-1,-1,-1,-1,-1,-1,-1,-1,-1,-1,-1,-1,139,139,49,0.03,0,0,0,0,1,0,0,0,0,0,0,1,1,49,74,4,6,30,1,23,23,6,0,23,0,10,0,0,0,0,67,15,15,15,15,15,15,15,15,15,15,0,-1,-1,-1,-1,-1,-1,-1,-1,0.955,1,1,1,1,1,1,1,1,-1,-1,-1,-1,-1,10000,0,1,1,0,0,0,0,1,0,0,0,1,3400,310,6,6,1,2,60,6501,-1,-1,31020000,31020000,31020000,31020000,31020000,31020000,31020000,31020000,31020000,31020000,1,1,0,0,0,0,1,1,0,[0|0|0|0|0|0|0]
31020800,Marred Magic Wooden Shield,1,0,[0|0|0],3100,7204004,0,4,0,900,340,100,16,0,24,0,86,52,27,50,6401,-1,-1,-1,-1,-1,0,31020000,31020000,31020000,31020000,31020000,31020000,31020000,31020000,31020000,31020000,31020000,31020000,31020000,31020000,31020000,31020000,1,1,1,1,15,15,5.5,2001,12042,0,0,1,10,74,74,0,0,60,60,0,48,800,-1,-1,0,-1,7,0,12,49,0,2,105,0,10,0,0,15,8,0,0,0,99,0,0,50,80,0,3,0,0,0,23,23,23,23,1,1,1,1,0,0,1,1,0,0,0,0,0,1,0,0,0,0,0,0,0,0,0,0,0,0,0,1,0,1,1,1,0,2,0,128,2,1,0,0,-1,-1,-1,-1,-1,-1,-1,-1,-1,-1,-1,-1,-1,-1,-1,-1,-1,-1,-1,-1,-1,-1,-1,-1,139,139,49,0.03,0,0,0,0,1,0,0,0,4,0,0,1,1,49,0,0,6,30,1,23,23,6,0,23,0,10,0,0,0,0,67,15,15,15,15,15,15,15,15,15,15,0,-1,-1,-1,-1,-1,-1,-1,-1,0.955,1,1,1,1,1,1,1,1,-1,-1,-1,-1,-1,10000,0,1,1,0,0,0,0,1,0,0,0,1,3400,310,6,6,1,2,60,6501,-1,-1,31020000,31020000,31020000,31020000,31020000,31020000,31020000,31020000,31020000,31020000,1,1,0,0,0,0,1,1,0,[0|0|0|0|0|0|0]
31020900,Marred Cold Wooden Shield,1,0,[0|0|0],3100,7204011,0,4,0,900,340,100,36,0,24,0,86,52,27,50,6400,107500,-1,-1,-1,-1,0,31020000,31020000,31020000,31020000,31020000,31020000,31020000,31020000,31020000,31020000,31020000,31020000,31020000,31020000,31020000,31020000,1,1,1,1,15,15,5.5,2001,12042,0,0,1,10,74,63,0,0,60,60,0,48,900,-1,-1,0,-1,7,0,12,49,0,2,105,0,10,0,0,15,8,0,0,0,99,0,0,50,80,0,3,0,0,0,23,23,23,23,1,1,1,1,0,0,1,1,0,0,0,0,0,1,0,0,0,0,0,0,0,0,0,0,0,0,0,1,0,1,1,1,0,2,0,128,2,1,0,0,-1,-1,-1,-1,-1,-1,-1,-1,-1,-1,-1,-1,-1,-1,-1,-1,-1,-1,-1,-1,-1,-1,-1,-1,139,139,49,0.03,0,0,0,0,1,0,0,0,4,0,0,1,1,49,0,0,6,30,1,23,23,6,0,23,0,10,0,0,0,0,67,15,15,15,15,15,15,15,15,15,15,0,-1,-1,-1,-1,-1,-1,-1,-1,0.955,1,1,1,1,1,1,1,1,-1,-1,-1,-1,-1,10000,0,1,1,0,0,0,0,1,0,0,0,1,3400,310,6,6,1,2,60,6601,6501,-1,31020000,31020000,31020000,31020000,31020000,31020000,31020000,31020000,31020000,31020000,1,1,0,0,0,0,1,1,0,[0|0|0|0|0|0|0]
31021000,Marred Poison Wooden Shield,1,0,[0|0|0],3100,7204009,0,4,0,900,340,100,38,0,0,0,86,52,27,50,6400,106000,-1,-1,-1,-1,0,31020000,31020000,31020000,31020000,31020000,31020000,31020000,31020000,31020000,31020000,31020000,31020000,31020000,31020000,31020000,31020000,1,1,1,1,15,15,5.5,2001,12042,0,0,1,10,74,0,0,0,60,60,0,48,1000,-1,-1,0,-1,7,0,12,49,0,2,105,0,0,0,0,15,8,0,0,0,99,0,0,50,80,0,3,0,0,0,23,23,23,23,1,1,1,1,0,0,1,1,0,0,0,0,0,1,0,0,0,0,0,0,0,0,0,0,0,0,0,1,0,1,1,1,0,2,0,128,2,1,0,0,-1,-1,-1,-1,-1,-1,-1,-1,-1,-1,-1,-1,-1,-1,-1,-1,-1,-1,-1,-1,-1,-1,-1,-1,139,139,49,0.03,0,0,0,0,1,0,0,0,0,0,0,1,1,49,0,0,6,30,1,23,23,6,0,23,0,10,30,0,0,0,67,15,15,15,15,15,15,15,15,15,15,0,-1,-1,-1,-1,-1,-1,-1,-1,0.955,1,1,1,1,1,1,1,1,-1,-1,-1,-1,-1,10013,0,1,1,0,0,0,0,1,0,0,0,1,3400,310,6,6,1,2,60,6401,6501,-1,31020000,31020000,31020000,31020000,31020000,31020000,31020000,31020000,31020000,31020000,1,1,0,0,0,0,1,1,0,[0|0|0|0|0|0|0]
31021100,Marred Blood Wooden Shield,1,0,[0|0|0],3100,7204010,0,4,0,900,340,100,38,0,0,0,86,52,27,50,105050,-1,-1,-1,-1,-1,0,31020000,31020000,31020000,31020000,31020000,31020000,31020000,31020000,31020000,31020000,31020000,31020000,31020000,31020000,31020000,31020000,1,1,1,1,15,15,5.5,2001,12042,0,0,1,10,74,0,0,0,60,60,0,48,1100,-1,-1,0,-1,7,0,12,49,0,2,105,0,0,0,0,15,8,0,0,0,99,0,0,50,80,0,3,0,0,0,23,23,23,23,1,1,1,1,0,0,1,1,0,0,0,0,0,1,0,0,0,0,0,0,0,0,0,0,0,0,0,1,0,1,1,1,0,2,0,128,2,1,0,0,-1,-1,-1,-1,-1,-1,-1,-1,-1,-1,-1,-1,-1,-1,-1,-1,-1,-1,-1,-1,-1,-1,-1,-1,139,139,49,0.03,0,0,0,0,1,0,0,0,0,0,0,1,1,49,0,0,6,30,1,23,23,6,0,23,0,10,30,0,0,0,67,15,15,15,15,15,15,15,15,15,15,0,-1,-1,-1,-1,-1,-1,-1,-1,0.955,1,1,1,1,1,1,1,1,-1,-1,-1,-1,-1,10013,0,1,1,0,0,0,0,1,0,0,0,1,3400,310,6,6,1,2,60,6501,-1,-1,31020000,31020000,31020000,31020000,31020000,31020000,31020000,31020000,31020000,31020000,1,1,0,0,0,0,1,1,0,[0|0|0|0|0|0|0]
31021200,Marred Occult Wooden Shield,1,0,[0|0|0],3100,7204012,0,4,0,900,340,100,38,0,0,0,86,52,27,50,6400,-1,-1,-1,-1,-1,0,31020000,31020000,31020000,31020000,31020000,31020000,31020000,31020000,31020000,31020000,31020000,31020000,31020000,31020000,31020000,31020000,1,1,1,1,15,15,5.5,2001,12042,0,0,1,10,74,0,0,0,60,60,0,48,1200,-1,-1,0,-1,7,0,12,49,0,2,105,7,0,0,0,15,8,0,0,0,99,0,0,50,80,0,3,0,0,0,23,23,23,23,1,1,1,1,0,0,1,1,0,0,0,0,0,1,0,0,0,0,0,0,0,0,0,0,0,0,0,1,0,1,1,1,0,2,0,128,2,1,0,0,-1,-1,-1,-1,-1,-1,-1,-1,-1,-1,-1,-1,-1,-1,-1,-1,-1,-1,-1,-1,-1,-1,-1,-1,139,139,49,0.03,0,0,0,0,1,0,0,0,0,0,0,1,1,49,0,0,6,30,1,23,23,6,0,23,0,10,38,0,0,0,67,15,15,15,15,15,15,15,15,15,15,0,-1,-1,-1,-1,-1,-1,-1,-1,0.955,1,1,1,1,1,1,1,1,-1,-1,-1,-1,-1,10013,0,1,1,0,0,0,0,1,0,0,0,1,3400,310,6,6,1,2,60,6501,-1,-1,31020000,31020000,31020000,31020000,31020000,31020000,31020000,31020000,31020000,31020000,1,1,0,0,0,0,1,1,0,[0|0|0|0|0|0|0]
31030000,Banished Knight's Shield,1,0,[0|0|0],3100,7221000,0,6,0,900,340,100,40,0,0,0,100,49,57,31,-1,-1,-1,-1,-1,-1,0,31030000,31030000,31030000,31030000,31030000,31030000,31030000,31030000,31030000,31030000,31030000,31030000,31030000,31030000,31030000,31030000,1,1,1,1,15,15,5.5,2002,12043,0,0,1,10,81,0,0,0,65,60,0,55,8100,-1,-1,0,-1,7,0,12,49,0,0,104,0,0,0,0,15,14,0,0,0,99,0,0,50,80,0,3,0,0,0,26,26,26,26,1,1,1,1,0,0,1,1,0,0,0,0,0,1,0,0,0,0,0,0,0,0,0,0,0,0,0,1,0,1,1,1,0,2,0,106,2,1,0,0,-1,-1,-1,-1,-1,-1,-1,-1,-1,-1,-1,-1,-1,-1,-1,-1,-1,-1,-1,-1,-1,-1,-1,-1,139,139,49,0.03,0,0,0,0,1,0,0,0,0,0,0,1,1,48,0,0,6,30,1,26,26,6,0,26,0,10,0,0,0,0,67,15,15,15,15,15,15,15,15,15,15,0,-1,-1,-1,-1,-1,-1,-1,-1,1.07,1,1,1,1,1,1,1,1,-1,-1,-1,-1,-1,10000,0,1,1,0,0,0,0,1,0,0,0,6,3400,310,6,6,1,2,60,-1,-1,-1,31030000,31030000,31030000,31030000,31030000,31030000,31030000,31030000,31030000,31030000,1,1,0,0,0,0,1,1,0,[0|0|0|0|0|0|0]
31030100,Banished Knight's Heavy Shield,1,0,[0|0|0],3100,7221001,0,6,0,900,340,100,36,0,0,0,100,49,57,31,-1,-1,-1,-1,-1,-1,0,31030000,31030000,31030000,31030000,31030000,31030000,31030000,31030000,31030000,31030000,31030000,31030000,31030000,31030000,31030000,31030000,1,1,1,1,15,15,5.5,2002,12043,0,0,1,10,79,0,0,0,65,60,0,55,100,-1,-1,0,-1,7,0,12,49,0,0,104,1,0,0,0,15,14,0,0,0,99,0,0,50,80,0,3,0,0,0,26,26,26,26,1,1,1,1,0,0,1,1,0,0,0,0,0,1,0,0,0,0,0,0,0,0,0,0,0,0,0,1,0,1,1,1,0,2,0,106,2,2,0,0,-1,-1,-1,-1,-1,-1,-1,-1,-1,-1,-1,-1,-1,-1,-1,-1,-1,-1,-1,-1,-1,-1,-1,-1,139,139,48,0.03,0,0,0,0,1,0,0,0,0,0,0,1,1,48,0,0,6,30,1,26,26,6,0,26,0,10,0,0,0,0,67,15,15,15,15,15,15,15,15,15,15,0,-1,-1,-1,-1,-1,-1,-1,-1,1.07,1,1,1,1,1,1,1,1,-1,-1,-1,-1,-1,10000,0,1,1,0,0,0,0,1,0,0,0,6,3400,310,6,6,1,2,60,-1,-1,-1,31030000,31030000,31030000,31030000,31030000,31030000,31030000,31030000,31030000,31030000,1,1,0,0,0,0,1,1,0,[0|0|0|0|0|0|0]
31030200,Banished Knight's Keen Shield,1,0,[0|0|0],3100,7221002,0,6,0,900,340,100,8,32,0,0,100,49,57,31,-1,-1,-1,-1,-1,-1,0,31030000,31030000,31030000,31030000,31030000,31030000,31030000,31030000,31030000,31030000,31030000,31030000,31030000,31030000,31030000,31030000,1,1,1,1,15,15,5.5,2002,12043,0,0,1,10,79,0,0,0,65,60,0,55,200,-1,-1,0,-1,7,0,12,49,0,0,104,2,0,0,0,15,14,0,0,0,99,0,0,50,80,0,3,0,0,0,26,26,26,26,1,1,1,1,0,0,1,1,0,0,0,0,0,1,0,0,0,0,0,0,0,0,0,0,0,0,0,1,0,1,1,1,0,2,0,106,2,2,0,0,-1,-1,-1,-1,-1,-1,-1,-1,-1,-1,-1,-1,-1,-1,-1,-1,-1,-1,-1,-1,-1,-1,-1,-1,139,139,48,0.03,0,0,0,0,1,0,0,0,0,0,0,1,1,48,0,0,6,30,1,26,26,6,0,26,0,10,0,0,0,0,67,15,15,15,15,15,15,15,15,15,15,0,-1,-1,-1,-1,-1,-1,-1,-1,1.07,1,1,1,1,1,1,1,1,-1,-1,-1,-1,-1,10000,0,1,1,0,0,0,0,1,0,0,0,6,3400,310,6,6,1,2,60,-1,-1,-1,31030000,31030000,31030000,31030000,31030000,31030000,31030000,31030000,31030000,31030000,1,1,0,0,0,0,1,1,0,[0|0|0|0|0|0|0]
31030300,Banished Knight's Quality Shield,1,0,[0|0|0],3100,7221003,0,6,0,900,340,100,40,40,0,0,100,49,57,31,-1,-1,-1,-1,-1,-1,0,31030000,31030000,31030000,31030000,31030000,31030000,31030000,31030000,31030000,31030000,31030000,31030000,31030000,31030000,31030000,31030000,1,1,1,1,15,15,5.5,2002,12043,0,0,1,10,79,0,0,0,65,60,0,55,300,-1,-1,0,-1,7,0,12,49,0,0,104,8,0,0,0,15,14,0,0,0,99,0,0,50,80,0,3,0,0,0,26,26,26,26,1,1,1,1,0,0,1,1,0,0,0,0,0,1,0,0,0,0,0,0,0,0,0,0,0,0,0,1,0,1,1,1,0,2,0,106,2,2,0,0,-1,-1,-1,-1,-1,-1,-1,-1,-1,-1,-1,-1,-1,-1,-1,-1,-1,-1,-1,-1,-1,-1,-1,-1,139,139,48,0.03,0,0,0,0,1,0,0,0,0,0,0,1,1,48,0,0,6,30,1,26,26,6,0,26,0,10,0,0,0,0,67,15,15,15,15,15,15,15,15,15,15,0,-1,-1,-1,-1,-1,-1,-1,-1,1.07,1,1,1,1,1,1,1,1,-1,-1,-1,-1,-1,10000,0,1,1,0,0,0,0,1,0,0,0,6,3400,310,6,6,1,2,60,-1,-1,-1,31030000,31030000,31030000,31030000,31030000,31030000,31030000,31030000,31030000,31030000,1,1,0,0,0,0,1,1,0,[0|0|0|0|0|0|0]
31030400,Banished Knight's Fire Shield,1,0,[0|0|0],3100,7221005,0,6,0,900,340,100,28,12,0,0,100,49,57,31,-1,-1,-1,-1,-1,-1,0,31030000,31030000,31030000,31030000,31030000,31030000,31030000,31030000,31030000,31030000,31030000,31030000,31030000,31030000,31030000,31030000,1,1,1,1,15,15,5.5,2002,12043,0,0,1,10,79,0,79,0,65,60,0,55,400,-1,-1,0,-1,7,0,12,49,0,0,104,0,11,0,0,15,14,0,0,0,99,0,0,50,80,0,3,0,0,0,26,26,26,26,1,1,1,1,0,0,1,1,0,0,0,0,0,1,0,0,0,0,0,0,0,0,0,0,0,0,0,1,0,1,1,1,0,2,0,106,2,2,0,0,-1,-1,-1,-1,-1,-1,-1,-1,-1,-1,-1,-1,-1,-1,-1,-1,-1,-1,-1,-1,-1,-1,-1,-1,139,139,48,0.03,0,0,0,0,1,0,0,0,0,4,0,1,1,48,0,0,6,30,1,26,26,6,0,26,0,10,0,0,0,0,67,15,15,15,15,15,15,15,15,15,15,0,-1,-1,-1,-1,-1,-1,-1,-1,1.07,1,1,1,1,1,1,1,1,-1,-1,-1,-1,-1,10005,0,1,1,0,0,0,0,1,0,0,0,6,3400,310,6,6,1,2,60,-1,-1,-1,31030000,31030000,31030000,31030000,31030000,31030000,31030000,31030000,31030000,31030000,1,1,0,0,0,0,1,1,0,[0|0|0|0|0|0|0]
31030500,Banished Knight's Flame Art Shield,1,0,[0|0|0],3100,7221006,0,6,0,900,340,100,14,0,0,24,100,49,57,31,-1,-1,-1,-1,-1,-1,0,31030000,31030000,31030000,31030000,31030000,31030000,31030000,31030000,31030000,31030000,31030000,31030000,31030000,31030000,31030000,31030000,1,1,1,1,15,15,5.5,2002,12043,0,0,1,10,79,0,79,0,65,60,0,55,500,-1,-1,0,-1,7,0,12,49,0,0,104,0,11,0,0,15,14,0,0,0,99,0,0,50,80,0,3,0,0,0,26,26,26,26,1,1,1,1,0,0,1,1,0,0,0,0,0,1,0,0,0,0,0,0,0,0,0,0,0,0,0,1,0,1,1,1,0,2,0,106,2,2,0,0,-1,-1,-1,-1,-1,-1,-1,-1,-1,-1,-1,-1,-1,-1,-1,-1,-1,-1,-1,-1,-1,-1,-1,-1,139,139,48,0.03,0,0,0,0,1,0,0,0,0,4,0,1,1,48,0,0,6,30,1,26,26,6,0,26,0,10,0,0,0,0,67,15,15,15,15,15,15,15,15,15,15,0,-1,-1,-1,-1,-1,-1,-1,-1,1.07,1,1,1,1,1,1,1,1,-1,-1,-1,-1,-1,10000,0,1,1,0,0,0,0,1,0,0,0,6,3400,310,6,6,1,2,60,-1,-1,-1,31030000,31030000,31030000,31030000,31030000,31030000,31030000,31030000,31030000,31030000,1,1,0,0,0,0,1,1,0,[0|0|0|0|0|0|0]
31030600,Banished Knight's Lightning Shield,1,0,[0|0|0],3100,7221007,0,6,0,900,340,100,8,28,0,0,100,49,57,31,-1,-1,-1,-1,-1,-1,0,31030000,31030000,31030000,31030000,31030000,31030000,31030000,31030000,31030000,31030000,31030000,31030000,31030000,31030000,31030000,31030000,1,1,1,1,15,15,5.5,2002,12043,0,0,1,10,79,0,0,79,65,60,0,55,600,-1,-1,0,-1,7,0,12,49,0,0,104,0,12,0,0,15,14,0,0,0,99,0,0,50,80,0,3,0,0,0,26,26,26,26,1,1,1,1,0,0,1,1,0,0,0,0,0,1,0,0,0,0,0,0,0,0,0,0,0,0,0,1,0,1,1,1,0,2,0,106,2,2,0,0,-1,-1,-1,-1,-1,-1,-1,-1,-1,-1,-1,-1,-1,-1,-1,-1,-1,-1,-1,-1,-1,-1,-1,-1,139,139,48,0.03,0,0,0,0,1,0,0,0,0,0,4,1,1,48,0,0,6,30,1,26,26,6,0,26,0,10,0,0,0,0,67,15,15,15,15,15,15,15,15,15,15,0,-1,-1,-1,-1,-1,-1,-1,-1,1.07,1,1,1,1,1,1,1,1,-1,-1,-1,-1,-1,10000,0,1,1,0,0,0,0,1,0,0,0,6,3400,310,6,6,1,2,60,-1,-1,-1,31030000,31030000,31030000,31030000,31030000,31030000,31030000,31030000,31030000,31030000,1,1,0,0,0,0,1,1,0,[0|0|0|0|0|0|0]
31030700,Banished Knight's Sacred Shield,1,0,[0|0|0],3100,7221008,0,6,0,900,340,100,18,0,0,24,100,49,57,31,-1,-1,-1,-1,-1,-1,0,31030000,31030000,31030000,31030000,31030000,31030000,31030000,31030000,31030000,31030000,31030000,31030000,31030000,31030000,31030000,31030000,1,1,1,1,15,15,5.5,2002,12043,0,0,1,10,79,0,0,0,65,60,0,55,700,-1,-1,0,-1,7,0,12,49,0,0,104,0,13,0,0,15,14,0,0,0,99,0,0,50,80,0,3,0,0,0,26,26,26,26,1,1,1,1,0,0,1,1,0,0,0,0,0,1,0,0,0,0,0,0,0,0,0,0,0,0,0,1,0,1,1,1,0,2,0,106,2,2,0,0,-1,-1,-1,-1,-1,-1,-1,-1,-1,-1,-1,-1,-1,-1,-1,-1,-1,-1,-1,-1,-1,-1,-1,-1,139,139,48,0.03,0,0,0,0,1,0,0,0,0,0,0,1,1,48,79,4,6,30,1,26,26,6,0,26,0,10,0,0,0,0,67,15,15,15,15,15,15,15,15,15,15,0,-1,-1,-1,-1,-1,-1,-1,-1,1.07,1,1,1,1,1,1,1,1,-1,-1,-1,-1,-1,10000,0,1,1,0,0,0,0,1,0,0,0,6,3400,310,6,6,1,2,60,-1,-1,-1,31030000,31030000,31030000,31030000,31030000,31030000,31030000,31030000,31030000,31030000,1,1,0,0,0,0,1,1,0,[0|0|0|0|0|0|0]
31030800,Banished Knight's Magic Shield,1,0,[0|0|0],3100,7221004,0,6,0,900,340,100,16,0,24,0,100,49,57,31,-1,-1,-1,-1,-1,-1,0,31030000,31030000,31030000,31030000,31030000,31030000,31030000,31030000,31030000,31030000,31030000,31030000,31030000,31030000,31030000,31030000,1,1,1,1,15,15,5.5,2002,12043,0,0,1,10,79,79,0,0,65,60,0,55,800,-1,-1,0,-1,7,0,12,49,0,0,104,0,10,0,0,15,14,0,0,0,99,0,0,50,80,0,3,0,0,0,26,26,26,26,1,1,1,1,0,0,1,1,0,0,0,0,0,1,0,0,0,0,0,0,0,0,0,0,0,0,0,1,0,1,1,1,0,2,0,106,2,2,0,0,-1,-1,-1,-1,-1,-1,-1,-1,-1,-1,-1,-1,-1,-1,-1,-1,-1,-1,-1,-1,-1,-1,-1,-1,139,139,48,0.03,0,0,0,0,1,0,0,0,4,0,0,1,1,48,0,0,6,30,1,26,26,6,0,26,0,10,0,0,0,0,67,15,15,15,15,15,15,15,15,15,15,0,-1,-1,-1,-1,-1,-1,-1,-1,1.07,1,1,1,1,1,1,1,1,-1,-1,-1,-1,-1,10000,0,1,1,0,0,0,0,1,0,0,0,6,3400,310,6,6,1,2,60,-1,-1,-1,31030000,31030000,31030000,31030000,31030000,31030000,31030000,31030000,31030000,31030000,1,1,0,0,0,0,1,1,0,[0|0|0|0|0|0|0]
31030900,Banished Knight's Cold Shield,1,0,[0|0|0],3100,7221011,0,6,0,900,340,100,36,0,24,0,100,49,57,31,-1,107500,-1,-1,-1,-1,0,31030000,31030000,31030000,31030000,31030000,31030000,31030000,31030000,31030000,31030000,31030000,31030000,31030000,31030000,31030000,31030000,1,1,1,1,15,15,5.5,2002,12043,0,0,1,10,79,67,0,0,65,60,0,55,900,-1,-1,0,-1,7,0,12,49,0,0,104,0,10,0,0,15,14,0,0,0,99,0,0,50,80,0,3,0,0,0,26,26,26,26,1,1,1,1,0,0,1,1,0,0,0,0,0,1,0,0,0,0,0,0,0,0,0,0,0,0,0,1,0,1,1,1,0,2,0,106,2,2,0,0,-1,-1,-1,-1,-1,-1,-1,-1,-1,-1,-1,-1,-1,-1,-1,-1,-1,-1,-1,-1,-1,-1,-1,-1,139,139,48,0.03,0,0,0,0,1,0,0,0,4,0,0,1,1,48,0,0,6,30,1,26,26,6,0,26,0,10,0,0,0,0,67,15,15,15,15,15,15,15,15,15,15,0,-1,-1,-1,-1,-1,-1,-1,-1,1.07,1,1,1,1,1,1,1,1,-1,-1,-1,-1,-1,10000,0,1,1,0,0,0,0,1,0,0,0,6,3400,310,6,6,1,2,60,6601,-1,-1,31030000,31030000,31030000,31030000,31030000,31030000,31030000,31030000,31030000,31030000,1,1,0,0,0,0,1,1,0,[0|0|0|0|0|0|0]
31031000,Banished Knight's Poison Shield,1,0,[0|0|0],3100,7221009,0,6,0,900,340,100,38,0,0,0,100,49,57,31,-1,106000,-1,-1,-1,-1,0,31030000,31030000,31030000,31030000,31030000,31030000,31030000,31030000,31030000,31030000,31030000,31030000,31030000,31030000,31030000,31030000,1,1,1,1,15,15,5.5,2002,12043,0,0,1,10,79,0,0,0,65,60,0,55,1000,-1,-1,0,-1,7,0,12,49,0,0,104,0,0,0,0,15,14,0,0,0,99,0,0,50,80,0,3,0,0,0,26,26,26,26,1,1,1,1,0,0,1,1,0,0,0,0,0,1,0,0,0,0,0,0,0,0,0,0,0,0,0,1,0,1,1,1,0,2,0,106,2,2,0,0,-1,-1,-1,-1,-1,-1,-1,-1,-1,-1,-1,-1,-1,-1,-1,-1,-1,-1,-1,-1,-1,-1,-1,-1,139,139,48,0.03,0,0,0,0,1,0,0,0,0,0,0,1,1,48,0,0,6,30,1,26,26,6,0,26,0,10,30,0,0,0,67,15,15,15,15,15,15,15,15,15,15,0,-1,-1,-1,-1,-1,-1,-1,-1,1.07,1,1,1,1,1,1,1,1,-1,-1,-1,-1,-1,10013,0,1,1,0,0,0,0,1,0,0,0,6,3400,310,6,6,1,2,60,6401,-1,-1,31030000,31030000,31030000,31030000,31030000,31030000,31030000,31030000,31030000,31030000,1,1,0,0,0,0,1,1,0,[0|0|0|0|0|0|0]
31031100,Banished Knight's Blood Shield,1,0,[0|0|0],3100,7221010,0,6,0,900,340,100,38,0,0,0,100,49,57,31,105000,-1,-1,-1,-1,-1,0,31030000,31030000,31030000,31030000,31030000,31030000,31030000,31030000,31030000,31030000,31030000,31030000,31030000,31030000,31030000,31030000,1,1,1,1,15,15,5.5,2002,12043,0,0,1,10,79,0,0,0,65,60,0,55,1100,-1,-1,0,-1,7,0,12,49,0,0,104,0,0,0,0,15,14,0,0,0,99,0,0,50,80,0,3,0,0,0,26,26,26,26,1,1,1,1,0,0,1,1,0,0,0,0,0,1,0,0,0,0,0,0,0,0,0,0,0,0,0,1,0,1,1,1,0,2,0,106,2,2,0,0,-1,-1,-1,-1,-1,-1,-1,-1,-1,-1,-1,-1,-1,-1,-1,-1,-1,-1,-1,-1,-1,-1,-1,-1,139,139,48,0.03,0,0,0,0,1,0,0,0,0,0,0,1,1,48,0,0,6,30,1,26,26,6,0,26,0,10,30,0,0,0,67,15,15,15,15,15,15,15,15,15,15,0,-1,-1,-1,-1,-1,-1,-1,-1,1.07,1,1,1,1,1,1,1,1,-1,-1,-1,-1,-1,10013,0,1,1,0,0,0,0,1,0,0,0,6,3400,310,6,6,1,2,60,6501,-1,-1,31030000,31030000,31030000,31030000,31030000,31030000,31030000,31030000,31030000,31030000,1,1,0,0,0,0,1,1,0,[0|0|0|0|0|0|0]
31031200,Banished Knight's Occult Shield,1,0,[0|0|0],3100,7221012,0,6,0,900,340,100,38,0,0,0,100,49,57,31,-1,-1,-1,-1,-1,-1,0,31030000,31030000,31030000,31030000,31030000,31030000,31030000,31030000,31030000,31030000,31030000,31030000,31030000,31030000,31030000,31030000,1,1,1,1,15,15,5.5,2002,12043,0,0,1,10,79,0,0,0,65,60,0,55,1200,-1,-1,0,-1,7,0,12,49,0,0,104,7,0,0,0,15,14,0,0,0,99,0,0,50,80,0,3,0,0,0,26,26,26,26,1,1,1,1,0,0,1,1,0,0,0,0,0,1,0,0,0,0,0,0,0,0,0,0,0,0,0,1,0,1,1,1,0,2,0,106,2,2,0,0,-1,-1,-1,-1,-1,-1,-1,-1,-1,-1,-1,-1,-1,-1,-1,-1,-1,-1,-1,-1,-1,-1,-1,-1,139,139,48,0.03,0,0,0,0,1,0,0,0,0,0,0,1,1,48,0,0,6,30,1,26,26,6,0,26,0,10,38,0,0,0,67,15,15,15,15,15,15,15,15,15,15,0,-1,-1,-1,-1,-1,-1,-1,-1,1.07,1,1,1,1,1,1,1,1,-1,-1,-1,-1,-1,10013,0,1,1,0,0,0,0,1,0,0,0,6,3400,310,6,6,1,2,60,-1,-1,-1,31030000,31030000,31030000,31030000,31030000,31030000,31030000,31030000,31030000,31030000,1,1,0,0,0,0,1,1,0,[0|0|0|0|0|0|0]
31040000,Albinauric Shield,1,0,[0|0|0],3100,7222000,0,4.5,0,900,340,100,40,0,0,0,100,66,42,23,-1,-1,-1,-1,-1,-1,0,31040000,31040000,31040000,31040000,31040000,31040000,31040000,31040000,31040000,31040000,31040000,31040000,31040000,31040000,31040000,31040000,1,1,1,1,15,15,5.5,2005,12044,0,0,1,10,78,0,0,0,65,60,0,51,8100,-1,-1,0,-1,7,0,12,49,0,0,104,0,0,0,0,15,11,0,0,0,99,0,0,50,80,0,3,0,0,0,23,23,23,23,1,1,1,1,0,0,1,1,0,0,0,0,0,1,0,0,0,0,0,0,0,0,0,0,0,0,0,1,0,1,1,1,0,2,0,106,2,1,0,0,-1,-1,-1,-1,-1,-1,-1,-1,-1,-1,-1,-1,-1,-1,-1,-1,-1,-1,-1,-1,-1,-1,-1,-1,139,139,49,0.03,0,0,0,0,1,0,0,0,0,0,0,1,1,47,0,0,6,30,1,23,23,6,0,23,0,302,0,0,0,0,67,15,15,15,15,15,15,15,15,15,15,0,-1,-1,-1,-1,-1,-1,-1,-1,0.93,1,1,1,1,1,1,1,1,-1,-1,-1,-1,-1,10000,0,1,1,0,0,0,0,1,0,0,0,6,3400,310,6,6,1,2,60,-1,-1,-1,31040000,31040000,31040000,31040000,31040000,31040000,31040000,31040000,31040000,31040000,1,1,0,0,0,0,1,1,0,[0|0|0|0|0|0|0]
31040100,Heavy Albinauric Shield,1,0,[0|0|0],3100,7222001,0,4.5,0,900,340,100,36,0,0,0,100,66,42,23,-1,-1,-1,-1,-1,-1,0,31040000,31040000,31040000,31040000,31040000,31040000,31040000,31040000,31040000,31040000,31040000,31040000,31040000,31040000,31040000,31040000,1,1,1,1,15,15,5.5,2005,12044,0,0,1,10,76,0,0,0,65,60,0,51,100,-1,-1,0,-1,7,0,12,49,0,0,104,1,0,0,0,15,11,0,0,0,99,0,0,50,80,0,3,0,0,0,23,23,23,23,1,1,1,1,0,0,1,1,0,0,0,0,0,1,0,0,0,0,0,0,0,0,0,0,0,0,0,1,0,1,1,1,0,2,0,106,2,1,0,0,-1,-1,-1,-1,-1,-1,-1,-1,-1,-1,-1,-1,-1,-1,-1,-1,-1,-1,-1,-1,-1,-1,-1,-1,139,139,49,0.03,0,0,0,0,1,0,0,0,0,0,0,1,1,47,0,0,6,30,1,23,23,6,0,23,0,302,0,0,0,0,67,15,15,15,15,15,15,15,15,15,15,0,-1,-1,-1,-1,-1,-1,-1,-1,0.93,1,1,1,1,1,1,1,1,-1,-1,-1,-1,-1,10000,0,1,1,0,0,0,0,1,0,0,0,6,3400,310,6,6,1,2,60,-1,-1,-1,31040000,31040000,31040000,31040000,31040000,31040000,31040000,31040000,31040000,31040000,1,1,0,0,0,0,1,1,0,[0|0|0|0|0|0|0]
31040200,Keen Albinauric Shield,1,0,[0|0|0],3100,7222002,0,4.5,0,900,340,100,8,32,0,0,100,66,42,23,-1,-1,-1,-1,-1,-1,0,31040000,31040000,31040000,31040000,31040000,31040000,31040000,31040000,31040000,31040000,31040000,31040000,31040000,31040000,31040000,31040000,1,1,1,1,15,15,5.5,2005,12044,0,0,1,10,76,0,0,0,65,60,0,51,200,-1,-1,0,-1,7,0,12,49,0,0,104,2,0,0,0,15,11,0,0,0,99,0,0,50,80,0,3,0,0,0,23,23,23,23,1,1,1,1,0,0,1,1,0,0,0,0,0,1,0,0,0,0,0,0,0,0,0,0,0,0,0,1,0,1,1,1,0,2,0,106,2,1,0,0,-1,-1,-1,-1,-1,-1,-1,-1,-1,-1,-1,-1,-1,-1,-1,-1,-1,-1,-1,-1,-1,-1,-1,-1,139,139,49,0.03,0,0,0,0,1,0,0,0,0,0,0,1,1,47,0,0,6,30,1,23,23,6,0,23,0,302,0,0,0,0,67,15,15,15,15,15,15,15,15,15,15,0,-1,-1,-1,-1,-1,-1,-1,-1,0.93,1,1,1,1,1,1,1,1,-1,-1,-1,-1,-1,10000,0,1,1,0,0,0,0,1,0,0,0,6,3400,310,6,6,1,2,60,-1,-1,-1,31040000,31040000,31040000,31040000,31040000,31040000,31040000,31040000,31040000,31040000,1,1,0,0,0,0,1,1,0,[0|0|0|0|0|0|0]
31040300,Quality Albinauric Shield,1,0,[0|0|0],3100,7222003,0,4.5,0,900,340,100,40,40,0,0,100,66,42,23,-1,-1,-1,-1,-1,-1,0,31040000,31040000,31040000,31040000,31040000,31040000,31040000,31040000,31040000,31040000,31040000,31040000,31040000,31040000,31040000,31040000,1,1,1,1,15,15,5.5,2005,12044,0,0,1,10,76,0,0,0,65,60,0,51,300,-1,-1,0,-1,7,0,12,49,0,0,104,8,0,0,0,15,11,0,0,0,99,0,0,50,80,0,3,0,0,0,23,23,23,23,1,1,1,1,0,0,1,1,0,0,0,0,0,1,0,0,0,0,0,0,0,0,0,0,0,0,0,1,0,1,1,1,0,2,0,106,2,1,0,0,-1,-1,-1,-1,-1,-1,-1,-1,-1,-1,-1,-1,-1,-1,-1,-1,-1,-1,-1,-1,-1,-1,-1,-1,139,139,49,0.03,0,0,0,0,1,0,0,0,0,0,0,1,1,47,0,0,6,30,1,23,23,6,0,23,0,302,0,0,0,0,67,15,15,15,15,15,15,15,15,15,15,0,-1,-1,-1,-1,-1,-1,-1,-1,0.93,1,1,1,1,1,1,1,1,-1,-1,-1,-1,-1,10000,0,1,1,0,0,0,0,1,0,0,0,6,3400,310,6,6,1,2,60,-1,-1,-1,31040000,31040000,31040000,31040000,31040000,31040000,31040000,31040000,31040000,31040000,1,1,0,0,0,0,1,1,0,[0|0|0|0|0|0|0]
31040400,Fire Albinauric Shield,1,0,[0|0|0],3100,7222005,0,4.5,0,900,340,100,28,12,0,0,100,66,42,23,-1,-1,-1,-1,-1,-1,0,31040000,31040000,31040000,31040000,31040000,31040000,31040000,31040000,31040000,31040000,31040000,31040000,31040000,31040000,31040000,31040000,1,1,1,1,15,15,5.5,2005,12044,0,0,1,10,76,0,76,0,65,60,0,51,400,-1,-1,0,-1,7,0,12,49,0,0,104,0,11,0,0,15,11,0,0,0,99,0,0,50,80,0,3,0,0,0,23,23,23,23,1,1,1,1,0,0,1,1,0,0,0,0,0,1,0,0,0,0,0,0,0,0,0,0,0,0,0,1,0,1,1,1,0,2,0,106,2,1,0,0,-1,-1,-1,-1,-1,-1,-1,-1,-1,-1,-1,-1,-1,-1,-1,-1,-1,-1,-1,-1,-1,-1,-1,-1,139,139,49,0.03,0,0,0,0,1,0,0,0,0,4,0,1,1,47,0,0,6,30,1,23,23,6,0,23,0,302,0,0,0,0,67,15,15,15,15,15,15,15,15,15,15,0,-1,-1,-1,-1,-1,-1,-1,-1,0.93,1,1,1,1,1,1,1,1,-1,-1,-1,-1,-1,10005,0,1,1,0,0,0,0,1,0,0,0,6,3400,310,6,6,1,2,60,-1,-1,-1,31040000,31040000,31040000,31040000,31040000,31040000,31040000,31040000,31040000,31040000,1,1,0,0,0,0,1,1,0,[0|0|0|0|0|0|0]
31040500,Flame Art Albinauric Shield,1,0,[0|0|0],3100,7222006,0,4.5,0,900,340,100,14,0,0,24,100,66,42,23,-1,-1,-1,-1,-1,-1,0,31040000,31040000,31040000,31040000,31040000,31040000,31040000,31040000,31040000,31040000,31040000,31040000,31040000,31040000,31040000,31040000,1,1,1,1,15,15,5.5,2005,12044,0,0,1,10,76,0,76,0,65,60,0,51,500,-1,-1,0,-1,7,0,12,49,0,0,104,0,11,0,0,15,11,0,0,0,99,0,0,50,80,0,3,0,0,0,23,23,23,23,1,1,1,1,0,0,1,1,0,0,0,0,0,1,0,0,0,0,0,0,0,0,0,0,0,0,0,1,0,1,1,1,0,2,0,106,2,1,0,0,-1,-1,-1,-1,-1,-1,-1,-1,-1,-1,-1,-1,-1,-1,-1,-1,-1,-1,-1,-1,-1,-1,-1,-1,139,139,49,0.03,0,0,0,0,1,0,0,0,0,4,0,1,1,47,0,0,6,30,1,23,23,6,0,23,0,302,0,0,0,0,67,15,15,15,15,15,15,15,15,15,15,0,-1,-1,-1,-1,-1,-1,-1,-1,0.93,1,1,1,1,1,1,1,1,-1,-1,-1,-1,-1,10000,0,1,1,0,0,0,0,1,0,0,0,6,3400,310,6,6,1,2,60,-1,-1,-1,31040000,31040000,31040000,31040000,31040000,31040000,31040000,31040000,31040000,31040000,1,1,0,0,0,0,1,1,0,[0|0|0|0|0|0|0]
31040600,Lightning Albinauric Shield,1,0,[0|0|0],3100,7222007,0,4.5,0,900,340,100,8,28,0,0,100,66,42,23,-1,-1,-1,-1,-1,-1,0,31040000,31040000,31040000,31040000,31040000,31040000,31040000,31040000,31040000,31040000,31040000,31040000,31040000,31040000,31040000,31040000,1,1,1,1,15,15,5.5,2005,12044,0,0,1,10,76,0,0,76,65,60,0,51,600,-1,-1,0,-1,7,0,12,49,0,0,104,0,12,0,0,15,11,0,0,0,99,0,0,50,80,0,3,0,0,0,23,23,23,23,1,1,1,1,0,0,1,1,0,0,0,0,0,1,0,0,0,0,0,0,0,0,0,0,0,0,0,1,0,1,1,1,0,2,0,106,2,1,0,0,-1,-1,-1,-1,-1,-1,-1,-1,-1,-1,-1,-1,-1,-1,-1,-1,-1,-1,-1,-1,-1,-1,-1,-1,139,139,49,0.03,0,0,0,0,1,0,0,0,0,0,4,1,1,47,0,0,6,30,1,23,23,6,0,23,0,302,0,0,0,0,67,15,15,15,15,15,15,15,15,15,15,0,-1,-1,-1,-1,-1,-1,-1,-1,0.93,1,1,1,1,1,1,1,1,-1,-1,-1,-1,-1,10000,0,1,1,0,0,0,0,1,0,0,0,6,3400,310,6,6,1,2,60,-1,-1,-1,31040000,31040000,31040000,31040000,31040000,31040000,31040000,31040000,31040000,31040000,1,1,0,0,0,0,1,1,0,[0|0|0|0|0|0|0]
31040700,Sacred Albinauric Shield,1,0,[0|0|0],3100,7222008,0,4.5,0,900,340,100,18,0,0,24,100,66,42,23,-1,-1,-1,-1,-1,-1,0,31040000,31040000,31040000,31040000,31040000,31040000,31040000,31040000,31040000,31040000,31040000,31040000,31040000,31040000,31040000,31040000,1,1,1,1,15,15,5.5,2005,12044,0,0,1,10,76,0,0,0,65,60,0,51,700,-1,-1,0,-1,7,0,12,49,0,0,104,0,13,0,0,15,11,0,0,0,99,0,0,50,80,0,3,0,0,0,23,23,23,23,1,1,1,1,0,0,1,1,0,0,0,0,0,1,0,0,0,0,0,0,0,0,0,0,0,0,0,1,0,1,1,1,0,2,0,106,2,1,0,0,-1,-1,-1,-1,-1,-1,-1,-1,-1,-1,-1,-1,-1,-1,-1,-1,-1,-1,-1,-1,-1,-1,-1,-1,139,139,49,0.03,0,0,0,0,1,0,0,0,0,0,0,1,1,47,76,4,6,30,1,23,23,6,0,23,0,302,0,0,0,0,67,15,15,15,15,15,15,15,15,15,15,0,-1,-1,-1,-1,-1,-1,-1,-1,0.93,1,1,1,1,1,1,1,1,-1,-1,-1,-1,-1,10000,0,1,1,0,0,0,0,1,0,0,0,6,3400,310,6,6,1,2,60,-1,-1,-1,31040000,31040000,31040000,31040000,31040000,31040000,31040000,31040000,31040000,31040000,1,1,0,0,0,0,1,1,0,[0|0|0|0|0|0|0]
31040800,Magic Albinauric Shield,1,0,[0|0|0],3100,7222004,0,4.5,0,900,340,100,16,0,24,0,100,66,42,23,-1,-1,-1,-1,-1,-1,0,31040000,31040000,31040000,31040000,31040000,31040000,31040000,31040000,31040000,31040000,31040000,31040000,31040000,31040000,31040000,31040000,1,1,1,1,15,15,5.5,2005,12044,0,0,1,10,76,76,0,0,65,60,0,51,800,-1,-1,0,-1,7,0,12,49,0,0,104,0,10,0,0,15,11,0,0,0,99,0,0,50,80,0,3,0,0,0,23,23,23,23,1,1,1,1,0,0,1,1,0,0,0,0,0,1,0,0,0,0,0,0,0,0,0,0,0,0,0,1,0,1,1,1,0,2,0,106,2,1,0,0,-1,-1,-1,-1,-1,-1,-1,-1,-1,-1,-1,-1,-1,-1,-1,-1,-1,-1,-1,-1,-1,-1,-1,-1,139,139,49,0.03,0,0,0,0,1,0,0,0,4,0,0,1,1,47,0,0,6,30,1,23,23,6,0,23,0,302,0,0,0,0,67,15,15,15,15,15,15,15,15,15,15,0,-1,-1,-1,-1,-1,-1,-1,-1,0.93,1,1,1,1,1,1,1,1,-1,-1,-1,-1,-1,10000,0,1,1,0,0,0,0,1,0,0,0,6,3400,310,6,6,1,2,60,-1,-1,-1,31040000,31040000,31040000,31040000,31040000,31040000,31040000,31040000,31040000,31040000,1,1,0,0,0,0,1,1,0,[0|0|0|0|0|0|0]
31040900,Cold Albinauric Shield,1,0,[0|0|0],3100,7222011,0,4.5,0,900,340,100,36,0,24,0,100,66,42,23,-1,107500,-1,-1,-1,-1,0,31040000,31040000,31040000,31040000,31040000,31040000,31040000,31040000,31040000,31040000,31040000,31040000,31040000,31040000,31040000,31040000,1,1,1,1,15,15,5.5,2005,12044,0,0,1,10,76,65,0,0,65,60,0,51,900,-1,-1,0,-1,7,0,12,49,0,0,104,0,10,0,0,15,11,0,0,0,99,0,0,50,80,0,3,0,0,0,23,23,23,23,1,1,1,1,0,0,1,1,0,0,0,0,0,1,0,0,0,0,0,0,0,0,0,0,0,0,0,1,0,1,1,1,0,2,0,106,2,1,0,0,-1,-1,-1,-1,-1,-1,-1,-1,-1,-1,-1,-1,-1,-1,-1,-1,-1,-1,-1,-1,-1,-1,-1,-1,139,139,49,0.03,0,0,0,0,1,0,0,0,4,0,0,1,1,47,0,0,6,30,1,23,23,6,0,23,0,302,0,0,0,0,67,15,15,15,15,15,15,15,15,15,15,0,-1,-1,-1,-1,-1,-1,-1,-1,0.93,1,1,1,1,1,1,1,1,-1,-1,-1,-1,-1,10000,0,1,1,0,0,0,0,1,0,0,0,6,3400,310,6,6,1,2,60,6601,-1,-1,31040000,31040000,31040000,31040000,31040000,31040000,31040000,31040000,31040000,31040000,1,1,0,0,0,0,1,1,0,[0|0|0|0|0|0|0]
31041000,Poison Albinauric Shield,1,0,[0|0|0],3100,7222009,0,4.5,0,900,340,100,38,0,0,0,100,66,42,23,-1,106000,-1,-1,-1,-1,0,31040000,31040000,31040000,31040000,31040000,31040000,31040000,31040000,31040000,31040000,31040000,31040000,31040000,31040000,31040000,31040000,1,1,1,1,15,15,5.5,2005,12044,0,0,1,10,76,0,0,0,65,60,0,51,1000,-1,-1,0,-1,7,0,12,49,0,0,104,0,0,0,0,15,11,0,0,0,99,0,0,50,80,0,3,0,0,0,23,23,23,23,1,1,1,1,0,0,1,1,0,0,0,0,0,1,0,0,0,0,0,0,0,0,0,0,0,0,0,1,0,1,1,1,0,2,0,106,2,1,0,0,-1,-1,-1,-1,-1,-1,-1,-1,-1,-1,-1,-1,-1,-1,-1,-1,-1,-1,-1,-1,-1,-1,-1,-1,139,139,49,0.03,0,0,0,0,1,0,0,0,0,0,0,1,1,47,0,0,6,30,1,23,23,6,0,23,0,302,30,0,0,0,67,15,15,15,15,15,15,15,15,15,15,0,-1,-1,-1,-1,-1,-1,-1,-1,0.93,1,1,1,1,1,1,1,1,-1,-1,-1,-1,-1,10013,0,1,1,0,0,0,0,1,0,0,0,6,3400,310,6,6,1,2,60,6401,-1,-1,31040000,31040000,31040000,31040000,31040000,31040000,31040000,31040000,31040000,31040000,1,1,0,0,0,0,1,1,0,[0|0|0|0|0|0|0]
31041100,Blood Albinauric Shield,1,0,[0|0|0],3100,7222010,0,4.5,0,900,340,100,38,0,0,0,100,66,42,23,105000,-1,-1,-1,-1,-1,0,31040000,31040000,31040000,31040000,31040000,31040000,31040000,31040000,31040000,31040000,31040000,31040000,31040000,31040000,31040000,31040000,1,1,1,1,15,15,5.5,2005,12044,0,0,1,10,76,0,0,0,65,60,0,51,1100,-1,-1,0,-1,7,0,12,49,0,0,104,0,0,0,0,15,11,0,0,0,99,0,0,50,80,0,3,0,0,0,23,23,23,23,1,1,1,1,0,0,1,1,0,0,0,0,0,1,0,0,0,0,0,0,0,0,0,0,0,0,0,1,0,1,1,1,0,2,0,106,2,1,0,0,-1,-1,-1,-1,-1,-1,-1,-1,-1,-1,-1,-1,-1,-1,-1,-1,-1,-1,-1,-1,-1,-1,-1,-1,139,139,49,0.03,0,0,0,0,1,0,0,0,0,0,0,1,1,47,0,0,6,30,1,23,23,6,0,23,0,302,30,0,0,0,67,15,15,15,15,15,15,15,15,15,15,0,-1,-1,-1,-1,-1,-1,-1,-1,0.93,1,1,1,1,1,1,1,1,-1,-1,-1,-1,-1,10013,0,1,1,0,0,0,0,1,0,0,0,6,3400,310,6,6,1,2,60,6501,-1,-1,31040000,31040000,31040000,31040000,31040000,31040000,31040000,31040000,31040000,31040000,1,1,0,0,0,0,1,1,0,[0|0|0|0|0|0|0]
31041200,Occult Albinauric Shield,1,0,[0|0|0],3100,7222012,0,4.5,0,900,340,100,38,0,0,0,100,66,42,23,-1,-1,-1,-1,-1,-1,0,31040000,31040000,31040000,31040000,31040000,31040000,31040000,31040000,31040000,31040000,31040000,31040000,31040000,31040000,31040000,31040000,1,1,1,1,15,15,5.5,2005,12044,0,0,1,10,76,0,0,0,65,60,0,51,1200,-1,-1,0,-1,7,0,12,49,0,0,104,7,0,0,0,15,11,0,0,0,99,0,0,50,80,0,3,0,0,0,23,23,23,23,1,1,1,1,0,0,1,1,0,0,0,0,0,1,0,0,0,0,0,0,0,0,0,0,0,0,0,1,0,1,1,1,0,2,0,106,2,1,0,0,-1,-1,-1,-1,-1,-1,-1,-1,-1,-1,-1,-1,-1,-1,-1,-1,-1,-1,-1,-1,-1,-1,-1,-1,139,139,49,0.03,0,0,0,0,1,0,0,0,0,0,0,1,1,47,0,0,6,30,1,23,23,6,0,23,0,302,38,0,0,0,67,15,15,15,15,15,15,15,15,15,15,0,-1,-1,-1,-1,-1,-1,-1,-1,0.93,1,1,1,1,1,1,1,1,-1,-1,-1,-1,-1,10013,0,1,1,0,0,0,0,1,0,0,0,6,3400,310,6,6,1,2,60,-1,-1,-1,31040000,31040000,31040000,31040000,31040000,31040000,31040000,31040000,31040000,31040000,1,1,0,0,0,0,1,1,0,[0|0|0|0|0|0|0]
31050000,Sun Realm Shield,1,0,[0|0|0],3100,7205000,0,3.5,0,900,340,100,40,0,0,0,86,44,27,40,-1,-1,-1,-1,-1,-1,0,31050000,31050000,31050000,31050000,31050000,31050000,31050000,31050000,31050000,31050000,31050000,31050000,31050000,31050000,31050000,31050000,1,1,1,1,15,15,5.5,2007,12045,0,0,1,10,74,0,0,0,58,60,0,48,8100,-1,-1,0,-1,7,0,12,49,0,0,104,0,0,0,0,15,8,0,0,0,99,0,0,50,80,0,3,0,0,0,22,22,22,22,1,1,1,1,0,0,1,1,0,0,0,0,0,1,0,0,0,0,0,0,0,0,0,0,0,0,0,1,0,1,1,1,0,2,0,106,2,1,0,0,-1,-1,-1,-1,-1,-1,-1,-1,-1,-1,-1,-1,-1,-1,-1,-1,-1,-1,-1,-1,-1,-1,-1,-1,139,139,49,0.03,0,0,0,0,1,0,0,0,0,0,0,1,1,56,0,0,6,30,1,22,22,6,0,22,0,302,0,0,0,0,67,15,15,15,15,15,15,15,15,15,15,0,-1,-1,-1,-1,-1,-1,-1,-1,0.94,1,1,1,1,1,1,1,1,-1,-1,-1,-1,-1,10000,0,1,1,0,0,0,0,1,0,0,0,6,3400,310,6,6,1,2,60,-1,-1,-1,31050000,31050000,31050000,31050000,31050000,31050000,31050000,31050000,31050000,31050000,1,1,0,0,0,0,1,1,0,[0|0|0|0|0|0|0]
31050100,Heavy Sun Realm Shield,1,0,[0|0|0],3100,7205001,0,3.5,0,900,340,100,36,0,0,0,86,44,27,40,-1,-1,-1,-1,-1,-1,0,31050000,31050000,31050000,31050000,31050000,31050000,31050000,31050000,31050000,31050000,31050000,31050000,31050000,31050000,31050000,31050000,1,1,1,1,15,15,5.5,2007,12045,0,0,1,10,72,0,0,0,58,60,0,48,100,-1,-1,0,-1,7,0,12,49,0,0,104,1,0,0,0,15,8,0,0,0,99,0,0,50,80,0,3,0,0,0,22,22,22,22,1,1,1,1,0,0,1,1,0,0,0,0,0,1,0,0,0,0,0,0,0,0,0,0,0,0,0,1,0,1,1,1,0,2,0,106,2,1,0,0,-1,-1,-1,-1,-1,-1,-1,-1,-1,-1,-1,-1,-1,-1,-1,-1,-1,-1,-1,-1,-1,-1,-1,-1,139,139,49,0.03,0,0,0,0,1,0,0,0,0,0,0,1,1,56,0,0,6,30,1,22,22,6,0,22,0,302,0,0,0,0,67,15,15,15,15,15,15,15,15,15,15,0,-1,-1,-1,-1,-1,-1,-1,-1,0.94,1,1,1,1,1,1,1,1,-1,-1,-1,-1,-1,10000,0,1,1,0,0,0,0,1,0,0,0,6,3400,310,6,6,1,2,60,-1,-1,-1,31050000,31050000,31050000,31050000,31050000,31050000,31050000,31050000,31050000,31050000,1,1,0,0,0,0,1,1,0,[0|0|0|0|0|0|0]
31050200,Keen Sun Realm Shield,1,0,[0|0|0],3100,7205002,0,3.5,0,900,340,100,8,32,0,0,86,44,27,40,-1,-1,-1,-1,-1,-1,0,31050000,31050000,31050000,31050000,31050000,31050000,31050000,31050000,31050000,31050000,31050000,31050000,31050000,31050000,31050000,31050000,1,1,1,1,15,15,5.5,2007,12045,0,0,1,10,72,0,0,0,58,60,0,48,200,-1,-1,0,-1,7,0,12,49,0,0,104,2,0,0,0,15,8,0,0,0,99,0,0,50,80,0,3,0,0,0,22,22,22,22,1,1,1,1,0,0,1,1,0,0,0,0,0,1,0,0,0,0,0,0,0,0,0,0,0,0,0,1,0,1,1,1,0,2,0,106,2,1,0,0,-1,-1,-1,-1,-1,-1,-1,-1,-1,-1,-1,-1,-1,-1,-1,-1,-1,-1,-1,-1,-1,-1,-1,-1,139,139,49,0.03,0,0,0,0,1,0,0,0,0,0,0,1,1,56,0,0,6,30,1,22,22,6,0,22,0,302,0,0,0,0,67,15,15,15,15,15,15,15,15,15,15,0,-1,-1,-1,-1,-1,-1,-1,-1,0.94,1,1,1,1,1,1,1,1,-1,-1,-1,-1,-1,10000,0,1,1,0,0,0,0,1,0,0,0,6,3400,310,6,6,1,2,60,-1,-1,-1,31050000,31050000,31050000,31050000,31050000,31050000,31050000,31050000,31050000,31050000,1,1,0,0,0,0,1,1,0,[0|0|0|0|0|0|0]
31050300,Quality Sun Realm Shield,1,0,[0|0|0],3100,7205003,0,3.5,0,900,340,100,40,40,0,0,86,44,27,40,-1,-1,-1,-1,-1,-1,0,31050000,31050000,31050000,31050000,31050000,31050000,31050000,31050000,31050000,31050000,31050000,31050000,31050000,31050000,31050000,31050000,1,1,1,1,15,15,5.5,2007,12045,0,0,1,10,72,0,0,0,58,60,0,48,300,-1,-1,0,-1,7,0,12,49,0,0,104,8,0,0,0,15,8,0,0,0,99,0,0,50,80,0,3,0,0,0,22,22,22,22,1,1,1,1,0,0,1,1,0,0,0,0,0,1,0,0,0,0,0,0,0,0,0,0,0,0,0,1,0,1,1,1,0,2,0,106,2,1,0,0,-1,-1,-1,-1,-1,-1,-1,-1,-1,-1,-1,-1,-1,-1,-1,-1,-1,-1,-1,-1,-1,-1,-1,-1,139,139,49,0.03,0,0,0,0,1,0,0,0,0,0,0,1,1,56,0,0,6,30,1,22,22,6,0,22,0,302,0,0,0,0,67,15,15,15,15,15,15,15,15,15,15,0,-1,-1,-1,-1,-1,-1,-1,-1,0.94,1,1,1,1,1,1,1,1,-1,-1,-1,-1,-1,10000,0,1,1,0,0,0,0,1,0,0,0,6,3400,310,6,6,1,2,60,-1,-1,-1,31050000,31050000,31050000,31050000,31050000,31050000,31050000,31050000,31050000,31050000,1,1,0,0,0,0,1,1,0,[0|0|0|0|0|0|0]
31050400,Fire Sun Realm Shield,1,0,[0|0|0],3100,7205005,0,3.5,0,900,340,100,28,12,0,0,86,44,27,40,-1,-1,-1,-1,-1,-1,0,31050000,31050000,31050000,31050000,31050000,31050000,31050000,31050000,31050000,31050000,31050000,31050000,31050000,31050000,31050000,31050000,1,1,1,1,15,15,5.5,2007,12045,0,0,1,10,72,0,72,0,58,60,0,48,400,-1,-1,0,-1,7,0,12,49,0,0,104,0,11,0,0,15,8,0,0,0,99,0,0,50,80,0,3,0,0,0,22,22,22,22,1,1,1,1,0,0,1,1,0,0,0,0,0,1,0,0,0,0,0,0,0,0,0,0,0,0,0,1,0,1,1,1,0,2,0,106,2,1,0,0,-1,-1,-1,-1,-1,-1,-1,-1,-1,-1,-1,-1,-1,-1,-1,-1,-1,-1,-1,-1,-1,-1,-1,-1,139,139,49,0.03,0,0,0,0,1,0,0,0,0,4,0,1,1,56,0,0,6,30,1,22,22,6,0,22,0,302,0,0,0,0,67,15,15,15,15,15,15,15,15,15,15,0,-1,-1,-1,-1,-1,-1,-1,-1,0.94,1,1,1,1,1,1,1,1,-1,-1,-1,-1,-1,10005,0,1,1,0,0,0,0,1,0,0,0,6,3400,310,6,6,1,2,60,-1,-1,-1,31050000,31050000,31050000,31050000,31050000,31050000,31050000,31050000,31050000,31050000,1,1,0,0,0,0,1,1,0,[0|0|0|0|0|0|0]
31050500,Flame Art Sun Realm Shield,1,0,[0|0|0],3100,7205006,0,3.5,0,900,340,100,14,0,0,24,86,44,27,40,-1,-1,-1,-1,-1,-1,0,31050000,31050000,31050000,31050000,31050000,31050000,31050000,31050000,31050000,31050000,31050000,31050000,31050000,31050000,31050000,31050000,1,1,1,1,15,15,5.5,2007,12045,0,0,1,10,72,0,72,0,58,60,0,48,500,-1,-1,0,-1,7,0,12,49,0,0,104,0,11,0,0,15,8,0,0,0,99,0,0,50,80,0,3,0,0,0,22,22,22,22,1,1,1,1,0,0,1,1,0,0,0,0,0,1,0,0,0,0,0,0,0,0,0,0,0,0,0,1,0,1,1,1,0,2,0,106,2,1,0,0,-1,-1,-1,-1,-1,-1,-1,-1,-1,-1,-1,-1,-1,-1,-1,-1,-1,-1,-1,-1,-1,-1,-1,-1,139,139,49,0.03,0,0,0,0,1,0,0,0,0,4,0,1,1,56,0,0,6,30,1,22,22,6,0,22,0,302,0,0,0,0,67,15,15,15,15,15,15,15,15,15,15,0,-1,-1,-1,-1,-1,-1,-1,-1,0.94,1,1,1,1,1,1,1,1,-1,-1,-1,-1,-1,10000,0,1,1,0,0,0,0,1,0,0,0,6,3400,310,6,6,1,2,60,-1,-1,-1,31050000,31050000,31050000,31050000,31050000,31050000,31050000,31050000,31050000,31050000,1,1,0,0,0,0,1,1,0,[0|0|0|0|0|0|0]
31050600,Lightning Sun Realm Shield,1,0,[0|0|0],3100,7205007,0,3.5,0,900,340,100,8,28,0,0,86,44,27,40,-1,-1,-1,-1,-1,-1,0,31050000,31050000,31050000,31050000,31050000,31050000,31050000,31050000,31050000,31050000,31050000,31050000,31050000,31050000,31050000,31050000,1,1,1,1,15,15,5.5,2007,12045,0,0,1,10,72,0,0,72,58,60,0,48,600,-1,-1,0,-1,7,0,12,49,0,0,104,0,12,0,0,15,8,0,0,0,99,0,0,50,80,0,3,0,0,0,22,22,22,22,1,1,1,1,0,0,1,1,0,0,0,0,0,1,0,0,0,0,0,0,0,0,0,0,0,0,0,1,0,1,1,1,0,2,0,106,2,1,0,0,-1,-1,-1,-1,-1,-1,-1,-1,-1,-1,-1,-1,-1,-1,-1,-1,-1,-1,-1,-1,-1,-1,-1,-1,139,139,49,0.03,0,0,0,0,1,0,0,0,0,0,4,1,1,56,0,0,6,30,1,22,22,6,0,22,0,302,0,0,0,0,67,15,15,15,15,15,15,15,15,15,15,0,-1,-1,-1,-1,-1,-1,-1,-1,0.94,1,1,1,1,1,1,1,1,-1,-1,-1,-1,-1,10000,0,1,1,0,0,0,0,1,0,0,0,6,3400,310,6,6,1,2,60,-1,-1,-1,31050000,31050000,31050000,31050000,31050000,31050000,31050000,31050000,31050000,31050000,1,1,0,0,0,0,1,1,0,[0|0|0|0|0|0|0]
31050700,Sacred Sun Realm Shield,1,0,[0|0|0],3100,7205008,0,3.5,0,900,340,100,18,0,0,24,86,44,27,40,-1,-1,-1,-1,-1,-1,0,31050000,31050000,31050000,31050000,31050000,31050000,31050000,31050000,31050000,31050000,31050000,31050000,31050000,31050000,31050000,31050000,1,1,1,1,15,15,5.5,2007,12045,0,0,1,10,72,0,0,0,58,60,0,48,700,-1,-1,0,-1,7,0,12,49,0,0,104,0,13,0,0,15,8,0,0,0,99,0,0,50,80,0,3,0,0,0,22,22,22,22,1,1,1,1,0,0,1,1,0,0,0,0,0,1,0,0,0,0,0,0,0,0,0,0,0,0,0,1,0,1,1,1,0,2,0,106,2,1,0,0,-1,-1,-1,-1,-1,-1,-1,-1,-1,-1,-1,-1,-1,-1,-1,-1,-1,-1,-1,-1,-1,-1,-1,-1,139,139,49,0.03,0,0,0,0,1,0,0,0,0,0,0,1,1,56,72,4,6,30,1,22,22,6,0,22,0,302,0,0,0,0,67,15,15,15,15,15,15,15,15,15,15,0,-1,-1,-1,-1,-1,-1,-1,-1,0.94,1,1,1,1,1,1,1,1,-1,-1,-1,-1,-1,10000,0,1,1,0,0,0,0,1,0,0,0,6,3400,310,6,6,1,2,60,-1,-1,-1,31050000,31050000,31050000,31050000,31050000,31050000,31050000,31050000,31050000,31050000,1,1,0,0,0,0,1,1,0,[0|0|0|0|0|0|0]
31050800,Magic Sun Realm Shield,1,0,[0|0|0],3100,7205004,0,3.5,0,900,340,100,16,0,24,0,86,44,27,40,-1,-1,-1,-1,-1,-1,0,31050000,31050000,31050000,31050000,31050000,31050000,31050000,31050000,31050000,31050000,31050000,31050000,31050000,31050000,31050000,31050000,1,1,1,1,15,15,5.5,2007,12045,0,0,1,10,72,72,0,0,58,60,0,48,800,-1,-1,0,-1,7,0,12,49,0,0,104,0,10,0,0,15,8,0,0,0,99,0,0,50,80,0,3,0,0,0,22,22,22,22,1,1,1,1,0,0,1,1,0,0,0,0,0,1,0,0,0,0,0,0,0,0,0,0,0,0,0,1,0,1,1,1,0,2,0,106,2,1,0,0,-1,-1,-1,-1,-1,-1,-1,-1,-1,-1,-1,-1,-1,-1,-1,-1,-1,-1,-1,-1,-1,-1,-1,-1,139,139,49,0.03,0,0,0,0,1,0,0,0,4,0,0,1,1,56,0,0,6,30,1,22,22,6,0,22,0,302,0,0,0,0,67,15,15,15,15,15,15,15,15,15,15,0,-1,-1,-1,-1,-1,-1,-1,-1,0.94,1,1,1,1,1,1,1,1,-1,-1,-1,-1,-1,10000,0,1,1,0,0,0,0,1,0,0,0,6,3400,310,6,6,1,2,60,-1,-1,-1,31050000,31050000,31050000,31050000,31050000,31050000,31050000,31050000,31050000,31050000,1,1,0,0,0,0,1,1,0,[0|0|0|0|0|0|0]
31050900,Cold Sun Realm Shield,1,0,[0|0|0],3100,7205011,0,3.5,0,900,340,100,36,0,24,0,86,44,27,40,-1,107500,-1,-1,-1,-1,0,31050000,31050000,31050000,31050000,31050000,31050000,31050000,31050000,31050000,31050000,31050000,31050000,31050000,31050000,31050000,31050000,1,1,1,1,15,15,5.5,2007,12045,0,0,1,10,72,61,0,0,58,60,0,48,900,-1,-1,0,-1,7,0,12,49,0,0,104,0,10,0,0,15,8,0,0,0,99,0,0,50,80,0,3,0,0,0,22,22,22,22,1,1,1,1,0,0,1,1,0,0,0,0,0,1,0,0,0,0,0,0,0,0,0,0,0,0,0,1,0,1,1,1,0,2,0,106,2,1,0,0,-1,-1,-1,-1,-1,-1,-1,-1,-1,-1,-1,-1,-1,-1,-1,-1,-1,-1,-1,-1,-1,-1,-1,-1,139,139,49,0.03,0,0,0,0,1,0,0,0,4,0,0,1,1,56,0,0,6,30,1,22,22,6,0,22,0,302,0,0,0,0,67,15,15,15,15,15,15,15,15,15,15,0,-1,-1,-1,-1,-1,-1,-1,-1,0.94,1,1,1,1,1,1,1,1,-1,-1,-1,-1,-1,10000,0,1,1,0,0,0,0,1,0,0,0,6,3400,310,6,6,1,2,60,6601,-1,-1,31050000,31050000,31050000,31050000,31050000,31050000,31050000,31050000,31050000,31050000,1,1,0,0,0,0,1,1,0,[0|0|0|0|0|0|0]
31051000,Poison Sun Realm Shield,1,0,[0|0|0],3100,7205009,0,3.5,0,900,340,100,38,0,0,0,86,44,27,40,-1,106000,-1,-1,-1,-1,0,31050000,31050000,31050000,31050000,31050000,31050000,31050000,31050000,31050000,31050000,31050000,31050000,31050000,31050000,31050000,31050000,1,1,1,1,15,15,5.5,2007,12045,0,0,1,10,72,0,0,0,58,60,0,48,1000,-1,-1,0,-1,7,0,12,49,0,0,104,0,0,0,0,15,8,0,0,0,99,0,0,50,80,0,3,0,0,0,22,22,22,22,1,1,1,1,0,0,1,1,0,0,0,0,0,1,0,0,0,0,0,0,0,0,0,0,0,0,0,1,0,1,1,1,0,2,0,106,2,1,0,0,-1,-1,-1,-1,-1,-1,-1,-1,-1,-1,-1,-1,-1,-1,-1,-1,-1,-1,-1,-1,-1,-1,-1,-1,139,139,49,0.03,0,0,0,0,1,0,0,0,0,0,0,1,1,56,0,0,6,30,1,22,22,6,0,22,0,302,30,0,0,0,67,15,15,15,15,15,15,15,15,15,15,0,-1,-1,-1,-1,-1,-1,-1,-1,0.94,1,1,1,1,1,1,1,1,-1,-1,-1,-1,-1,10013,0,1,1,0,0,0,0,1,0,0,0,6,3400,310,6,6,1,2,60,6401,-1,-1,31050000,31050000,31050000,31050000,31050000,31050000,31050000,31050000,31050000,31050000,1,1,0,0,0,0,1,1,0,[0|0|0|0|0|0|0]
31051100,Blood Sun Realm Shield,1,0,[0|0|0],3100,7205010,0,3.5,0,900,340,100,38,0,0,0,86,44,27,40,105000,-1,-1,-1,-1,-1,0,31050000,31050000,31050000,31050000,31050000,31050000,31050000,31050000,31050000,31050000,31050000,31050000,31050000,31050000,31050000,31050000,1,1,1,1,15,15,5.5,2007,12045,0,0,1,10,72,0,0,0,58,60,0,48,1100,-1,-1,0,-1,7,0,12,49,0,0,104,0,0,0,0,15,8,0,0,0,99,0,0,50,80,0,3,0,0,0,22,22,22,22,1,1,1,1,0,0,1,1,0,0,0,0,0,1,0,0,0,0,0,0,0,0,0,0,0,0,0,1,0,1,1,1,0,2,0,106,2,1,0,0,-1,-1,-1,-1,-1,-1,-1,-1,-1,-1,-1,-1,-1,-1,-1,-1,-1,-1,-1,-1,-1,-1,-1,-1,139,139,49,0.03,0,0,0,0,1,0,0,0,0,0,0,1,1,56,0,0,6,30,1,22,22,6,0,22,0,302,30,0,0,0,67,15,15,15,15,15,15,15,15,15,15,0,-1,-1,-1,-1,-1,-1,-1,-1,0.94,1,1,1,1,1,1,1,1,-1,-1,-1,-1,-1,10013,0,1,1,0,0,0,0,1,0,0,0,6,3400,310,6,6,1,2,60,6501,-1,-1,31050000,31050000,31050000,31050000,31050000,31050000,31050000,31050000,31050000,31050000,1,1,0,0,0,0,1,1,0,[0|0|0|0|0|0|0]
31051200,Occult Sun Realm Shield,1,0,[0|0|0],3100,7205012,0,3.5,0,900,340,100,38,0,0,0,86,44,27,40,-1,-1,-1,-1,-1,-1,0,31050000,31050000,31050000,31050000,31050000,31050000,31050000,31050000,31050000,31050000,31050000,31050000,31050000,31050000,31050000,31050000,1,1,1,1,15,15,5.5,2007,12045,0,0,1,10,72,0,0,0,58,60,0,48,1200,-1,-1,0,-1,7,0,12,49,0,0,104,7,0,0,0,15,8,0,0,0,99,0,0,50,80,0,3,0,0,0,22,22,22,22,1,1,1,1,0,0,1,1,0,0,0,0,0,1,0,0,0,0,0,0,0,0,0,0,0,0,0,1,0,1,1,1,0,2,0,106,2,1,0,0,-1,-1,-1,-1,-1,-1,-1,-1,-1,-1,-1,-1,-1,-1,-1,-1,-1,-1,-1,-1,-1,-1,-1,-1,139,139,49,0.03,0,0,0,0,1,0,0,0,0,0,0,1,1,56,0,0,6,30,1,22,22,6,0,22,0,302,38,0,0,0,67,15,15,15,15,15,15,15,15,15,15,0,-1,-1,-1,-1,-1,-1,-1,-1,0.94,1,1,1,1,1,1,1,1,-1,-1,-1,-1,-1,10013,0,1,1,0,0,0,0,1,0,0,0,6,3400,310,6,6,1,2,60,-1,-1,-1,31050000,31050000,31050000,31050000,31050000,31050000,31050000,31050000,31050000,31050000,1,1,0,0,0,0,1,1,0,[0|0|0|0|0|0|0]
31060000,Silver Mirrorshield,1,0,[0|0|0],3100,7225000,0,3.5,0,900,340,100,40,0,30,0,100,89,31,19,-1,-1,-1,-1,-1,-1,2200,31060000,31060000,31060000,31060000,31060000,31060000,31060000,31060000,31060000,31060000,31060000,-1,-1,-1,-1,-1,1,1,1,1,15,15,5.5,2014,12046,0,0,1,10,59,38,0,0,65,60,0,45,8300,-1,-1,0,-1,7,0,12,49,0,0,104,0,10,0,0,15,12,10,10,0,99,0,0,50,80,0,3,0,0,0,22,22,22,22,1,1,1,1,0,0,1,1,0,0,0,0,0,1,0,0,0,0,0,0,0,0,0,0,0,0,0,1,0,1,1,1,0,2,1,106,2,1,0,0,-1,-1,-1,-1,-1,-1,-1,-1,-1,-1,-1,-1,-1,-1,-1,-1,-1,-1,-1,-1,-1,-1,-1,-1,139,139,49,0.03,0,0,0,0,1,0,0,0,4,0,0,1,1,27,0,0,6,30,1,22,22,6,0,22,0,10,0,0,0,0,67,15,15,15,15,15,15,15,15,15,15,0,-1,-1,-1,-1,-1,-1,-1,-1,0.86,1,1,1,1,1,1,1,1,-1,-1,-1,-1,-1,10000,0,1,1,0,0,0,0,1,0,0,0,6,3400,310,6,6,2,0,60,-1,-1,-1,-1,-1,-1,-1,-1,-1,-1,-1,-1,-1,1,1,0,0,0,0,1,1,0,[0|0|0|0|0|0|0]
31070000,Round Shield,1,0,[0|0|0],3100,7206000,0,4,0,900,340,100,40,0,0,0,88,50,37,43,-1,-1,-1,-1,-1,-1,0,31070000,31070000,31070000,31070000,31070000,31070000,31070000,31070000,31070000,31070000,31070000,31070000,31070000,31070000,31070000,31070000,1,1,1,1,15,15,5.5,2016,12047,0,0,1,10,76,0,0,0,60,60,0,47,8100,-1,-1,0,-1,7,0,12,49,0,2,105,0,0,0,0,15,8,0,0,0,99,0,0,50,80,0,3,0,0,0,23,23,23,23,1,1,1,1,0,0,1,1,0,0,0,0,0,1,0,0,0,0,0,0,0,0,0,0,0,0,0,1,0,1,1,1,0,2,0,128,2,1,0,0,-1,-1,-1,-1,-1,-1,-1,-1,-1,-1,-1,-1,-1,-1,-1,-1,-1,-1,-1,-1,-1,-1,-1,-1,139,139,49,0.03,0,0,0,0,1,0,0,0,0,0,0,1,1,50,0,0,6,30,1,23,23,6,0,23,0,302,0,0,0,0,67,15,15,15,15,15,15,15,15,15,15,0,-1,-1,-1,-1,-1,-1,-1,-1,0.955,1,1,1,1,1,1,1,1,-1,-1,-1,-1,-1,10000,0,1,1,0,0,0,0,1,0,0,0,1,3400,310,6,6,1,2,60,-1,-1,-1,31070000,31070000,31070000,31070000,31070000,31070000,31070000,31070000,31070000,31070000,1,1,0,0,0,0,1,1,0,[0|0|0|0|0|0|0]
31070100,Heavy Round Shield,1,0,[0|0|0],3100,7206001,0,4,0,900,340,100,36,0,0,0,88,50,37,43,-1,-1,-1,-1,-1,-1,0,31070000,31070000,31070000,31070000,31070000,31070000,31070000,31070000,31070000,31070000,31070000,31070000,31070000,31070000,31070000,31070000,1,1,1,1,15,15,5.5,2016,12047,0,0,1,10,74,0,0,0,60,60,0,47,100,-1,-1,0,-1,7,0,12,49,0,2,105,1,0,0,0,15,8,0,0,0,99,0,0,50,80,0,3,0,0,0,23,23,23,23,1,1,1,1,0,0,1,1,0,0,0,0,0,1,0,0,0,0,0,0,0,0,0,0,0,0,0,1,0,1,1,1,0,2,0,128,2,1,0,0,-1,-1,-1,-1,-1,-1,-1,-1,-1,-1,-1,-1,-1,-1,-1,-1,-1,-1,-1,-1,-1,-1,-1,-1,139,139,49,0.03,0,0,0,0,1,0,0,0,0,0,0,1,1,50,0,0,6,30,1,23,23,6,0,23,0,302,0,0,0,0,67,15,15,15,15,15,15,15,15,15,15,0,-1,-1,-1,-1,-1,-1,-1,-1,0.955,1,1,1,1,1,1,1,1,-1,-1,-1,-1,-1,10000,0,1,1,0,0,0,0,1,0,0,0,1,3400,310,6,6,1,2,60,-1,-1,-1,31070000,31070000,31070000,31070000,31070000,31070000,31070000,31070000,31070000,31070000,1,1,0,0,0,0,1,1,0,[0|0|0|0|0|0|0]
31070200,Keen Round Shield,1,0,[0|0|0],3100,7206002,0,4,0,900,340,100,8,32,0,0,88,50,37,43,-1,-1,-1,-1,-1,-1,0,31070000,31070000,31070000,31070000,31070000,31070000,31070000,31070000,31070000,31070000,31070000,31070000,31070000,31070000,31070000,31070000,1,1,1,1,15,15,5.5,2016,12047,0,0,1,10,74,0,0,0,60,60,0,47,200,-1,-1,0,-1,7,0,12,49,0,2,105,2,0,0,0,15,8,0,0,0,99,0,0,50,80,0,3,0,0,0,23,23,23,23,1,1,1,1,0,0,1,1,0,0,0,0,0,1,0,0,0,0,0,0,0,0,0,0,0,0,0,1,0,1,1,1,0,2,0,128,2,1,0,0,-1,-1,-1,-1,-1,-1,-1,-1,-1,-1,-1,-1,-1,-1,-1,-1,-1,-1,-1,-1,-1,-1,-1,-1,139,139,49,0.03,0,0,0,0,1,0,0,0,0,0,0,1,1,50,0,0,6,30,1,23,23,6,0,23,0,302,0,0,0,0,67,15,15,15,15,15,15,15,15,15,15,0,-1,-1,-1,-1,-1,-1,-1,-1,0.955,1,1,1,1,1,1,1,1,-1,-1,-1,-1,-1,10000,0,1,1,0,0,0,0,1,0,0,0,1,3400,310,6,6,1,2,60,-1,-1,-1,31070000,31070000,31070000,31070000,31070000,31070000,31070000,31070000,31070000,31070000,1,1,0,0,0,0,1,1,0,[0|0|0|0|0|0|0]
31070300,Quality Round Shield,1,0,[0|0|0],3100,7206003,0,4,0,900,340,100,40,40,0,0,88,50,37,43,-1,-1,-1,-1,-1,-1,0,31070000,31070000,31070000,31070000,31070000,31070000,31070000,31070000,31070000,31070000,31070000,31070000,31070000,31070000,31070000,31070000,1,1,1,1,15,15,5.5,2016,12047,0,0,1,10,74,0,0,0,60,60,0,47,300,-1,-1,0,-1,7,0,12,49,0,2,105,8,0,0,0,15,8,0,0,0,99,0,0,50,80,0,3,0,0,0,23,23,23,23,1,1,1,1,0,0,1,1,0,0,0,0,0,1,0,0,0,0,0,0,0,0,0,0,0,0,0,1,0,1,1,1,0,2,0,128,2,1,0,0,-1,-1,-1,-1,-1,-1,-1,-1,-1,-1,-1,-1,-1,-1,-1,-1,-1,-1,-1,-1,-1,-1,-1,-1,139,139,49,0.03,0,0,0,0,1,0,0,0,0,0,0,1,1,50,0,0,6,30,1,23,23,6,0,23,0,302,0,0,0,0,67,15,15,15,15,15,15,15,15,15,15,0,-1,-1,-1,-1,-1,-1,-1,-1,0.955,1,1,1,1,1,1,1,1,-1,-1,-1,-1,-1,10000,0,1,1,0,0,0,0,1,0,0,0,1,3400,310,6,6,1,2,60,-1,-1,-1,31070000,31070000,31070000,31070000,31070000,31070000,31070000,31070000,31070000,31070000,1,1,0,0,0,0,1,1,0,[0|0|0|0|0|0|0]
31070400,Fire Round Shield,1,0,[0|0|0],3100,7206005,0,4,0,900,340,100,28,12,0,0,88,50,37,43,-1,-1,-1,-1,-1,-1,0,31070000,31070000,31070000,31070000,31070000,31070000,31070000,31070000,31070000,31070000,31070000,31070000,31070000,31070000,31070000,31070000,1,1,1,1,15,15,5.5,2016,12047,0,0,1,10,74,0,74,0,60,60,0,47,400,-1,-1,0,-1,7,0,12,49,0,2,105,0,11,0,0,15,8,0,0,0,99,0,0,50,80,0,3,0,0,0,23,23,23,23,1,1,1,1,0,0,1,1,0,0,0,0,0,1,0,0,0,0,0,0,0,0,0,0,0,0,0,1,0,1,1,1,0,2,0,128,2,1,0,0,-1,-1,-1,-1,-1,-1,-1,-1,-1,-1,-1,-1,-1,-1,-1,-1,-1,-1,-1,-1,-1,-1,-1,-1,139,139,49,0.03,0,0,0,0,1,0,0,0,0,4,0,1,1,50,0,0,6,30,1,23,23,6,0,23,0,302,0,0,0,0,67,15,15,15,15,15,15,15,15,15,15,0,-1,-1,-1,-1,-1,-1,-1,-1,0.955,1,1,1,1,1,1,1,1,-1,-1,-1,-1,-1,10005,0,1,1,0,0,0,0,1,0,0,0,1,3400,310,6,6,1,2,60,-1,-1,-1,31070000,31070000,31070000,31070000,31070000,31070000,31070000,31070000,31070000,31070000,1,1,0,0,0,0,1,1,0,[0|0|0|0|0|0|0]
31070500,Flame Art Round Shield,1,0,[0|0|0],3100,7206006,0,4,0,900,340,100,14,0,0,24,88,50,37,43,-1,-1,-1,-1,-1,-1,0,31070000,31070000,31070000,31070000,31070000,31070000,31070000,31070000,31070000,31070000,31070000,31070000,31070000,31070000,31070000,31070000,1,1,1,1,15,15,5.5,2016,12047,0,0,1,10,74,0,74,0,60,60,0,47,500,-1,-1,0,-1,7,0,12,49,0,2,105,0,11,0,0,15,8,0,0,0,99,0,0,50,80,0,3,0,0,0,23,23,23,23,1,1,1,1,0,0,1,1,0,0,0,0,0,1,0,0,0,0,0,0,0,0,0,0,0,0,0,1,0,1,1,1,0,2,0,128,2,1,0,0,-1,-1,-1,-1,-1,-1,-1,-1,-1,-1,-1,-1,-1,-1,-1,-1,-1,-1,-1,-1,-1,-1,-1,-1,139,139,49,0.03,0,0,0,0,1,0,0,0,0,4,0,1,1,50,0,0,6,30,1,23,23,6,0,23,0,302,0,0,0,0,67,15,15,15,15,15,15,15,15,15,15,0,-1,-1,-1,-1,-1,-1,-1,-1,0.955,1,1,1,1,1,1,1,1,-1,-1,-1,-1,-1,10000,0,1,1,0,0,0,0,1,0,0,0,1,3400,310,6,6,1,2,60,-1,-1,-1,31070000,31070000,31070000,31070000,31070000,31070000,31070000,31070000,31070000,31070000,1,1,0,0,0,0,1,1,0,[0|0|0|0|0|0|0]
31070600,Lightning Round Shield,1,0,[0|0|0],3100,7206007,0,4,0,900,340,100,8,28,0,0,88,50,37,43,-1,-1,-1,-1,-1,-1,0,31070000,31070000,31070000,31070000,31070000,31070000,31070000,31070000,31070000,31070000,31070000,31070000,31070000,31070000,31070000,31070000,1,1,1,1,15,15,5.5,2016,12047,0,0,1,10,74,0,0,74,60,60,0,47,600,-1,-1,0,-1,7,0,12,49,0,2,105,0,12,0,0,15,8,0,0,0,99,0,0,50,80,0,3,0,0,0,23,23,23,23,1,1,1,1,0,0,1,1,0,0,0,0,0,1,0,0,0,0,0,0,0,0,0,0,0,0,0,1,0,1,1,1,0,2,0,128,2,1,0,0,-1,-1,-1,-1,-1,-1,-1,-1,-1,-1,-1,-1,-1,-1,-1,-1,-1,-1,-1,-1,-1,-1,-1,-1,139,139,49,0.03,0,0,0,0,1,0,0,0,0,0,4,1,1,50,0,0,6,30,1,23,23,6,0,23,0,302,0,0,0,0,67,15,15,15,15,15,15,15,15,15,15,0,-1,-1,-1,-1,-1,-1,-1,-1,0.955,1,1,1,1,1,1,1,1,-1,-1,-1,-1,-1,10000,0,1,1,0,0,0,0,1,0,0,0,1,3400,310,6,6,1,2,60,-1,-1,-1,31070000,31070000,31070000,31070000,31070000,31070000,31070000,31070000,31070000,31070000,1,1,0,0,0,0,1,1,0,[0|0|0|0|0|0|0]
31070700,Sacred Round Shield,1,0,[0|0|0],3100,7206008,0,4,0,900,340,100,18,0,0,24,88,50,37,43,-1,-1,-1,-1,-1,-1,0,31070000,31070000,31070000,31070000,31070000,31070000,31070000,31070000,31070000,31070000,31070000,31070000,31070000,31070000,31070000,31070000,1,1,1,1,15,15,5.5,2016,12047,0,0,1,10,74,0,0,0,60,60,0,47,700,-1,-1,0,-1,7,0,12,49,0,2,105,0,13,0,0,15,8,0,0,0,99,0,0,50,80,0,3,0,0,0,23,23,23,23,1,1,1,1,0,0,1,1,0,0,0,0,0,1,0,0,0,0,0,0,0,0,0,0,0,0,0,1,0,1,1,1,0,2,0,128,2,1,0,0,-1,-1,-1,-1,-1,-1,-1,-1,-1,-1,-1,-1,-1,-1,-1,-1,-1,-1,-1,-1,-1,-1,-1,-1,139,139,49,0.03,0,0,0,0,1,0,0,0,0,0,0,1,1,50,74,4,6,30,1,23,23,6,0,23,0,302,0,0,0,0,67,15,15,15,15,15,15,15,15,15,15,0,-1,-1,-1,-1,-1,-1,-1,-1,0.955,1,1,1,1,1,1,1,1,-1,-1,-1,-1,-1,10000,0,1,1,0,0,0,0,1,0,0,0,1,3400,310,6,6,1,2,60,-1,-1,-1,31070000,31070000,31070000,31070000,31070000,31070000,31070000,31070000,31070000,31070000,1,1,0,0,0,0,1,1,0,[0|0|0|0|0|0|0]
31070800,Magic Round Shield,1,0,[0|0|0],3100,7206004,0,4,0,900,340,100,16,0,24,0,88,50,37,43,-1,-1,-1,-1,-1,-1,0,31070000,31070000,31070000,31070000,31070000,31070000,31070000,31070000,31070000,31070000,31070000,31070000,31070000,31070000,31070000,31070000,1,1,1,1,15,15,5.5,2016,12047,0,0,1,10,74,74,0,0,60,60,0,47,800,-1,-1,0,-1,7,0,12,49,0,2,105,0,10,0,0,15,8,0,0,0,99,0,0,50,80,0,3,0,0,0,23,23,23,23,1,1,1,1,0,0,1,1,0,0,0,0,0,1,0,0,0,0,0,0,0,0,0,0,0,0,0,1,0,1,1,1,0,2,0,128,2,1,0,0,-1,-1,-1,-1,-1,-1,-1,-1,-1,-1,-1,-1,-1,-1,-1,-1,-1,-1,-1,-1,-1,-1,-1,-1,139,139,49,0.03,0,0,0,0,1,0,0,0,4,0,0,1,1,50,0,0,6,30,1,23,23,6,0,23,0,302,0,0,0,0,67,15,15,15,15,15,15,15,15,15,15,0,-1,-1,-1,-1,-1,-1,-1,-1,0.955,1,1,1,1,1,1,1,1,-1,-1,-1,-1,-1,10000,0,1,1,0,0,0,0,1,0,0,0,1,3400,310,6,6,1,2,60,-1,-1,-1,31070000,31070000,31070000,31070000,31070000,31070000,31070000,31070000,31070000,31070000,1,1,0,0,0,0,1,1,0,[0|0|0|0|0|0|0]
31070900,Cold Round Shield,1,0,[0|0|0],3100,7206011,0,4,0,900,340,100,36,0,24,0,88,50,37,43,-1,107500,-1,-1,-1,-1,0,31070000,31070000,31070000,31070000,31070000,31070000,31070000,31070000,31070000,31070000,31070000,31070000,31070000,31070000,31070000,31070000,1,1,1,1,15,15,5.5,2016,12047,0,0,1,10,74,63,0,0,60,60,0,47,900,-1,-1,0,-1,7,0,12,49,0,2,105,0,10,0,0,15,8,0,0,0,99,0,0,50,80,0,3,0,0,0,23,23,23,23,1,1,1,1,0,0,1,1,0,0,0,0,0,1,0,0,0,0,0,0,0,0,0,0,0,0,0,1,0,1,1,1,0,2,0,128,2,1,0,0,-1,-1,-1,-1,-1,-1,-1,-1,-1,-1,-1,-1,-1,-1,-1,-1,-1,-1,-1,-1,-1,-1,-1,-1,139,139,49,0.03,0,0,0,0,1,0,0,0,4,0,0,1,1,50,0,0,6,30,1,23,23,6,0,23,0,302,0,0,0,0,67,15,15,15,15,15,15,15,15,15,15,0,-1,-1,-1,-1,-1,-1,-1,-1,0.955,1,1,1,1,1,1,1,1,-1,-1,-1,-1,-1,10000,0,1,1,0,0,0,0,1,0,0,0,1,3400,310,6,6,1,2,60,6601,-1,-1,31070000,31070000,31070000,31070000,31070000,31070000,31070000,31070000,31070000,31070000,1,1,0,0,0,0,1,1,0,[0|0|0|0|0|0|0]
31071000,Poison Round Shield,1,0,[0|0|0],3100,7206009,0,4,0,900,340,100,38,0,0,0,88,50,37,43,-1,106000,-1,-1,-1,-1,0,31070000,31070000,31070000,31070000,31070000,31070000,31070000,31070000,31070000,31070000,31070000,31070000,31070000,31070000,31070000,31070000,1,1,1,1,15,15,5.5,2016,12047,0,0,1,10,74,0,0,0,60,60,0,47,1000,-1,-1,0,-1,7,0,12,49,0,2,105,0,0,0,0,15,8,0,0,0,99,0,0,50,80,0,3,0,0,0,23,23,23,23,1,1,1,1,0,0,1,1,0,0,0,0,0,1,0,0,0,0,0,0,0,0,0,0,0,0,0,1,0,1,1,1,0,2,0,128,2,1,0,0,-1,-1,-1,-1,-1,-1,-1,-1,-1,-1,-1,-1,-1,-1,-1,-1,-1,-1,-1,-1,-1,-1,-1,-1,139,139,49,0.03,0,0,0,0,1,0,0,0,0,0,0,1,1,50,0,0,6,30,1,23,23,6,0,23,0,302,30,0,0,0,67,15,15,15,15,15,15,15,15,15,15,0,-1,-1,-1,-1,-1,-1,-1,-1,0.955,1,1,1,1,1,1,1,1,-1,-1,-1,-1,-1,10013,0,1,1,0,0,0,0,1,0,0,0,1,3400,310,6,6,1,2,60,6401,-1,-1,31070000,31070000,31070000,31070000,31070000,31070000,31070000,31070000,31070000,31070000,1,1,0,0,0,0,1,1,0,[0|0|0|0|0|0|0]
31071100,Blood Round Shield,1,0,[0|0|0],3100,7206010,0,4,0,900,340,100,38,0,0,0,88,50,37,43,105000,-1,-1,-1,-1,-1,0,31070000,31070000,31070000,31070000,31070000,31070000,31070000,31070000,31070000,31070000,31070000,31070000,31070000,31070000,31070000,31070000,1,1,1,1,15,15,5.5,2016,12047,0,0,1,10,74,0,0,0,60,60,0,47,1100,-1,-1,0,-1,7,0,12,49,0,2,105,0,0,0,0,15,8,0,0,0,99,0,0,50,80,0,3,0,0,0,23,23,23,23,1,1,1,1,0,0,1,1,0,0,0,0,0,1,0,0,0,0,0,0,0,0,0,0,0,0,0,1,0,1,1,1,0,2,0,128,2,1,0,0,-1,-1,-1,-1,-1,-1,-1,-1,-1,-1,-1,-1,-1,-1,-1,-1,-1,-1,-1,-1,-1,-1,-1,-1,139,139,49,0.03,0,0,0,0,1,0,0,0,0,0,0,1,1,50,0,0,6,30,1,23,23,6,0,23,0,302,30,0,0,0,67,15,15,15,15,15,15,15,15,15,15,0,-1,-1,-1,-1,-1,-1,-1,-1,0.955,1,1,1,1,1,1,1,1,-1,-1,-1,-1,-1,10013,0,1,1,0,0,0,0,1,0,0,0,1,3400,310,6,6,1,2,60,6501,-1,-1,31070000,31070000,31070000,31070000,31070000,31070000,31070000,31070000,31070000,31070000,1,1,0,0,0,0,1,1,0,[0|0|0|0|0|0|0]
31071200,Occult Round Shield,1,0,[0|0|0],3100,7206012,0,4,0,900,340,100,38,0,0,0,88,50,37,43,-1,-1,-1,-1,-1,-1,0,31070000,31070000,31070000,31070000,31070000,31070000,31070000,31070000,31070000,31070000,31070000,31070000,31070000,31070000,31070000,31070000,1,1,1,1,15,15,5.5,2016,12047,0,0,1,10,74,0,0,0,60,60,0,47,1200,-1,-1,0,-1,7,0,12,49,0,2,105,7,0,0,0,15,8,0,0,0,99,0,0,50,80,0,3,0,0,0,23,23,23,23,1,1,1,1,0,0,1,1,0,0,0,0,0,1,0,0,0,0,0,0,0,0,0,0,0,0,0,1,0,1,1,1,0,2,0,128,2,1,0,0,-1,-1,-1,-1,-1,-1,-1,-1,-1,-1,-1,-1,-1,-1,-1,-1,-1,-1,-1,-1,-1,-1,-1,-1,139,139,49,0.03,0,0,0,0,1,0,0,0,0,0,0,1,1,50,0,0,6,30,1,23,23,6,0,23,0,302,38,0,0,0,67,15,15,15,15,15,15,15,15,15,15,0,-1,-1,-1,-1,-1,-1,-1,-1,0.955,1,1,1,1,1,1,1,1,-1,-1,-1,-1,-1,10013,0,1,1,0,0,0,0,1,0,0,0,1,3400,310,6,6,1,2,60,-1,-1,-1,31070000,31070000,31070000,31070000,31070000,31070000,31070000,31070000,31070000,31070000,1,1,0,0,0,0,1,1,0,[0|0|0|0|0|0|0]
31080000,Scorpion Kite Shield,1,0,[0|0|0],3100,7218000,0,4.5,0,900,340,100,40,0,0,0,100,45,46,33,-1,-1,-1,-1,-1,-1,0,31080000,31080000,31080000,31080000,31080000,31080000,31080000,31080000,31080000,31080000,31080000,31080000,31080000,31080000,31080000,31080000,1,1,1,1,15,15,5.5,2031,12048,0,0,1,10,78,0,0,0,65,60,0,52,8100,-1,-1,0,-1,7,0,12,49,0,0,104,0,0,0,0,15,12,0,0,0,99,0,0,50,80,0,3,0,0,0,23,23,23,23,1,1,1,1,0,0,1,1,0,0,0,0,0,1,0,0,0,0,0,0,0,0,0,0,0,0,0,1,0,1,1,1,0,2,0,106,2,1,0,0,-1,-1,-1,-1,-1,-1,-1,-1,-1,-1,-1,-1,-1,-1,-1,-1,-1,-1,-1,-1,-1,-1,-1,-1,139,139,49,0.03,0,0,0,0,1,0,0,0,0,0,0,1,1,50,0,0,6,30,1,23,23,6,0,23,0,302,0,0,0,0,67,15,15,15,15,15,15,15,15,15,15,0,-1,-1,-1,-1,-1,-1,-1,-1,0.93,1,1,1,1,1,1,1,1,-1,-1,-1,-1,-1,10000,0,1,1,0,0,0,0,1,0,0,0,6,3400,310,6,6,1,2,60,-1,-1,-1,31080000,31080000,31080000,31080000,31080000,31080000,31080000,31080000,31080000,31080000,1,1,0,0,0,0,1,1,0,[0|0|0|0|0|0|0]
31080100,Heavy Scorpion Kite Shield,1,0,[0|0|0],3100,7218001,0,4.5,0,900,340,100,36,0,0,0,100,45,46,33,-1,-1,-1,-1,-1,-1,0,31080000,31080000,31080000,31080000,31080000,31080000,31080000,31080000,31080000,31080000,31080000,31080000,31080000,31080000,31080000,31080000,1,1,1,1,15,15,5.5,2031,12048,0,0,1,10,76,0,0,0,65,60,0,52,100,-1,-1,0,-1,7,0,12,49,0,0,104,1,0,0,0,15,12,0,0,0,99,0,0,50,80,0,3,0,0,0,23,23,23,23,1,1,1,1,0,0,1,1,0,0,0,0,0,1,0,0,0,0,0,0,0,0,0,0,0,0,0,1,0,1,1,1,0,2,0,106,2,1,0,0,-1,-1,-1,-1,-1,-1,-1,-1,-1,-1,-1,-1,-1,-1,-1,-1,-1,-1,-1,-1,-1,-1,-1,-1,139,139,49,0.03,0,0,0,0,1,0,0,0,0,0,0,1,1,50,0,0,6,30,1,23,23,6,0,23,0,302,0,0,0,0,67,15,15,15,15,15,15,15,15,15,15,0,-1,-1,-1,-1,-1,-1,-1,-1,0.93,1,1,1,1,1,1,1,1,-1,-1,-1,-1,-1,10000,0,1,1,0,0,0,0,1,0,0,0,6,3400,310,6,6,1,2,60,-1,-1,-1,31080000,31080000,31080000,31080000,31080000,31080000,31080000,31080000,31080000,31080000,1,1,0,0,0,0,1,1,0,[0|0|0|0|0|0|0]
31080200,Keen Scorpion Kite Shield,1,0,[0|0|0],3100,7218002,0,4.5,0,900,340,100,8,32,0,0,100,45,46,33,-1,-1,-1,-1,-1,-1,0,31080000,31080000,31080000,31080000,31080000,31080000,31080000,31080000,31080000,31080000,31080000,31080000,31080000,31080000,31080000,31080000,1,1,1,1,15,15,5.5,2031,12048,0,0,1,10,76,0,0,0,65,60,0,52,200,-1,-1,0,-1,7,0,12,49,0,0,104,2,0,0,0,15,12,0,0,0,99,0,0,50,80,0,3,0,0,0,23,23,23,23,1,1,1,1,0,0,1,1,0,0,0,0,0,1,0,0,0,0,0,0,0,0,0,0,0,0,0,1,0,1,1,1,0,2,0,106,2,1,0,0,-1,-1,-1,-1,-1,-1,-1,-1,-1,-1,-1,-1,-1,-1,-1,-1,-1,-1,-1,-1,-1,-1,-1,-1,139,139,49,0.03,0,0,0,0,1,0,0,0,0,0,0,1,1,50,0,0,6,30,1,23,23,6,0,23,0,302,0,0,0,0,67,15,15,15,15,15,15,15,15,15,15,0,-1,-1,-1,-1,-1,-1,-1,-1,0.93,1,1,1,1,1,1,1,1,-1,-1,-1,-1,-1,10000,0,1,1,0,0,0,0,1,0,0,0,6,3400,310,6,6,1,2,60,-1,-1,-1,31080000,31080000,31080000,31080000,31080000,31080000,31080000,31080000,31080000,31080000,1,1,0,0,0,0,1,1,0,[0|0|0|0|0|0|0]
31080300,Quality Scorpion Kite Shield,1,0,[0|0|0],3100,7218003,0,4.5,0,900,340,100,40,40,0,0,100,45,46,33,-1,-1,-1,-1,-1,-1,0,31080000,31080000,31080000,31080000,31080000,31080000,31080000,31080000,31080000,31080000,31080000,31080000,31080000,31080000,31080000,31080000,1,1,1,1,15,15,5.5,2031,12048,0,0,1,10,76,0,0,0,65,60,0,52,300,-1,-1,0,-1,7,0,12,49,0,0,104,8,0,0,0,15,12,0,0,0,99,0,0,50,80,0,3,0,0,0,23,23,23,23,1,1,1,1,0,0,1,1,0,0,0,0,0,1,0,0,0,0,0,0,0,0,0,0,0,0,0,1,0,1,1,1,0,2,0,106,2,1,0,0,-1,-1,-1,-1,-1,-1,-1,-1,-1,-1,-1,-1,-1,-1,-1,-1,-1,-1,-1,-1,-1,-1,-1,-1,139,139,49,0.03,0,0,0,0,1,0,0,0,0,0,0,1,1,50,0,0,6,30,1,23,23,6,0,23,0,302,0,0,0,0,67,15,15,15,15,15,15,15,15,15,15,0,-1,-1,-1,-1,-1,-1,-1,-1,0.93,1,1,1,1,1,1,1,1,-1,-1,-1,-1,-1,10000,0,1,1,0,0,0,0,1,0,0,0,6,3400,310,6,6,1,2,60,-1,-1,-1,31080000,31080000,31080000,31080000,31080000,31080000,31080000,31080000,31080000,31080000,1,1,0,0,0,0,1,1,0,[0|0|0|0|0|0|0]
31080400,Fire Scorpion Kite Shield,1,0,[0|0|0],3100,7218005,0,4.5,0,900,340,100,28,12,0,0,100,45,46,33,-1,-1,-1,-1,-1,-1,0,31080000,31080000,31080000,31080000,31080000,31080000,31080000,31080000,31080000,31080000,31080000,31080000,31080000,31080000,31080000,31080000,1,1,1,1,15,15,5.5,2031,12048,0,0,1,10,76,0,76,0,65,60,0,52,400,-1,-1,0,-1,7,0,12,49,0,0,104,0,11,0,0,15,12,0,0,0,99,0,0,50,80,0,3,0,0,0,23,23,23,23,1,1,1,1,0,0,1,1,0,0,0,0,0,1,0,0,0,0,0,0,0,0,0,0,0,0,0,1,0,1,1,1,0,2,0,106,2,1,0,0,-1,-1,-1,-1,-1,-1,-1,-1,-1,-1,-1,-1,-1,-1,-1,-1,-1,-1,-1,-1,-1,-1,-1,-1,139,139,49,0.03,0,0,0,0,1,0,0,0,0,4,0,1,1,50,0,0,6,30,1,23,23,6,0,23,0,302,0,0,0,0,67,15,15,15,15,15,15,15,15,15,15,0,-1,-1,-1,-1,-1,-1,-1,-1,0.93,1,1,1,1,1,1,1,1,-1,-1,-1,-1,-1,10005,0,1,1,0,0,0,0,1,0,0,0,6,3400,310,6,6,1,2,60,-1,-1,-1,31080000,31080000,31080000,31080000,31080000,31080000,31080000,31080000,31080000,31080000,1,1,0,0,0,0,1,1,0,[0|0|0|0|0|0|0]
31080500,Flame Art Scorpion Kite Shield,1,0,[0|0|0],3100,7218006,0,4.5,0,900,340,100,14,0,0,24,100,45,46,33,-1,-1,-1,-1,-1,-1,0,31080000,31080000,31080000,31080000,31080000,31080000,31080000,31080000,31080000,31080000,31080000,31080000,31080000,31080000,31080000,31080000,1,1,1,1,15,15,5.5,2031,12048,0,0,1,10,76,0,76,0,65,60,0,52,500,-1,-1,0,-1,7,0,12,49,0,0,104,0,11,0,0,15,12,0,0,0,99,0,0,50,80,0,3,0,0,0,23,23,23,23,1,1,1,1,0,0,1,1,0,0,0,0,0,1,0,0,0,0,0,0,0,0,0,0,0,0,0,1,0,1,1,1,0,2,0,106,2,1,0,0,-1,-1,-1,-1,-1,-1,-1,-1,-1,-1,-1,-1,-1,-1,-1,-1,-1,-1,-1,-1,-1,-1,-1,-1,139,139,49,0.03,0,0,0,0,1,0,0,0,0,4,0,1,1,50,0,0,6,30,1,23,23,6,0,23,0,302,0,0,0,0,67,15,15,15,15,15,15,15,15,15,15,0,-1,-1,-1,-1,-1,-1,-1,-1,0.93,1,1,1,1,1,1,1,1,-1,-1,-1,-1,-1,10000,0,1,1,0,0,0,0,1,0,0,0,6,3400,310,6,6,1,2,60,-1,-1,-1,31080000,31080000,31080000,31080000,31080000,31080000,31080000,31080000,31080000,31080000,1,1,0,0,0,0,1,1,0,[0|0|0|0|0|0|0]
31080600,Lightning Scorpion Kite Shield,1,0,[0|0|0],3100,7218007,0,4.5,0,900,340,100,8,28,0,0,100,45,46,33,-1,-1,-1,-1,-1,-1,0,31080000,31080000,31080000,31080000,31080000,31080000,31080000,31080000,31080000,31080000,31080000,31080000,31080000,31080000,31080000,31080000,1,1,1,1,15,15,5.5,2031,12048,0,0,1,10,76,0,0,76,65,60,0,52,600,-1,-1,0,-1,7,0,12,49,0,0,104,0,12,0,0,15,12,0,0,0,99,0,0,50,80,0,3,0,0,0,23,23,23,23,1,1,1,1,0,0,1,1,0,0,0,0,0,1,0,0,0,0,0,0,0,0,0,0,0,0,0,1,0,1,1,1,0,2,0,106,2,1,0,0,-1,-1,-1,-1,-1,-1,-1,-1,-1,-1,-1,-1,-1,-1,-1,-1,-1,-1,-1,-1,-1,-1,-1,-1,139,139,49,0.03,0,0,0,0,1,0,0,0,0,0,4,1,1,50,0,0,6,30,1,23,23,6,0,23,0,302,0,0,0,0,67,15,15,15,15,15,15,15,15,15,15,0,-1,-1,-1,-1,-1,-1,-1,-1,0.93,1,1,1,1,1,1,1,1,-1,-1,-1,-1,-1,10000,0,1,1,0,0,0,0,1,0,0,0,6,3400,310,6,6,1,2,60,-1,-1,-1,31080000,31080000,31080000,31080000,31080000,31080000,31080000,31080000,31080000,31080000,1,1,0,0,0,0,1,1,0,[0|0|0|0|0|0|0]
31080700,Sacred Scorpion Kite Shield,1,0,[0|0|0],3100,7218008,0,4.5,0,900,340,100,18,0,0,24,100,45,46,33,-1,-1,-1,-1,-1,-1,0,31080000,31080000,31080000,31080000,31080000,31080000,31080000,31080000,31080000,31080000,31080000,31080000,31080000,31080000,31080000,31080000,1,1,1,1,15,15,5.5,2031,12048,0,0,1,10,76,0,0,0,65,60,0,52,700,-1,-1,0,-1,7,0,12,49,0,0,104,0,13,0,0,15,12,0,0,0,99,0,0,50,80,0,3,0,0,0,23,23,23,23,1,1,1,1,0,0,1,1,0,0,0,0,0,1,0,0,0,0,0,0,0,0,0,0,0,0,0,1,0,1,1,1,0,2,0,106,2,1,0,0,-1,-1,-1,-1,-1,-1,-1,-1,-1,-1,-1,-1,-1,-1,-1,-1,-1,-1,-1,-1,-1,-1,-1,-1,139,139,49,0.03,0,0,0,0,1,0,0,0,0,0,0,1,1,50,76,4,6,30,1,23,23,6,0,23,0,302,0,0,0,0,67,15,15,15,15,15,15,15,15,15,15,0,-1,-1,-1,-1,-1,-1,-1,-1,0.93,1,1,1,1,1,1,1,1,-1,-1,-1,-1,-1,10000,0,1,1,0,0,0,0,1,0,0,0,6,3400,310,6,6,1,2,60,-1,-1,-1,31080000,31080000,31080000,31080000,31080000,31080000,31080000,31080000,31080000,31080000,1,1,0,0,0,0,1,1,0,[0|0|0|0|0|0|0]
31080800,Magic Scorpion Kite Shield,1,0,[0|0|0],3100,7218004,0,4.5,0,900,340,100,16,0,24,0,100,45,46,33,-1,-1,-1,-1,-1,-1,0,31080000,31080000,31080000,31080000,31080000,31080000,31080000,31080000,31080000,31080000,31080000,31080000,31080000,31080000,31080000,31080000,1,1,1,1,15,15,5.5,2031,12048,0,0,1,10,76,76,0,0,65,60,0,52,800,-1,-1,0,-1,7,0,12,49,0,0,104,0,10,0,0,15,12,0,0,0,99,0,0,50,80,0,3,0,0,0,23,23,23,23,1,1,1,1,0,0,1,1,0,0,0,0,0,1,0,0,0,0,0,0,0,0,0,0,0,0,0,1,0,1,1,1,0,2,0,106,2,1,0,0,-1,-1,-1,-1,-1,-1,-1,-1,-1,-1,-1,-1,-1,-1,-1,-1,-1,-1,-1,-1,-1,-1,-1,-1,139,139,49,0.03,0,0,0,0,1,0,0,0,4,0,0,1,1,50,0,0,6,30,1,23,23,6,0,23,0,302,0,0,0,0,67,15,15,15,15,15,15,15,15,15,15,0,-1,-1,-1,-1,-1,-1,-1,-1,0.93,1,1,1,1,1,1,1,1,-1,-1,-1,-1,-1,10000,0,1,1,0,0,0,0,1,0,0,0,6,3400,310,6,6,1,2,60,-1,-1,-1,31080000,31080000,31080000,31080000,31080000,31080000,31080000,31080000,31080000,31080000,1,1,0,0,0,0,1,1,0,[0|0|0|0|0|0|0]
31080900,Cold Scorpion Kite Shield,1,0,[0|0|0],3100,7218011,0,4.5,0,900,340,100,36,0,24,0,100,45,46,33,-1,107500,-1,-1,-1,-1,0,31080000,31080000,31080000,31080000,31080000,31080000,31080000,31080000,31080000,31080000,31080000,31080000,31080000,31080000,31080000,31080000,1,1,1,1,15,15,5.5,2031,12048,0,0,1,10,76,65,0,0,65,60,0,52,900,-1,-1,0,-1,7,0,12,49,0,0,104,0,10,0,0,15,12,0,0,0,99,0,0,50,80,0,3,0,0,0,23,23,23,23,1,1,1,1,0,0,1,1,0,0,0,0,0,1,0,0,0,0,0,0,0,0,0,0,0,0,0,1,0,1,1,1,0,2,0,106,2,1,0,0,-1,-1,-1,-1,-1,-1,-1,-1,-1,-1,-1,-1,-1,-1,-1,-1,-1,-1,-1,-1,-1,-1,-1,-1,139,139,49,0.03,0,0,0,0,1,0,0,0,4,0,0,1,1,50,0,0,6,30,1,23,23,6,0,23,0,302,0,0,0,0,67,15,15,15,15,15,15,15,15,15,15,0,-1,-1,-1,-1,-1,-1,-1,-1,0.93,1,1,1,1,1,1,1,1,-1,-1,-1,-1,-1,10000,0,1,1,0,0,0,0,1,0,0,0,6,3400,310,6,6,1,2,60,6601,-1,-1,31080000,31080000,31080000,31080000,31080000,31080000,31080000,31080000,31080000,31080000,1,1,0,0,0,0,1,1,0,[0|0|0|0|0|0|0]
31081000,Poison Scorpion Kite Shield,1,0,[0|0|0],3100,7218009,0,4.5,0,900,340,100,38,0,0,0,100,45,46,33,-1,106000,-1,-1,-1,-1,0,31080000,31080000,31080000,31080000,31080000,31080000,31080000,31080000,31080000,31080000,31080000,31080000,31080000,31080000,31080000,31080000,1,1,1,1,15,15,5.5,2031,12048,0,0,1,10,76,0,0,0,65,60,0,52,1000,-1,-1,0,-1,7,0,12,49,0,0,104,0,0,0,0,15,12,0,0,0,99,0,0,50,80,0,3,0,0,0,23,23,23,23,1,1,1,1,0,0,1,1,0,0,0,0,0,1,0,0,0,0,0,0,0,0,0,0,0,0,0,1,0,1,1,1,0,2,0,106,2,1,0,0,-1,-1,-1,-1,-1,-1,-1,-1,-1,-1,-1,-1,-1,-1,-1,-1,-1,-1,-1,-1,-1,-1,-1,-1,139,139,49,0.03,0,0,0,0,1,0,0,0,0,0,0,1,1,50,0,0,6,30,1,23,23,6,0,23,0,302,30,0,0,0,67,15,15,15,15,15,15,15,15,15,15,0,-1,-1,-1,-1,-1,-1,-1,-1,0.93,1,1,1,1,1,1,1,1,-1,-1,-1,-1,-1,10013,0,1,1,0,0,0,0,1,0,0,0,6,3400,310,6,6,1,2,60,6401,-1,-1,31080000,31080000,31080000,31080000,31080000,31080000,31080000,31080000,31080000,31080000,1,1,0,0,0,0,1,1,0,[0|0|0|0|0|0|0]
31081100,Blood Scorpion Kite Shield,1,0,[0|0|0],3100,7218010,0,4.5,0,900,340,100,38,0,0,0,100,45,46,33,105000,-1,-1,-1,-1,-1,0,31080000,31080000,31080000,31080000,31080000,31080000,31080000,31080000,31080000,31080000,31080000,31080000,31080000,31080000,31080000,31080000,1,1,1,1,15,15,5.5,2031,12048,0,0,1,10,76,0,0,0,65,60,0,52,1100,-1,-1,0,-1,7,0,12,49,0,0,104,0,0,0,0,15,12,0,0,0,99,0,0,50,80,0,3,0,0,0,23,23,23,23,1,1,1,1,0,0,1,1,0,0,0,0,0,1,0,0,0,0,0,0,0,0,0,0,0,0,0,1,0,1,1,1,0,2,0,106,2,1,0,0,-1,-1,-1,-1,-1,-1,-1,-1,-1,-1,-1,-1,-1,-1,-1,-1,-1,-1,-1,-1,-1,-1,-1,-1,139,139,49,0.03,0,0,0,0,1,0,0,0,0,0,0,1,1,50,0,0,6,30,1,23,23,6,0,23,0,302,30,0,0,0,67,15,15,15,15,15,15,15,15,15,15,0,-1,-1,-1,-1,-1,-1,-1,-1,0.93,1,1,1,1,1,1,1,1,-1,-1,-1,-1,-1,10013,0,1,1,0,0,0,0,1,0,0,0,6,3400,310,6,6,1,2,60,6501,-1,-1,31080000,31080000,31080000,31080000,31080000,31080000,31080000,31080000,31080000,31080000,1,1,0,0,0,0,1,1,0,[0|0|0|0|0|0|0]
31081200,Occult Scorpion Kite Shield,1,0,[0|0|0],3100,7218012,0,4.5,0,900,340,100,38,0,0,0,100,45,46,33,-1,-1,-1,-1,-1,-1,0,31080000,31080000,31080000,31080000,31080000,31080000,31080000,31080000,31080000,31080000,31080000,31080000,31080000,31080000,31080000,31080000,1,1,1,1,15,15,5.5,2031,12048,0,0,1,10,76,0,0,0,65,60,0,52,1200,-1,-1,0,-1,7,0,12,49,0,0,104,7,0,0,0,15,12,0,0,0,99,0,0,50,80,0,3,0,0,0,23,23,23,23,1,1,1,1,0,0,1,1,0,0,0,0,0,1,0,0,0,0,0,0,0,0,0,0,0,0,0,1,0,1,1,1,0,2,0,106,2,1,0,0,-1,-1,-1,-1,-1,-1,-1,-1,-1,-1,-1,-1,-1,-1,-1,-1,-1,-1,-1,-1,-1,-1,-1,-1,139,139,49,0.03,0,0,0,0,1,0,0,0,0,0,0,1,1,50,0,0,6,30,1,23,23,6,0,23,0,302,38,0,0,0,67,15,15,15,15,15,15,15,15,15,15,0,-1,-1,-1,-1,-1,-1,-1,-1,0.93,1,1,1,1,1,1,1,1,-1,-1,-1,-1,-1,10013,0,1,1,0,0,0,0,1,0,0,0,6,3400,310,6,6,1,2,60,-1,-1,-1,31080000,31080000,31080000,31080000,31080000,31080000,31080000,31080000,31080000,31080000,1,1,0,0,0,0,1,1,0,[0|0|0|0|0|0|0]
31090000,Twinbird Kite Shield,1,0,[0|0|0],3100,7219000,0,4.5,0,900,340,100,40,0,0,0,100,49,50,28,-1,-1,-1,5310900,-1,-1,0,31090000,31090000,31090000,31090000,31090000,31090000,31090000,31090000,31090000,31090000,31090000,31090000,31090000,31090000,31090000,31090000,1,1,1,1,15,15,5.5,2032,12049,0,0,1,10,78,0,0,0,65,60,0,50,8100,-1,-1,0,-1,7,0,12,49,0,0,104,0,0,0,0,15,12,0,0,0,99,0,0,50,80,0,3,0,0,0,23,23,23,23,1,1,1,1,0,0,1,1,0,0,0,0,0,1,0,0,0,0,0,0,0,0,0,0,0,0,0,1,0,1,1,1,0,2,0,106,2,1,0,0,-1,-1,-1,-1,-1,-1,-1,-1,-1,-1,-1,-1,-1,-1,-1,-1,-1,-1,-1,-1,-1,-1,-1,-1,139,139,49,0.03,0,0,0,0,1,0,0,0,0,0,0,1,1,35,0,0,6,30,1,23,23,6,0,23,0,10,0,0,0,0,67,15,15,15,15,15,15,15,15,15,15,0,-1,-1,-1,-1,-1,-1,-1,-1,0.93,1,1,1,1,1,1,1,1,-1,-1,-1,-1,-1,10000,0,1,1,0,0,0,0,1,0,0,0,6,3400,310,6,6,2,2,60,-1,-1,-1,31090000,31090000,31090000,31090000,31090000,31090000,31090000,31090000,31090000,31090000,1,1,0,0,0,0,1,1,0,[0|0|0|0|0|0|0]
31090100,Heavy Twinbird Kite Shield,1,0,[0|0|0],3100,7219001,0,4.5,0,900,340,100,36,0,0,0,100,49,50,28,-1,-1,-1,5310900,-1,-1,0,31090000,31090000,31090000,31090000,31090000,31090000,31090000,31090000,31090000,31090000,31090000,31090000,31090000,31090000,31090000,31090000,1,1,1,1,15,15,5.5,2032,12049,0,0,1,10,76,0,0,0,65,60,0,50,100,-1,-1,0,-1,7,0,12,49,0,0,104,1,0,0,0,15,12,0,0,0,99,0,0,50,80,0,3,0,0,0,23,23,23,23,1,1,1,1,0,0,1,1,0,0,0,0,0,1,0,0,0,0,0,0,0,0,0,0,0,0,0,1,0,1,1,1,0,2,0,106,2,1,0,0,-1,-1,-1,-1,-1,-1,-1,-1,-1,-1,-1,-1,-1,-1,-1,-1,-1,-1,-1,-1,-1,-1,-1,-1,139,139,49,0.03,0,0,0,0,1,0,0,0,0,0,0,1,1,35,0,0,6,30,1,23,23,6,0,23,0,10,0,0,0,0,67,15,15,15,15,15,15,15,15,15,15,0,-1,-1,-1,-1,-1,-1,-1,-1,0.93,1,1,1,1,1,1,1,1,-1,-1,-1,-1,-1,10000,0,1,1,0,0,0,0,1,0,0,0,6,3400,310,6,6,2,2,60,-1,-1,-1,31090000,31090000,31090000,31090000,31090000,31090000,31090000,31090000,31090000,31090000,1,1,0,0,0,0,1,1,0,[0|0|0|0|0|0|0]
31090200,Keen Twinbird Kite Shield,1,0,[0|0|0],3100,7219002,0,4.5,0,900,340,100,8,32,0,0,100,49,50,28,-1,-1,-1,5310900,-1,-1,0,31090000,31090000,31090000,31090000,31090000,31090000,31090000,31090000,31090000,31090000,31090000,31090000,31090000,31090000,31090000,31090000,1,1,1,1,15,15,5.5,2032,12049,0,0,1,10,76,0,0,0,65,60,0,50,200,-1,-1,0,-1,7,0,12,49,0,0,104,2,0,0,0,15,12,0,0,0,99,0,0,50,80,0,3,0,0,0,23,23,23,23,1,1,1,1,0,0,1,1,0,0,0,0,0,1,0,0,0,0,0,0,0,0,0,0,0,0,0,1,0,1,1,1,0,2,0,106,2,1,0,0,-1,-1,-1,-1,-1,-1,-1,-1,-1,-1,-1,-1,-1,-1,-1,-1,-1,-1,-1,-1,-1,-1,-1,-1,139,139,49,0.03,0,0,0,0,1,0,0,0,0,0,0,1,1,35,0,0,6,30,1,23,23,6,0,23,0,10,0,0,0,0,67,15,15,15,15,15,15,15,15,15,15,0,-1,-1,-1,-1,-1,-1,-1,-1,0.93,1,1,1,1,1,1,1,1,-1,-1,-1,-1,-1,10000,0,1,1,0,0,0,0,1,0,0,0,6,3400,310,6,6,2,2,60,-1,-1,-1,31090000,31090000,31090000,31090000,31090000,31090000,31090000,31090000,31090000,31090000,1,1,0,0,0,0,1,1,0,[0|0|0|0|0|0|0]
31090300,Quality Twinbird Kite Shield,1,0,[0|0|0],3100,7219003,0,4.5,0,900,340,100,40,40,0,0,100,49,50,28,-1,-1,-1,5310900,-1,-1,0,31090000,31090000,31090000,31090000,31090000,31090000,31090000,31090000,31090000,31090000,31090000,31090000,31090000,31090000,31090000,31090000,1,1,1,1,15,15,5.5,2032,12049,0,0,1,10,76,0,0,0,65,60,0,50,300,-1,-1,0,-1,7,0,12,49,0,0,104,8,0,0,0,15,12,0,0,0,99,0,0,50,80,0,3,0,0,0,23,23,23,23,1,1,1,1,0,0,1,1,0,0,0,0,0,1,0,0,0,0,0,0,0,0,0,0,0,0,0,1,0,1,1,1,0,2,0,106,2,1,0,0,-1,-1,-1,-1,-1,-1,-1,-1,-1,-1,-1,-1,-1,-1,-1,-1,-1,-1,-1,-1,-1,-1,-1,-1,139,139,49,0.03,0,0,0,0,1,0,0,0,0,0,0,1,1,35,0,0,6,30,1,23,23,6,0,23,0,10,0,0,0,0,67,15,15,15,15,15,15,15,15,15,15,0,-1,-1,-1,-1,-1,-1,-1,-1,0.93,1,1,1,1,1,1,1,1,-1,-1,-1,-1,-1,10000,0,1,1,0,0,0,0,1,0,0,0,6,3400,310,6,6,2,2,60,-1,-1,-1,31090000,31090000,31090000,31090000,31090000,31090000,31090000,31090000,31090000,31090000,1,1,0,0,0,0,1,1,0,[0|0|0|0|0|0|0]
31090400,Fire Twinbird Kite Shield,1,0,[0|0|0],3100,7219005,0,4.5,0,900,340,100,28,12,0,0,100,49,50,28,-1,-1,-1,5310900,-1,-1,0,31090000,31090000,31090000,31090000,31090000,31090000,31090000,31090000,31090000,31090000,31090000,31090000,31090000,31090000,31090000,31090000,1,1,1,1,15,15,5.5,2032,12049,0,0,1,10,76,0,76,0,65,60,0,50,400,-1,-1,0,-1,7,0,12,49,0,0,104,0,11,0,0,15,12,0,0,0,99,0,0,50,80,0,3,0,0,0,23,23,23,23,1,1,1,1,0,0,1,1,0,0,0,0,0,1,0,0,0,0,0,0,0,0,0,0,0,0,0,1,0,1,1,1,0,2,0,106,2,1,0,0,-1,-1,-1,-1,-1,-1,-1,-1,-1,-1,-1,-1,-1,-1,-1,-1,-1,-1,-1,-1,-1,-1,-1,-1,139,139,49,0.03,0,0,0,0,1,0,0,0,0,4,0,1,1,35,0,0,6,30,1,23,23,6,0,23,0,10,0,0,0,0,67,15,15,15,15,15,15,15,15,15,15,0,-1,-1,-1,-1,-1,-1,-1,-1,0.93,1,1,1,1,1,1,1,1,-1,-1,-1,-1,-1,10005,0,1,1,0,0,0,0,1,0,0,0,6,3400,310,6,6,2,2,60,-1,-1,-1,31090000,31090000,31090000,31090000,31090000,31090000,31090000,31090000,31090000,31090000,1,1,0,0,0,0,1,1,0,[0|0|0|0|0|0|0]
31090500,Flame Art Twinbird Kite Shield,1,0,[0|0|0],3100,7219006,0,4.5,0,900,340,100,14,0,0,24,100,49,50,28,-1,-1,-1,5310900,-1,-1,0,31090000,31090000,31090000,31090000,31090000,31090000,31090000,31090000,31090000,31090000,31090000,31090000,31090000,31090000,31090000,31090000,1,1,1,1,15,15,5.5,2032,12049,0,0,1,10,76,0,76,0,65,60,0,50,500,-1,-1,0,-1,7,0,12,49,0,0,104,0,11,0,0,15,12,0,0,0,99,0,0,50,80,0,3,0,0,0,23,23,23,23,1,1,1,1,0,0,1,1,0,0,0,0,0,1,0,0,0,0,0,0,0,0,0,0,0,0,0,1,0,1,1,1,0,2,0,106,2,1,0,0,-1,-1,-1,-1,-1,-1,-1,-1,-1,-1,-1,-1,-1,-1,-1,-1,-1,-1,-1,-1,-1,-1,-1,-1,139,139,49,0.03,0,0,0,0,1,0,0,0,0,4,0,1,1,35,0,0,6,30,1,23,23,6,0,23,0,10,0,0,0,0,67,15,15,15,15,15,15,15,15,15,15,0,-1,-1,-1,-1,-1,-1,-1,-1,0.93,1,1,1,1,1,1,1,1,-1,-1,-1,-1,-1,10000,0,1,1,0,0,0,0,1,0,0,0,6,3400,310,6,6,2,2,60,-1,-1,-1,31090000,31090000,31090000,31090000,31090000,31090000,31090000,31090000,31090000,31090000,1,1,0,0,0,0,1,1,0,[0|0|0|0|0|0|0]
31090600,Lightning Twinbird Kite Shield,1,0,[0|0|0],3100,7219007,0,4.5,0,900,340,100,8,28,0,0,100,49,50,28,-1,-1,-1,5310900,-1,-1,0,31090000,31090000,31090000,31090000,31090000,31090000,31090000,31090000,31090000,31090000,31090000,31090000,31090000,31090000,31090000,31090000,1,1,1,1,15,15,5.5,2032,12049,0,0,1,10,76,0,0,76,65,60,0,50,600,-1,-1,0,-1,7,0,12,49,0,0,104,0,12,0,0,15,12,0,0,0,99,0,0,50,80,0,3,0,0,0,23,23,23,23,1,1,1,1,0,0,1,1,0,0,0,0,0,1,0,0,0,0,0,0,0,0,0,0,0,0,0,1,0,1,1,1,0,2,0,106,2,1,0,0,-1,-1,-1,-1,-1,-1,-1,-1,-1,-1,-1,-1,-1,-1,-1,-1,-1,-1,-1,-1,-1,-1,-1,-1,139,139,49,0.03,0,0,0,0,1,0,0,0,0,0,4,1,1,35,0,0,6,30,1,23,23,6,0,23,0,10,0,0,0,0,67,15,15,15,15,15,15,15,15,15,15,0,-1,-1,-1,-1,-1,-1,-1,-1,0.93,1,1,1,1,1,1,1,1,-1,-1,-1,-1,-1,10000,0,1,1,0,0,0,0,1,0,0,0,6,3400,310,6,6,2,2,60,-1,-1,-1,31090000,31090000,31090000,31090000,31090000,31090000,31090000,31090000,31090000,31090000,1,1,0,0,0,0,1,1,0,[0|0|0|0|0|0|0]
31090700,Sacred Twinbird Kite Shield,1,0,[0|0|0],3100,7219008,0,4.5,0,900,340,100,18,0,0,24,100,49,50,28,-1,-1,-1,5310900,-1,-1,0,31090000,31090000,31090000,31090000,31090000,31090000,31090000,31090000,31090000,31090000,31090000,31090000,31090000,31090000,31090000,31090000,1,1,1,1,15,15,5.5,2032,12049,0,0,1,10,76,0,0,0,65,60,0,50,700,-1,-1,0,-1,7,0,12,49,0,0,104,0,13,0,0,15,12,0,0,0,99,0,0,50,80,0,3,0,0,0,23,23,23,23,1,1,1,1,0,0,1,1,0,0,0,0,0,1,0,0,0,0,0,0,0,0,0,0,0,0,0,1,0,1,1,1,0,2,0,106,2,1,0,0,-1,-1,-1,-1,-1,-1,-1,-1,-1,-1,-1,-1,-1,-1,-1,-1,-1,-1,-1,-1,-1,-1,-1,-1,139,139,49,0.03,0,0,0,0,1,0,0,0,0,0,0,1,1,35,76,4,6,30,1,23,23,6,0,23,0,10,0,0,0,0,67,15,15,15,15,15,15,15,15,15,15,0,-1,-1,-1,-1,-1,-1,-1,-1,0.93,1,1,1,1,1,1,1,1,-1,-1,-1,-1,-1,10000,0,1,1,0,0,0,0,1,0,0,0,6,3400,310,6,6,2,2,60,-1,-1,-1,31090000,31090000,31090000,31090000,31090000,31090000,31090000,31090000,31090000,31090000,1,1,0,0,0,0,1,1,0,[0|0|0|0|0|0|0]
31090800,Magic Twinbird Kite Shield,1,0,[0|0|0],3100,7219004,0,4.5,0,900,340,100,16,0,24,0,100,49,50,28,-1,-1,-1,5310900,-1,-1,0,31090000,31090000,31090000,31090000,31090000,31090000,31090000,31090000,31090000,31090000,31090000,31090000,31090000,31090000,31090000,31090000,1,1,1,1,15,15,5.5,2032,12049,0,0,1,10,76,76,0,0,65,60,0,50,800,-1,-1,0,-1,7,0,12,49,0,0,104,0,10,0,0,15,12,0,0,0,99,0,0,50,80,0,3,0,0,0,23,23,23,23,1,1,1,1,0,0,1,1,0,0,0,0,0,1,0,0,0,0,0,0,0,0,0,0,0,0,0,1,0,1,1,1,0,2,0,106,2,1,0,0,-1,-1,-1,-1,-1,-1,-1,-1,-1,-1,-1,-1,-1,-1,-1,-1,-1,-1,-1,-1,-1,-1,-1,-1,139,139,49,0.03,0,0,0,0,1,0,0,0,4,0,0,1,1,35,0,0,6,30,1,23,23,6,0,23,0,10,0,0,0,0,67,15,15,15,15,15,15,15,15,15,15,0,-1,-1,-1,-1,-1,-1,-1,-1,0.93,1,1,1,1,1,1,1,1,-1,-1,-1,-1,-1,10000,0,1,1,0,0,0,0,1,0,0,0,6,3400,310,6,6,2,2,60,-1,-1,-1,31090000,31090000,31090000,31090000,31090000,31090000,31090000,31090000,31090000,31090000,1,1,0,0,0,0,1,1,0,[0|0|0|0|0|0|0]
31090900,Cold Twinbird Kite Shield,1,0,[0|0|0],3100,7219011,0,4.5,0,900,340,100,36,0,24,0,100,49,50,28,-1,107500,-1,5310900,-1,-1,0,31090000,31090000,31090000,31090000,31090000,31090000,31090000,31090000,31090000,31090000,31090000,31090000,31090000,31090000,31090000,31090000,1,1,1,1,15,15,5.5,2032,12049,0,0,1,10,76,65,0,0,65,60,0,50,900,-1,-1,0,-1,7,0,12,49,0,0,104,0,10,0,0,15,12,0,0,0,99,0,0,50,80,0,3,0,0,0,23,23,23,23,1,1,1,1,0,0,1,1,0,0,0,0,0,1,0,0,0,0,0,0,0,0,0,0,0,0,0,1,0,1,1,1,0,2,0,106,2,1,0,0,-1,-1,-1,-1,-1,-1,-1,-1,-1,-1,-1,-1,-1,-1,-1,-1,-1,-1,-1,-1,-1,-1,-1,-1,139,139,49,0.03,0,0,0,0,1,0,0,0,4,0,0,1,1,35,0,0,6,30,1,23,23,6,0,23,0,10,0,0,0,0,67,15,15,15,15,15,15,15,15,15,15,0,-1,-1,-1,-1,-1,-1,-1,-1,0.93,1,1,1,1,1,1,1,1,-1,-1,-1,-1,-1,10000,0,1,1,0,0,0,0,1,0,0,0,6,3400,310,6,6,2,2,60,6601,-1,-1,31090000,31090000,31090000,31090000,31090000,31090000,31090000,31090000,31090000,31090000,1,1,0,0,0,0,1,1,0,[0|0|0|0|0|0|0]
31091000,Poison Twinbird Kite Shield,1,0,[0|0|0],3100,7219009,0,4.5,0,900,340,100,38,0,0,0,100,49,50,28,-1,106000,-1,5310900,-1,-1,0,31090000,31090000,31090000,31090000,31090000,31090000,31090000,31090000,31090000,31090000,31090000,31090000,31090000,31090000,31090000,31090000,1,1,1,1,15,15,5.5,2032,12049,0,0,1,10,76,0,0,0,65,60,0,50,1000,-1,-1,0,-1,7,0,12,49,0,0,104,0,0,0,0,15,12,0,0,0,99,0,0,50,80,0,3,0,0,0,23,23,23,23,1,1,1,1,0,0,1,1,0,0,0,0,0,1,0,0,0,0,0,0,0,0,0,0,0,0,0,1,0,1,1,1,0,2,0,106,2,1,0,0,-1,-1,-1,-1,-1,-1,-1,-1,-1,-1,-1,-1,-1,-1,-1,-1,-1,-1,-1,-1,-1,-1,-1,-1,139,139,49,0.03,0,0,0,0,1,0,0,0,0,0,0,1,1,35,0,0,6,30,1,23,23,6,0,23,0,10,30,0,0,0,67,15,15,15,15,15,15,15,15,15,15,0,-1,-1,-1,-1,-1,-1,-1,-1,0.93,1,1,1,1,1,1,1,1,-1,-1,-1,-1,-1,10013,0,1,1,0,0,0,0,1,0,0,0,6,3400,310,6,6,2,2,60,6401,-1,-1,31090000,31090000,31090000,31090000,31090000,31090000,31090000,31090000,31090000,31090000,1,1,0,0,0,0,1,1,0,[0|0|0|0|0|0|0]
31091100,Blood Twinbird Kite Shield,1,0,[0|0|0],3100,7219010,0,4.5,0,900,340,100,38,0,0,0,100,49,50,28,105000,-1,-1,5310900,-1,-1,0,31090000,31090000,31090000,31090000,31090000,31090000,31090000,31090000,31090000,31090000,31090000,31090000,31090000,31090000,31090000,31090000,1,1,1,1,15,15,5.5,2032,12049,0,0,1,10,76,0,0,0,65,60,0,50,1100,-1,-1,0,-1,7,0,12,49,0,0,104,0,0,0,0,15,12,0,0,0,99,0,0,50,80,0,3,0,0,0,23,23,23,23,1,1,1,1,0,0,1,1,0,0,0,0,0,1,0,0,0,0,0,0,0,0,0,0,0,0,0,1,0,1,1,1,0,2,0,106,2,1,0,0,-1,-1,-1,-1,-1,-1,-1,-1,-1,-1,-1,-1,-1,-1,-1,-1,-1,-1,-1,-1,-1,-1,-1,-1,139,139,49,0.03,0,0,0,0,1,0,0,0,0,0,0,1,1,35,0,0,6,30,1,23,23,6,0,23,0,10,30,0,0,0,67,15,15,15,15,15,15,15,15,15,15,0,-1,-1,-1,-1,-1,-1,-1,-1,0.93,1,1,1,1,1,1,1,1,-1,-1,-1,-1,-1,10013,0,1,1,0,0,0,0,1,0,0,0,6,3400,310,6,6,2,2,60,6501,-1,-1,31090000,31090000,31090000,31090000,31090000,31090000,31090000,31090000,31090000,31090000,1,1,0,0,0,0,1,1,0,[0|0|0|0|0|0|0]
31091200,Occult Twinbird Kite Shield,1,0,[0|0|0],3100,7219012,0,4.5,0,900,340,100,38,0,0,0,100,49,50,28,-1,-1,-1,5310900,-1,-1,0,31090000,31090000,31090000,31090000,31090000,31090000,31090000,31090000,31090000,31090000,31090000,31090000,31090000,31090000,31090000,31090000,1,1,1,1,15,15,5.5,2032,12049,0,0,1,10,76,0,0,0,65,60,0,50,1200,-1,-1,0,-1,7,0,12,49,0,0,104,7,0,0,0,15,12,0,0,0,99,0,0,50,80,0,3,0,0,0,23,23,23,23,1,1,1,1,0,0,1,1,0,0,0,0,0,1,0,0,0,0,0,0,0,0,0,0,0,0,0,1,0,1,1,1,0,2,0,106,2,1,0,0,-1,-1,-1,-1,-1,-1,-1,-1,-1,-1,-1,-1,-1,-1,-1,-1,-1,-1,-1,-1,-1,-1,-1,-1,139,139,49,0.03,0,0,0,0,1,0,0,0,0,0,0,1,1,35,0,0,6,30,1,23,23,6,0,23,0,10,38,0,0,0,67,15,15,15,15,15,15,15,15,15,15,0,-1,-1,-1,-1,-1,-1,-1,-1,0.93,1,1,1,1,1,1,1,1,-1,-1,-1,-1,-1,10013,0,1,1,0,0,0,0,1,0,0,0,6,3400,310,6,6,2,2,60,-1,-1,-1,31090000,31090000,31090000,31090000,31090000,31090000,31090000,31090000,31090000,31090000,1,1,0,0,0,0,1,1,0,[0|0|0|0|0|0|0]
31100000,Blue-Gold Kite Shield,1,0,[0|0|0],3100,7217000,0,5,0,900,340,100,40,0,0,0,100,47,53,35,-1,-1,-1,-1,-1,-1,0,31100000,31100000,31100000,31100000,31100000,31100000,31100000,31100000,31100000,31100000,31100000,31100000,31100000,31100000,31100000,31100000,1,1,1,1,15,15,5.5,2030,12050,0,0,1,10,80,0,0,0,65,60,0,53,8100,-1,-1,0,-1,7,0,12,49,0,0,104,0,0,0,0,15,12,0,0,0,99,0,0,50,80,0,3,0,0,0,25,25,25,25,1,1,1,1,0,0,1,1,0,0,0,0,0,1,0,0,0,0,0,0,0,0,0,0,0,0,0,1,0,1,1,1,0,2,0,106,2,1,0,0,-1,-1,-1,-1,-1,-1,-1,-1,-1,-1,-1,-1,-1,-1,-1,-1,-1,-1,-1,-1,-1,-1,-1,-1,139,139,49,0.03,0,0,0,0,1,0,0,0,0,0,0,1,1,45,0,0,6,30,1,25,25,6,0,25,0,302,0,0,0,0,67,15,15,15,15,15,15,15,15,15,15,0,-1,-1,-1,-1,-1,-1,-1,-1,1,1,1,1,1,1,1,1,1,-1,-1,-1,-1,-1,10000,0,1,1,0,0,0,0,1,0,0,0,6,3400,310,6,6,1,2,60,-1,-1,-1,31100000,31100000,31100000,31100000,31100000,31100000,31100000,31100000,31100000,31100000,1,1,0,0,0,0,1,1,0,[0|0|0|0|0|0|0]
31100100,Heavy Blue-Gold Kite Shield,1,0,[0|0|0],3100,7217001,0,5,0,900,340,100,36,0,0,0,100,47,53,35,-1,-1,-1,-1,-1,-1,0,31100000,31100000,31100000,31100000,31100000,31100000,31100000,31100000,31100000,31100000,31100000,31100000,31100000,31100000,31100000,31100000,1,1,1,1,15,15,5.5,2030,12050,0,0,1,10,78,0,0,0,65,60,0,53,100,-1,-1,0,-1,7,0,12,49,0,0,104,1,0,0,0,15,12,0,0,0,99,0,0,50,80,0,3,0,0,0,25,25,25,25,1,1,1,1,0,0,1,1,0,0,0,0,0,1,0,0,0,0,0,0,0,0,0,0,0,0,0,1,0,1,1,1,0,2,0,106,2,1,0,0,-1,-1,-1,-1,-1,-1,-1,-1,-1,-1,-1,-1,-1,-1,-1,-1,-1,-1,-1,-1,-1,-1,-1,-1,139,139,49,0.03,0,0,0,0,1,0,0,0,0,0,0,1,1,45,0,0,6,30,1,25,25,6,0,25,0,302,0,0,0,0,67,15,15,15,15,15,15,15,15,15,15,0,-1,-1,-1,-1,-1,-1,-1,-1,1,1,1,1,1,1,1,1,1,-1,-1,-1,-1,-1,10000,0,1,1,0,0,0,0,1,0,0,0,6,3400,310,6,6,1,2,60,-1,-1,-1,31100000,31100000,31100000,31100000,31100000,31100000,31100000,31100000,31100000,31100000,1,1,0,0,0,0,1,1,0,[0|0|0|0|0|0|0]
31100200,Keen Blue-Gold Kite Shield,1,0,[0|0|0],3100,7217002,0,5,0,900,340,100,8,32,0,0,100,47,53,35,-1,-1,-1,-1,-1,-1,0,31100000,31100000,31100000,31100000,31100000,31100000,31100000,31100000,31100000,31100000,31100000,31100000,31100000,31100000,31100000,31100000,1,1,1,1,15,15,5.5,2030,12050,0,0,1,10,78,0,0,0,65,60,0,53,200,-1,-1,0,-1,7,0,12,49,0,0,104,2,0,0,0,15,12,0,0,0,99,0,0,50,80,0,3,0,0,0,25,25,25,25,1,1,1,1,0,0,1,1,0,0,0,0,0,1,0,0,0,0,0,0,0,0,0,0,0,0,0,1,0,1,1,1,0,2,0,106,2,1,0,0,-1,-1,-1,-1,-1,-1,-1,-1,-1,-1,-1,-1,-1,-1,-1,-1,-1,-1,-1,-1,-1,-1,-1,-1,139,139,49,0.03,0,0,0,0,1,0,0,0,0,0,0,1,1,45,0,0,6,30,1,25,25,6,0,25,0,302,0,0,0,0,67,15,15,15,15,15,15,15,15,15,15,0,-1,-1,-1,-1,-1,-1,-1,-1,1,1,1,1,1,1,1,1,1,-1,-1,-1,-1,-1,10000,0,1,1,0,0,0,0,1,0,0,0,6,3400,310,6,6,1,2,60,-1,-1,-1,31100000,31100000,31100000,31100000,31100000,31100000,31100000,31100000,31100000,31100000,1,1,0,0,0,0,1,1,0,[0|0|0|0|0|0|0]
31100300,Quality Blue-Gold Kite Shield,1,0,[0|0|0],3100,7217003,0,5,0,900,340,100,40,40,0,0,100,47,53,35,-1,-1,-1,-1,-1,-1,0,31100000,31100000,31100000,31100000,31100000,31100000,31100000,31100000,31100000,31100000,31100000,31100000,31100000,31100000,31100000,31100000,1,1,1,1,15,15,5.5,2030,12050,0,0,1,10,78,0,0,0,65,60,0,53,300,-1,-1,0,-1,7,0,12,49,0,0,104,8,0,0,0,15,12,0,0,0,99,0,0,50,80,0,3,0,0,0,25,25,25,25,1,1,1,1,0,0,1,1,0,0,0,0,0,1,0,0,0,0,0,0,0,0,0,0,0,0,0,1,0,1,1,1,0,2,0,106,2,1,0,0,-1,-1,-1,-1,-1,-1,-1,-1,-1,-1,-1,-1,-1,-1,-1,-1,-1,-1,-1,-1,-1,-1,-1,-1,139,139,49,0.03,0,0,0,0,1,0,0,0,0,0,0,1,1,45,0,0,6,30,1,25,25,6,0,25,0,302,0,0,0,0,67,15,15,15,15,15,15,15,15,15,15,0,-1,-1,-1,-1,-1,-1,-1,-1,1,1,1,1,1,1,1,1,1,-1,-1,-1,-1,-1,10000,0,1,1,0,0,0,0,1,0,0,0,6,3400,310,6,6,1,2,60,-1,-1,-1,31100000,31100000,31100000,31100000,31100000,31100000,31100000,31100000,31100000,31100000,1,1,0,0,0,0,1,1,0,[0|0|0|0|0|0|0]
31100400,Fire Blue-Gold Kite Shield,1,0,[0|0|0],3100,7217005,0,5,0,900,340,100,28,12,0,0,100,47,53,35,-1,-1,-1,-1,-1,-1,0,31100000,31100000,31100000,31100000,31100000,31100000,31100000,31100000,31100000,31100000,31100000,31100000,31100000,31100000,31100000,31100000,1,1,1,1,15,15,5.5,2030,12050,0,0,1,10,78,0,78,0,65,60,0,53,400,-1,-1,0,-1,7,0,12,49,0,0,104,0,11,0,0,15,12,0,0,0,99,0,0,50,80,0,3,0,0,0,25,25,25,25,1,1,1,1,0,0,1,1,0,0,0,0,0,1,0,0,0,0,0,0,0,0,0,0,0,0,0,1,0,1,1,1,0,2,0,106,2,1,0,0,-1,-1,-1,-1,-1,-1,-1,-1,-1,-1,-1,-1,-1,-1,-1,-1,-1,-1,-1,-1,-1,-1,-1,-1,139,139,49,0.03,0,0,0,0,1,0,0,0,0,4,0,1,1,45,0,0,6,30,1,25,25,6,0,25,0,302,0,0,0,0,67,15,15,15,15,15,15,15,15,15,15,0,-1,-1,-1,-1,-1,-1,-1,-1,1,1,1,1,1,1,1,1,1,-1,-1,-1,-1,-1,10005,0,1,1,0,0,0,0,1,0,0,0,6,3400,310,6,6,1,2,60,-1,-1,-1,31100000,31100000,31100000,31100000,31100000,31100000,31100000,31100000,31100000,31100000,1,1,0,0,0,0,1,1,0,[0|0|0|0|0|0|0]
31100500,Flame Art Blue-Gold Kite Shield,1,0,[0|0|0],3100,7217006,0,5,0,900,340,100,14,0,0,24,100,47,53,35,-1,-1,-1,-1,-1,-1,0,31100000,31100000,31100000,31100000,31100000,31100000,31100000,31100000,31100000,31100000,31100000,31100000,31100000,31100000,31100000,31100000,1,1,1,1,15,15,5.5,2030,12050,0,0,1,10,78,0,78,0,65,60,0,53,500,-1,-1,0,-1,7,0,12,49,0,0,104,0,11,0,0,15,12,0,0,0,99,0,0,50,80,0,3,0,0,0,25,25,25,25,1,1,1,1,0,0,1,1,0,0,0,0,0,1,0,0,0,0,0,0,0,0,0,0,0,0,0,1,0,1,1,1,0,2,0,106,2,1,0,0,-1,-1,-1,-1,-1,-1,-1,-1,-1,-1,-1,-1,-1,-1,-1,-1,-1,-1,-1,-1,-1,-1,-1,-1,139,139,49,0.03,0,0,0,0,1,0,0,0,0,4,0,1,1,45,0,0,6,30,1,25,25,6,0,25,0,302,0,0,0,0,67,15,15,15,15,15,15,15,15,15,15,0,-1,-1,-1,-1,-1,-1,-1,-1,1,1,1,1,1,1,1,1,1,-1,-1,-1,-1,-1,10000,0,1,1,0,0,0,0,1,0,0,0,6,3400,310,6,6,1,2,60,-1,-1,-1,31100000,31100000,31100000,31100000,31100000,31100000,31100000,31100000,31100000,31100000,1,1,0,0,0,0,1,1,0,[0|0|0|0|0|0|0]
31100600,Lightning Blue-Gold Kite Shield,1,0,[0|0|0],3100,7217007,0,5,0,900,340,100,8,28,0,0,100,47,53,35,-1,-1,-1,-1,-1,-1,0,31100000,31100000,31100000,31100000,31100000,31100000,31100000,31100000,31100000,31100000,31100000,31100000,31100000,31100000,31100000,31100000,1,1,1,1,15,15,5.5,2030,12050,0,0,1,10,78,0,0,78,65,60,0,53,600,-1,-1,0,-1,7,0,12,49,0,0,104,0,12,0,0,15,12,0,0,0,99,0,0,50,80,0,3,0,0,0,25,25,25,25,1,1,1,1,0,0,1,1,0,0,0,0,0,1,0,0,0,0,0,0,0,0,0,0,0,0,0,1,0,1,1,1,0,2,0,106,2,1,0,0,-1,-1,-1,-1,-1,-1,-1,-1,-1,-1,-1,-1,-1,-1,-1,-1,-1,-1,-1,-1,-1,-1,-1,-1,139,139,49,0.03,0,0,0,0,1,0,0,0,0,0,4,1,1,45,0,0,6,30,1,25,25,6,0,25,0,302,0,0,0,0,67,15,15,15,15,15,15,15,15,15,15,0,-1,-1,-1,-1,-1,-1,-1,-1,1,1,1,1,1,1,1,1,1,-1,-1,-1,-1,-1,10000,0,1,1,0,0,0,0,1,0,0,0,6,3400,310,6,6,1,2,60,-1,-1,-1,31100000,31100000,31100000,31100000,31100000,31100000,31100000,31100000,31100000,31100000,1,1,0,0,0,0,1,1,0,[0|0|0|0|0|0|0]
31100700,Sacred Blue-Gold Kite Shield,1,0,[0|0|0],3100,7217008,0,5,0,900,340,100,18,0,0,24,100,47,53,35,-1,-1,-1,-1,-1,-1,0,31100000,31100000,31100000,31100000,31100000,31100000,31100000,31100000,31100000,31100000,31100000,31100000,31100000,31100000,31100000,31100000,1,1,1,1,15,15,5.5,2030,12050,0,0,1,10,78,0,0,0,65,60,0,53,700,-1,-1,0,-1,7,0,12,49,0,0,104,0,13,0,0,15,12,0,0,0,99,0,0,50,80,0,3,0,0,0,25,25,25,25,1,1,1,1,0,0,1,1,0,0,0,0,0,1,0,0,0,0,0,0,0,0,0,0,0,0,0,1,0,1,1,1,0,2,0,106,2,1,0,0,-1,-1,-1,-1,-1,-1,-1,-1,-1,-1,-1,-1,-1,-1,-1,-1,-1,-1,-1,-1,-1,-1,-1,-1,139,139,49,0.03,0,0,0,0,1,0,0,0,0,0,0,1,1,45,78,4,6,30,1,25,25,6,0,25,0,302,0,0,0,0,67,15,15,15,15,15,15,15,15,15,15,0,-1,-1,-1,-1,-1,-1,-1,-1,1,1,1,1,1,1,1,1,1,-1,-1,-1,-1,-1,10000,0,1,1,0,0,0,0,1,0,0,0,6,3400,310,6,6,1,2,60,-1,-1,-1,31100000,31100000,31100000,31100000,31100000,31100000,31100000,31100000,31100000,31100000,1,1,0,0,0,0,1,1,0,[0|0|0|0|0|0|0]
31100800,Magic Blue-Gold Kite Shield,1,0,[0|0|0],3100,7217004,0,5,0,900,340,100,16,0,24,0,100,47,53,35,-1,-1,-1,-1,-1,-1,0,31100000,31100000,31100000,31100000,31100000,31100000,31100000,31100000,31100000,31100000,31100000,31100000,31100000,31100000,31100000,31100000,1,1,1,1,15,15,5.5,2030,12050,0,0,1,10,78,78,0,0,65,60,0,53,800,-1,-1,0,-1,7,0,12,49,0,0,104,0,10,0,0,15,12,0,0,0,99,0,0,50,80,0,3,0,0,0,25,25,25,25,1,1,1,1,0,0,1,1,0,0,0,0,0,1,0,0,0,0,0,0,0,0,0,0,0,0,0,1,0,1,1,1,0,2,0,106,2,1,0,0,-1,-1,-1,-1,-1,-1,-1,-1,-1,-1,-1,-1,-1,-1,-1,-1,-1,-1,-1,-1,-1,-1,-1,-1,139,139,49,0.03,0,0,0,0,1,0,0,0,4,0,0,1,1,45,0,0,6,30,1,25,25,6,0,25,0,302,0,0,0,0,67,15,15,15,15,15,15,15,15,15,15,0,-1,-1,-1,-1,-1,-1,-1,-1,1,1,1,1,1,1,1,1,1,-1,-1,-1,-1,-1,10000,0,1,1,0,0,0,0,1,0,0,0,6,3400,310,6,6,1,2,60,-1,-1,-1,31100000,31100000,31100000,31100000,31100000,31100000,31100000,31100000,31100000,31100000,1,1,0,0,0,0,1,1,0,[0|0|0|0|0|0|0]
31100900,Cold Blue-Gold Kite Shield,1,0,[0|0|0],3100,7217011,0,5,0,900,340,100,36,0,24,0,100,47,53,35,-1,107500,-1,-1,-1,-1,0,31100000,31100000,31100000,31100000,31100000,31100000,31100000,31100000,31100000,31100000,31100000,31100000,31100000,31100000,31100000,31100000,1,1,1,1,15,15,5.5,2030,12050,0,0,1,10,78,66,0,0,65,60,0,53,900,-1,-1,0,-1,7,0,12,49,0,0,104,0,10,0,0,15,12,0,0,0,99,0,0,50,80,0,3,0,0,0,25,25,25,25,1,1,1,1,0,0,1,1,0,0,0,0,0,1,0,0,0,0,0,0,0,0,0,0,0,0,0,1,0,1,1,1,0,2,0,106,2,1,0,0,-1,-1,-1,-1,-1,-1,-1,-1,-1,-1,-1,-1,-1,-1,-1,-1,-1,-1,-1,-1,-1,-1,-1,-1,139,139,49,0.03,0,0,0,0,1,0,0,0,4,0,0,1,1,45,0,0,6,30,1,25,25,6,0,25,0,302,0,0,0,0,67,15,15,15,15,15,15,15,15,15,15,0,-1,-1,-1,-1,-1,-1,-1,-1,1,1,1,1,1,1,1,1,1,-1,-1,-1,-1,-1,10000,0,1,1,0,0,0,0,1,0,0,0,6,3400,310,6,6,1,2,60,6601,-1,-1,31100000,31100000,31100000,31100000,31100000,31100000,31100000,31100000,31100000,31100000,1,1,0,0,0,0,1,1,0,[0|0|0|0|0|0|0]
31101000,Poison Blue-Gold Kite Shield,1,0,[0|0|0],3100,7217009,0,5,0,900,340,100,38,0,0,0,100,47,53,35,-1,106000,-1,-1,-1,-1,0,31100000,31100000,31100000,31100000,31100000,31100000,31100000,31100000,31100000,31100000,31100000,31100000,31100000,31100000,31100000,31100000,1,1,1,1,15,15,5.5,2030,12050,0,0,1,10,78,0,0,0,65,60,0,53,1000,-1,-1,0,-1,7,0,12,49,0,0,104,0,0,0,0,15,12,0,0,0,99,0,0,50,80,0,3,0,0,0,25,25,25,25,1,1,1,1,0,0,1,1,0,0,0,0,0,1,0,0,0,0,0,0,0,0,0,0,0,0,0,1,0,1,1,1,0,2,0,106,2,1,0,0,-1,-1,-1,-1,-1,-1,-1,-1,-1,-1,-1,-1,-1,-1,-1,-1,-1,-1,-1,-1,-1,-1,-1,-1,139,139,49,0.03,0,0,0,0,1,0,0,0,0,0,0,1,1,45,0,0,6,30,1,25,25,6,0,25,0,302,30,0,0,0,67,15,15,15,15,15,15,15,15,15,15,0,-1,-1,-1,-1,-1,-1,-1,-1,1,1,1,1,1,1,1,1,1,-1,-1,-1,-1,-1,10013,0,1,1,0,0,0,0,1,0,0,0,6,3400,310,6,6,1,2,60,6401,-1,-1,31100000,31100000,31100000,31100000,31100000,31100000,31100000,31100000,31100000,31100000,1,1,0,0,0,0,1,1,0,[0|0|0|0|0|0|0]
31101100,Blood Blue-Gold Kite Shield,1,0,[0|0|0],3100,7217010,0,5,0,900,340,100,38,0,0,0,100,47,53,35,105000,-1,-1,-1,-1,-1,0,31100000,31100000,31100000,31100000,31100000,31100000,31100000,31100000,31100000,31100000,31100000,31100000,31100000,31100000,31100000,31100000,1,1,1,1,15,15,5.5,2030,12050,0,0,1,10,78,0,0,0,65,60,0,53,1100,-1,-1,0,-1,7,0,12,49,0,0,104,0,0,0,0,15,12,0,0,0,99,0,0,50,80,0,3,0,0,0,25,25,25,25,1,1,1,1,0,0,1,1,0,0,0,0,0,1,0,0,0,0,0,0,0,0,0,0,0,0,0,1,0,1,1,1,0,2,0,106,2,1,0,0,-1,-1,-1,-1,-1,-1,-1,-1,-1,-1,-1,-1,-1,-1,-1,-1,-1,-1,-1,-1,-1,-1,-1,-1,139,139,49,0.03,0,0,0,0,1,0,0,0,0,0,0,1,1,45,0,0,6,30,1,25,25,6,0,25,0,302,30,0,0,0,67,15,15,15,15,15,15,15,15,15,15,0,-1,-1,-1,-1,-1,-1,-1,-1,1,1,1,1,1,1,1,1,1,-1,-1,-1,-1,-1,10013,0,1,1,0,0,0,0,1,0,0,0,6,3400,310,6,6,1,2,60,6501,-1,-1,31100000,31100000,31100000,31100000,31100000,31100000,31100000,31100000,31100000,31100000,1,1,0,0,0,0,1,1,0,[0|0|0|0|0|0|0]
31101200,Occult Blue-Gold Kite Shield,1,0,[0|0|0],3100,7217012,0,5,0,900,340,100,38,0,0,0,100,47,53,35,-1,-1,-1,-1,-1,-1,0,31100000,31100000,31100000,31100000,31100000,31100000,31100000,31100000,31100000,31100000,31100000,31100000,31100000,31100000,31100000,31100000,1,1,1,1,15,15,5.5,2030,12050,0,0,1,10,78,0,0,0,65,60,0,53,1200,-1,-1,0,-1,7,0,12,49,0,0,104,7,0,0,0,15,12,0,0,0,99,0,0,50,80,0,3,0,0,0,25,25,25,25,1,1,1,1,0,0,1,1,0,0,0,0,0,1,0,0,0,0,0,0,0,0,0,0,0,0,0,1,0,1,1,1,0,2,0,106,2,1,0,0,-1,-1,-1,-1,-1,-1,-1,-1,-1,-1,-1,-1,-1,-1,-1,-1,-1,-1,-1,-1,-1,-1,-1,-1,139,139,49,0.03,0,0,0,0,1,0,0,0,0,0,0,1,1,45,0,0,6,30,1,25,25,6,0,25,0,302,38,0,0,0,67,15,15,15,15,15,15,15,15,15,15,0,-1,-1,-1,-1,-1,-1,-1,-1,1,1,1,1,1,1,1,1,1,-1,-1,-1,-1,-1,10013,0,1,1,0,0,0,0,1,0,0,0,6,3400,310,6,6,1,2,60,-1,-1,-1,31100000,31100000,31100000,31100000,31100000,31100000,31100000,31100000,31100000,31100000,1,1,0,0,0,0,1,1,0,[0|0|0|0|0|0|0]
31130000,Brass Shield,1,0,[0|0|0],3100,7220000,0,7,0,900,340,100,40,0,0,0,100,55,59,39,-1,-1,-1,-1,-1,-1,0,31130000,31130000,31130000,31130000,31130000,31130000,31130000,31130000,31130000,31130000,31130000,31130000,31130000,31130000,31130000,31130000,1,1,1,1,15,15,5.5,2203,12051,0,0,1,10,84,0,0,0,65,60,0,56,8100,-1,-1,0,-1,7,0,12,49,0,0,104,0,0,0,0,15,16,0,0,0,99,0,0,50,80,0,3,0,0,0,28,28,28,28,1,1,1,1,0,0,1,1,0,0,0,0,0,1,0,0,0,0,0,0,0,0,0,0,0,0,0,1,0,1,1,1,0,2,0,106,2,1,0,0,-1,-1,-1,-1,-1,-1,-1,-1,-1,-1,-1,-1,-1,-1,-1,-1,-1,-1,-1,-1,-1,-1,-1,-1,139,139,49,0.03,0,0,0,0,1,0,0,0,0,0,0,1,1,54,0,0,6,30,1,28,28,6,0,28,0,10,0,0,0,0,67,15,15,15,15,15,15,15,15,15,15,0,-1,-1,-1,-1,-1,-1,-1,-1,1.175,1,1,1,1,1,1,1,1,-1,-1,-1,-1,-1,10000,0,1,1,0,0,0,0,1,0,0,0,6,3400,310,6,6,1,2,60,-1,-1,-1,31130000,31130000,31130000,31130000,31130000,31130000,31130000,31130000,31130000,31130000,1,1,0,0,0,0,1,1,0,[0|0|0|0|0|0|0]
31130100,Heavy Brass Shield,1,0,[0|0|0],3100,7220001,0,7,0,900,340,100,36,0,0,0,100,55,59,39,-1,-1,-1,-1,-1,-1,0,31130000,31130000,31130000,31130000,31130000,31130000,31130000,31130000,31130000,31130000,31130000,31130000,31130000,31130000,31130000,31130000,1,1,1,1,15,15,5.5,2203,12051,0,0,1,10,82,0,0,0,65,60,0,56,100,-1,-1,0,-1,7,0,12,49,0,0,104,1,0,0,0,15,16,0,0,0,99,0,0,50,80,0,3,0,0,0,28,28,28,28,1,1,1,1,0,0,1,1,0,0,0,0,0,1,0,0,0,0,0,0,0,0,0,0,0,0,0,1,0,1,1,1,0,2,0,106,2,2,0,0,-1,-1,-1,-1,-1,-1,-1,-1,-1,-1,-1,-1,-1,-1,-1,-1,-1,-1,-1,-1,-1,-1,-1,-1,139,139,49,0.03,0,0,0,0,1,0,0,0,0,0,0,1,1,54,0,0,6,30,1,28,28,6,0,28,0,10,0,0,0,0,67,15,15,15,15,15,15,15,15,15,15,0,-1,-1,-1,-1,-1,-1,-1,-1,1.175,1,1,1,1,1,1,1,1,-1,-1,-1,-1,-1,10000,0,1,1,0,0,0,0,1,0,0,0,6,3400,310,6,6,1,2,60,-1,-1,-1,31130000,31130000,31130000,31130000,31130000,31130000,31130000,31130000,31130000,31130000,1,1,0,0,0,0,1,1,0,[0|0|0|0|0|0|0]
31130200,Keen Brass Shield,1,0,[0|0|0],3100,7220002,0,7,0,900,340,100,8,32,0,0,100,55,59,39,-1,-1,-1,-1,-1,-1,0,31130000,31130000,31130000,31130000,31130000,31130000,31130000,31130000,31130000,31130000,31130000,31130000,31130000,31130000,31130000,31130000,1,1,1,1,15,15,5.5,2203,12051,0,0,1,10,82,0,0,0,65,60,0,56,200,-1,-1,0,-1,7,0,12,49,0,0,104,2,0,0,0,15,16,0,0,0,99,0,0,50,80,0,3,0,0,0,28,28,28,28,1,1,1,1,0,0,1,1,0,0,0,0,0,1,0,0,0,0,0,0,0,0,0,0,0,0,0,1,0,1,1,1,0,2,0,106,2,2,0,0,-1,-1,-1,-1,-1,-1,-1,-1,-1,-1,-1,-1,-1,-1,-1,-1,-1,-1,-1,-1,-1,-1,-1,-1,139,139,49,0.03,0,0,0,0,1,0,0,0,0,0,0,1,1,54,0,0,6,30,1,28,28,6,0,28,0,10,0,0,0,0,67,15,15,15,15,15,15,15,15,15,15,0,-1,-1,-1,-1,-1,-1,-1,-1,1.175,1,1,1,1,1,1,1,1,-1,-1,-1,-1,-1,10000,0,1,1,0,0,0,0,1,0,0,0,6,3400,310,6,6,1,2,60,-1,-1,-1,31130000,31130000,31130000,31130000,31130000,31130000,31130000,31130000,31130000,31130000,1,1,0,0,0,0,1,1,0,[0|0|0|0|0|0|0]
31130300,Quality Brass Shield,1,0,[0|0|0],3100,7220003,0,7,0,900,340,100,40,40,0,0,100,55,59,39,-1,-1,-1,-1,-1,-1,0,31130000,31130000,31130000,31130000,31130000,31130000,31130000,31130000,31130000,31130000,31130000,31130000,31130000,31130000,31130000,31130000,1,1,1,1,15,15,5.5,2203,12051,0,0,1,10,82,0,0,0,65,60,0,56,300,-1,-1,0,-1,7,0,12,49,0,0,104,8,0,0,0,15,16,0,0,0,99,0,0,50,80,0,3,0,0,0,28,28,28,28,1,1,1,1,0,0,1,1,0,0,0,0,0,1,0,0,0,0,0,0,0,0,0,0,0,0,0,1,0,1,1,1,0,2,0,106,2,2,0,0,-1,-1,-1,-1,-1,-1,-1,-1,-1,-1,-1,-1,-1,-1,-1,-1,-1,-1,-1,-1,-1,-1,-1,-1,139,139,49,0.03,0,0,0,0,1,0,0,0,0,0,0,1,1,54,0,0,6,30,1,28,28,6,0,28,0,10,0,0,0,0,67,15,15,15,15,15,15,15,15,15,15,0,-1,-1,-1,-1,-1,-1,-1,-1,1.175,1,1,1,1,1,1,1,1,-1,-1,-1,-1,-1,10000,0,1,1,0,0,0,0,1,0,0,0,6,3400,310,6,6,1,2,60,-1,-1,-1,31130000,31130000,31130000,31130000,31130000,31130000,31130000,31130000,31130000,31130000,1,1,0,0,0,0,1,1,0,[0|0|0|0|0|0|0]
31130400,Fire Brass Shield,1,0,[0|0|0],3100,7220005,0,7,0,900,340,100,28,12,0,0,100,55,59,39,-1,-1,-1,-1,-1,-1,0,31130000,31130000,31130000,31130000,31130000,31130000,31130000,31130000,31130000,31130000,31130000,31130000,31130000,31130000,31130000,31130000,1,1,1,1,15,15,5.5,2203,12051,0,0,1,10,82,0,82,0,65,60,0,56,400,-1,-1,0,-1,7,0,12,49,0,0,104,0,11,0,0,15,16,0,0,0,99,0,0,50,80,0,3,0,0,0,28,28,28,28,1,1,1,1,0,0,1,1,0,0,0,0,0,1,0,0,0,0,0,0,0,0,0,0,0,0,0,1,0,1,1,1,0,2,0,106,2,2,0,0,-1,-1,-1,-1,-1,-1,-1,-1,-1,-1,-1,-1,-1,-1,-1,-1,-1,-1,-1,-1,-1,-1,-1,-1,139,139,49,0.03,0,0,0,0,1,0,0,0,0,4,0,1,1,54,0,0,6,30,1,28,28,6,0,28,0,10,0,0,0,0,67,15,15,15,15,15,15,15,15,15,15,0,-1,-1,-1,-1,-1,-1,-1,-1,1.175,1,1,1,1,1,1,1,1,-1,-1,-1,-1,-1,10005,0,1,1,0,0,0,0,1,0,0,0,6,3400,310,6,6,1,2,60,-1,-1,-1,31130000,31130000,31130000,31130000,31130000,31130000,31130000,31130000,31130000,31130000,1,1,0,0,0,0,1,1,0,[0|0|0|0|0|0|0]
31130500,Flame Art Brass Shield,1,0,[0|0|0],3100,7220006,0,7,0,900,340,100,14,0,0,24,100,55,59,39,-1,-1,-1,-1,-1,-1,0,31130000,31130000,31130000,31130000,31130000,31130000,31130000,31130000,31130000,31130000,31130000,31130000,31130000,31130000,31130000,31130000,1,1,1,1,15,15,5.5,2203,12051,0,0,1,10,82,0,82,0,65,60,0,56,500,-1,-1,0,-1,7,0,12,49,0,0,104,0,11,0,0,15,16,0,0,0,99,0,0,50,80,0,3,0,0,0,28,28,28,28,1,1,1,1,0,0,1,1,0,0,0,0,0,1,0,0,0,0,0,0,0,0,0,0,0,0,0,1,0,1,1,1,0,2,0,106,2,2,0,0,-1,-1,-1,-1,-1,-1,-1,-1,-1,-1,-1,-1,-1,-1,-1,-1,-1,-1,-1,-1,-1,-1,-1,-1,139,139,49,0.03,0,0,0,0,1,0,0,0,0,4,0,1,1,54,0,0,6,30,1,28,28,6,0,28,0,10,0,0,0,0,67,15,15,15,15,15,15,15,15,15,15,0,-1,-1,-1,-1,-1,-1,-1,-1,1.175,1,1,1,1,1,1,1,1,-1,-1,-1,-1,-1,10000,0,1,1,0,0,0,0,1,0,0,0,6,3400,310,6,6,1,2,60,-1,-1,-1,31130000,31130000,31130000,31130000,31130000,31130000,31130000,31130000,31130000,31130000,1,1,0,0,0,0,1,1,0,[0|0|0|0|0|0|0]
31130600,Lightning Brass Shield,1,0,[0|0|0],3100,7220007,0,7,0,900,340,100,8,28,0,0,100,55,59,39,-1,-1,-1,-1,-1,-1,0,31130000,31130000,31130000,31130000,31130000,31130000,31130000,31130000,31130000,31130000,31130000,31130000,31130000,31130000,31130000,31130000,1,1,1,1,15,15,5.5,2203,12051,0,0,1,10,82,0,0,82,65,60,0,56,600,-1,-1,0,-1,7,0,12,49,0,0,104,0,12,0,0,15,16,0,0,0,99,0,0,50,80,0,3,0,0,0,28,28,28,28,1,1,1,1,0,0,1,1,0,0,0,0,0,1,0,0,0,0,0,0,0,0,0,0,0,0,0,1,0,1,1,1,0,2,0,106,2,2,0,0,-1,-1,-1,-1,-1,-1,-1,-1,-1,-1,-1,-1,-1,-1,-1,-1,-1,-1,-1,-1,-1,-1,-1,-1,139,139,49,0.03,0,0,0,0,1,0,0,0,0,0,4,1,1,54,0,0,6,30,1,28,28,6,0,28,0,10,0,0,0,0,67,15,15,15,15,15,15,15,15,15,15,0,-1,-1,-1,-1,-1,-1,-1,-1,1.175,1,1,1,1,1,1,1,1,-1,-1,-1,-1,-1,10000,0,1,1,0,0,0,0,1,0,0,0,6,3400,310,6,6,1,2,60,-1,-1,-1,31130000,31130000,31130000,31130000,31130000,31130000,31130000,31130000,31130000,31130000,1,1,0,0,0,0,1,1,0,[0|0|0|0|0|0|0]
31130700,Sacred Brass Shield,1,0,[0|0|0],3100,7220008,0,7,0,900,340,100,18,0,0,24,100,55,59,39,-1,-1,-1,-1,-1,-1,0,31130000,31130000,31130000,31130000,31130000,31130000,31130000,31130000,31130000,31130000,31130000,31130000,31130000,31130000,31130000,31130000,1,1,1,1,15,15,5.5,2203,12051,0,0,1,10,82,0,0,0,65,60,0,56,700,-1,-1,0,-1,7,0,12,49,0,0,104,0,13,0,0,15,16,0,0,0,99,0,0,50,80,0,3,0,0,0,28,28,28,28,1,1,1,1,0,0,1,1,0,0,0,0,0,1,0,0,0,0,0,0,0,0,0,0,0,0,0,1,0,1,1,1,0,2,0,106,2,2,0,0,-1,-1,-1,-1,-1,-1,-1,-1,-1,-1,-1,-1,-1,-1,-1,-1,-1,-1,-1,-1,-1,-1,-1,-1,139,139,49,0.03,0,0,0,0,1,0,0,0,0,0,0,1,1,54,82,4,6,30,1,28,28,6,0,28,0,10,0,0,0,0,67,15,15,15,15,15,15,15,15,15,15,0,-1,-1,-1,-1,-1,-1,-1,-1,1.175,1,1,1,1,1,1,1,1,-1,-1,-1,-1,-1,10000,0,1,1,0,0,0,0,1,0,0,0,6,3400,310,6,6,1,2,60,-1,-1,-1,31130000,31130000,31130000,31130000,31130000,31130000,31130000,31130000,31130000,31130000,1,1,0,0,0,0,1,1,0,[0|0|0|0|0|0|0]
31130800,Magic Brass Shield,1,0,[0|0|0],3100,7220004,0,7,0,900,340,100,16,0,24,0,100,55,59,39,-1,-1,-1,-1,-1,-1,0,31130000,31130000,31130000,31130000,31130000,31130000,31130000,31130000,31130000,31130000,31130000,31130000,31130000,31130000,31130000,31130000,1,1,1,1,15,15,5.5,2203,12051,0,0,1,10,82,82,0,0,65,60,0,56,800,-1,-1,0,-1,7,0,12,49,0,0,104,0,10,0,0,15,16,0,0,0,99,0,0,50,80,0,3,0,0,0,28,28,28,28,1,1,1,1,0,0,1,1,0,0,0,0,0,1,0,0,0,0,0,0,0,0,0,0,0,0,0,1,0,1,1,1,0,2,0,106,2,2,0,0,-1,-1,-1,-1,-1,-1,-1,-1,-1,-1,-1,-1,-1,-1,-1,-1,-1,-1,-1,-1,-1,-1,-1,-1,139,139,49,0.03,0,0,0,0,1,0,0,0,4,0,0,1,1,54,0,0,6,30,1,28,28,6,0,28,0,10,0,0,0,0,67,15,15,15,15,15,15,15,15,15,15,0,-1,-1,-1,-1,-1,-1,-1,-1,1.175,1,1,1,1,1,1,1,1,-1,-1,-1,-1,-1,10000,0,1,1,0,0,0,0,1,0,0,0,6,3400,310,6,6,1,2,60,-1,-1,-1,31130000,31130000,31130000,31130000,31130000,31130000,31130000,31130000,31130000,31130000,1,1,0,0,0,0,1,1,0,[0|0|0|0|0|0|0]
31130900,Cold Brass Shield,1,0,[0|0|0],3100,7220011,0,7,0,900,340,100,36,0,24,0,100,55,59,39,-1,107500,-1,-1,-1,-1,0,31130000,31130000,31130000,31130000,31130000,31130000,31130000,31130000,31130000,31130000,31130000,31130000,31130000,31130000,31130000,31130000,1,1,1,1,15,15,5.5,2203,12051,0,0,1,10,82,70,0,0,65,60,0,56,900,-1,-1,0,-1,7,0,12,49,0,0,104,0,10,0,0,15,16,0,0,0,99,0,0,50,80,0,3,0,0,0,28,28,28,28,1,1,1,1,0,0,1,1,0,0,0,0,0,1,0,0,0,0,0,0,0,0,0,0,0,0,0,1,0,1,1,1,0,2,0,106,2,2,0,0,-1,-1,-1,-1,-1,-1,-1,-1,-1,-1,-1,-1,-1,-1,-1,-1,-1,-1,-1,-1,-1,-1,-1,-1,139,139,49,0.03,0,0,0,0,1,0,0,0,4,0,0,1,1,54,0,0,6,30,1,28,28,6,0,28,0,10,0,0,0,0,67,15,15,15,15,15,15,15,15,15,15,0,-1,-1,-1,-1,-1,-1,-1,-1,1.175,1,1,1,1,1,1,1,1,-1,-1,-1,-1,-1,10000,0,1,1,0,0,0,0,1,0,0,0,6,3400,310,6,6,1,2,60,6601,-1,-1,31130000,31130000,31130000,31130000,31130000,31130000,31130000,31130000,31130000,31130000,1,1,0,0,0,0,1,1,0,[0|0|0|0|0|0|0]
31131000,Poison Brass Shield,1,0,[0|0|0],3100,7220009,0,7,0,900,340,100,38,0,0,0,100,55,59,39,-1,106000,-1,-1,-1,-1,0,31130000,31130000,31130000,31130000,31130000,31130000,31130000,31130000,31130000,31130000,31130000,31130000,31130000,31130000,31130000,31130000,1,1,1,1,15,15,5.5,2203,12051,0,0,1,10,82,0,0,0,65,60,0,56,1000,-1,-1,0,-1,7,0,12,49,0,0,104,0,0,0,0,15,16,0,0,0,99,0,0,50,80,0,3,0,0,0,28,28,28,28,1,1,1,1,0,0,1,1,0,0,0,0,0,1,0,0,0,0,0,0,0,0,0,0,0,0,0,1,0,1,1,1,0,2,0,106,2,2,0,0,-1,-1,-1,-1,-1,-1,-1,-1,-1,-1,-1,-1,-1,-1,-1,-1,-1,-1,-1,-1,-1,-1,-1,-1,139,139,49,0.03,0,0,0,0,1,0,0,0,0,0,0,1,1,54,0,0,6,30,1,28,28,6,0,28,0,10,30,0,0,0,67,15,15,15,15,15,15,15,15,15,15,0,-1,-1,-1,-1,-1,-1,-1,-1,1.175,1,1,1,1,1,1,1,1,-1,-1,-1,-1,-1,10013,0,1,1,0,0,0,0,1,0,0,0,6,3400,310,6,6,1,2,60,6401,-1,-1,31130000,31130000,31130000,31130000,31130000,31130000,31130000,31130000,31130000,31130000,1,1,0,0,0,0,1,1,0,[0|0|0|0|0|0|0]
31131100,Blood Brass Shield,1,0,[0|0|0],3100,7220010,0,7,0,900,340,100,38,0,0,0,100,55,59,39,105000,-1,-1,-1,-1,-1,0,31130000,31130000,31130000,31130000,31130000,31130000,31130000,31130000,31130000,31130000,31130000,31130000,31130000,31130000,31130000,31130000,1,1,1,1,15,15,5.5,2203,12051,0,0,1,10,82,0,0,0,65,60,0,56,1100,-1,-1,0,-1,7,0,12,49,0,0,104,0,0,0,0,15,16,0,0,0,99,0,0,50,80,0,3,0,0,0,28,28,28,28,1,1,1,1,0,0,1,1,0,0,0,0,0,1,0,0,0,0,0,0,0,0,0,0,0,0,0,1,0,1,1,1,0,2,0,106,2,2,0,0,-1,-1,-1,-1,-1,-1,-1,-1,-1,-1,-1,-1,-1,-1,-1,-1,-1,-1,-1,-1,-1,-1,-1,-1,139,139,49,0.03,0,0,0,0,1,0,0,0,0,0,0,1,1,54,0,0,6,30,1,28,28,6,0,28,0,10,30,0,0,0,67,15,15,15,15,15,15,15,15,15,15,0,-1,-1,-1,-1,-1,-1,-1,-1,1.175,1,1,1,1,1,1,1,1,-1,-1,-1,-1,-1,10013,0,1,1,0,0,0,0,1,0,0,0,6,3400,310,6,6,1,2,60,6501,-1,-1,31130000,31130000,31130000,31130000,31130000,31130000,31130000,31130000,31130000,31130000,1,1,0,0,0,0,1,1,0,[0|0|0|0|0|0|0]
31131200,Occult Brass Shield,1,0,[0|0|0],3100,7220012,0,7,0,900,340,100,38,0,0,0,100,55,59,39,-1,-1,-1,-1,-1,-1,0,31130000,31130000,31130000,31130000,31130000,31130000,31130000,31130000,31130000,31130000,31130000,31130000,31130000,31130000,31130000,31130000,1,1,1,1,15,15,5.5,2203,12051,0,0,1,10,82,0,0,0,65,60,0,56,1200,-1,-1,0,-1,7,0,12,49,0,0,104,7,0,0,0,15,16,0,0,0,99,0,0,50,80,0,3,0,0,0,28,28,28,28,1,1,1,1,0,0,1,1,0,0,0,0,0,1,0,0,0,0,0,0,0,0,0,0,0,0,0,1,0,1,1,1,0,2,0,106,2,2,0,0,-1,-1,-1,-1,-1,-1,-1,-1,-1,-1,-1,-1,-1,-1,-1,-1,-1,-1,-1,-1,-1,-1,-1,-1,139,139,49,0.03,0,0,0,0,1,0,0,0,0,0,0,1,1,54,0,0,6,30,1,28,28,6,0,28,0,10,38,0,0,0,67,15,15,15,15,15,15,15,15,15,15,0,-1,-1,-1,-1,-1,-1,-1,-1,1.175,1,1,1,1,1,1,1,1,-1,-1,-1,-1,-1,10013,0,1,1,0,0,0,0,1,0,0,0,6,3400,310,6,6,1,2,60,-1,-1,-1,31130000,31130000,31130000,31130000,31130000,31130000,31130000,31130000,31130000,31130000,1,1,0,0,0,0,1,1,0,[0|0|0|0|0|0|0]
31140000,Great Turtle Shell,1,0,[0|0|0],3100,7226000,0,5.5,0,900,340,100,40,0,0,0,87,44,39,43,-1,-1,-1,5311400,-1,-1,0,31140000,31140000,31140000,31140000,31140000,31140000,31140000,31140000,31140000,31140000,31140000,31140000,31140000,31140000,31140000,31140000,1,1,1,1,15,15,5.5,2021,12052,0,0,1,10,81,0,0,0,66,60,0,49,8100,-1,-1,0,-1,7,0,12,49,0,4,127,0,0,0,0,15,14,0,0,0,99,0,0,50,80,0,3,0,0,0,25,25,25,25,1,1,1,1,0,0,1,1,0,0,0,0,0,1,0,0,0,0,0,0,0,0,0,0,0,0,0,1,0,1,1,1,0,2,0,117,2,1,0,0,-1,-1,-1,-1,-1,-1,-1,-1,-1,-1,-1,-1,-1,-1,-1,-1,-1,-1,-1,-1,-1,-1,-1,-1,139,139,49,0.03,0,0,0,0,1,0,0,0,0,0,0,1,1,46,0,0,6,30,1,25,25,6,0,25,0,301,0,0,0,0,67,15,15,15,15,15,15,15,15,15,15,0,-1,-1,-1,-1,-1,-1,-1,-1,1.015,1,1,1,1,1,1,1,1,-1,-1,-1,-1,-1,10000,0,1,1,0,0,0,0,1,0,0,0,1,3400,310,6,6,2,2,60,-1,-1,-1,31140000,31140000,31140000,31140000,31140000,31140000,31140000,31140000,31140000,31140000,1,1,0,0,0,0,1,1,0,[0|0|0|0|0|0|0]
31140100,Heavy Great Turtle Shell,1,0,[0|0|0],3100,7226001,0,5.5,0,900,340,100,36,0,0,0,87,44,39,43,-1,-1,-1,5311400,-1,-1,0,31140000,31140000,31140000,31140000,31140000,31140000,31140000,31140000,31140000,31140000,31140000,31140000,31140000,31140000,31140000,31140000,1,1,1,1,15,15,5.5,2021,12052,0,0,1,10,79,0,0,0,66,60,0,49,100,-1,-1,0,-1,7,0,12,49,0,4,127,1,0,0,0,15,14,0,0,0,99,0,0,50,80,0,3,0,0,0,25,25,25,25,1,1,1,1,0,0,1,1,0,0,0,0,0,1,0,0,0,0,0,0,0,0,0,0,0,0,0,1,0,1,1,1,0,2,0,117,2,1,0,0,-1,-1,-1,-1,-1,-1,-1,-1,-1,-1,-1,-1,-1,-1,-1,-1,-1,-1,-1,-1,-1,-1,-1,-1,139,139,49,0.03,0,0,0,0,1,0,0,0,0,0,0,1,1,46,0,0,6,30,1,25,25,6,0,25,0,301,0,0,0,0,67,15,15,15,15,15,15,15,15,15,15,0,-1,-1,-1,-1,-1,-1,-1,-1,1.015,1,1,1,1,1,1,1,1,-1,-1,-1,-1,-1,10000,0,1,1,0,0,0,0,1,0,0,0,1,3400,310,6,6,1,2,60,-1,-1,-1,31140000,31140000,31140000,31140000,31140000,31140000,31140000,31140000,31140000,31140000,1,1,0,0,0,0,1,1,0,[0|0|0|0|0|0|0]
31140200,Keen Great Turtle Shell,1,0,[0|0|0],3100,7226002,0,5.5,0,900,340,100,8,32,0,0,87,44,39,43,-1,-1,-1,5311400,-1,-1,0,31140000,31140000,31140000,31140000,31140000,31140000,31140000,31140000,31140000,31140000,31140000,31140000,31140000,31140000,31140000,31140000,1,1,1,1,15,15,5.5,2021,12052,0,0,1,10,79,0,0,0,66,60,0,49,200,-1,-1,0,-1,7,0,12,49,0,4,127,2,0,0,0,15,14,0,0,0,99,0,0,50,80,0,3,0,0,0,25,25,25,25,1,1,1,1,0,0,1,1,0,0,0,0,0,1,0,0,0,0,0,0,0,0,0,0,0,0,0,1,0,1,1,1,0,2,0,117,2,1,0,0,-1,-1,-1,-1,-1,-1,-1,-1,-1,-1,-1,-1,-1,-1,-1,-1,-1,-1,-1,-1,-1,-1,-1,-1,139,139,49,0.03,0,0,0,0,1,0,0,0,0,0,0,1,1,46,0,0,6,30,1,25,25,6,0,25,0,301,0,0,0,0,67,15,15,15,15,15,15,15,15,15,15,0,-1,-1,-1,-1,-1,-1,-1,-1,1.015,1,1,1,1,1,1,1,1,-1,-1,-1,-1,-1,10000,0,1,1,0,0,0,0,1,0,0,0,1,3400,310,6,6,1,2,60,-1,-1,-1,31140000,31140000,31140000,31140000,31140000,31140000,31140000,31140000,31140000,31140000,1,1,0,0,0,0,1,1,0,[0|0|0|0|0|0|0]
31140300,Quality Great Turtle Shell,1,0,[0|0|0],3100,7226003,0,5.5,0,900,340,100,40,40,0,0,87,44,39,43,-1,-1,-1,5311400,-1,-1,0,31140000,31140000,31140000,31140000,31140000,31140000,31140000,31140000,31140000,31140000,31140000,31140000,31140000,31140000,31140000,31140000,1,1,1,1,15,15,5.5,2021,12052,0,0,1,10,79,0,0,0,66,60,0,49,300,-1,-1,0,-1,7,0,12,49,0,4,127,8,0,0,0,15,14,0,0,0,99,0,0,50,80,0,3,0,0,0,25,25,25,25,1,1,1,1,0,0,1,1,0,0,0,0,0,1,0,0,0,0,0,0,0,0,0,0,0,0,0,1,0,1,1,1,0,2,0,117,2,1,0,0,-1,-1,-1,-1,-1,-1,-1,-1,-1,-1,-1,-1,-1,-1,-1,-1,-1,-1,-1,-1,-1,-1,-1,-1,139,139,49,0.03,0,0,0,0,1,0,0,0,0,0,0,1,1,46,0,0,6,30,1,25,25,6,0,25,0,301,0,0,0,0,67,15,15,15,15,15,15,15,15,15,15,0,-1,-1,-1,-1,-1,-1,-1,-1,1.015,1,1,1,1,1,1,1,1,-1,-1,-1,-1,-1,10000,0,1,1,0,0,0,0,1,0,0,0,1,3400,310,6,6,1,2,60,-1,-1,-1,31140000,31140000,31140000,31140000,31140000,31140000,31140000,31140000,31140000,31140000,1,1,0,0,0,0,1,1,0,[0|0|0|0|0|0|0]
31140400,Fire Great Turtle Shell,1,0,[0|0|0],3100,7226005,0,5.5,0,900,340,100,28,12,0,0,87,44,39,43,-1,-1,-1,5311400,-1,-1,0,31140000,31140000,31140000,31140000,31140000,31140000,31140000,31140000,31140000,31140000,31140000,31140000,31140000,31140000,31140000,31140000,1,1,1,1,15,15,5.5,2021,12052,0,0,1,10,79,0,79,0,66,60,0,49,400,-1,-1,0,-1,7,0,12,49,0,4,127,0,11,0,0,15,14,0,0,0,99,0,0,50,80,0,3,0,0,0,25,25,25,25,1,1,1,1,0,0,1,1,0,0,0,0,0,1,0,0,0,0,0,0,0,0,0,0,0,0,0,1,0,1,1,1,0,2,0,117,2,1,0,0,-1,-1,-1,-1,-1,-1,-1,-1,-1,-1,-1,-1,-1,-1,-1,-1,-1,-1,-1,-1,-1,-1,-1,-1,139,139,49,0.03,0,0,0,0,1,0,0,0,0,4,0,1,1,46,0,0,6,30,1,25,25,6,0,25,0,301,0,0,0,0,67,15,15,15,15,15,15,15,15,15,15,0,-1,-1,-1,-1,-1,-1,-1,-1,1.015,1,1,1,1,1,1,1,1,-1,-1,-1,-1,-1,10005,0,1,1,0,0,0,0,1,0,0,0,1,3400,310,6,6,1,2,60,-1,-1,-1,31140000,31140000,31140000,31140000,31140000,31140000,31140000,31140000,31140000,31140000,1,1,0,0,0,0,1,1,0,[0|0|0|0|0|0|0]
31140500,Flame Art Great Turtle Shell,1,0,[0|0|0],3100,7226006,0,5.5,0,900,340,100,14,0,0,24,87,44,39,43,-1,-1,-1,5311400,-1,-1,0,31140000,31140000,31140000,31140000,31140000,31140000,31140000,31140000,31140000,31140000,31140000,31140000,31140000,31140000,31140000,31140000,1,1,1,1,15,15,5.5,2021,12052,0,0,1,10,79,0,79,0,66,60,0,49,500,-1,-1,0,-1,7,0,12,49,0,4,127,0,11,0,0,15,14,0,0,0,99,0,0,50,80,0,3,0,0,0,25,25,25,25,1,1,1,1,0,0,1,1,0,0,0,0,0,1,0,0,0,0,0,0,0,0,0,0,0,0,0,1,0,1,1,1,0,2,0,117,2,1,0,0,-1,-1,-1,-1,-1,-1,-1,-1,-1,-1,-1,-1,-1,-1,-1,-1,-1,-1,-1,-1,-1,-1,-1,-1,139,139,49,0.03,0,0,0,0,1,0,0,0,0,4,0,1,1,46,0,0,6,30,1,25,25,6,0,25,0,301,0,0,0,0,67,15,15,15,15,15,15,15,15,15,15,0,-1,-1,-1,-1,-1,-1,-1,-1,1.015,1,1,1,1,1,1,1,1,-1,-1,-1,-1,-1,10000,0,1,1,0,0,0,0,1,0,0,0,1,3400,310,6,6,1,2,60,-1,-1,-1,31140000,31140000,31140000,31140000,31140000,31140000,31140000,31140000,31140000,31140000,1,1,0,0,0,0,1,1,0,[0|0|0|0|0|0|0]
31140600,Lightning Great Turtle Shell,1,0,[0|0|0],3100,7226007,0,5.5,0,900,340,100,8,28,0,0,87,44,39,43,-1,-1,-1,5311400,-1,-1,0,31140000,31140000,31140000,31140000,31140000,31140000,31140000,31140000,31140000,31140000,31140000,31140000,31140000,31140000,31140000,31140000,1,1,1,1,15,15,5.5,2021,12052,0,0,1,10,79,0,0,79,66,60,0,49,600,-1,-1,0,-1,7,0,12,49,0,4,127,0,12,0,0,15,14,0,0,0,99,0,0,50,80,0,3,0,0,0,25,25,25,25,1,1,1,1,0,0,1,1,0,0,0,0,0,1,0,0,0,0,0,0,0,0,0,0,0,0,0,1,0,1,1,1,0,2,0,117,2,1,0,0,-1,-1,-1,-1,-1,-1,-1,-1,-1,-1,-1,-1,-1,-1,-1,-1,-1,-1,-1,-1,-1,-1,-1,-1,139,139,49,0.03,0,0,0,0,1,0,0,0,0,0,4,1,1,46,0,0,6,30,1,25,25,6,0,25,0,301,0,0,0,0,67,15,15,15,15,15,15,15,15,15,15,0,-1,-1,-1,-1,-1,-1,-1,-1,1.015,1,1,1,1,1,1,1,1,-1,-1,-1,-1,-1,10000,0,1,1,0,0,0,0,1,0,0,0,1,3400,310,6,6,1,2,60,-1,-1,-1,31140000,31140000,31140000,31140000,31140000,31140000,31140000,31140000,31140000,31140000,1,1,0,0,0,0,1,1,0,[0|0|0|0|0|0|0]
31140700,Sacred Great Turtle Shell,1,0,[0|0|0],3100,7226008,0,5.5,0,900,340,100,18,0,0,24,87,44,39,43,-1,-1,-1,5311400,-1,-1,0,31140000,31140000,31140000,31140000,31140000,31140000,31140000,31140000,31140000,31140000,31140000,31140000,31140000,31140000,31140000,31140000,1,1,1,1,15,15,5.5,2021,12052,0,0,1,10,79,0,0,0,66,60,0,49,700,-1,-1,0,-1,7,0,12,49,0,4,127,0,13,0,0,15,14,0,0,0,99,0,0,50,80,0,3,0,0,0,25,25,25,25,1,1,1,1,0,0,1,1,0,0,0,0,0,1,0,0,0,0,0,0,0,0,0,0,0,0,0,1,0,1,1,1,0,2,0,117,2,1,0,0,-1,-1,-1,-1,-1,-1,-1,-1,-1,-1,-1,-1,-1,-1,-1,-1,-1,-1,-1,-1,-1,-1,-1,-1,139,139,49,0.03,0,0,0,0,1,0,0,0,0,0,0,1,1,46,79,4,6,30,1,25,25,6,0,25,0,301,0,0,0,0,67,15,15,15,15,15,15,15,15,15,15,0,-1,-1,-1,-1,-1,-1,-1,-1,1.015,1,1,1,1,1,1,1,1,-1,-1,-1,-1,-1,10000,0,1,1,0,0,0,0,1,0,0,0,1,3400,310,6,6,1,2,60,-1,-1,-1,31140000,31140000,31140000,31140000,31140000,31140000,31140000,31140000,31140000,31140000,1,1,0,0,0,0,1,1,0,[0|0|0|0|0|0|0]
31140800,Magic Great Turtle Shell,1,0,[0|0|0],3100,7226004,0,5.5,0,900,340,100,16,0,24,0,87,44,39,43,-1,-1,-1,5311400,-1,-1,0,31140000,31140000,31140000,31140000,31140000,31140000,31140000,31140000,31140000,31140000,31140000,31140000,31140000,31140000,31140000,31140000,1,1,1,1,15,15,5.5,2021,12052,0,0,1,10,79,79,0,0,66,60,0,49,800,-1,-1,0,-1,7,0,12,49,0,4,127,0,10,0,0,15,14,0,0,0,99,0,0,50,80,0,3,0,0,0,25,25,25,25,1,1,1,1,0,0,1,1,0,0,0,0,0,1,0,0,0,0,0,0,0,0,0,0,0,0,0,1,0,1,1,1,0,2,0,117,2,1,0,0,-1,-1,-1,-1,-1,-1,-1,-1,-1,-1,-1,-1,-1,-1,-1,-1,-1,-1,-1,-1,-1,-1,-1,-1,139,139,49,0.03,0,0,0,0,1,0,0,0,4,0,0,1,1,46,0,0,6,30,1,25,25,6,0,25,0,301,0,0,0,0,67,15,15,15,15,15,15,15,15,15,15,0,-1,-1,-1,-1,-1,-1,-1,-1,1.015,1,1,1,1,1,1,1,1,-1,-1,-1,-1,-1,10000,0,1,1,0,0,0,0,1,0,0,0,1,3400,310,6,6,1,2,60,-1,-1,-1,31140000,31140000,31140000,31140000,31140000,31140000,31140000,31140000,31140000,31140000,1,1,0,0,0,0,1,1,0,[0|0|0|0|0|0|0]
31140900,Cold Great Turtle Shell,1,0,[0|0|0],3100,7226011,0,5.5,0,900,340,100,36,0,24,0,87,44,39,43,-1,107500,-1,5311400,-1,-1,0,31140000,31140000,31140000,31140000,31140000,31140000,31140000,31140000,31140000,31140000,31140000,31140000,31140000,31140000,31140000,31140000,1,1,1,1,15,15,5.5,2021,12052,0,0,1,10,79,67,0,0,66,60,0,49,900,-1,-1,0,-1,7,0,12,49,0,4,127,0,10,0,0,15,14,0,0,0,99,0,0,50,80,0,3,0,0,0,25,25,25,25,1,1,1,1,0,0,1,1,0,0,0,0,0,1,0,0,0,0,0,0,0,0,0,0,0,0,0,1,0,1,1,1,0,2,0,117,2,1,0,0,-1,-1,-1,-1,-1,-1,-1,-1,-1,-1,-1,-1,-1,-1,-1,-1,-1,-1,-1,-1,-1,-1,-1,-1,139,139,49,0.03,0,0,0,0,1,0,0,0,4,0,0,1,1,46,0,0,6,30,1,25,25,6,0,25,0,301,0,0,0,0,67,15,15,15,15,15,15,15,15,15,15,0,-1,-1,-1,-1,-1,-1,-1,-1,1.015,1,1,1,1,1,1,1,1,-1,-1,-1,-1,-1,10000,0,1,1,0,0,0,0,1,0,0,0,1,3400,310,6,6,1,2,60,6601,-1,-1,31140000,31140000,31140000,31140000,31140000,31140000,31140000,31140000,31140000,31140000,1,1,0,0,0,0,1,1,0,[0|0|0|0|0|0|0]
31141000,Poison Great Turtle Shell,1,0,[0|0|0],3100,7226009,0,5.5,0,900,340,100,38,0,0,0,87,44,39,43,-1,106000,-1,5311400,-1,-1,0,31140000,31140000,31140000,31140000,31140000,31140000,31140000,31140000,31140000,31140000,31140000,31140000,31140000,31140000,31140000,31140000,1,1,1,1,15,15,5.5,2021,12052,0,0,1,10,79,0,0,0,66,60,0,49,1000,-1,-1,0,-1,7,0,12,49,0,4,127,0,0,0,0,15,14,0,0,0,99,0,0,50,80,0,3,0,0,0,25,25,25,25,1,1,1,1,0,0,1,1,0,0,0,0,0,1,0,0,0,0,0,0,0,0,0,0,0,0,0,1,0,1,1,1,0,2,0,117,2,1,0,0,-1,-1,-1,-1,-1,-1,-1,-1,-1,-1,-1,-1,-1,-1,-1,-1,-1,-1,-1,-1,-1,-1,-1,-1,139,139,49,0.03,0,0,0,0,1,0,0,0,0,0,0,1,1,46,0,0,6,30,1,25,25,6,0,25,0,301,30,0,0,0,67,15,15,15,15,15,15,15,15,15,15,0,-1,-1,-1,-1,-1,-1,-1,-1,1.015,1,1,1,1,1,1,1,1,-1,-1,-1,-1,-1,10013,0,1,1,0,0,0,0,1,0,0,0,1,3400,310,6,6,1,2,60,6401,-1,-1,31140000,31140000,31140000,31140000,31140000,31140000,31140000,31140000,31140000,31140000,1,1,0,0,0,0,1,1,0,[0|0|0|0|0|0|0]
31141100,Blood Great Turtle Shell,1,0,[0|0|0],3100,7226010,0,5.5,0,900,340,100,38,0,0,0,87,44,39,43,105000,-1,-1,5311400,-1,-1,0,31140000,31140000,31140000,31140000,31140000,31140000,31140000,31140000,31140000,31140000,31140000,31140000,31140000,31140000,31140000,31140000,1,1,1,1,15,15,5.5,2021,12052,0,0,1,10,79,0,0,0,66,60,0,49,1100,-1,-1,0,-1,7,0,12,49,0,4,127,0,0,0,0,15,14,0,0,0,99,0,0,50,80,0,3,0,0,0,25,25,25,25,1,1,1,1,0,0,1,1,0,0,0,0,0,1,0,0,0,0,0,0,0,0,0,0,0,0,0,1,0,1,1,1,0,2,0,117,2,1,0,0,-1,-1,-1,-1,-1,-1,-1,-1,-1,-1,-1,-1,-1,-1,-1,-1,-1,-1,-1,-1,-1,-1,-1,-1,139,139,49,0.03,0,0,0,0,1,0,0,0,0,0,0,1,1,46,0,0,6,30,1,25,25,6,0,25,0,301,30,0,0,0,67,15,15,15,15,15,15,15,15,15,15,0,-1,-1,-1,-1,-1,-1,-1,-1,1.015,1,1,1,1,1,1,1,1,-1,-1,-1,-1,-1,10013,0,1,1,0,0,0,0,1,0,0,0,1,3400,310,6,6,1,2,60,6501,-1,-1,31140000,31140000,31140000,31140000,31140000,31140000,31140000,31140000,31140000,31140000,1,1,0,0,0,0,1,1,0,[0|0|0|0|0|0|0]
31141200,Occult Great Turtle Shell,1,0,[0|0|0],3100,7226012,0,5.5,0,900,340,100,38,0,0,0,87,44,39,43,-1,-1,-1,5311400,-1,-1,0,31140000,31140000,31140000,31140000,31140000,31140000,31140000,31140000,31140000,31140000,31140000,31140000,31140000,31140000,31140000,31140000,1,1,1,1,15,15,5.5,2021,12052,0,0,1,10,79,0,0,0,66,60,0,49,1200,-1,-1,0,-1,7,0,12,49,0,4,127,7,0,0,0,15,14,0,0,0,99,0,0,50,80,0,3,0,0,0,25,25,25,25,1,1,1,1,0,0,1,1,0,0,0,0,0,1,0,0,0,0,0,0,0,0,0,0,0,0,0,1,0,1,1,1,0,2,0,117,2,1,0,0,-1,-1,-1,-1,-1,-1,-1,-1,-1,-1,-1,-1,-1,-1,-1,-1,-1,-1,-1,-1,-1,-1,-1,-1,139,139,49,0.03,0,0,0,0,1,0,0,0,0,0,0,1,1,46,0,0,6,30,1,25,25,6,0,25,0,301,38,0,0,0,67,15,15,15,15,15,15,15,15,15,15,0,-1,-1,-1,-1,-1,-1,-1,-1,1.015,1,1,1,1,1,1,1,1,-1,-1,-1,-1,-1,10013,0,1,1,0,0,0,0,1,0,0,0,1,3400,310,6,6,1,2,60,-1,-1,-1,31140000,31140000,31140000,31140000,31140000,31140000,31140000,31140000,31140000,31140000,1,1,0,0,0,0,1,1,0,[0|0|0|0|0|0|0]
31170000,Shield of the Guilty,1,0,[0|0|0],3100,7113000,0,2,0,600,140,100,40,0,0,0,68,36,36,31,6401,-1,-1,5311700,-1,-1,0,31170000,31170000,31170000,31170000,31170000,31170000,31170000,31170000,31170000,31170000,31170000,31170000,31170000,31170000,31170000,31170000,1,1,1,1,15,15,5,2024,12053,0,0,1,10,75,0,0,0,54,60,0,33,8000,-1,-1,0,-1,7,0,12,48,2,0,160,0,0,0,0,15,8,0,0,0,99,0,0,30,60,0,2,0,0,0,20,20,20,20,1,1,1,1,0,0,1,1,0,0,0,0,0,1,0,0,0,0,0,0,0,0,0,0,0,0,0,1,0,1,1,1,0,2,0,106,2,1,0,0,-1,-1,-1,-1,-1,-1,-1,-1,-1,-1,-1,-1,-1,-1,-1,-1,-1,-1,-1,-1,-1,-1,-1,-1,139,139,480,0.03,0,0,0,0,1,0,0,0,0,0,0,1,1,37,0,0,6,20,1,20,20,6,0,20,0,300,0,0,0,0,65,15,15,15,15,15,15,15,15,15,15,0,-1,-1,-1,-1,-1,-1,-1,-1,1,1,1,1,1,1,1,1,1,-1,-1,-1,-1,-1,10000,0,1,1,0,0,0,0,1,0,0,0,6,1400,310,6,6,2,2,60,6501,-1,-1,31170000,31170000,31170000,31170000,31170000,31170000,31170000,31170000,31170000,31170000,1,1,0,0,0,0,1,1,0,[0|0|0|0|0|0|0]
31170100,Heavy Shield of the Guilty,1,0,[0|0|0],3100,7113001,0,2,0,600,140,100,36,0,0,0,68,36,36,31,6401,-1,-1,5311700,-1,-1,0,31170000,31170000,31170000,31170000,31170000,31170000,31170000,31170000,31170000,31170000,31170000,31170000,31170000,31170000,31170000,31170000,1,1,1,1,15,15,5,2024,12053,0,0,1,10,73,0,0,0,54,60,0,33,100,-1,-1,0,-1,7,0,12,48,2,0,160,1,0,0,0,15,8,0,0,0,99,0,0,30,60,0,2,0,0,0,20,20,20,20,1,1,1,1,0,0,1,1,0,0,0,0,0,1,0,0,0,0,0,0,0,0,0,0,0,0,0,1,0,1,1,1,0,2,0,106,2,1,0,0,-1,-1,-1,-1,-1,-1,-1,-1,-1,-1,-1,-1,-1,-1,-1,-1,-1,-1,-1,-1,-1,-1,-1,-1,139,139,480,0.03,0,0,0,0,1,0,0,0,0,0,0,1,1,37,0,0,6,20,1,20,20,6,0,20,0,300,0,0,0,0,65,15,15,15,15,15,15,15,15,15,15,0,-1,-1,-1,-1,-1,-1,-1,-1,1,1,1,1,1,1,1,1,1,-1,-1,-1,-1,-1,10000,0,1,1,0,0,0,0,1,0,0,0,6,1400,310,6,6,2,2,60,6501,-1,-1,31170000,31170000,31170000,31170000,31170000,31170000,31170000,31170000,31170000,31170000,1,1,0,0,0,0,1,1,0,[0|0|0|0|0|0|0]
31170200,Keen Shield of the Guilty,1,0,[0|0|0],3100,7113002,0,2,0,600,140,100,8,32,0,0,68,36,36,31,6401,-1,-1,5311700,-1,-1,0,31170000,31170000,31170000,31170000,31170000,31170000,31170000,31170000,31170000,31170000,31170000,31170000,31170000,31170000,31170000,31170000,1,1,1,1,15,15,5,2024,12053,0,0,1,10,73,0,0,0,54,60,0,33,200,-1,-1,0,-1,7,0,12,48,2,0,160,2,0,0,0,15,8,0,0,0,99,0,0,30,60,0,2,0,0,0,20,20,20,20,1,1,1,1,0,0,1,1,0,0,0,0,0,1,0,0,0,0,0,0,0,0,0,0,0,0,0,1,0,1,1,1,0,2,0,106,2,1,0,0,-1,-1,-1,-1,-1,-1,-1,-1,-1,-1,-1,-1,-1,-1,-1,-1,-1,-1,-1,-1,-1,-1,-1,-1,139,139,480,0.03,0,0,0,0,1,0,0,0,0,0,0,1,1,37,0,0,6,20,1,20,20,6,0,20,0,300,0,0,0,0,65,15,15,15,15,15,15,15,15,15,15,0,-1,-1,-1,-1,-1,-1,-1,-1,1,1,1,1,1,1,1,1,1,-1,-1,-1,-1,-1,10000,0,1,1,0,0,0,0,1,0,0,0,6,1400,310,6,6,2,2,60,6501,-1,-1,31170000,31170000,31170000,31170000,31170000,31170000,31170000,31170000,31170000,31170000,1,1,0,0,0,0,1,1,0,[0|0|0|0|0|0|0]
31170300,Quality Shield of the Guilty,1,0,[0|0|0],3100,7113003,0,2,0,600,140,100,40,40,0,0,68,36,36,31,6401,-1,-1,5311700,-1,-1,0,31170000,31170000,31170000,31170000,31170000,31170000,31170000,31170000,31170000,31170000,31170000,31170000,31170000,31170000,31170000,31170000,1,1,1,1,15,15,5,2024,12053,0,0,1,10,73,0,0,0,54,60,0,33,300,-1,-1,0,-1,7,0,12,48,2,0,160,8,0,0,0,15,8,0,0,0,99,0,0,30,60,0,2,0,0,0,20,20,20,20,1,1,1,1,0,0,1,1,0,0,0,0,0,1,0,0,0,0,0,0,0,0,0,0,0,0,0,1,0,1,1,1,0,2,0,106,2,1,0,0,-1,-1,-1,-1,-1,-1,-1,-1,-1,-1,-1,-1,-1,-1,-1,-1,-1,-1,-1,-1,-1,-1,-1,-1,139,139,480,0.03,0,0,0,0,1,0,0,0,0,0,0,1,1,37,0,0,6,20,1,20,20,6,0,20,0,300,0,0,0,0,65,15,15,15,15,15,15,15,15,15,15,0,-1,-1,-1,-1,-1,-1,-1,-1,1,1,1,1,1,1,1,1,1,-1,-1,-1,-1,-1,10000,0,1,1,0,0,0,0,1,0,0,0,6,1400,310,6,6,2,2,60,6501,-1,-1,31170000,31170000,31170000,31170000,31170000,31170000,31170000,31170000,31170000,31170000,1,1,0,0,0,0,1,1,0,[0|0|0|0|0|0|0]
31170400,Fire Shield of the Guilty,1,0,[0|0|0],3100,7113005,0,2,0,600,140,100,28,12,0,0,68,36,36,31,6401,-1,-1,5311700,-1,-1,0,31170000,31170000,31170000,31170000,31170000,31170000,31170000,31170000,31170000,31170000,31170000,31170000,31170000,31170000,31170000,31170000,1,1,1,1,15,15,5,2024,12053,0,0,1,10,73,0,73,0,54,60,0,33,400,-1,-1,0,-1,7,0,12,48,2,0,160,0,11,0,0,15,8,0,0,0,99,0,0,30,60,0,2,0,0,0,20,20,20,20,1,1,1,1,0,0,1,1,0,0,0,0,0,1,0,0,0,0,0,0,0,0,0,0,0,0,0,1,0,1,1,1,0,2,0,106,2,1,0,0,-1,-1,-1,-1,-1,-1,-1,-1,-1,-1,-1,-1,-1,-1,-1,-1,-1,-1,-1,-1,-1,-1,-1,-1,139,139,480,0.03,0,0,0,0,1,0,0,0,0,4,0,1,1,37,0,0,6,20,1,20,20,6,0,20,0,300,0,0,0,0,65,15,15,15,15,15,15,15,15,15,15,0,-1,-1,-1,-1,-1,-1,-1,-1,1,1,1,1,1,1,1,1,1,-1,-1,-1,-1,-1,10005,0,1,1,0,0,0,0,1,0,0,0,6,1400,310,6,6,2,2,60,6501,-1,-1,31170000,31170000,31170000,31170000,31170000,31170000,31170000,31170000,31170000,31170000,1,1,0,0,0,0,1,1,0,[0|0|0|0|0|0|0]
31170500,Flame Art Shield of the Guilty,1,0,[0|0|0],3100,7113006,0,2,0,600,140,100,14,0,0,24,68,36,36,31,6401,-1,-1,5311700,-1,-1,0,31170000,31170000,31170000,31170000,31170000,31170000,31170000,31170000,31170000,31170000,31170000,31170000,31170000,31170000,31170000,31170000,1,1,1,1,15,15,5,2024,12053,0,0,1,10,73,0,73,0,54,60,0,33,500,-1,-1,0,-1,7,0,12,48,2,0,160,0,11,0,0,15,8,0,0,0,99,0,0,30,60,0,2,0,0,0,20,20,20,20,1,1,1,1,0,0,1,1,0,0,0,0,0,1,0,0,0,0,0,0,0,0,0,0,0,0,0,1,0,1,1,1,0,2,0,106,2,1,0,0,-1,-1,-1,-1,-1,-1,-1,-1,-1,-1,-1,-1,-1,-1,-1,-1,-1,-1,-1,-1,-1,-1,-1,-1,139,139,480,0.03,0,0,0,0,1,0,0,0,0,4,0,1,1,37,0,0,6,20,1,20,20,6,0,20,0,300,0,0,0,0,65,15,15,15,15,15,15,15,15,15,15,0,-1,-1,-1,-1,-1,-1,-1,-1,1,1,1,1,1,1,1,1,1,-1,-1,-1,-1,-1,10000,0,1,1,0,0,0,0,1,0,0,0,6,1400,310,6,6,2,2,60,6501,-1,-1,31170000,31170000,31170000,31170000,31170000,31170000,31170000,31170000,31170000,31170000,1,1,0,0,0,0,1,1,0,[0|0|0|0|0|0|0]
31170600,Lightning Shield of the Guilty,1,0,[0|0|0],3100,7113007,0,2,0,600,140,100,8,28,0,0,68,36,36,31,6401,-1,-1,5311700,-1,-1,0,31170000,31170000,31170000,31170000,31170000,31170000,31170000,31170000,31170000,31170000,31170000,31170000,31170000,31170000,31170000,31170000,1,1,1,1,15,15,5,2024,12053,0,0,1,10,73,0,0,73,54,60,0,33,600,-1,-1,0,-1,7,0,12,48,2,0,160,0,12,0,0,15,8,0,0,0,99,0,0,30,60,0,2,0,0,0,20,20,20,20,1,1,1,1,0,0,1,1,0,0,0,0,0,1,0,0,0,0,0,0,0,0,0,0,0,0,0,1,0,1,1,1,0,2,0,106,2,1,0,0,-1,-1,-1,-1,-1,-1,-1,-1,-1,-1,-1,-1,-1,-1,-1,-1,-1,-1,-1,-1,-1,-1,-1,-1,139,139,480,0.03,0,0,0,0,1,0,0,0,0,0,4,1,1,37,0,0,6,20,1,20,20,6,0,20,0,300,0,0,0,0,65,15,15,15,15,15,15,15,15,15,15,0,-1,-1,-1,-1,-1,-1,-1,-1,1,1,1,1,1,1,1,1,1,-1,-1,-1,-1,-1,10000,0,1,1,0,0,0,0,1,0,0,0,6,1400,310,6,6,2,2,60,6501,-1,-1,31170000,31170000,31170000,31170000,31170000,31170000,31170000,31170000,31170000,31170000,1,1,0,0,0,0,1,1,0,[0|0|0|0|0|0|0]
31170700,Sacred Shield of the Guilty,1,0,[0|0|0],3100,7113008,0,2,0,600,140,100,18,0,0,24,68,36,36,31,6401,-1,-1,5311700,-1,-1,0,31170000,31170000,31170000,31170000,31170000,31170000,31170000,31170000,31170000,31170000,31170000,31170000,31170000,31170000,31170000,31170000,1,1,1,1,15,15,5,2024,12053,0,0,1,10,73,0,0,0,54,60,0,33,700,-1,-1,0,-1,7,0,12,48,2,0,160,0,13,0,0,15,8,0,0,0,99,0,0,30,60,0,2,0,0,0,20,20,20,20,1,1,1,1,0,0,1,1,0,0,0,0,0,1,0,0,0,0,0,0,0,0,0,0,0,0,0,1,0,1,1,1,0,2,0,106,2,1,0,0,-1,-1,-1,-1,-1,-1,-1,-1,-1,-1,-1,-1,-1,-1,-1,-1,-1,-1,-1,-1,-1,-1,-1,-1,139,139,480,0.03,0,0,0,0,1,0,0,0,0,0,0,1,1,37,73,4,6,20,1,20,20,6,0,20,0,300,0,0,0,0,65,15,15,15,15,15,15,15,15,15,15,0,-1,-1,-1,-1,-1,-1,-1,-1,1,1,1,1,1,1,1,1,1,-1,-1,-1,-1,-1,10000,0,1,1,0,0,0,0,1,0,0,0,6,1400,310,6,6,2,2,60,6501,-1,-1,31170000,31170000,31170000,31170000,31170000,31170000,31170000,31170000,31170000,31170000,1,1,0,0,0,0,1,1,0,[0|0|0|0|0|0|0]
31170800,Magic Shield of the Guilty,1,0,[0|0|0],3100,7113004,0,2,0,600,140,100,16,0,24,0,68,36,36,31,6401,-1,-1,5311700,-1,-1,0,31170000,31170000,31170000,31170000,31170000,31170000,31170000,31170000,31170000,31170000,31170000,31170000,31170000,31170000,31170000,31170000,1,1,1,1,15,15,5,2024,12053,0,0,1,10,73,73,0,0,54,60,0,33,800,-1,-1,0,-1,7,0,12,48,2,0,160,0,10,0,0,15,8,0,0,0,99,0,0,30,60,0,2,0,0,0,20,20,20,20,1,1,1,1,0,0,1,1,0,0,0,0,0,1,0,0,0,0,0,0,0,0,0,0,0,0,0,1,0,1,1,1,0,2,0,106,2,1,0,0,-1,-1,-1,-1,-1,-1,-1,-1,-1,-1,-1,-1,-1,-1,-1,-1,-1,-1,-1,-1,-1,-1,-1,-1,139,139,480,0.03,0,0,0,0,1,0,0,0,4,0,0,1,1,37,0,0,6,20,1,20,20,6,0,20,0,300,0,0,0,0,65,15,15,15,15,15,15,15,15,15,15,0,-1,-1,-1,-1,-1,-1,-1,-1,1,1,1,1,1,1,1,1,1,-1,-1,-1,-1,-1,10000,0,1,1,0,0,0,0,1,0,0,0,6,1400,310,6,6,2,2,60,6501,-1,-1,31170000,31170000,31170000,31170000,31170000,31170000,31170000,31170000,31170000,31170000,1,1,0,0,0,0,1,1,0,[0|0|0|0|0|0|0]
31170900,Cold Shield of the Guilty,1,0,[0|0|0],3100,7113011,0,2,0,600,140,100,36,0,24,0,68,36,36,31,6400,107500,-1,5311700,-1,-1,0,31170000,31170000,31170000,31170000,31170000,31170000,31170000,31170000,31170000,31170000,31170000,31170000,31170000,31170000,31170000,31170000,1,1,1,1,15,15,5,2024,12053,0,0,1,10,73,62,0,0,54,60,0,33,900,-1,-1,0,-1,7,0,12,48,2,0,160,0,10,0,0,15,8,0,0,0,99,0,0,30,60,0,2,0,0,0,20,20,20,20,1,1,1,1,0,0,1,1,0,0,0,0,0,1,0,0,0,0,0,0,0,0,0,0,0,0,0,1,0,1,1,1,0,2,0,106,2,1,0,0,-1,-1,-1,-1,-1,-1,-1,-1,-1,-1,-1,-1,-1,-1,-1,-1,-1,-1,-1,-1,-1,-1,-1,-1,139,139,480,0.03,0,0,0,0,1,0,0,0,4,0,0,1,1,37,0,0,6,20,1,20,20,6,0,20,0,300,0,0,0,0,65,15,15,15,15,15,15,15,15,15,15,0,-1,-1,-1,-1,-1,-1,-1,-1,1,1,1,1,1,1,1,1,1,-1,-1,-1,-1,-1,10000,0,1,1,0,0,0,0,1,0,0,0,6,1400,310,6,6,2,2,60,6601,6501,-1,31170000,31170000,31170000,31170000,31170000,31170000,31170000,31170000,31170000,31170000,1,1,0,0,0,0,1,1,0,[0|0|0|0|0|0|0]
31171000,Poison Shield of the Guilty,1,0,[0|0|0],3100,7113009,0,2,0,600,140,100,38,0,0,0,68,36,36,31,6400,106000,-1,5311700,-1,-1,0,31170000,31170000,31170000,31170000,31170000,31170000,31170000,31170000,31170000,31170000,31170000,31170000,31170000,31170000,31170000,31170000,1,1,1,1,15,15,5,2024,12053,0,0,1,10,73,0,0,0,54,60,0,33,1000,-1,-1,0,-1,7,0,12,48,2,0,160,0,0,0,0,15,8,0,0,0,99,0,0,30,60,0,2,0,0,0,20,20,20,20,1,1,1,1,0,0,1,1,0,0,0,0,0,1,0,0,0,0,0,0,0,0,0,0,0,0,0,1,0,1,1,1,0,2,0,106,2,1,0,0,-1,-1,-1,-1,-1,-1,-1,-1,-1,-1,-1,-1,-1,-1,-1,-1,-1,-1,-1,-1,-1,-1,-1,-1,139,139,480,0.03,0,0,0,0,1,0,0,0,0,0,0,1,1,37,0,0,6,20,1,20,20,6,0,20,0,300,30,0,0,0,65,15,15,15,15,15,15,15,15,15,15,0,-1,-1,-1,-1,-1,-1,-1,-1,1,1,1,1,1,1,1,1,1,-1,-1,-1,-1,-1,10013,0,1,1,0,0,0,0,1,0,0,0,6,1400,310,6,6,2,2,60,6401,6501,-1,31170000,31170000,31170000,31170000,31170000,31170000,31170000,31170000,31170000,31170000,1,1,0,0,0,0,1,1,0,[0|0|0|0|0|0|0]
31171100,Blood Shield of the Guilty,1,0,[0|0|0],3100,7113010,0,2,0,600,140,100,38,0,0,0,68,36,36,31,105050,-1,-1,5311700,-1,-1,0,31170000,31170000,31170000,31170000,31170000,31170000,31170000,31170000,31170000,31170000,31170000,31170000,31170000,31170000,31170000,31170000,1,1,1,1,15,15,5,2024,12053,0,0,1,10,73,0,0,0,54,60,0,33,1100,-1,-1,0,-1,7,0,12,48,2,0,160,0,0,0,0,15,8,0,0,0,99,0,0,30,60,0,2,0,0,0,20,20,20,20,1,1,1,1,0,0,1,1,0,0,0,0,0,1,0,0,0,0,0,0,0,0,0,0,0,0,0,1,0,1,1,1,0,2,0,106,2,1,0,0,-1,-1,-1,-1,-1,-1,-1,-1,-1,-1,-1,-1,-1,-1,-1,-1,-1,-1,-1,-1,-1,-1,-1,-1,139,139,480,0.03,0,0,0,0,1,0,0,0,0,0,0,1,1,37,0,0,6,20,1,20,20,6,0,20,0,300,30,0,0,0,65,15,15,15,15,15,15,15,15,15,15,0,-1,-1,-1,-1,-1,-1,-1,-1,1,1,1,1,1,1,1,1,1,-1,-1,-1,-1,-1,10013,0,1,1,0,0,0,0,1,0,0,0,6,1400,310,6,6,2,2,60,6501,-1,-1,31170000,31170000,31170000,31170000,31170000,31170000,31170000,31170000,31170000,31170000,1,1,0,0,0,0,1,1,0,[0|0|0|0|0|0|0]
31171200,Occult Shield of the Guilty,1,0,[0|0|0],3100,7113012,0,2,0,600,140,100,38,0,0,0,68,36,36,31,6400,-1,-1,5311700,-1,-1,0,31170000,31170000,31170000,31170000,31170000,31170000,31170000,31170000,31170000,31170000,31170000,31170000,31170000,31170000,31170000,31170000,1,1,1,1,15,15,5,2024,12053,0,0,1,10,73,0,0,0,54,60,0,33,1200,-1,-1,0,-1,7,0,12,48,2,0,160,7,0,0,0,15,8,0,0,0,99,0,0,30,60,0,2,0,0,0,20,20,20,20,1,1,1,1,0,0,1,1,0,0,0,0,0,1,0,0,0,0,0,0,0,0,0,0,0,0,0,1,0,1,1,1,0,2,0,106,2,1,0,0,-1,-1,-1,-1,-1,-1,-1,-1,-1,-1,-1,-1,-1,-1,-1,-1,-1,-1,-1,-1,-1,-1,-1,-1,139,139,480,0.03,0,0,0,0,1,0,0,0,0,0,0,1,1,37,0,0,6,20,1,20,20,6,0,20,0,300,38,0,0,0,65,15,15,15,15,15,15,15,15,15,15,0,-1,-1,-1,-1,-1,-1,-1,-1,1,1,1,1,1,1,1,1,1,-1,-1,-1,-1,-1,10013,0,1,1,0,0,0,0,1,0,0,0,6,1400,310,6,6,2,2,60,6501,-1,-1,31170000,31170000,31170000,31170000,31170000,31170000,31170000,31170000,31170000,31170000,1,1,0,0,0,0,1,1,0,[0|0|0|0|0|0|0]
31190000,Carian Knight's Shield,0,0,[0|0|0],3100,7224000,0,4.5,0,900,340,200,40,0,30,0,100,71,28,19,-1,-1,-1,-1,-1,-1,0,31190000,31190000,31190000,31190000,31190000,31190000,31190000,31190000,31190000,31190000,31190000,31190000,31190000,31190000,31190000,31190000,1,1,1,1,15,15,5.5,2026,12055,0,0,1,10,63,40,0,0,65,60,0,49,8100,-1,-1,0,-1,7,0,12,49,0,0,104,0,10,0,0,15,10,10,15,0,99,0,0,50,80,0,3,0,0,0,23,23,23,23,1,1,1,1,0,0,1,1,0,0,0,0,0,1,0,0,0,0,0,0,0,0,0,0,0,0,0,1,0,1,1,1,0,2,0,106,2,1,0,0,-1,-1,-1,-1,-1,-1,-1,-1,-1,-1,-1,-1,-1,-1,-1,-1,-1,-1,-1,-1,-1,-1,-1,-1,139,139,49,0.03,0,0,0,0,1,0,0,0,4,0,0,1,1,54,0,0,6,30,1,23,23,6,0,23,0,10,0,0,0,0,67,15,15,15,15,15,15,15,15,15,15,0,-1,-1,-1,-1,-1,-1,-1,-1,0.93,1,1,1,1,1,1,1,1,-1,-1,-1,-1,-1,10000,0,1,1,0,0,0,0,1,0,0,0,6,3400,310,6,6,2,2,60,-1,-1,-1,31190000,31190000,31190000,31190000,31190000,31190000,31190000,31190000,31190000,31190000,1,1,0,0,0,0,1,1,0,[0|0|0|0|0|0|0]
31190100,Carian Knight's Heavy Shield,0,0,[0|0|0],3100,7224001,0,4.5,0,900,340,200,38,0,14,0,100,71,28,19,-1,-1,-1,-1,-1,-1,0,31190000,31190000,31190000,31190000,31190000,31190000,31190000,31190000,31190000,31190000,31190000,31190000,31190000,31190000,31190000,31190000,1,1,1,1,15,15,5.5,2026,12055,0,0,1,10,61,32,0,0,65,60,0,49,100,-1,-1,0,-1,7,0,12,49,0,0,104,1,10,0,0,15,10,10,15,0,99,0,0,50,80,0,3,0,0,0,23,23,23,23,1,1,1,1,0,0,1,1,0,0,0,0,0,1,0,0,0,0,0,0,0,0,0,0,0,0,0,1,0,1,1,1,0,2,0,106,2,1,0,0,-1,-1,-1,-1,-1,-1,-1,-1,-1,-1,-1,-1,-1,-1,-1,-1,-1,-1,-1,-1,-1,-1,-1,-1,139,139,49,0.03,0,0,0,0,1,0,0,0,4,0,0,1,1,54,0,0,6,30,1,23,23,6,0,23,0,10,0,0,0,0,67,15,15,15,15,15,15,15,15,15,15,0,-1,-1,-1,-1,-1,-1,-1,-1,0.93,1,1,1,1,1,1,1,1,-1,-1,-1,-1,-1,10000,0,1,1,0,0,0,0,1,0,0,0,6,3400,310,6,6,2,2,60,-1,-1,-1,31190000,31190000,31190000,31190000,31190000,31190000,31190000,31190000,31190000,31190000,1,1,0,0,0,0,1,1,0,[0|0|0|0|0|0|0]
31190200,Carian Knight's Keen Shield,0,0,[0|0|0],3100,7224002,0,4.5,0,900,340,200,14,35,14,0,100,71,28,19,-1,-1,-1,-1,-1,-1,0,31190000,31190000,31190000,31190000,31190000,31190000,31190000,31190000,31190000,31190000,31190000,31190000,31190000,31190000,31190000,31190000,1,1,1,1,15,15,5.5,2026,12055,0,0,1,10,61,32,0,0,65,60,0,49,200,-1,-1,0,-1,7,0,12,49,0,0,104,2,10,0,0,15,10,10,15,0,99,0,0,50,80,0,3,0,0,0,23,23,23,23,1,1,1,1,0,0,1,1,0,0,0,0,0,1,0,0,0,0,0,0,0,0,0,0,0,0,0,1,0,1,1,1,0,2,0,106,2,1,0,0,-1,-1,-1,-1,-1,-1,-1,-1,-1,-1,-1,-1,-1,-1,-1,-1,-1,-1,-1,-1,-1,-1,-1,-1,139,139,49,0.03,0,0,0,0,1,0,0,0,4,0,0,1,1,54,0,0,6,30,1,23,23,6,0,23,0,10,0,0,0,0,67,15,15,15,15,15,15,15,15,15,15,0,-1,-1,-1,-1,-1,-1,-1,-1,0.93,1,1,1,1,1,1,1,1,-1,-1,-1,-1,-1,10000,0,1,1,0,0,0,0,1,0,0,0,6,3400,310,6,6,2,2,60,-1,-1,-1,31190000,31190000,31190000,31190000,31190000,31190000,31190000,31190000,31190000,31190000,1,1,0,0,0,0,1,1,0,[0|0|0|0|0|0|0]
31190300,Carian Knight's Quality Shield,0,0,[0|0|0],3100,7224003,0,4.5,0,900,340,200,44,44,14,0,100,71,28,19,-1,-1,-1,-1,-1,-1,0,31190000,31190000,31190000,31190000,31190000,31190000,31190000,31190000,31190000,31190000,31190000,31190000,31190000,31190000,31190000,31190000,1,1,1,1,15,15,5.5,2026,12055,0,0,1,10,61,32,0,0,65,60,0,49,300,-1,-1,0,-1,7,0,12,49,0,0,104,8,10,0,0,15,10,10,15,0,99,0,0,50,80,0,3,0,0,0,23,23,23,23,1,1,1,1,0,0,1,1,0,0,0,0,0,1,0,0,0,0,0,0,0,0,0,0,0,0,0,1,0,1,1,1,0,2,0,106,2,1,0,0,-1,-1,-1,-1,-1,-1,-1,-1,-1,-1,-1,-1,-1,-1,-1,-1,-1,-1,-1,-1,-1,-1,-1,-1,139,139,49,0.03,0,0,0,0,1,0,0,0,4,0,0,1,1,54,0,0,6,30,1,23,23,6,0,23,0,10,0,0,0,0,67,15,15,15,15,15,15,15,15,15,15,0,-1,-1,-1,-1,-1,-1,-1,-1,0.93,1,1,1,1,1,1,1,1,-1,-1,-1,-1,-1,10000,0,1,1,0,0,0,0,1,0,0,0,6,3400,310,6,6,2,2,60,-1,-1,-1,31190000,31190000,31190000,31190000,31190000,31190000,31190000,31190000,31190000,31190000,1,1,0,0,0,0,1,1,0,[0|0|0|0|0|0|0]
31190400,Carian Knight's Fire Shield,0,0,[0|0|0],3100,7224005,0,4.5,0,900,340,200,35,7,14,0,100,71,28,19,-1,-1,-1,-1,-1,-1,0,31190000,31190000,31190000,31190000,31190000,31190000,31190000,31190000,31190000,31190000,31190000,31190000,31190000,31190000,31190000,31190000,1,1,1,1,15,15,5.5,2026,12055,0,0,1,10,61,32,61,0,65,60,0,49,400,-1,-1,0,-1,7,0,12,49,0,0,104,0,10,0,0,15,10,10,15,0,99,0,0,50,80,0,3,0,0,0,23,23,23,23,1,1,1,1,0,0,1,1,0,0,0,0,0,1,0,0,0,0,0,0,0,0,0,0,0,0,0,1,0,1,1,1,0,2,0,106,2,1,0,0,-1,-1,-1,-1,-1,-1,-1,-1,-1,-1,-1,-1,-1,-1,-1,-1,-1,-1,-1,-1,-1,-1,-1,-1,139,139,49,0.03,0,0,0,0,1,0,0,0,4,4,0,1,1,54,0,0,6,30,1,23,23,6,0,23,0,10,0,0,0,0,67,15,15,15,15,15,15,15,15,15,15,0,-1,-1,-1,-1,-1,-1,-1,-1,0.93,1,1,1,1,1,1,1,1,-1,-1,-1,-1,-1,10005,0,1,1,0,0,0,0,1,0,0,0,6,3400,310,6,6,2,2,60,-1,-1,-1,31190000,31190000,31190000,31190000,31190000,31190000,31190000,31190000,31190000,31190000,1,1,0,0,0,0,1,1,0,[0|0|0|0|0|0|0]
31190500,Carian Knight's Flame Art Shield,0,0,[0|0|0],3100,7224006,0,4.5,0,900,340,200,8,0,14,42,100,71,28,19,-1,-1,-1,-1,-1,-1,0,31190000,31190000,31190000,31190000,31190000,31190000,31190000,31190000,31190000,31190000,31190000,31190000,31190000,31190000,31190000,31190000,1,1,1,1,15,15,5.5,2026,12055,0,0,1,10,61,32,61,0,65,60,0,49,500,-1,-1,0,-1,7,0,12,49,0,0,104,0,10,0,0,15,10,10,15,0,99,0,0,50,80,0,3,0,0,0,23,23,23,23,1,1,1,1,0,0,1,1,0,0,0,0,0,1,0,0,0,0,0,0,0,0,0,0,0,0,0,1,0,1,1,1,0,2,0,106,2,1,0,0,-1,-1,-1,-1,-1,-1,-1,-1,-1,-1,-1,-1,-1,-1,-1,-1,-1,-1,-1,-1,-1,-1,-1,-1,139,139,49,0.03,0,0,0,0,1,0,0,0,4,4,0,1,1,54,0,0,6,30,1,23,23,6,0,23,0,10,0,0,0,0,67,15,15,15,15,15,15,15,15,15,15,0,-1,-1,-1,-1,-1,-1,-1,-1,0.93,1,1,1,1,1,1,1,1,-1,-1,-1,-1,-1,10000,0,1,1,0,0,0,0,1,0,0,0,6,3400,310,6,6,2,2,60,-1,-1,-1,31190000,31190000,31190000,31190000,31190000,31190000,31190000,31190000,31190000,31190000,1,1,0,0,0,0,1,1,0,[0|0|0|0|0|0|0]
31190600,Carian Knight's Lightning Shield,0,0,[0|0|0],3100,7224007,0,4.5,0,900,340,200,14,33,14,0,100,71,28,19,-1,-1,-1,-1,-1,-1,0,31190000,31190000,31190000,31190000,31190000,31190000,31190000,31190000,31190000,31190000,31190000,31190000,31190000,31190000,31190000,31190000,1,1,1,1,15,15,5.5,2026,12055,0,0,1,10,61,32,0,61,65,60,0,49,600,-1,-1,0,-1,7,0,12,49,0,0,104,0,10,0,0,15,10,10,15,0,99,0,0,50,80,0,3,0,0,0,23,23,23,23,1,1,1,1,0,0,1,1,0,0,0,0,0,1,0,0,0,0,0,0,0,0,0,0,0,0,0,1,0,1,1,1,0,2,0,106,2,1,0,0,-1,-1,-1,-1,-1,-1,-1,-1,-1,-1,-1,-1,-1,-1,-1,-1,-1,-1,-1,-1,-1,-1,-1,-1,139,139,49,0.03,0,0,0,0,1,0,0,0,4,0,4,1,1,54,0,0,6,30,1,23,23,6,0,23,0,10,0,0,0,0,67,15,15,15,15,15,15,15,15,15,15,0,-1,-1,-1,-1,-1,-1,-1,-1,0.93,1,1,1,1,1,1,1,1,-1,-1,-1,-1,-1,10000,0,1,1,0,0,0,0,1,0,0,0,6,3400,310,6,6,2,2,60,-1,-1,-1,31190000,31190000,31190000,31190000,31190000,31190000,31190000,31190000,31190000,31190000,1,1,0,0,0,0,1,1,0,[0|0|0|0|0|0|0]
31190700,Carian Knight's Sacred Shield,0,0,[0|0|0],3100,7224008,0,4.5,0,900,340,200,8,0,14,42,100,71,28,19,-1,-1,-1,-1,-1,-1,0,31190000,31190000,31190000,31190000,31190000,31190000,31190000,31190000,31190000,31190000,31190000,31190000,31190000,31190000,31190000,31190000,1,1,1,1,15,15,5.5,2026,12055,0,0,1,10,61,32,0,0,65,60,0,49,700,-1,-1,0,-1,7,0,12,49,0,0,104,0,10,0,0,15,10,10,15,0,99,0,0,50,80,0,3,0,0,0,23,23,23,23,1,1,1,1,0,0,1,1,0,0,0,0,0,1,0,0,0,0,0,0,0,0,0,0,0,0,0,1,0,1,1,1,0,2,0,106,2,1,0,0,-1,-1,-1,-1,-1,-1,-1,-1,-1,-1,-1,-1,-1,-1,-1,-1,-1,-1,-1,-1,-1,-1,-1,-1,139,139,49,0.03,0,0,0,0,1,0,0,0,4,0,0,1,1,54,61,4,6,30,1,23,23,6,0,23,0,10,0,0,0,0,67,15,15,15,15,15,15,15,15,15,15,0,-1,-1,-1,-1,-1,-1,-1,-1,0.93,1,1,1,1,1,1,1,1,-1,-1,-1,-1,-1,10000,0,1,1,0,0,0,0,1,0,0,0,6,3400,310,6,6,2,2,60,-1,-1,-1,31190000,31190000,31190000,31190000,31190000,31190000,31190000,31190000,31190000,31190000,1,1,0,0,0,0,1,1,0,[0|0|0|0|0|0|0]
31190800,Carian Knight's Magic Shield,0,0,[0|0|0],3100,7224004,0,4.5,0,900,340,200,4,0,38,0,100,71,28,19,-1,-1,-1,-1,-1,-1,0,31190000,31190000,31190000,31190000,31190000,31190000,31190000,31190000,31190000,31190000,31190000,31190000,31190000,31190000,31190000,31190000,1,1,1,1,15,15,5.5,2026,12055,0,0,1,10,61,81,0,0,65,60,0,49,800,-1,-1,0,-1,7,0,12,49,0,0,104,0,10,0,0,15,10,10,15,0,99,0,0,50,80,0,3,0,0,0,23,23,23,23,1,1,1,1,0,0,1,1,0,0,0,0,0,1,0,0,0,0,0,0,0,0,0,0,0,0,0,1,0,1,1,1,0,2,0,106,2,1,0,0,-1,-1,-1,-1,-1,-1,-1,-1,-1,-1,-1,-1,-1,-1,-1,-1,-1,-1,-1,-1,-1,-1,-1,-1,139,139,49,0.03,0,0,0,0,1,0,0,0,4,0,0,1,1,54,0,0,6,30,1,23,23,6,0,23,0,10,0,0,0,0,67,15,15,15,15,15,15,15,15,15,15,0,-1,-1,-1,-1,-1,-1,-1,-1,0.93,1,1,1,1,1,1,1,1,-1,-1,-1,-1,-1,10000,0,1,1,0,0,0,0,1,0,0,0,6,3400,310,6,6,2,2,60,-1,-1,-1,31190000,31190000,31190000,31190000,31190000,31190000,31190000,31190000,31190000,31190000,1,1,0,0,0,0,1,1,0,[0|0|0|0|0|0|0]
31190900,Carian Knight's Cold Shield,0,0,[0|0|0],3100,7224011,0,4.5,0,900,340,200,36,0,42,0,100,71,28,19,-1,107500,-1,-1,-1,-1,0,31190000,31190000,31190000,31190000,31190000,31190000,31190000,31190000,31190000,31190000,31190000,31190000,31190000,31190000,31190000,31190000,1,1,1,1,15,15,5.5,2026,12055,0,0,1,10,61,81,0,0,65,60,0,49,900,-1,-1,0,-1,7,0,12,49,0,0,104,0,10,0,0,15,10,10,15,0,99,0,0,50,80,0,3,0,0,0,23,23,23,23,1,1,1,1,0,0,1,1,0,0,0,0,0,1,0,0,0,0,0,0,0,0,0,0,0,0,0,1,0,1,1,1,0,2,0,106,2,1,0,0,-1,-1,-1,-1,-1,-1,-1,-1,-1,-1,-1,-1,-1,-1,-1,-1,-1,-1,-1,-1,-1,-1,-1,-1,139,139,49,0.03,0,0,0,0,1,0,0,0,4,0,0,1,1,54,0,0,6,30,1,23,23,6,0,23,0,10,0,0,0,0,67,15,15,15,15,15,15,15,15,15,15,0,-1,-1,-1,-1,-1,-1,-1,-1,0.93,1,1,1,1,1,1,1,1,-1,-1,-1,-1,-1,10000,0,1,1,0,0,0,0,1,0,0,0,6,3400,310,6,6,2,2,60,6601,-1,-1,31190000,31190000,31190000,31190000,31190000,31190000,31190000,31190000,31190000,31190000,1,1,0,0,0,0,1,1,0,[0|0|0|0|0|0|0]
31191000,Carian Knight's Poison Shield,0,0,[0|0|0],3100,7224009,0,4.5,0,900,340,200,38,0,14,0,100,71,28,19,-1,106000,-1,-1,-1,-1,0,31190000,31190000,31190000,31190000,31190000,31190000,31190000,31190000,31190000,31190000,31190000,31190000,31190000,31190000,31190000,31190000,1,1,1,1,15,15,5.5,2026,12055,0,0,1,10,61,32,0,0,65,60,0,49,1000,-1,-1,0,-1,7,0,12,49,0,0,104,0,10,0,0,15,10,10,15,0,99,0,0,50,80,0,3,0,0,0,23,23,23,23,1,1,1,1,0,0,1,1,0,0,0,0,0,1,0,0,0,0,0,0,0,0,0,0,0,0,0,1,0,1,1,1,0,2,0,106,2,1,0,0,-1,-1,-1,-1,-1,-1,-1,-1,-1,-1,-1,-1,-1,-1,-1,-1,-1,-1,-1,-1,-1,-1,-1,-1,139,139,49,0.03,0,0,0,0,1,0,0,0,4,0,0,1,1,54,0,0,6,30,1,23,23,6,0,23,0,10,30,0,0,0,67,15,15,15,15,15,15,15,15,15,15,0,-1,-1,-1,-1,-1,-1,-1,-1,0.93,1,1,1,1,1,1,1,1,-1,-1,-1,-1,-1,10013,0,1,1,0,0,0,0,1,0,0,0,6,3400,310,6,6,2,2,60,6401,-1,-1,31190000,31190000,31190000,31190000,31190000,31190000,31190000,31190000,31190000,31190000,1,1,0,0,0,0,1,1,0,[0|0|0|0|0|0|0]
31191100,Carian Knight's Bloody Shield,0,0,[0|0|0],3100,7224010,0,4.5,0,900,340,200,38,0,14,0,100,71,28,19,105000,-1,-1,-1,-1,-1,0,31190000,31190000,31190000,31190000,31190000,31190000,31190000,31190000,31190000,31190000,31190000,31190000,31190000,31190000,31190000,31190000,1,1,1,1,15,15,5.5,2026,12055,0,0,1,10,61,32,0,0,65,60,0,49,1100,-1,-1,0,-1,7,0,12,49,0,0,104,0,10,0,0,15,10,10,15,0,99,0,0,50,80,0,3,0,0,0,23,23,23,23,1,1,1,1,0,0,1,1,0,0,0,0,0,1,0,0,0,0,0,0,0,0,0,0,0,0,0,1,0,1,1,1,0,2,0,106,2,1,0,0,-1,-1,-1,-1,-1,-1,-1,-1,-1,-1,-1,-1,-1,-1,-1,-1,-1,-1,-1,-1,-1,-1,-1,-1,139,139,49,0.03,0,0,0,0,1,0,0,0,4,0,0,1,1,54,0,0,6,30,1,23,23,6,0,23,0,10,30,0,0,0,67,15,15,15,15,15,15,15,15,15,15,0,-1,-1,-1,-1,-1,-1,-1,-1,0.93,1,1,1,1,1,1,1,1,-1,-1,-1,-1,-1,10013,0,1,1,0,0,0,0,1,0,0,0,6,3400,310,6,6,2,2,60,6501,-1,-1,31190000,31190000,31190000,31190000,31190000,31190000,31190000,31190000,31190000,31190000,1,1,0,0,0,0,1,1,0,[0|0|0|0|0|0|0]
31191200,Carian Knight's Occult Shield,0,0,[0|0|0],3100,7224012,0,4.5,0,900,340,200,38,0,14,0,100,71,28,19,-1,-1,-1,-1,-1,-1,2200,31190000,31190000,31190000,31190000,31190000,31190000,31190000,31190000,31190000,31190000,31190000,31190000,31190000,31190000,31190000,31190000,1,1,1,1,15,15,5.5,2026,12055,0,0,1,10,61,32,0,0,65,60,0,49,1200,-1,-1,0,-1,7,0,12,49,0,0,104,7,10,0,0,15,10,10,15,0,99,0,0,50,80,0,3,0,0,0,23,23,23,23,1,1,1,1,0,0,1,1,0,0,0,0,0,1,0,0,0,0,0,0,0,0,0,0,0,0,0,1,0,1,1,1,0,2,0,106,2,1,0,0,-1,-1,-1,-1,-1,-1,-1,-1,-1,-1,-1,-1,-1,-1,-1,-1,-1,-1,-1,-1,-1,-1,-1,-1,139,139,49,0.03,0,0,0,0,1,0,0,0,4,0,0,1,1,54,0,0,6,30,1,23,23,6,0,23,0,10,56,0,0,0,67,15,15,15,15,15,15,15,15,15,15,0,-1,-1,-1,-1,-1,-1,-1,-1,0.93,1,1,1,1,1,1,1,1,-1,-1,-1,-1,-1,10013,0,1,1,0,0,0,0,1,0,0,0,6,3400,310,6,6,2,2,60,-1,-1,-1,31190000,31190000,31190000,31190000,31190000,31190000,31190000,31190000,31190000,31190000,1,1,0,0,0,0,1,1,0,[0|0|0|0|0|0|0]
31230000,Large Leather Shield,0,0,[0|0|0],3100,7207000,0,3,0,900,340,100,40,0,0,0,85,49,36,45,-1,-1,-1,-1,-1,-1,0,31230000,31230000,31230000,31230000,31230000,31230000,31230000,31230000,31230000,31230000,31230000,31230000,31230000,31230000,31230000,31230000,1,1,1,1,15,15,5.5,2044,12059,0,0,1,10,75,0,0,0,61,60,0,46,8100,-1,-1,0,-1,7,0,12,49,0,1,105,0,0,0,0,15,8,0,0,0,99,0,0,50,80,0,3,0,0,0,22,22,22,22,1,1,1,1,0,0,1,1,0,0,0,0,0,1,0,0,0,0,0,0,0,0,0,0,0,0,0,1,0,1,1,1,0,2,0,108,2,1,0,0,-1,-1,-1,-1,-1,-1,-1,-1,-1,-1,-1,-1,-1,-1,-1,-1,-1,-1,-1,-1,-1,-1,-1,-1,139,139,49,0.03,0,0,0,0,1,0,0,0,0,0,0,1,1,45,0,0,6,30,1,22,22,6,0,22,0,302,0,0,0,0,67,15,15,15,15,15,15,15,15,15,15,0,-1,-1,-1,-1,-1,-1,-1,-1,0.9,1,1,1,1,1,1,1,1,-1,-1,-1,-1,-1,10000,0,1,1,0,0,0,0,1,0,0,0,1,3400,310,6,6,1,2,60,-1,-1,-1,31230000,31230000,31230000,31230000,31230000,31230000,31230000,31230000,31230000,31230000,1,1,0,0,0,0,1,1,0,[0|0|0|0|0|0|0]
31230100,Heavy Large Leather Shield,0,0,[0|0|0],3100,7207001,0,3,0,900,340,100,36,0,0,0,85,49,36,45,-1,-1,-1,-1,-1,-1,0,31230000,31230000,31230000,31230000,31230000,31230000,31230000,31230000,31230000,31230000,31230000,31230000,31230000,31230000,31230000,31230000,1,1,1,1,15,15,5.5,2044,12059,0,0,1,10,73,0,0,0,61,60,0,46,100,-1,-1,0,-1,7,0,12,49,0,1,105,1,0,0,0,15,8,0,0,0,99,0,0,50,80,0,3,0,0,0,22,22,22,22,1,1,1,1,0,0,1,1,0,0,0,0,0,1,0,0,0,0,0,0,0,0,0,0,0,0,0,1,0,1,1,1,0,2,0,108,2,2,0,0,-1,-1,-1,-1,-1,-1,-1,-1,-1,-1,-1,-1,-1,-1,-1,-1,-1,-1,-1,-1,-1,-1,-1,-1,139,139,49,0.03,0,0,0,0,1,0,0,0,0,0,0,1,1,45,0,0,6,30,1,22,22,6,0,22,0,302,0,0,0,0,67,15,15,15,15,15,15,15,15,15,15,0,-1,-1,-1,-1,-1,-1,-1,-1,0.9,1,1,1,1,1,1,1,1,-1,-1,-1,-1,-1,10000,0,1,1,0,0,0,0,1,0,0,0,1,3400,310,6,6,1,2,60,-1,-1,-1,31230000,31230000,31230000,31230000,31230000,31230000,31230000,31230000,31230000,31230000,1,1,0,0,0,0,1,1,0,[0|0|0|0|0|0|0]
31230200,Keen Large Leather Shield,0,0,[0|0|0],3100,7207002,0,3,0,900,340,100,8,32,0,0,85,49,36,45,-1,-1,-1,-1,-1,-1,0,31230000,31230000,31230000,31230000,31230000,31230000,31230000,31230000,31230000,31230000,31230000,31230000,31230000,31230000,31230000,31230000,1,1,1,1,15,15,5.5,2044,12059,0,0,1,10,73,0,0,0,61,60,0,46,200,-1,-1,0,-1,7,0,12,49,0,1,105,2,0,0,0,15,8,0,0,0,99,0,0,50,80,0,3,0,0,0,22,22,22,22,1,1,1,1,0,0,1,1,0,0,0,0,0,1,0,0,0,0,0,0,0,0,0,0,0,0,0,1,0,1,1,1,0,2,0,108,2,2,0,0,-1,-1,-1,-1,-1,-1,-1,-1,-1,-1,-1,-1,-1,-1,-1,-1,-1,-1,-1,-1,-1,-1,-1,-1,139,139,49,0.03,0,0,0,0,1,0,0,0,0,0,0,1,1,45,0,0,6,30,1,22,22,6,0,22,0,302,0,0,0,0,67,15,15,15,15,15,15,15,15,15,15,0,-1,-1,-1,-1,-1,-1,-1,-1,0.9,1,1,1,1,1,1,1,1,-1,-1,-1,-1,-1,10000,0,1,1,0,0,0,0,1,0,0,0,1,3400,310,6,6,1,2,60,-1,-1,-1,31230000,31230000,31230000,31230000,31230000,31230000,31230000,31230000,31230000,31230000,1,1,0,0,0,0,1,1,0,[0|0|0|0|0|0|0]
31230300,Quality Large Leather Shield,0,0,[0|0|0],3100,7207003,0,3,0,900,340,100,40,40,0,0,85,49,36,45,-1,-1,-1,-1,-1,-1,0,31230000,31230000,31230000,31230000,31230000,31230000,31230000,31230000,31230000,31230000,31230000,31230000,31230000,31230000,31230000,31230000,1,1,1,1,15,15,5.5,2044,12059,0,0,1,10,73,0,0,0,61,60,0,46,300,-1,-1,0,-1,7,0,12,49,0,1,105,8,0,0,0,15,8,0,0,0,99,0,0,50,80,0,3,0,0,0,22,22,22,22,1,1,1,1,0,0,1,1,0,0,0,0,0,1,0,0,0,0,0,0,0,0,0,0,0,0,0,1,0,1,1,1,0,2,0,108,2,2,0,0,-1,-1,-1,-1,-1,-1,-1,-1,-1,-1,-1,-1,-1,-1,-1,-1,-1,-1,-1,-1,-1,-1,-1,-1,139,139,49,0.03,0,0,0,0,1,0,0,0,0,0,0,1,1,45,0,0,6,30,1,22,22,6,0,22,0,302,0,0,0,0,67,15,15,15,15,15,15,15,15,15,15,0,-1,-1,-1,-1,-1,-1,-1,-1,0.9,1,1,1,1,1,1,1,1,-1,-1,-1,-1,-1,10000,0,1,1,0,0,0,0,1,0,0,0,1,3400,310,6,6,1,2,60,-1,-1,-1,31230000,31230000,31230000,31230000,31230000,31230000,31230000,31230000,31230000,31230000,1,1,0,0,0,0,1,1,0,[0|0|0|0|0|0|0]
31230400,Fire Large Leather Shield,0,0,[0|0|0],3100,7207005,0,3,0,900,340,100,28,12,0,0,85,49,36,45,-1,-1,-1,-1,-1,-1,0,31230000,31230000,31230000,31230000,31230000,31230000,31230000,31230000,31230000,31230000,31230000,31230000,31230000,31230000,31230000,31230000,1,1,1,1,15,15,5.5,2044,12059,0,0,1,10,73,0,73,0,61,60,0,46,400,-1,-1,0,-1,7,0,12,49,0,1,105,0,11,0,0,15,8,0,0,0,99,0,0,50,80,0,3,0,0,0,22,22,22,22,1,1,1,1,0,0,1,1,0,0,0,0,0,1,0,0,0,0,0,0,0,0,0,0,0,0,0,1,0,1,1,1,0,2,0,108,2,2,0,0,-1,-1,-1,-1,-1,-1,-1,-1,-1,-1,-1,-1,-1,-1,-1,-1,-1,-1,-1,-1,-1,-1,-1,-1,139,139,49,0.03,0,0,0,0,1,0,0,0,0,4,0,1,1,45,0,0,6,30,1,22,22,6,0,22,0,302,0,0,0,0,67,15,15,15,15,15,15,15,15,15,15,0,-1,-1,-1,-1,-1,-1,-1,-1,0.9,1,1,1,1,1,1,1,1,-1,-1,-1,-1,-1,10005,0,1,1,0,0,0,0,1,0,0,0,1,3400,310,6,6,1,2,60,-1,-1,-1,31230000,31230000,31230000,31230000,31230000,31230000,31230000,31230000,31230000,31230000,1,1,0,0,0,0,1,1,0,[0|0|0|0|0|0|0]
31230500,Flame Art Large Leather Shield,0,0,[0|0|0],3100,7207006,0,3,0,900,340,100,14,0,0,24,85,49,36,45,-1,-1,-1,-1,-1,-1,0,31230000,31230000,31230000,31230000,31230000,31230000,31230000,31230000,31230000,31230000,31230000,31230000,31230000,31230000,31230000,31230000,1,1,1,1,15,15,5.5,2044,12059,0,0,1,10,73,0,73,0,61,60,0,46,500,-1,-1,0,-1,7,0,12,49,0,1,105,0,11,0,0,15,8,0,0,0,99,0,0,50,80,0,3,0,0,0,22,22,22,22,1,1,1,1,0,0,1,1,0,0,0,0,0,1,0,0,0,0,0,0,0,0,0,0,0,0,0,1,0,1,1,1,0,2,0,108,2,2,0,0,-1,-1,-1,-1,-1,-1,-1,-1,-1,-1,-1,-1,-1,-1,-1,-1,-1,-1,-1,-1,-1,-1,-1,-1,139,139,49,0.03,0,0,0,0,1,0,0,0,0,4,0,1,1,45,0,0,6,30,1,22,22,6,0,22,0,302,0,0,0,0,67,15,15,15,15,15,15,15,15,15,15,0,-1,-1,-1,-1,-1,-1,-1,-1,0.9,1,1,1,1,1,1,1,1,-1,-1,-1,-1,-1,10000,0,1,1,0,0,0,0,1,0,0,0,1,3400,310,6,6,1,2,60,-1,-1,-1,31230000,31230000,31230000,31230000,31230000,31230000,31230000,31230000,31230000,31230000,1,1,0,0,0,0,1,1,0,[0|0|0|0|0|0|0]
31230600,Lightning Large Leather Shield,0,0,[0|0|0],3100,7207007,0,3,0,900,340,100,8,28,0,0,85,49,36,45,-1,-1,-1,-1,-1,-1,0,31230000,31230000,31230000,31230000,31230000,31230000,31230000,31230000,31230000,31230000,31230000,31230000,31230000,31230000,31230000,31230000,1,1,1,1,15,15,5.5,2044,12059,0,0,1,10,73,0,0,73,61,60,0,46,600,-1,-1,0,-1,7,0,12,49,0,1,105,0,12,0,0,15,8,0,0,0,99,0,0,50,80,0,3,0,0,0,22,22,22,22,1,1,1,1,0,0,1,1,0,0,0,0,0,1,0,0,0,0,0,0,0,0,0,0,0,0,0,1,0,1,1,1,0,2,0,108,2,2,0,0,-1,-1,-1,-1,-1,-1,-1,-1,-1,-1,-1,-1,-1,-1,-1,-1,-1,-1,-1,-1,-1,-1,-1,-1,139,139,49,0.03,0,0,0,0,1,0,0,0,0,0,4,1,1,45,0,0,6,30,1,22,22,6,0,22,0,302,0,0,0,0,67,15,15,15,15,15,15,15,15,15,15,0,-1,-1,-1,-1,-1,-1,-1,-1,0.9,1,1,1,1,1,1,1,1,-1,-1,-1,-1,-1,10000,0,1,1,0,0,0,0,1,0,0,0,1,3400,310,6,6,1,2,60,-1,-1,-1,31230000,31230000,31230000,31230000,31230000,31230000,31230000,31230000,31230000,31230000,1,1,0,0,0,0,1,1,0,[0|0|0|0|0|0|0]
31230700,Sacred Large Leather Shield,0,0,[0|0|0],3100,7207008,0,3,0,900,340,100,18,0,0,24,85,49,36,45,-1,-1,-1,-1,-1,-1,0,31230000,31230000,31230000,31230000,31230000,31230000,31230000,31230000,31230000,31230000,31230000,31230000,31230000,31230000,31230000,31230000,1,1,1,1,15,15,5.5,2044,12059,0,0,1,10,73,0,0,0,61,60,0,46,700,-1,-1,0,-1,7,0,12,49,0,1,105,0,13,0,0,15,8,0,0,0,99,0,0,50,80,0,3,0,0,0,22,22,22,22,1,1,1,1,0,0,1,1,0,0,0,0,0,1,0,0,0,0,0,0,0,0,0,0,0,0,0,1,0,1,1,1,0,2,0,108,2,2,0,0,-1,-1,-1,-1,-1,-1,-1,-1,-1,-1,-1,-1,-1,-1,-1,-1,-1,-1,-1,-1,-1,-1,-1,-1,139,139,49,0.03,0,0,0,0,1,0,0,0,0,0,0,1,1,45,73,4,6,30,1,22,22,6,0,22,0,302,0,0,0,0,67,15,15,15,15,15,15,15,15,15,15,0,-1,-1,-1,-1,-1,-1,-1,-1,0.9,1,1,1,1,1,1,1,1,-1,-1,-1,-1,-1,10000,0,1,1,0,0,0,0,1,0,0,0,1,3400,310,6,6,1,2,60,-1,-1,-1,31230000,31230000,31230000,31230000,31230000,31230000,31230000,31230000,31230000,31230000,1,1,0,0,0,0,1,1,0,[0|0|0|0|0|0|0]
31230800,Magic Large Leather Shield,0,0,[0|0|0],3100,7207004,0,3,0,900,340,100,16,0,24,0,85,49,36,45,-1,-1,-1,-1,-1,-1,0,31230000,31230000,31230000,31230000,31230000,31230000,31230000,31230000,31230000,31230000,31230000,31230000,31230000,31230000,31230000,31230000,1,1,1,1,15,15,5.5,2044,12059,0,0,1,10,73,73,0,0,61,60,0,46,800,-1,-1,0,-1,7,0,12,49,0,1,105,0,10,0,0,15,8,0,0,0,99,0,0,50,80,0,3,0,0,0,22,22,22,22,1,1,1,1,0,0,1,1,0,0,0,0,0,1,0,0,0,0,0,0,0,0,0,0,0,0,0,1,0,1,1,1,0,2,0,108,2,2,0,0,-1,-1,-1,-1,-1,-1,-1,-1,-1,-1,-1,-1,-1,-1,-1,-1,-1,-1,-1,-1,-1,-1,-1,-1,139,139,49,0.03,0,0,0,0,1,0,0,0,4,0,0,1,1,45,0,0,6,30,1,22,22,6,0,22,0,302,0,0,0,0,67,15,15,15,15,15,15,15,15,15,15,0,-1,-1,-1,-1,-1,-1,-1,-1,0.9,1,1,1,1,1,1,1,1,-1,-1,-1,-1,-1,10000,0,1,1,0,0,0,0,1,0,0,0,1,3400,310,6,6,1,2,60,-1,-1,-1,31230000,31230000,31230000,31230000,31230000,31230000,31230000,31230000,31230000,31230000,1,1,0,0,0,0,1,1,0,[0|0|0|0|0|0|0]
31230900,Cold Large Leather Shield,0,0,[0|0|0],3100,7207011,0,3,0,900,340,100,36,0,24,0,85,49,36,45,-1,107500,-1,-1,-1,-1,0,31230000,31230000,31230000,31230000,31230000,31230000,31230000,31230000,31230000,31230000,31230000,31230000,31230000,31230000,31230000,31230000,1,1,1,1,15,15,5.5,2044,12059,0,0,1,10,73,62,0,0,61,60,0,46,900,-1,-1,0,-1,7,0,12,49,0,1,105,0,10,0,0,15,8,0,0,0,99,0,0,50,80,0,3,0,0,0,22,22,22,22,1,1,1,1,0,0,1,1,0,0,0,0,0,1,0,0,0,0,0,0,0,0,0,0,0,0,0,1,0,1,1,1,0,2,0,108,2,2,0,0,-1,-1,-1,-1,-1,-1,-1,-1,-1,-1,-1,-1,-1,-1,-1,-1,-1,-1,-1,-1,-1,-1,-1,-1,139,139,49,0.03,0,0,0,0,1,0,0,0,4,0,0,1,1,45,0,0,6,30,1,22,22,6,0,22,0,302,0,0,0,0,67,15,15,15,15,15,15,15,15,15,15,0,-1,-1,-1,-1,-1,-1,-1,-1,0.9,1,1,1,1,1,1,1,1,-1,-1,-1,-1,-1,10000,0,1,1,0,0,0,0,1,0,0,0,1,3400,310,6,6,1,2,60,6601,-1,-1,31230000,31230000,31230000,31230000,31230000,31230000,31230000,31230000,31230000,31230000,1,1,0,0,0,0,1,1,0,[0|0|0|0|0|0|0]
31231000,Poison Large Leather Shield,0,0,[0|0|0],3100,7207009,0,3,0,900,340,100,38,0,0,0,85,49,36,45,-1,106000,-1,-1,-1,-1,0,31230000,31230000,31230000,31230000,31230000,31230000,31230000,31230000,31230000,31230000,31230000,31230000,31230000,31230000,31230000,31230000,1,1,1,1,15,15,5.5,2044,12059,0,0,1,10,73,0,0,0,61,60,0,46,1000,-1,-1,0,-1,7,0,12,49,0,1,105,0,0,0,0,15,8,0,0,0,99,0,0,50,80,0,3,0,0,0,22,22,22,22,1,1,1,1,0,0,1,1,0,0,0,0,0,1,0,0,0,0,0,0,0,0,0,0,0,0,0,1,0,1,1,1,0,2,0,108,2,2,0,0,-1,-1,-1,-1,-1,-1,-1,-1,-1,-1,-1,-1,-1,-1,-1,-1,-1,-1,-1,-1,-1,-1,-1,-1,139,139,49,0.03,0,0,0,0,1,0,0,0,0,0,0,1,1,45,0,0,6,30,1,22,22,6,0,22,0,302,30,0,0,0,67,15,15,15,15,15,15,15,15,15,15,0,-1,-1,-1,-1,-1,-1,-1,-1,0.9,1,1,1,1,1,1,1,1,-1,-1,-1,-1,-1,10013,0,1,1,0,0,0,0,1,0,0,0,1,3400,310,6,6,1,2,60,6401,-1,-1,31230000,31230000,31230000,31230000,31230000,31230000,31230000,31230000,31230000,31230000,1,1,0,0,0,0,1,1,0,[0|0|0|0|0|0|0]
31231100,Bloody Large Leather Shield,0,0,[0|0|0],3100,7207010,0,3,0,900,340,100,38,0,0,0,85,49,36,45,105000,-1,-1,-1,-1,-1,0,31230000,31230000,31230000,31230000,31230000,31230000,31230000,31230000,31230000,31230000,31230000,31230000,31230000,31230000,31230000,31230000,1,1,1,1,15,15,5.5,2044,12059,0,0,1,10,73,0,0,0,61,60,0,46,1100,-1,-1,0,-1,7,0,12,49,0,1,105,0,0,0,0,15,8,0,0,0,99,0,0,50,80,0,3,0,0,0,22,22,22,22,1,1,1,1,0,0,1,1,0,0,0,0,0,1,0,0,0,0,0,0,0,0,0,0,0,0,0,1,0,1,1,1,0,2,0,108,2,2,0,0,-1,-1,-1,-1,-1,-1,-1,-1,-1,-1,-1,-1,-1,-1,-1,-1,-1,-1,-1,-1,-1,-1,-1,-1,139,139,49,0.03,0,0,0,0,1,0,0,0,0,0,0,1,1,45,0,0,6,30,1,22,22,6,0,22,0,302,30,0,0,0,67,15,15,15,15,15,15,15,15,15,15,0,-1,-1,-1,-1,-1,-1,-1,-1,0.9,1,1,1,1,1,1,1,1,-1,-1,-1,-1,-1,10013,0,1,1,0,0,0,0,1,0,0,0,1,3400,310,6,6,1,2,60,6501,-1,-1,31230000,31230000,31230000,31230000,31230000,31230000,31230000,31230000,31230000,31230000,1,1,0,0,0,0,1,1,0,[0|0|0|0|0|0|0]
31231200,Occult Large Leather Shield,0,0,[0|0|0],3100,7207012,0,3,0,900,340,100,38,0,0,0,85,49,36,45,-1,-1,-1,-1,-1,-1,0,31230000,31230000,31230000,31230000,31230000,31230000,31230000,31230000,31230000,31230000,31230000,31230000,31230000,31230000,31230000,31230000,1,1,1,1,15,15,5.5,2044,12059,0,0,1,10,73,0,0,0,61,60,0,46,1200,-1,-1,0,-1,7,0,12,49,0,1,105,7,0,0,0,15,8,0,0,0,99,0,0,50,80,0,3,0,0,0,22,22,22,22,1,1,1,1,0,0,1,1,0,0,0,0,0,1,0,0,0,0,0,0,0,0,0,0,0,0,0,1,0,1,1,1,0,2,0,108,2,2,0,0,-1,-1,-1,-1,-1,-1,-1,-1,-1,-1,-1,-1,-1,-1,-1,-1,-1,-1,-1,-1,-1,-1,-1,-1,139,139,49,0.03,0,0,0,0,1,0,0,0,0,0,0,1,1,45,0,0,6,30,1,22,22,6,0,22,0,302,38,0,0,0,67,15,15,15,15,15,15,15,15,15,15,0,-1,-1,-1,-1,-1,-1,-1,-1,0.9,1,1,1,1,1,1,1,1,-1,-1,-1,-1,-1,10013,0,1,1,0,0,0,0,1,0,0,0,1,3400,310,6,6,1,2,60,-1,-1,-1,31230000,31230000,31230000,31230000,31230000,31230000,31230000,31230000,31230000,31230000,1,1,0,0,0,0,1,1,0,[0|0|0|0|0|0|0]
31240000,Horse Crest Wooden Shield,1,0,[0|0|0],3100,7201000,0,3.5,0,900,340,100,40,0,0,0,87,50,32,43,-1,-1,-1,-1,-1,-1,0,31240000,31240000,31240000,31240000,31240000,31240000,31240000,31240000,31240000,31240000,31240000,31240000,31240000,31240000,31240000,31240000,1,1,1,1,15,15,5.5,2043,12060,0,0,1,10,76,0,0,0,61,60,0,47,8100,-1,-1,0,-1,7,0,12,49,0,2,105,0,0,0,0,15,8,0,0,0,99,0,0,50,80,0,3,0,0,0,23,23,23,23,1,1,1,1,0,0,1,1,0,0,0,0,0,1,0,0,0,0,0,0,0,0,0,0,0,0,0,1,0,1,1,1,0,2,0,128,2,1,0,0,-1,-1,-1,-1,-1,-1,-1,-1,-1,-1,-1,-1,-1,-1,-1,-1,-1,-1,-1,-1,-1,-1,-1,-1,139,139,49,0.03,0,0,0,0,1,0,0,0,0,0,0,1,1,42,0,0,6,30,1,23,23,6,0,23,0,10,0,0,0,0,67,15,15,15,15,15,15,15,15,15,15,0,-1,-1,-1,-1,-1,-1,-1,-1,0.935,1,1,1,1,1,1,1,1,-1,-1,-1,-1,-1,10000,0,1,1,0,0,0,0,1,0,0,0,1,3400,310,6,6,1,2,60,-1,-1,-1,31240000,31240000,31240000,31240000,31240000,31240000,31240000,31240000,31240000,31240000,1,1,0,0,0,0,1,1,0,[0|0|0|0|0|0|0]
31240100,Heavy Horse Crest Wooden Shield,1,0,[0|0|0],3100,7201001,0,3.5,0,900,340,100,36,0,0,0,87,50,32,43,-1,-1,-1,-1,-1,-1,0,31240000,31240000,31240000,31240000,31240000,31240000,31240000,31240000,31240000,31240000,31240000,31240000,31240000,31240000,31240000,31240000,1,1,1,1,15,15,5.5,2043,12060,0,0,1,10,74,0,0,0,61,60,0,47,100,-1,-1,0,-1,7,0,12,49,0,2,105,1,0,0,0,15,8,0,0,0,99,0,0,50,80,0,3,0,0,0,23,23,23,23,1,1,1,1,0,0,1,1,0,0,0,0,0,1,0,0,0,0,0,0,0,0,0,0,0,0,0,1,0,1,1,1,0,2,0,128,2,1,0,0,-1,-1,-1,-1,-1,-1,-1,-1,-1,-1,-1,-1,-1,-1,-1,-1,-1,-1,-1,-1,-1,-1,-1,-1,139,139,49,0.03,0,0,0,0,1,0,0,0,0,0,0,1,1,42,0,0,6,30,1,23,23,6,0,23,0,10,0,0,0,0,67,15,15,15,15,15,15,15,15,15,15,0,-1,-1,-1,-1,-1,-1,-1,-1,0.935,1,1,1,1,1,1,1,1,-1,-1,-1,-1,-1,10000,0,1,1,0,0,0,0,1,0,0,0,1,3400,310,6,6,1,2,60,-1,-1,-1,31240000,31240000,31240000,31240000,31240000,31240000,31240000,31240000,31240000,31240000,1,1,0,0,0,0,1,1,0,[0|0|0|0|0|0|0]
31240200,Keen Horse Crest Wooden Shield,1,0,[0|0|0],3100,7201002,0,3.5,0,900,340,100,8,32,0,0,87,50,32,43,-1,-1,-1,-1,-1,-1,0,31240000,31240000,31240000,31240000,31240000,31240000,31240000,31240000,31240000,31240000,31240000,31240000,31240000,31240000,31240000,31240000,1,1,1,1,15,15,5.5,2043,12060,0,0,1,10,74,0,0,0,61,60,0,47,200,-1,-1,0,-1,7,0,12,49,0,2,105,2,0,0,0,15,8,0,0,0,99,0,0,50,80,0,3,0,0,0,23,23,23,23,1,1,1,1,0,0,1,1,0,0,0,0,0,1,0,0,0,0,0,0,0,0,0,0,0,0,0,1,0,1,1,1,0,2,0,128,2,1,0,0,-1,-1,-1,-1,-1,-1,-1,-1,-1,-1,-1,-1,-1,-1,-1,-1,-1,-1,-1,-1,-1,-1,-1,-1,139,139,49,0.03,0,0,0,0,1,0,0,0,0,0,0,1,1,42,0,0,6,30,1,23,23,6,0,23,0,10,0,0,0,0,67,15,15,15,15,15,15,15,15,15,15,0,-1,-1,-1,-1,-1,-1,-1,-1,0.935,1,1,1,1,1,1,1,1,-1,-1,-1,-1,-1,10000,0,1,1,0,0,0,0,1,0,0,0,1,3400,310,6,6,1,2,60,-1,-1,-1,31240000,31240000,31240000,31240000,31240000,31240000,31240000,31240000,31240000,31240000,1,1,0,0,0,0,1,1,0,[0|0|0|0|0|0|0]
31240300,Quality Horse Crest Wooden Shield,1,0,[0|0|0],3100,7201003,0,3.5,0,900,340,100,40,40,0,0,87,50,32,43,-1,-1,-1,-1,-1,-1,0,31240000,31240000,31240000,31240000,31240000,31240000,31240000,31240000,31240000,31240000,31240000,31240000,31240000,31240000,31240000,31240000,1,1,1,1,15,15,5.5,2043,12060,0,0,1,10,74,0,0,0,61,60,0,47,300,-1,-1,0,-1,7,0,12,49,0,2,105,8,0,0,0,15,8,0,0,0,99,0,0,50,80,0,3,0,0,0,23,23,23,23,1,1,1,1,0,0,1,1,0,0,0,0,0,1,0,0,0,0,0,0,0,0,0,0,0,0,0,1,0,1,1,1,0,2,0,128,2,1,0,0,-1,-1,-1,-1,-1,-1,-1,-1,-1,-1,-1,-1,-1,-1,-1,-1,-1,-1,-1,-1,-1,-1,-1,-1,139,139,49,0.03,0,0,0,0,1,0,0,0,0,0,0,1,1,42,0,0,6,30,1,23,23,6,0,23,0,10,0,0,0,0,67,15,15,15,15,15,15,15,15,15,15,0,-1,-1,-1,-1,-1,-1,-1,-1,0.935,1,1,1,1,1,1,1,1,-1,-1,-1,-1,-1,10000,0,1,1,0,0,0,0,1,0,0,0,1,3400,310,6,6,1,2,60,-1,-1,-1,31240000,31240000,31240000,31240000,31240000,31240000,31240000,31240000,31240000,31240000,1,1,0,0,0,0,1,1,0,[0|0|0|0|0|0|0]
31240400,Fire Horse Crest Wooden Shield,1,0,[0|0|0],3100,7201005,0,3.5,0,900,340,100,28,12,0,0,87,50,32,43,-1,-1,-1,-1,-1,-1,0,31240000,31240000,31240000,31240000,31240000,31240000,31240000,31240000,31240000,31240000,31240000,31240000,31240000,31240000,31240000,31240000,1,1,1,1,15,15,5.5,2043,12060,0,0,1,10,74,0,74,0,61,60,0,47,400,-1,-1,0,-1,7,0,12,49,0,2,105,0,11,0,0,15,8,0,0,0,99,0,0,50,80,0,3,0,0,0,23,23,23,23,1,1,1,1,0,0,1,1,0,0,0,0,0,1,0,0,0,0,0,0,0,0,0,0,0,0,0,1,0,1,1,1,0,2,0,128,2,1,0,0,-1,-1,-1,-1,-1,-1,-1,-1,-1,-1,-1,-1,-1,-1,-1,-1,-1,-1,-1,-1,-1,-1,-1,-1,139,139,49,0.03,0,0,0,0,1,0,0,0,0,4,0,1,1,42,0,0,6,30,1,23,23,6,0,23,0,10,0,0,0,0,67,15,15,15,15,15,15,15,15,15,15,0,-1,-1,-1,-1,-1,-1,-1,-1,0.935,1,1,1,1,1,1,1,1,-1,-1,-1,-1,-1,10005,0,1,1,0,0,0,0,1,0,0,0,1,3400,310,6,6,1,2,60,-1,-1,-1,31240000,31240000,31240000,31240000,31240000,31240000,31240000,31240000,31240000,31240000,1,1,0,0,0,0,1,1,0,[0|0|0|0|0|0|0]
31240500,Flame Art Horse Crest Wooden Shield,1,0,[0|0|0],3100,7201006,0,3.5,0,900,340,100,14,0,0,24,87,50,32,43,-1,-1,-1,-1,-1,-1,0,31240000,31240000,31240000,31240000,31240000,31240000,31240000,31240000,31240000,31240000,31240000,31240000,31240000,31240000,31240000,31240000,1,1,1,1,15,15,5.5,2043,12060,0,0,1,10,74,0,74,0,61,60,0,47,500,-1,-1,0,-1,7,0,12,49,0,2,105,0,11,0,0,15,8,0,0,0,99,0,0,50,80,0,3,0,0,0,23,23,23,23,1,1,1,1,0,0,1,1,0,0,0,0,0,1,0,0,0,0,0,0,0,0,0,0,0,0,0,1,0,1,1,1,0,2,0,128,2,1,0,0,-1,-1,-1,-1,-1,-1,-1,-1,-1,-1,-1,-1,-1,-1,-1,-1,-1,-1,-1,-1,-1,-1,-1,-1,139,139,49,0.03,0,0,0,0,1,0,0,0,0,4,0,1,1,42,0,0,6,30,1,23,23,6,0,23,0,10,0,0,0,0,67,15,15,15,15,15,15,15,15,15,15,0,-1,-1,-1,-1,-1,-1,-1,-1,0.935,1,1,1,1,1,1,1,1,-1,-1,-1,-1,-1,10000,0,1,1,0,0,0,0,1,0,0,0,1,3400,310,6,6,1,2,60,-1,-1,-1,31240000,31240000,31240000,31240000,31240000,31240000,31240000,31240000,31240000,31240000,1,1,0,0,0,0,1,1,0,[0|0|0|0|0|0|0]
31240600,Lightning Horse Crest Wooden Shield,1,0,[0|0|0],3100,7201007,0,3.5,0,900,340,100,8,28,0,0,87,50,32,43,-1,-1,-1,-1,-1,-1,0,31240000,31240000,31240000,31240000,31240000,31240000,31240000,31240000,31240000,31240000,31240000,31240000,31240000,31240000,31240000,31240000,1,1,1,1,15,15,5.5,2043,12060,0,0,1,10,74,0,0,74,61,60,0,47,600,-1,-1,0,-1,7,0,12,49,0,2,105,0,12,0,0,15,8,0,0,0,99,0,0,50,80,0,3,0,0,0,23,23,23,23,1,1,1,1,0,0,1,1,0,0,0,0,0,1,0,0,0,0,0,0,0,0,0,0,0,0,0,1,0,1,1,1,0,2,0,128,2,1,0,0,-1,-1,-1,-1,-1,-1,-1,-1,-1,-1,-1,-1,-1,-1,-1,-1,-1,-1,-1,-1,-1,-1,-1,-1,139,139,49,0.03,0,0,0,0,1,0,0,0,0,0,4,1,1,42,0,0,6,30,1,23,23,6,0,23,0,10,0,0,0,0,67,15,15,15,15,15,15,15,15,15,15,0,-1,-1,-1,-1,-1,-1,-1,-1,0.935,1,1,1,1,1,1,1,1,-1,-1,-1,-1,-1,10000,0,1,1,0,0,0,0,1,0,0,0,1,3400,310,6,6,1,2,60,-1,-1,-1,31240000,31240000,31240000,31240000,31240000,31240000,31240000,31240000,31240000,31240000,1,1,0,0,0,0,1,1,0,[0|0|0|0|0|0|0]
31240700,Sacred Horse Crest Wooden Shield,1,0,[0|0|0],3100,7201008,0,3.5,0,900,340,100,18,0,0,24,87,50,32,43,-1,-1,-1,-1,-1,-1,0,31240000,31240000,31240000,31240000,31240000,31240000,31240000,31240000,31240000,31240000,31240000,31240000,31240000,31240000,31240000,31240000,1,1,1,1,15,15,5.5,2043,12060,0,0,1,10,74,0,0,0,61,60,0,47,700,-1,-1,0,-1,7,0,12,49,0,2,105,0,13,0,0,15,8,0,0,0,99,0,0,50,80,0,3,0,0,0,23,23,23,23,1,1,1,1,0,0,1,1,0,0,0,0,0,1,0,0,0,0,0,0,0,0,0,0,0,0,0,1,0,1,1,1,0,2,0,128,2,1,0,0,-1,-1,-1,-1,-1,-1,-1,-1,-1,-1,-1,-1,-1,-1,-1,-1,-1,-1,-1,-1,-1,-1,-1,-1,139,139,49,0.03,0,0,0,0,1,0,0,0,0,0,0,1,1,42,74,4,6,30,1,23,23,6,0,23,0,10,0,0,0,0,67,15,15,15,15,15,15,15,15,15,15,0,-1,-1,-1,-1,-1,-1,-1,-1,0.935,1,1,1,1,1,1,1,1,-1,-1,-1,-1,-1,10000,0,1,1,0,0,0,0,1,0,0,0,1,3400,310,6,6,1,2,60,-1,-1,-1,31240000,31240000,31240000,31240000,31240000,31240000,31240000,31240000,31240000,31240000,1,1,0,0,0,0,1,1,0,[0|0|0|0|0|0|0]
31240800,Magic Horse Crest Wooden Shield,1,0,[0|0|0],3100,7201004,0,3.5,0,900,340,100,16,0,24,0,87,50,32,43,-1,-1,-1,-1,-1,-1,0,31240000,31240000,31240000,31240000,31240000,31240000,31240000,31240000,31240000,31240000,31240000,31240000,31240000,31240000,31240000,31240000,1,1,1,1,15,15,5.5,2043,12060,0,0,1,10,74,74,0,0,61,60,0,47,800,-1,-1,0,-1,7,0,12,49,0,2,105,0,10,0,0,15,8,0,0,0,99,0,0,50,80,0,3,0,0,0,23,23,23,23,1,1,1,1,0,0,1,1,0,0,0,0,0,1,0,0,0,0,0,0,0,0,0,0,0,0,0,1,0,1,1,1,0,2,0,128,2,1,0,0,-1,-1,-1,-1,-1,-1,-1,-1,-1,-1,-1,-1,-1,-1,-1,-1,-1,-1,-1,-1,-1,-1,-1,-1,139,139,49,0.03,0,0,0,0,1,0,0,0,4,0,0,1,1,42,0,0,6,30,1,23,23,6,0,23,0,10,0,0,0,0,67,15,15,15,15,15,15,15,15,15,15,0,-1,-1,-1,-1,-1,-1,-1,-1,0.935,1,1,1,1,1,1,1,1,-1,-1,-1,-1,-1,10000,0,1,1,0,0,0,0,1,0,0,0,1,3400,310,6,6,1,2,60,-1,-1,-1,31240000,31240000,31240000,31240000,31240000,31240000,31240000,31240000,31240000,31240000,1,1,0,0,0,0,1,1,0,[0|0|0|0|0|0|0]
31240900,Cold Horse Crest Wooden Shield,1,0,[0|0|0],3100,7201011,0,3.5,0,900,340,100,36,0,24,0,87,50,32,43,-1,107500,-1,-1,-1,-1,0,31240000,31240000,31240000,31240000,31240000,31240000,31240000,31240000,31240000,31240000,31240000,31240000,31240000,31240000,31240000,31240000,1,1,1,1,15,15,5.5,2043,12060,0,0,1,10,74,63,0,0,61,60,0,47,900,-1,-1,0,-1,7,0,12,49,0,2,105,0,10,0,0,15,8,0,0,0,99,0,0,50,80,0,3,0,0,0,23,23,23,23,1,1,1,1,0,0,1,1,0,0,0,0,0,1,0,0,0,0,0,0,0,0,0,0,0,0,0,1,0,1,1,1,0,2,0,128,2,1,0,0,-1,-1,-1,-1,-1,-1,-1,-1,-1,-1,-1,-1,-1,-1,-1,-1,-1,-1,-1,-1,-1,-1,-1,-1,139,139,49,0.03,0,0,0,0,1,0,0,0,4,0,0,1,1,42,0,0,6,30,1,23,23,6,0,23,0,10,0,0,0,0,67,15,15,15,15,15,15,15,15,15,15,0,-1,-1,-1,-1,-1,-1,-1,-1,0.935,1,1,1,1,1,1,1,1,-1,-1,-1,-1,-1,10000,0,1,1,0,0,0,0,1,0,0,0,1,3400,310,6,6,1,2,60,6601,-1,-1,31240000,31240000,31240000,31240000,31240000,31240000,31240000,31240000,31240000,31240000,1,1,0,0,0,0,1,1,0,[0|0|0|0|0|0|0]
31241000,Poison Horse Crest Wooden Shield,1,0,[0|0|0],3100,7201009,0,3.5,0,900,340,100,38,0,0,0,87,50,32,43,-1,106000,-1,-1,-1,-1,0,31240000,31240000,31240000,31240000,31240000,31240000,31240000,31240000,31240000,31240000,31240000,31240000,31240000,31240000,31240000,31240000,1,1,1,1,15,15,5.5,2043,12060,0,0,1,10,74,0,0,0,61,60,0,47,1000,-1,-1,0,-1,7,0,12,49,0,2,105,0,0,0,0,15,8,0,0,0,99,0,0,50,80,0,3,0,0,0,23,23,23,23,1,1,1,1,0,0,1,1,0,0,0,0,0,1,0,0,0,0,0,0,0,0,0,0,0,0,0,1,0,1,1,1,0,2,0,128,2,1,0,0,-1,-1,-1,-1,-1,-1,-1,-1,-1,-1,-1,-1,-1,-1,-1,-1,-1,-1,-1,-1,-1,-1,-1,-1,139,139,49,0.03,0,0,0,0,1,0,0,0,0,0,0,1,1,42,0,0,6,30,1,23,23,6,0,23,0,10,30,0,0,0,67,15,15,15,15,15,15,15,15,15,15,0,-1,-1,-1,-1,-1,-1,-1,-1,0.935,1,1,1,1,1,1,1,1,-1,-1,-1,-1,-1,10013,0,1,1,0,0,0,0,1,0,0,0,1,3400,310,6,6,1,2,60,6401,-1,-1,31240000,31240000,31240000,31240000,31240000,31240000,31240000,31240000,31240000,31240000,1,1,0,0,0,0,1,1,0,[0|0|0|0|0|0|0]
31241100,Blood Horse Crest Wooden Shield,1,0,[0|0|0],3100,7201010,0,3.5,0,900,340,100,38,0,0,0,87,50,32,43,105000,-1,-1,-1,-1,-1,0,31240000,31240000,31240000,31240000,31240000,31240000,31240000,31240000,31240000,31240000,31240000,31240000,31240000,31240000,31240000,31240000,1,1,1,1,15,15,5.5,2043,12060,0,0,1,10,74,0,0,0,61,60,0,47,1100,-1,-1,0,-1,7,0,12,49,0,2,105,0,0,0,0,15,8,0,0,0,99,0,0,50,80,0,3,0,0,0,23,23,23,23,1,1,1,1,0,0,1,1,0,0,0,0,0,1,0,0,0,0,0,0,0,0,0,0,0,0,0,1,0,1,1,1,0,2,0,128,2,1,0,0,-1,-1,-1,-1,-1,-1,-1,-1,-1,-1,-1,-1,-1,-1,-1,-1,-1,-1,-1,-1,-1,-1,-1,-1,139,139,49,0.03,0,0,0,0,1,0,0,0,0,0,0,1,1,42,0,0,6,30,1,23,23,6,0,23,0,10,30,0,0,0,67,15,15,15,15,15,15,15,15,15,15,0,-1,-1,-1,-1,-1,-1,-1,-1,0.935,1,1,1,1,1,1,1,1,-1,-1,-1,-1,-1,10013,0,1,1,0,0,0,0,1,0,0,0,1,3400,310,6,6,1,2,60,6501,-1,-1,31240000,31240000,31240000,31240000,31240000,31240000,31240000,31240000,31240000,31240000,1,1,0,0,0,0,1,1,0,[0|0|0|0|0|0|0]
31241200,Occult Horse Crest Wooden Shield,1,0,[0|0|0],3100,7201012,0,3.5,0,900,340,100,38,0,0,0,87,50,32,43,-1,-1,-1,-1,-1,-1,0,31240000,31240000,31240000,31240000,31240000,31240000,31240000,31240000,31240000,31240000,31240000,31240000,31240000,31240000,31240000,31240000,1,1,1,1,15,15,5.5,2043,12060,0,0,1,10,74,0,0,0,61,60,0,47,1200,-1,-1,0,-1,7,0,12,49,0,2,105,7,0,0,0,15,8,0,0,0,99,0,0,50,80,0,3,0,0,0,23,23,23,23,1,1,1,1,0,0,1,1,0,0,0,0,0,1,0,0,0,0,0,0,0,0,0,0,0,0,0,1,0,1,1,1,0,2,0,128,2,1,0,0,-1,-1,-1,-1,-1,-1,-1,-1,-1,-1,-1,-1,-1,-1,-1,-1,-1,-1,-1,-1,-1,-1,-1,-1,139,139,49,0.03,0,0,0,0,1,0,0,0,0,0,0,1,1,42,0,0,6,30,1,23,23,6,0,23,0,10,38,0,0,0,67,15,15,15,15,15,15,15,15,15,15,0,-1,-1,-1,-1,-1,-1,-1,-1,0.935,1,1,1,1,1,1,1,1,-1,-1,-1,-1,-1,10013,0,1,1,0,0,0,0,1,0,0,0,1,3400,310,6,6,1,2,60,-1,-1,-1,31240000,31240000,31240000,31240000,31240000,31240000,31240000,31240000,31240000,31240000,1,1,0,0,0,0,1,1,0,[0|0|0|0|0|0|0]
31250000,Candletree Wooden Shield,1,0,[0|0|0],3100,7202000,0,3.5,0,900,340,100,40,0,0,0,88,42,32,50,-1,-1,-1,-1,-1,-1,0,31250000,31250000,31250000,31250000,31250000,31250000,31250000,31250000,31250000,31250000,31250000,31250000,31250000,31250000,31250000,31250000,1,1,1,1,15,15,5.5,2042,12061,0,0,1,10,76,0,0,0,61,60,0,47,8100,-1,-1,0,-1,7,0,12,49,0,2,105,0,0,0,0,15,8,0,0,0,99,0,0,50,80,0,3,0,0,0,23,23,23,23,1,1,1,1,0,0,1,1,0,0,0,0,0,1,0,0,0,0,0,0,0,0,0,0,0,0,0,1,0,1,1,1,0,2,0,128,2,1,0,0,-1,-1,-1,-1,-1,-1,-1,-1,-1,-1,-1,-1,-1,-1,-1,-1,-1,-1,-1,-1,-1,-1,-1,-1,139,139,49,0.03,0,0,0,0,1,0,0,0,0,0,0,1,1,43,0,0,6,30,1,23,23,6,0,23,0,302,0,0,0,0,67,15,15,15,15,15,15,15,15,15,15,0,-1,-1,-1,-1,-1,-1,-1,-1,0.935,1,1,1,1,1,1,1,1,-1,-1,-1,-1,-1,10000,0,1,1,0,0,0,0,1,0,0,0,1,3400,310,6,6,1,2,60,-1,-1,-1,31250000,31250000,31250000,31250000,31250000,31250000,31250000,31250000,31250000,31250000,1,1,0,0,0,0,1,1,0,[0|0|0|0|0|0|0]
31250100,Heavy Candletree Wooden Shield,1,0,[0|0|0],3100,7202001,0,3.5,0,900,340,100,36,0,0,0,88,42,32,50,-1,-1,-1,-1,-1,-1,0,31250000,31250000,31250000,31250000,31250000,31250000,31250000,31250000,31250000,31250000,31250000,31250000,31250000,31250000,31250000,31250000,1,1,1,1,15,15,5.5,2042,12061,0,0,1,10,74,0,0,0,61,60,0,47,100,-1,-1,0,-1,7,0,12,49,0,2,105,1,0,0,0,15,8,0,0,0,99,0,0,50,80,0,3,0,0,0,23,23,23,23,1,1,1,1,0,0,1,1,0,0,0,0,0,1,0,0,0,0,0,0,0,0,0,0,0,0,0,1,0,1,1,1,0,2,0,128,2,1,0,0,-1,-1,-1,-1,-1,-1,-1,-1,-1,-1,-1,-1,-1,-1,-1,-1,-1,-1,-1,-1,-1,-1,-1,-1,139,139,49,0.03,0,0,0,0,1,0,0,0,0,0,0,1,1,43,0,0,6,30,1,23,23,6,0,23,0,302,0,0,0,0,67,15,15,15,15,15,15,15,15,15,15,0,-1,-1,-1,-1,-1,-1,-1,-1,0.935,1,1,1,1,1,1,1,1,-1,-1,-1,-1,-1,10000,0,1,1,0,0,0,0,1,0,0,0,1,3400,310,6,6,1,2,60,-1,-1,-1,31250000,31250000,31250000,31250000,31250000,31250000,31250000,31250000,31250000,31250000,1,1,0,0,0,0,1,1,0,[0|0|0|0|0|0|0]
31250200,Keen Candletree Wooden Shield,1,0,[0|0|0],3100,7202002,0,3.5,0,900,340,100,8,32,0,0,88,42,32,50,-1,-1,-1,-1,-1,-1,0,31250000,31250000,31250000,31250000,31250000,31250000,31250000,31250000,31250000,31250000,31250000,31250000,31250000,31250000,31250000,31250000,1,1,1,1,15,15,5.5,2042,12061,0,0,1,10,74,0,0,0,61,60,0,47,200,-1,-1,0,-1,7,0,12,49,0,2,105,2,0,0,0,15,8,0,0,0,99,0,0,50,80,0,3,0,0,0,23,23,23,23,1,1,1,1,0,0,1,1,0,0,0,0,0,1,0,0,0,0,0,0,0,0,0,0,0,0,0,1,0,1,1,1,0,2,0,128,2,1,0,0,-1,-1,-1,-1,-1,-1,-1,-1,-1,-1,-1,-1,-1,-1,-1,-1,-1,-1,-1,-1,-1,-1,-1,-1,139,139,49,0.03,0,0,0,0,1,0,0,0,0,0,0,1,1,43,0,0,6,30,1,23,23,6,0,23,0,302,0,0,0,0,67,15,15,15,15,15,15,15,15,15,15,0,-1,-1,-1,-1,-1,-1,-1,-1,0.935,1,1,1,1,1,1,1,1,-1,-1,-1,-1,-1,10000,0,1,1,0,0,0,0,1,0,0,0,1,3400,310,6,6,1,2,60,-1,-1,-1,31250000,31250000,31250000,31250000,31250000,31250000,31250000,31250000,31250000,31250000,1,1,0,0,0,0,1,1,0,[0|0|0|0|0|0|0]
31250300,Quality Candletree Wooden Shield,1,0,[0|0|0],3100,7202003,0,3.5,0,900,340,100,40,40,0,0,88,42,32,50,-1,-1,-1,-1,-1,-1,0,31250000,31250000,31250000,31250000,31250000,31250000,31250000,31250000,31250000,31250000,31250000,31250000,31250000,31250000,31250000,31250000,1,1,1,1,15,15,5.5,2042,12061,0,0,1,10,74,0,0,0,61,60,0,47,300,-1,-1,0,-1,7,0,12,49,0,2,105,8,0,0,0,15,8,0,0,0,99,0,0,50,80,0,3,0,0,0,23,23,23,23,1,1,1,1,0,0,1,1,0,0,0,0,0,1,0,0,0,0,0,0,0,0,0,0,0,0,0,1,0,1,1,1,0,2,0,128,2,1,0,0,-1,-1,-1,-1,-1,-1,-1,-1,-1,-1,-1,-1,-1,-1,-1,-1,-1,-1,-1,-1,-1,-1,-1,-1,139,139,49,0.03,0,0,0,0,1,0,0,0,0,0,0,1,1,43,0,0,6,30,1,23,23,6,0,23,0,302,0,0,0,0,67,15,15,15,15,15,15,15,15,15,15,0,-1,-1,-1,-1,-1,-1,-1,-1,0.935,1,1,1,1,1,1,1,1,-1,-1,-1,-1,-1,10000,0,1,1,0,0,0,0,1,0,0,0,1,3400,310,6,6,1,2,60,-1,-1,-1,31250000,31250000,31250000,31250000,31250000,31250000,31250000,31250000,31250000,31250000,1,1,0,0,0,0,1,1,0,[0|0|0|0|0|0|0]
31250400,Fire Candletree Wooden Shield,1,0,[0|0|0],3100,7202005,0,3.5,0,900,340,100,28,12,0,0,88,42,32,50,-1,-1,-1,-1,-1,-1,0,31250000,31250000,31250000,31250000,31250000,31250000,31250000,31250000,31250000,31250000,31250000,31250000,31250000,31250000,31250000,31250000,1,1,1,1,15,15,5.5,2042,12061,0,0,1,10,74,0,74,0,61,60,0,47,400,-1,-1,0,-1,7,0,12,49,0,2,105,0,11,0,0,15,8,0,0,0,99,0,0,50,80,0,3,0,0,0,23,23,23,23,1,1,1,1,0,0,1,1,0,0,0,0,0,1,0,0,0,0,0,0,0,0,0,0,0,0,0,1,0,1,1,1,0,2,0,128,2,1,0,0,-1,-1,-1,-1,-1,-1,-1,-1,-1,-1,-1,-1,-1,-1,-1,-1,-1,-1,-1,-1,-1,-1,-1,-1,139,139,49,0.03,0,0,0,0,1,0,0,0,0,4,0,1,1,43,0,0,6,30,1,23,23,6,0,23,0,302,0,0,0,0,67,15,15,15,15,15,15,15,15,15,15,0,-1,-1,-1,-1,-1,-1,-1,-1,0.935,1,1,1,1,1,1,1,1,-1,-1,-1,-1,-1,10005,0,1,1,0,0,0,0,1,0,0,0,1,3400,310,6,6,1,2,60,-1,-1,-1,31250000,31250000,31250000,31250000,31250000,31250000,31250000,31250000,31250000,31250000,1,1,0,0,0,0,1,1,0,[0|0|0|0|0|0|0]
31250500,Flame Art Candletree Wooden Shield,1,0,[0|0|0],3100,7202006,0,3.5,0,900,340,100,14,0,0,24,88,42,32,50,-1,-1,-1,-1,-1,-1,0,31250000,31250000,31250000,31250000,31250000,31250000,31250000,31250000,31250000,31250000,31250000,31250000,31250000,31250000,31250000,31250000,1,1,1,1,15,15,5.5,2042,12061,0,0,1,10,74,0,74,0,61,60,0,47,500,-1,-1,0,-1,7,0,12,49,0,2,105,0,11,0,0,15,8,0,0,0,99,0,0,50,80,0,3,0,0,0,23,23,23,23,1,1,1,1,0,0,1,1,0,0,0,0,0,1,0,0,0,0,0,0,0,0,0,0,0,0,0,1,0,1,1,1,0,2,0,128,2,1,0,0,-1,-1,-1,-1,-1,-1,-1,-1,-1,-1,-1,-1,-1,-1,-1,-1,-1,-1,-1,-1,-1,-1,-1,-1,139,139,49,0.03,0,0,0,0,1,0,0,0,0,4,0,1,1,43,0,0,6,30,1,23,23,6,0,23,0,302,0,0,0,0,67,15,15,15,15,15,15,15,15,15,15,0,-1,-1,-1,-1,-1,-1,-1,-1,0.935,1,1,1,1,1,1,1,1,-1,-1,-1,-1,-1,10000,0,1,1,0,0,0,0,1,0,0,0,1,3400,310,6,6,1,2,60,-1,-1,-1,31250000,31250000,31250000,31250000,31250000,31250000,31250000,31250000,31250000,31250000,1,1,0,0,0,0,1,1,0,[0|0|0|0|0|0|0]
31250600,Lightning Candletree Wooden Shield,1,0,[0|0|0],3100,7202007,0,3.5,0,900,340,100,8,28,0,0,88,42,32,50,-1,-1,-1,-1,-1,-1,0,31250000,31250000,31250000,31250000,31250000,31250000,31250000,31250000,31250000,31250000,31250000,31250000,31250000,31250000,31250000,31250000,1,1,1,1,15,15,5.5,2042,12061,0,0,1,10,74,0,0,74,61,60,0,47,600,-1,-1,0,-1,7,0,12,49,0,2,105,0,12,0,0,15,8,0,0,0,99,0,0,50,80,0,3,0,0,0,23,23,23,23,1,1,1,1,0,0,1,1,0,0,0,0,0,1,0,0,0,0,0,0,0,0,0,0,0,0,0,1,0,1,1,1,0,2,0,128,2,1,0,0,-1,-1,-1,-1,-1,-1,-1,-1,-1,-1,-1,-1,-1,-1,-1,-1,-1,-1,-1,-1,-1,-1,-1,-1,139,139,49,0.03,0,0,0,0,1,0,0,0,0,0,4,1,1,43,0,0,6,30,1,23,23,6,0,23,0,302,0,0,0,0,67,15,15,15,15,15,15,15,15,15,15,0,-1,-1,-1,-1,-1,-1,-1,-1,0.935,1,1,1,1,1,1,1,1,-1,-1,-1,-1,-1,10000,0,1,1,0,0,0,0,1,0,0,0,1,3400,310,6,6,1,2,60,-1,-1,-1,31250000,31250000,31250000,31250000,31250000,31250000,31250000,31250000,31250000,31250000,1,1,0,0,0,0,1,1,0,[0|0|0|0|0|0|0]
31250700,Sacred Candletree Wooden Shield,1,0,[0|0|0],3100,7202008,0,3.5,0,900,340,100,18,0,0,24,88,42,32,50,-1,-1,-1,-1,-1,-1,0,31250000,31250000,31250000,31250000,31250000,31250000,31250000,31250000,31250000,31250000,31250000,31250000,31250000,31250000,31250000,31250000,1,1,1,1,15,15,5.5,2042,12061,0,0,1,10,74,0,0,0,61,60,0,47,700,-1,-1,0,-1,7,0,12,49,0,2,105,0,13,0,0,15,8,0,0,0,99,0,0,50,80,0,3,0,0,0,23,23,23,23,1,1,1,1,0,0,1,1,0,0,0,0,0,1,0,0,0,0,0,0,0,0,0,0,0,0,0,1,0,1,1,1,0,2,0,128,2,1,0,0,-1,-1,-1,-1,-1,-1,-1,-1,-1,-1,-1,-1,-1,-1,-1,-1,-1,-1,-1,-1,-1,-1,-1,-1,139,139,49,0.03,0,0,0,0,1,0,0,0,0,0,0,1,1,43,74,4,6,30,1,23,23,6,0,23,0,302,0,0,0,0,67,15,15,15,15,15,15,15,15,15,15,0,-1,-1,-1,-1,-1,-1,-1,-1,0.935,1,1,1,1,1,1,1,1,-1,-1,-1,-1,-1,10000,0,1,1,0,0,0,0,1,0,0,0,1,3400,310,6,6,1,2,60,-1,-1,-1,31250000,31250000,31250000,31250000,31250000,31250000,31250000,31250000,31250000,31250000,1,1,0,0,0,0,1,1,0,[0|0|0|0|0|0|0]
31250800,Magic Candletree Wooden Shield,1,0,[0|0|0],3100,7202004,0,3.5,0,900,340,100,16,0,24,0,88,42,32,50,-1,-1,-1,-1,-1,-1,0,31250000,31250000,31250000,31250000,31250000,31250000,31250000,31250000,31250000,31250000,31250000,31250000,31250000,31250000,31250000,31250000,1,1,1,1,15,15,5.5,2042,12061,0,0,1,10,74,74,0,0,61,60,0,47,800,-1,-1,0,-1,7,0,12,49,0,2,105,0,10,0,0,15,8,0,0,0,99,0,0,50,80,0,3,0,0,0,23,23,23,23,1,1,1,1,0,0,1,1,0,0,0,0,0,1,0,0,0,0,0,0,0,0,0,0,0,0,0,1,0,1,1,1,0,2,0,128,2,1,0,0,-1,-1,-1,-1,-1,-1,-1,-1,-1,-1,-1,-1,-1,-1,-1,-1,-1,-1,-1,-1,-1,-1,-1,-1,139,139,49,0.03,0,0,0,0,1,0,0,0,4,0,0,1,1,43,0,0,6,30,1,23,23,6,0,23,0,302,0,0,0,0,67,15,15,15,15,15,15,15,15,15,15,0,-1,-1,-1,-1,-1,-1,-1,-1,0.935,1,1,1,1,1,1,1,1,-1,-1,-1,-1,-1,10000,0,1,1,0,0,0,0,1,0,0,0,1,3400,310,6,6,1,2,60,-1,-1,-1,31250000,31250000,31250000,31250000,31250000,31250000,31250000,31250000,31250000,31250000,1,1,0,0,0,0,1,1,0,[0|0|0|0|0|0|0]
31250900,Cold Candletree Wooden Shield,1,0,[0|0|0],3100,7202011,0,3.5,0,900,340,100,36,0,24,0,88,42,32,50,-1,107500,-1,-1,-1,-1,0,31250000,31250000,31250000,31250000,31250000,31250000,31250000,31250000,31250000,31250000,31250000,31250000,31250000,31250000,31250000,31250000,1,1,1,1,15,15,5.5,2042,12061,0,0,1,10,74,63,0,0,61,60,0,47,900,-1,-1,0,-1,7,0,12,49,0,2,105,0,10,0,0,15,8,0,0,0,99,0,0,50,80,0,3,0,0,0,23,23,23,23,1,1,1,1,0,0,1,1,0,0,0,0,0,1,0,0,0,0,0,0,0,0,0,0,0,0,0,1,0,1,1,1,0,2,0,128,2,1,0,0,-1,-1,-1,-1,-1,-1,-1,-1,-1,-1,-1,-1,-1,-1,-1,-1,-1,-1,-1,-1,-1,-1,-1,-1,139,139,49,0.03,0,0,0,0,1,0,0,0,4,0,0,1,1,43,0,0,6,30,1,23,23,6,0,23,0,302,0,0,0,0,67,15,15,15,15,15,15,15,15,15,15,0,-1,-1,-1,-1,-1,-1,-1,-1,0.935,1,1,1,1,1,1,1,1,-1,-1,-1,-1,-1,10000,0,1,1,0,0,0,0,1,0,0,0,1,3400,310,6,6,1,2,60,6601,-1,-1,31250000,31250000,31250000,31250000,31250000,31250000,31250000,31250000,31250000,31250000,1,1,0,0,0,0,1,1,0,[0|0|0|0|0|0|0]
31251000,Poison Candletree Wooden Shield,1,0,[0|0|0],3100,7202009,0,3.5,0,900,340,100,38,0,0,0,88,42,32,50,-1,106000,-1,-1,-1,-1,0,31250000,31250000,31250000,31250000,31250000,31250000,31250000,31250000,31250000,31250000,31250000,31250000,31250000,31250000,31250000,31250000,1,1,1,1,15,15,5.5,2042,12061,0,0,1,10,74,0,0,0,61,60,0,47,1000,-1,-1,0,-1,7,0,12,49,0,2,105,0,0,0,0,15,8,0,0,0,99,0,0,50,80,0,3,0,0,0,23,23,23,23,1,1,1,1,0,0,1,1,0,0,0,0,0,1,0,0,0,0,0,0,0,0,0,0,0,0,0,1,0,1,1,1,0,2,0,128,2,1,0,0,-1,-1,-1,-1,-1,-1,-1,-1,-1,-1,-1,-1,-1,-1,-1,-1,-1,-1,-1,-1,-1,-1,-1,-1,139,139,49,0.03,0,0,0,0,1,0,0,0,0,0,0,1,1,43,0,0,6,30,1,23,23,6,0,23,0,302,30,0,0,0,67,15,15,15,15,15,15,15,15,15,15,0,-1,-1,-1,-1,-1,-1,-1,-1,0.935,1,1,1,1,1,1,1,1,-1,-1,-1,-1,-1,10013,0,1,1,0,0,0,0,1,0,0,0,1,3400,310,6,6,1,2,60,6401,-1,-1,31250000,31250000,31250000,31250000,31250000,31250000,31250000,31250000,31250000,31250000,1,1,0,0,0,0,1,1,0,[0|0|0|0|0|0|0]
31251100,Blood Candletree Wooden Shield,1,0,[0|0|0],3100,7202010,0,3.5,0,900,340,100,38,0,0,0,88,42,32,50,105000,-1,-1,-1,-1,-1,0,31250000,31250000,31250000,31250000,31250000,31250000,31250000,31250000,31250000,31250000,31250000,31250000,31250000,31250000,31250000,31250000,1,1,1,1,15,15,5.5,2042,12061,0,0,1,10,74,0,0,0,61,60,0,47,1100,-1,-1,0,-1,7,0,12,49,0,2,105,0,0,0,0,15,8,0,0,0,99,0,0,50,80,0,3,0,0,0,23,23,23,23,1,1,1,1,0,0,1,1,0,0,0,0,0,1,0,0,0,0,0,0,0,0,0,0,0,0,0,1,0,1,1,1,0,2,0,128,2,1,0,0,-1,-1,-1,-1,-1,-1,-1,-1,-1,-1,-1,-1,-1,-1,-1,-1,-1,-1,-1,-1,-1,-1,-1,-1,139,139,49,0.03,0,0,0,0,1,0,0,0,0,0,0,1,1,43,0,0,6,30,1,23,23,6,0,23,0,302,30,0,0,0,67,15,15,15,15,15,15,15,15,15,15,0,-1,-1,-1,-1,-1,-1,-1,-1,0.935,1,1,1,1,1,1,1,1,-1,-1,-1,-1,-1,10013,0,1,1,0,0,0,0,1,0,0,0,1,3400,310,6,6,1,2,60,6501,-1,-1,31250000,31250000,31250000,31250000,31250000,31250000,31250000,31250000,31250000,31250000,1,1,0,0,0,0,1,1,0,[0|0|0|0|0|0|0]
31251200,Occult Candletree Wooden Shield,1,0,[0|0|0],3100,7202012,0,3.5,0,900,340,100,38,0,0,0,88,42,32,50,-1,-1,-1,-1,-1,-1,0,31250000,31250000,31250000,31250000,31250000,31250000,31250000,31250000,31250000,31250000,31250000,31250000,31250000,31250000,31250000,31250000,1,1,1,1,15,15,5.5,2042,12061,0,0,1,10,74,0,0,0,61,60,0,47,1200,-1,-1,0,-1,7,0,12,49,0,2,105,7,0,0,0,15,8,0,0,0,99,0,0,50,80,0,3,0,0,0,23,23,23,23,1,1,1,1,0,0,1,1,0,0,0,0,0,1,0,0,0,0,0,0,0,0,0,0,0,0,0,1,0,1,1,1,0,2,0,128,2,1,0,0,-1,-1,-1,-1,-1,-1,-1,-1,-1,-1,-1,-1,-1,-1,-1,-1,-1,-1,-1,-1,-1,-1,-1,-1,139,139,49,0.03,0,0,0,0,1,0,0,0,0,0,0,1,1,43,0,0,6,30,1,23,23,6,0,23,0,302,38,0,0,0,67,15,15,15,15,15,15,15,15,15,15,0,-1,-1,-1,-1,-1,-1,-1,-1,0.935,1,1,1,1,1,1,1,1,-1,-1,-1,-1,-1,10013,0,1,1,0,0,0,0,1,0,0,0,1,3400,310,6,6,1,2,60,-1,-1,-1,31250000,31250000,31250000,31250000,31250000,31250000,31250000,31250000,31250000,31250000,1,1,0,0,0,0,1,1,0,[0|0|0|0|0|0|0]
31260000,Flame Crest Wooden Shield,1,0,[0|0|0],3100,7203000,0,3.5,0,900,340,100,40,0,0,0,89,43,32,42,-1,-1,-1,-1,-1,-1,0,31260000,31260000,31260000,31260000,31260000,31260000,31260000,31260000,31260000,31260000,31260000,31260000,31260000,31260000,31260000,31260000,1,1,1,1,15,15,5.5,2041,12062,0,0,1,10,76,0,0,0,61,60,0,47,8100,-1,-1,0,-1,7,0,12,49,0,2,105,0,0,0,0,15,8,0,0,0,99,0,0,50,80,0,3,0,0,0,23,23,23,23,1,1,1,1,0,0,1,1,0,0,0,0,0,1,0,0,0,0,0,0,0,0,0,0,0,0,0,1,0,1,1,1,0,2,0,128,2,1,0,0,-1,-1,-1,-1,-1,-1,-1,-1,-1,-1,-1,-1,-1,-1,-1,-1,-1,-1,-1,-1,-1,-1,-1,-1,139,139,49,0.03,0,0,0,0,1,0,0,0,0,0,0,1,1,50,0,0,6,30,1,23,23,6,0,23,0,302,0,0,0,0,67,15,15,15,15,15,15,15,15,15,15,0,-1,-1,-1,-1,-1,-1,-1,-1,0.935,1,1,1,1,1,1,1,1,-1,-1,-1,-1,-1,10000,0,1,1,0,0,0,0,1,0,0,0,1,3400,310,6,6,1,2,60,-1,-1,-1,31260000,31260000,31260000,31260000,31260000,31260000,31260000,31260000,31260000,31260000,1,1,0,0,0,0,1,1,0,[0|0|0|0|0|0|0]
31260100,Heavy Flame Crest Wooden Shield,1,0,[0|0|0],3100,7203001,0,3.5,0,900,340,100,36,0,0,0,89,43,32,42,-1,-1,-1,-1,-1,-1,0,31260000,31260000,31260000,31260000,31260000,31260000,31260000,31260000,31260000,31260000,31260000,31260000,31260000,31260000,31260000,31260000,1,1,1,1,15,15,5.5,2041,12062,0,0,1,10,74,0,0,0,61,60,0,47,100,-1,-1,0,-1,7,0,12,49,0,2,105,1,0,0,0,15,8,0,0,0,99,0,0,50,80,0,3,0,0,0,23,23,23,23,1,1,1,1,0,0,1,1,0,0,0,0,0,1,0,0,0,0,0,0,0,0,0,0,0,0,0,1,0,1,1,1,0,2,0,128,2,1,0,0,-1,-1,-1,-1,-1,-1,-1,-1,-1,-1,-1,-1,-1,-1,-1,-1,-1,-1,-1,-1,-1,-1,-1,-1,139,139,49,0.03,0,0,0,0,1,0,0,0,0,0,0,1,1,50,0,0,6,30,1,23,23,6,0,23,0,302,0,0,0,0,67,15,15,15,15,15,15,15,15,15,15,0,-1,-1,-1,-1,-1,-1,-1,-1,0.935,1,1,1,1,1,1,1,1,-1,-1,-1,-1,-1,10000,0,1,1,0,0,0,0,1,0,0,0,1,3400,310,6,6,1,2,60,-1,-1,-1,31260000,31260000,31260000,31260000,31260000,31260000,31260000,31260000,31260000,31260000,1,1,0,0,0,0,1,1,0,[0|0|0|0|0|0|0]
31260200,Keen Flame Crest Wooden Shield,1,0,[0|0|0],3100,7203002,0,3.5,0,900,340,100,8,32,0,0,89,43,32,42,-1,-1,-1,-1,-1,-1,0,31260000,31260000,31260000,31260000,31260000,31260000,31260000,31260000,31260000,31260000,31260000,31260000,31260000,31260000,31260000,31260000,1,1,1,1,15,15,5.5,2041,12062,0,0,1,10,74,0,0,0,61,60,0,47,200,-1,-1,0,-1,7,0,12,49,0,2,105,2,0,0,0,15,8,0,0,0,99,0,0,50,80,0,3,0,0,0,23,23,23,23,1,1,1,1,0,0,1,1,0,0,0,0,0,1,0,0,0,0,0,0,0,0,0,0,0,0,0,1,0,1,1,1,0,2,0,128,2,1,0,0,-1,-1,-1,-1,-1,-1,-1,-1,-1,-1,-1,-1,-1,-1,-1,-1,-1,-1,-1,-1,-1,-1,-1,-1,139,139,49,0.03,0,0,0,0,1,0,0,0,0,0,0,1,1,50,0,0,6,30,1,23,23,6,0,23,0,302,0,0,0,0,67,15,15,15,15,15,15,15,15,15,15,0,-1,-1,-1,-1,-1,-1,-1,-1,0.935,1,1,1,1,1,1,1,1,-1,-1,-1,-1,-1,10000,0,1,1,0,0,0,0,1,0,0,0,1,3400,310,6,6,1,2,60,-1,-1,-1,31260000,31260000,31260000,31260000,31260000,31260000,31260000,31260000,31260000,31260000,1,1,0,0,0,0,1,1,0,[0|0|0|0|0|0|0]
31260300,Quality Flame Crest Wooden Shield,1,0,[0|0|0],3100,7203003,0,3.5,0,900,340,100,40,40,0,0,89,43,32,42,-1,-1,-1,-1,-1,-1,0,31260000,31260000,31260000,31260000,31260000,31260000,31260000,31260000,31260000,31260000,31260000,31260000,31260000,31260000,31260000,31260000,1,1,1,1,15,15,5.5,2041,12062,0,0,1,10,74,0,0,0,61,60,0,47,300,-1,-1,0,-1,7,0,12,49,0,2,105,8,0,0,0,15,8,0,0,0,99,0,0,50,80,0,3,0,0,0,23,23,23,23,1,1,1,1,0,0,1,1,0,0,0,0,0,1,0,0,0,0,0,0,0,0,0,0,0,0,0,1,0,1,1,1,0,2,0,128,2,1,0,0,-1,-1,-1,-1,-1,-1,-1,-1,-1,-1,-1,-1,-1,-1,-1,-1,-1,-1,-1,-1,-1,-1,-1,-1,139,139,49,0.03,0,0,0,0,1,0,0,0,0,0,0,1,1,50,0,0,6,30,1,23,23,6,0,23,0,302,0,0,0,0,67,15,15,15,15,15,15,15,15,15,15,0,-1,-1,-1,-1,-1,-1,-1,-1,0.935,1,1,1,1,1,1,1,1,-1,-1,-1,-1,-1,10000,0,1,1,0,0,0,0,1,0,0,0,1,3400,310,6,6,1,2,60,-1,-1,-1,31260000,31260000,31260000,31260000,31260000,31260000,31260000,31260000,31260000,31260000,1,1,0,0,0,0,1,1,0,[0|0|0|0|0|0|0]
31260400,Fire Flame Crest Wooden Shield,1,0,[0|0|0],3100,7203005,0,3.5,0,900,340,100,28,12,0,0,89,43,32,42,-1,-1,-1,-1,-1,-1,0,31260000,31260000,31260000,31260000,31260000,31260000,31260000,31260000,31260000,31260000,31260000,31260000,31260000,31260000,31260000,31260000,1,1,1,1,15,15,5.5,2041,12062,0,0,1,10,74,0,74,0,61,60,0,47,400,-1,-1,0,-1,7,0,12,49,0,2,105,0,11,0,0,15,8,0,0,0,99,0,0,50,80,0,3,0,0,0,23,23,23,23,1,1,1,1,0,0,1,1,0,0,0,0,0,1,0,0,0,0,0,0,0,0,0,0,0,0,0,1,0,1,1,1,0,2,0,128,2,1,0,0,-1,-1,-1,-1,-1,-1,-1,-1,-1,-1,-1,-1,-1,-1,-1,-1,-1,-1,-1,-1,-1,-1,-1,-1,139,139,49,0.03,0,0,0,0,1,0,0,0,0,4,0,1,1,50,0,0,6,30,1,23,23,6,0,23,0,302,0,0,0,0,67,15,15,15,15,15,15,15,15,15,15,0,-1,-1,-1,-1,-1,-1,-1,-1,0.935,1,1,1,1,1,1,1,1,-1,-1,-1,-1,-1,10005,0,1,1,0,0,0,0,1,0,0,0,1,3400,310,6,6,1,2,60,-1,-1,-1,31260000,31260000,31260000,31260000,31260000,31260000,31260000,31260000,31260000,31260000,1,1,0,0,0,0,1,1,0,[0|0|0|0|0|0|0]
31260500,Flame Art Flame Crest Wooden Shield,1,0,[0|0|0],3100,7203006,0,3.5,0,900,340,100,14,0,0,24,89,43,32,42,-1,-1,-1,-1,-1,-1,0,31260000,31260000,31260000,31260000,31260000,31260000,31260000,31260000,31260000,31260000,31260000,31260000,31260000,31260000,31260000,31260000,1,1,1,1,15,15,5.5,2041,12062,0,0,1,10,74,0,74,0,61,60,0,47,500,-1,-1,0,-1,7,0,12,49,0,2,105,0,11,0,0,15,8,0,0,0,99,0,0,50,80,0,3,0,0,0,23,23,23,23,1,1,1,1,0,0,1,1,0,0,0,0,0,1,0,0,0,0,0,0,0,0,0,0,0,0,0,1,0,1,1,1,0,2,0,128,2,1,0,0,-1,-1,-1,-1,-1,-1,-1,-1,-1,-1,-1,-1,-1,-1,-1,-1,-1,-1,-1,-1,-1,-1,-1,-1,139,139,49,0.03,0,0,0,0,1,0,0,0,0,4,0,1,1,50,0,0,6,30,1,23,23,6,0,23,0,302,0,0,0,0,67,15,15,15,15,15,15,15,15,15,15,0,-1,-1,-1,-1,-1,-1,-1,-1,0.935,1,1,1,1,1,1,1,1,-1,-1,-1,-1,-1,10000,0,1,1,0,0,0,0,1,0,0,0,1,3400,310,6,6,1,2,60,-1,-1,-1,31260000,31260000,31260000,31260000,31260000,31260000,31260000,31260000,31260000,31260000,1,1,0,0,0,0,1,1,0,[0|0|0|0|0|0|0]
31260600,Lightning Flame Crest Wooden Shield,1,0,[0|0|0],3100,7203007,0,3.5,0,900,340,100,8,28,0,0,89,43,32,42,-1,-1,-1,-1,-1,-1,0,31260000,31260000,31260000,31260000,31260000,31260000,31260000,31260000,31260000,31260000,31260000,31260000,31260000,31260000,31260000,31260000,1,1,1,1,15,15,5.5,2041,12062,0,0,1,10,74,0,0,74,61,60,0,47,600,-1,-1,0,-1,7,0,12,49,0,2,105,0,12,0,0,15,8,0,0,0,99,0,0,50,80,0,3,0,0,0,23,23,23,23,1,1,1,1,0,0,1,1,0,0,0,0,0,1,0,0,0,0,0,0,0,0,0,0,0,0,0,1,0,1,1,1,0,2,0,128,2,1,0,0,-1,-1,-1,-1,-1,-1,-1,-1,-1,-1,-1,-1,-1,-1,-1,-1,-1,-1,-1,-1,-1,-1,-1,-1,139,139,49,0.03,0,0,0,0,1,0,0,0,0,0,4,1,1,50,0,0,6,30,1,23,23,6,0,23,0,302,0,0,0,0,67,15,15,15,15,15,15,15,15,15,15,0,-1,-1,-1,-1,-1,-1,-1,-1,0.935,1,1,1,1,1,1,1,1,-1,-1,-1,-1,-1,10000,0,1,1,0,0,0,0,1,0,0,0,1,3400,310,6,6,1,2,60,-1,-1,-1,31260000,31260000,31260000,31260000,31260000,31260000,31260000,31260000,31260000,31260000,1,1,0,0,0,0,1,1,0,[0|0|0|0|0|0|0]
31260700,Sacred Flame Crest Wooden Shield,1,0,[0|0|0],3100,7203008,0,3.5,0,900,340,100,18,0,0,24,89,43,32,42,-1,-1,-1,-1,-1,-1,0,31260000,31260000,31260000,31260000,31260000,31260000,31260000,31260000,31260000,31260000,31260000,31260000,31260000,31260000,31260000,31260000,1,1,1,1,15,15,5.5,2041,12062,0,0,1,10,74,0,0,0,61,60,0,47,700,-1,-1,0,-1,7,0,12,49,0,2,105,0,13,0,0,15,8,0,0,0,99,0,0,50,80,0,3,0,0,0,23,23,23,23,1,1,1,1,0,0,1,1,0,0,0,0,0,1,0,0,0,0,0,0,0,0,0,0,0,0,0,1,0,1,1,1,0,2,0,128,2,1,0,0,-1,-1,-1,-1,-1,-1,-1,-1,-1,-1,-1,-1,-1,-1,-1,-1,-1,-1,-1,-1,-1,-1,-1,-1,139,139,49,0.03,0,0,0,0,1,0,0,0,0,0,0,1,1,50,74,4,6,30,1,23,23,6,0,23,0,302,0,0,0,0,67,15,15,15,15,15,15,15,15,15,15,0,-1,-1,-1,-1,-1,-1,-1,-1,0.935,1,1,1,1,1,1,1,1,-1,-1,-1,-1,-1,10000,0,1,1,0,0,0,0,1,0,0,0,1,3400,310,6,6,1,2,60,-1,-1,-1,31260000,31260000,31260000,31260000,31260000,31260000,31260000,31260000,31260000,31260000,1,1,0,0,0,0,1,1,0,[0|0|0|0|0|0|0]
31260800,Magic Flame Crest Wooden Shield,1,0,[0|0|0],3100,7203004,0,3.5,0,900,340,100,16,0,24,0,89,43,32,42,-1,-1,-1,-1,-1,-1,0,31260000,31260000,31260000,31260000,31260000,31260000,31260000,31260000,31260000,31260000,31260000,31260000,31260000,31260000,31260000,31260000,1,1,1,1,15,15,5.5,2041,12062,0,0,1,10,74,74,0,0,61,60,0,47,800,-1,-1,0,-1,7,0,12,49,0,2,105,0,10,0,0,15,8,0,0,0,99,0,0,50,80,0,3,0,0,0,23,23,23,23,1,1,1,1,0,0,1,1,0,0,0,0,0,1,0,0,0,0,0,0,0,0,0,0,0,0,0,1,0,1,1,1,0,2,0,128,2,1,0,0,-1,-1,-1,-1,-1,-1,-1,-1,-1,-1,-1,-1,-1,-1,-1,-1,-1,-1,-1,-1,-1,-1,-1,-1,139,139,49,0.03,0,0,0,0,1,0,0,0,4,0,0,1,1,50,0,0,6,30,1,23,23,6,0,23,0,302,0,0,0,0,67,15,15,15,15,15,15,15,15,15,15,0,-1,-1,-1,-1,-1,-1,-1,-1,0.935,1,1,1,1,1,1,1,1,-1,-1,-1,-1,-1,10000,0,1,1,0,0,0,0,1,0,0,0,1,3400,310,6,6,1,2,60,-1,-1,-1,31260000,31260000,31260000,31260000,31260000,31260000,31260000,31260000,31260000,31260000,1,1,0,0,0,0,1,1,0,[0|0|0|0|0|0|0]
31260900,Cold Flame Crest Wooden Shield,1,0,[0|0|0],3100,7203011,0,3.5,0,900,340,100,36,0,24,0,89,43,32,42,-1,107500,-1,-1,-1,-1,0,31260000,31260000,31260000,31260000,31260000,31260000,31260000,31260000,31260000,31260000,31260000,31260000,31260000,31260000,31260000,31260000,1,1,1,1,15,15,5.5,2041,12062,0,0,1,10,74,63,0,0,61,60,0,47,900,-1,-1,0,-1,7,0,12,49,0,2,105,0,10,0,0,15,8,0,0,0,99,0,0,50,80,0,3,0,0,0,23,23,23,23,1,1,1,1,0,0,1,1,0,0,0,0,0,1,0,0,0,0,0,0,0,0,0,0,0,0,0,1,0,1,1,1,0,2,0,128,2,1,0,0,-1,-1,-1,-1,-1,-1,-1,-1,-1,-1,-1,-1,-1,-1,-1,-1,-1,-1,-1,-1,-1,-1,-1,-1,139,139,49,0.03,0,0,0,0,1,0,0,0,4,0,0,1,1,50,0,0,6,30,1,23,23,6,0,23,0,302,0,0,0,0,67,15,15,15,15,15,15,15,15,15,15,0,-1,-1,-1,-1,-1,-1,-1,-1,0.935,1,1,1,1,1,1,1,1,-1,-1,-1,-1,-1,10000,0,1,1,0,0,0,0,1,0,0,0,1,3400,310,6,6,1,2,60,6601,-1,-1,31260000,31260000,31260000,31260000,31260000,31260000,31260000,31260000,31260000,31260000,1,1,0,0,0,0,1,1,0,[0|0|0|0|0|0|0]
31261000,Poison Flame Crest Wooden Shield,1,0,[0|0|0],3100,7203009,0,3.5,0,900,340,100,38,0,0,0,89,43,32,42,-1,106000,-1,-1,-1,-1,0,31260000,31260000,31260000,31260000,31260000,31260000,31260000,31260000,31260000,31260000,31260000,31260000,31260000,31260000,31260000,31260000,1,1,1,1,15,15,5.5,2041,12062,0,0,1,10,74,0,0,0,61,60,0,47,1000,-1,-1,0,-1,7,0,12,49,0,2,105,0,0,0,0,15,8,0,0,0,99,0,0,50,80,0,3,0,0,0,23,23,23,23,1,1,1,1,0,0,1,1,0,0,0,0,0,1,0,0,0,0,0,0,0,0,0,0,0,0,0,1,0,1,1,1,0,2,0,128,2,1,0,0,-1,-1,-1,-1,-1,-1,-1,-1,-1,-1,-1,-1,-1,-1,-1,-1,-1,-1,-1,-1,-1,-1,-1,-1,139,139,49,0.03,0,0,0,0,1,0,0,0,0,0,0,1,1,50,0,0,6,30,1,23,23,6,0,23,0,302,30,0,0,0,67,15,15,15,15,15,15,15,15,15,15,0,-1,-1,-1,-1,-1,-1,-1,-1,0.935,1,1,1,1,1,1,1,1,-1,-1,-1,-1,-1,10013,0,1,1,0,0,0,0,1,0,0,0,1,3400,310,6,6,1,2,60,6401,-1,-1,31260000,31260000,31260000,31260000,31260000,31260000,31260000,31260000,31260000,31260000,1,1,0,0,0,0,1,1,0,[0|0|0|0|0|0|0]
31261100,Blood Flame Crest Wooden Shield,1,0,[0|0|0],3100,7203010,0,3.5,0,900,340,100,38,0,0,0,89,43,32,42,105000,-1,-1,-1,-1,-1,0,31260000,31260000,31260000,31260000,31260000,31260000,31260000,31260000,31260000,31260000,31260000,31260000,31260000,31260000,31260000,31260000,1,1,1,1,15,15,5.5,2041,12062,0,0,1,10,74,0,0,0,61,60,0,47,1100,-1,-1,0,-1,7,0,12,49,0,2,105,0,0,0,0,15,8,0,0,0,99,0,0,50,80,0,3,0,0,0,23,23,23,23,1,1,1,1,0,0,1,1,0,0,0,0,0,1,0,0,0,0,0,0,0,0,0,0,0,0,0,1,0,1,1,1,0,2,0,128,2,1,0,0,-1,-1,-1,-1,-1,-1,-1,-1,-1,-1,-1,-1,-1,-1,-1,-1,-1,-1,-1,-1,-1,-1,-1,-1,139,139,49,0.03,0,0,0,0,1,0,0,0,0,0,0,1,1,50,0,0,6,30,1,23,23,6,0,23,0,302,30,0,0,0,67,15,15,15,15,15,15,15,15,15,15,0,-1,-1,-1,-1,-1,-1,-1,-1,0.935,1,1,1,1,1,1,1,1,-1,-1,-1,-1,-1,10013,0,1,1,0,0,0,0,1,0,0,0,1,3400,310,6,6,1,2,60,6501,-1,-1,31260000,31260000,31260000,31260000,31260000,31260000,31260000,31260000,31260000,31260000,1,1,0,0,0,0,1,1,0,[0|0|0|0|0|0|0]
31261200,Occult Flame Crest Wooden Shield,1,0,[0|0|0],3100,7203012,0,3.5,0,900,340,100,38,0,0,0,89,43,32,42,-1,-1,-1,-1,-1,-1,0,31260000,31260000,31260000,31260000,31260000,31260000,31260000,31260000,31260000,31260000,31260000,31260000,31260000,31260000,31260000,31260000,1,1,1,1,15,15,5.5,2041,12062,0,0,1,10,74,0,0,0,61,60,0,47,1200,-1,-1,0,-1,7,0,12,49,0,2,105,7,0,0,0,15,8,0,0,0,99,0,0,50,80,0,3,0,0,0,23,23,23,23,1,1,1,1,0,0,1,1,0,0,0,0,0,1,0,0,0,0,0,0,0,0,0,0,0,0,0,1,0,1,1,1,0,2,0,128,2,1,0,0,-1,-1,-1,-1,-1,-1,-1,-1,-1,-1,-1,-1,-1,-1,-1,-1,-1,-1,-1,-1,-1,-1,-1,-1,139,139,49,0.03,0,0,0,0,1,0,0,0,0,0,0,1,1,50,0,0,6,30,1,23,23,6,0,23,0,302,38,0,0,0,67,15,15,15,15,15,15,15,15,15,15,0,-1,-1,-1,-1,-1,-1,-1,-1,0.935,1,1,1,1,1,1,1,1,-1,-1,-1,-1,-1,10013,0,1,1,0,0,0,0,1,0,0,0,1,3400,310,6,6,1,2,60,-1,-1,-1,31260000,31260000,31260000,31260000,31260000,31260000,31260000,31260000,31260000,31260000,1,1,0,0,0,0,1,1,0,[0|0|0|0|0|0|0]
31270000,Hawk Crest Wooden Shield,1,0,[0|0|0],3100,7200000,0,3.5,0,900,340,100,40,0,0,0,90,44,32,44,-1,-1,-1,-1,-1,-1,0,31270000,31270000,31270000,31270000,31270000,31270000,31270000,31270000,31270000,31270000,31270000,31270000,31270000,31270000,31270000,31270000,1,1,1,1,15,15,5.5,2040,12063,0,0,1,10,76,0,0,0,61,60,0,45,8100,-1,-1,0,-1,7,0,12,49,0,2,105,0,0,0,0,15,8,0,0,0,99,0,0,50,80,0,3,0,0,0,23,23,23,23,1,1,1,1,0,0,1,1,0,0,0,0,0,1,0,0,0,0,0,0,0,0,0,0,0,0,0,1,0,1,1,1,0,2,0,128,2,1,0,0,-1,-1,-1,-1,-1,-1,-1,-1,-1,-1,-1,-1,-1,-1,-1,-1,-1,-1,-1,-1,-1,-1,-1,-1,139,139,49,0.03,0,0,0,0,1,0,0,0,0,0,0,1,1,44,0,0,6,30,1,23,23,6,0,23,0,302,0,0,0,0,67,15,15,15,15,15,15,15,15,15,15,0,-1,-1,-1,-1,-1,-1,-1,-1,0.935,1,1,1,1,1,1,1,1,-1,-1,-1,-1,-1,10000,0,1,1,0,0,0,0,1,0,0,0,1,3400,310,6,6,1,2,60,-1,-1,-1,31270000,31270000,31270000,31270000,31270000,31270000,31270000,31270000,31270000,31270000,1,1,0,0,0,0,1,1,0,[0|0|0|0|0|0|0]
31270100,Heavy Hawk Crest Wooden Shield,1,0,[0|0|0],3100,7200001,0,3.5,0,900,340,100,36,0,0,0,90,44,32,44,-1,-1,-1,-1,-1,-1,0,31270000,31270000,31270000,31270000,31270000,31270000,31270000,31270000,31270000,31270000,31270000,31270000,31270000,31270000,31270000,31270000,1,1,1,1,15,15,5.5,2040,12063,0,0,1,10,74,0,0,0,61,60,0,45,100,-1,-1,0,-1,7,0,12,49,0,2,105,1,0,0,0,15,8,0,0,0,99,0,0,50,80,0,3,0,0,0,23,23,23,23,1,1,1,1,0,0,1,1,0,0,0,0,0,1,0,0,0,0,0,0,0,0,0,0,0,0,0,1,0,1,1,1,0,2,0,128,2,1,0,0,-1,-1,-1,-1,-1,-1,-1,-1,-1,-1,-1,-1,-1,-1,-1,-1,-1,-1,-1,-1,-1,-1,-1,-1,139,139,49,0.03,0,0,0,0,1,0,0,0,0,0,0,1,1,44,0,0,6,30,1,23,23,6,0,23,0,302,0,0,0,0,67,15,15,15,15,15,15,15,15,15,15,0,-1,-1,-1,-1,-1,-1,-1,-1,0.935,1,1,1,1,1,1,1,1,-1,-1,-1,-1,-1,10000,0,1,1,0,0,0,0,1,0,0,0,1,3400,310,6,6,1,2,60,-1,-1,-1,31270000,31270000,31270000,31270000,31270000,31270000,31270000,31270000,31270000,31270000,1,1,0,0,0,0,1,1,0,[0|0|0|0|0|0|0]
31270200,Keen Hawk Crest Wooden Shield,1,0,[0|0|0],3100,7200002,0,3.5,0,900,340,100,8,32,0,0,90,44,32,44,-1,-1,-1,-1,-1,-1,0,31270000,31270000,31270000,31270000,31270000,31270000,31270000,31270000,31270000,31270000,31270000,31270000,31270000,31270000,31270000,31270000,1,1,1,1,15,15,5.5,2040,12063,0,0,1,10,74,0,0,0,61,60,0,45,200,-1,-1,0,-1,7,0,12,49,0,2,105,2,0,0,0,15,8,0,0,0,99,0,0,50,80,0,3,0,0,0,23,23,23,23,1,1,1,1,0,0,1,1,0,0,0,0,0,1,0,0,0,0,0,0,0,0,0,0,0,0,0,1,0,1,1,1,0,2,0,128,2,1,0,0,-1,-1,-1,-1,-1,-1,-1,-1,-1,-1,-1,-1,-1,-1,-1,-1,-1,-1,-1,-1,-1,-1,-1,-1,139,139,49,0.03,0,0,0,0,1,0,0,0,0,0,0,1,1,44,0,0,6,30,1,23,23,6,0,23,0,302,0,0,0,0,67,15,15,15,15,15,15,15,15,15,15,0,-1,-1,-1,-1,-1,-1,-1,-1,0.935,1,1,1,1,1,1,1,1,-1,-1,-1,-1,-1,10000,0,1,1,0,0,0,0,1,0,0,0,1,3400,310,6,6,1,2,60,-1,-1,-1,31270000,31270000,31270000,31270000,31270000,31270000,31270000,31270000,31270000,31270000,1,1,0,0,0,0,1,1,0,[0|0|0|0|0|0|0]
31270300,Quality Hawk Crest Wooden Shield,1,0,[0|0|0],3100,7200003,0,3.5,0,900,340,100,40,40,0,0,90,44,32,44,-1,-1,-1,-1,-1,-1,0,31270000,31270000,31270000,31270000,31270000,31270000,31270000,31270000,31270000,31270000,31270000,31270000,31270000,31270000,31270000,31270000,1,1,1,1,15,15,5.5,2040,12063,0,0,1,10,74,0,0,0,61,60,0,45,300,-1,-1,0,-1,7,0,12,49,0,2,105,8,0,0,0,15,8,0,0,0,99,0,0,50,80,0,3,0,0,0,23,23,23,23,1,1,1,1,0,0,1,1,0,0,0,0,0,1,0,0,0,0,0,0,0,0,0,0,0,0,0,1,0,1,1,1,0,2,0,128,2,1,0,0,-1,-1,-1,-1,-1,-1,-1,-1,-1,-1,-1,-1,-1,-1,-1,-1,-1,-1,-1,-1,-1,-1,-1,-1,139,139,49,0.03,0,0,0,0,1,0,0,0,0,0,0,1,1,44,0,0,6,30,1,23,23,6,0,23,0,302,0,0,0,0,67,15,15,15,15,15,15,15,15,15,15,0,-1,-1,-1,-1,-1,-1,-1,-1,0.935,1,1,1,1,1,1,1,1,-1,-1,-1,-1,-1,10000,0,1,1,0,0,0,0,1,0,0,0,1,3400,310,6,6,1,2,60,-1,-1,-1,31270000,31270000,31270000,31270000,31270000,31270000,31270000,31270000,31270000,31270000,1,1,0,0,0,0,1,1,0,[0|0|0|0|0|0|0]
31270400,Fire Hawk Crest Wooden Shield,1,0,[0|0|0],3100,7200005,0,3.5,0,900,340,100,28,12,0,0,90,44,32,44,-1,-1,-1,-1,-1,-1,0,31270000,31270000,31270000,31270000,31270000,31270000,31270000,31270000,31270000,31270000,31270000,31270000,31270000,31270000,31270000,31270000,1,1,1,1,15,15,5.5,2040,12063,0,0,1,10,74,0,74,0,61,60,0,45,400,-1,-1,0,-1,7,0,12,49,0,2,105,0,11,0,0,15,8,0,0,0,99,0,0,50,80,0,3,0,0,0,23,23,23,23,1,1,1,1,0,0,1,1,0,0,0,0,0,1,0,0,0,0,0,0,0,0,0,0,0,0,0,1,0,1,1,1,0,2,0,128,2,1,0,0,-1,-1,-1,-1,-1,-1,-1,-1,-1,-1,-1,-1,-1,-1,-1,-1,-1,-1,-1,-1,-1,-1,-1,-1,139,139,49,0.03,0,0,0,0,1,0,0,0,0,4,0,1,1,44,0,0,6,30,1,23,23,6,0,23,0,302,0,0,0,0,67,15,15,15,15,15,15,15,15,15,15,0,-1,-1,-1,-1,-1,-1,-1,-1,0.935,1,1,1,1,1,1,1,1,-1,-1,-1,-1,-1,10005,0,1,1,0,0,0,0,1,0,0,0,1,3400,310,6,6,1,2,60,-1,-1,-1,31270000,31270000,31270000,31270000,31270000,31270000,31270000,31270000,31270000,31270000,1,1,0,0,0,0,1,1,0,[0|0|0|0|0|0|0]
31270500,Flame Art Hawk Crest Wooden Shield,1,0,[0|0|0],3100,7200006,0,3.5,0,900,340,100,14,0,0,24,90,44,32,44,-1,-1,-1,-1,-1,-1,0,31270000,31270000,31270000,31270000,31270000,31270000,31270000,31270000,31270000,31270000,31270000,31270000,31270000,31270000,31270000,31270000,1,1,1,1,15,15,5.5,2040,12063,0,0,1,10,74,0,74,0,61,60,0,45,500,-1,-1,0,-1,7,0,12,49,0,2,105,0,11,0,0,15,8,0,0,0,99,0,0,50,80,0,3,0,0,0,23,23,23,23,1,1,1,1,0,0,1,1,0,0,0,0,0,1,0,0,0,0,0,0,0,0,0,0,0,0,0,1,0,1,1,1,0,2,0,128,2,1,0,0,-1,-1,-1,-1,-1,-1,-1,-1,-1,-1,-1,-1,-1,-1,-1,-1,-1,-1,-1,-1,-1,-1,-1,-1,139,139,49,0.03,0,0,0,0,1,0,0,0,0,4,0,1,1,44,0,0,6,30,1,23,23,6,0,23,0,302,0,0,0,0,67,15,15,15,15,15,15,15,15,15,15,0,-1,-1,-1,-1,-1,-1,-1,-1,0.935,1,1,1,1,1,1,1,1,-1,-1,-1,-1,-1,10000,0,1,1,0,0,0,0,1,0,0,0,1,3400,310,6,6,1,2,60,-1,-1,-1,31270000,31270000,31270000,31270000,31270000,31270000,31270000,31270000,31270000,31270000,1,1,0,0,0,0,1,1,0,[0|0|0|0|0|0|0]
31270600,Lightning Hawk Crest Wooden Shield,1,0,[0|0|0],3100,7200007,0,3.5,0,900,340,100,8,28,0,0,90,44,32,44,-1,-1,-1,-1,-1,-1,0,31270000,31270000,31270000,31270000,31270000,31270000,31270000,31270000,31270000,31270000,31270000,31270000,31270000,31270000,31270000,31270000,1,1,1,1,15,15,5.5,2040,12063,0,0,1,10,74,0,0,74,61,60,0,45,600,-1,-1,0,-1,7,0,12,49,0,2,105,0,12,0,0,15,8,0,0,0,99,0,0,50,80,0,3,0,0,0,23,23,23,23,1,1,1,1,0,0,1,1,0,0,0,0,0,1,0,0,0,0,0,0,0,0,0,0,0,0,0,1,0,1,1,1,0,2,0,128,2,1,0,0,-1,-1,-1,-1,-1,-1,-1,-1,-1,-1,-1,-1,-1,-1,-1,-1,-1,-1,-1,-1,-1,-1,-1,-1,139,139,49,0.03,0,0,0,0,1,0,0,0,0,0,4,1,1,44,0,0,6,30,1,23,23,6,0,23,0,302,0,0,0,0,67,15,15,15,15,15,15,15,15,15,15,0,-1,-1,-1,-1,-1,-1,-1,-1,0.935,1,1,1,1,1,1,1,1,-1,-1,-1,-1,-1,10000,0,1,1,0,0,0,0,1,0,0,0,1,3400,310,6,6,1,2,60,-1,-1,-1,31270000,31270000,31270000,31270000,31270000,31270000,31270000,31270000,31270000,31270000,1,1,0,0,0,0,1,1,0,[0|0|0|0|0|0|0]
31270700,Sacred Hawk Crest Wooden Shield,1,0,[0|0|0],3100,7200008,0,3.5,0,900,340,100,18,0,0,24,90,44,32,44,-1,-1,-1,-1,-1,-1,0,31270000,31270000,31270000,31270000,31270000,31270000,31270000,31270000,31270000,31270000,31270000,31270000,31270000,31270000,31270000,31270000,1,1,1,1,15,15,5.5,2040,12063,0,0,1,10,74,0,0,0,61,60,0,45,700,-1,-1,0,-1,7,0,12,49,0,2,105,0,13,0,0,15,8,0,0,0,99,0,0,50,80,0,3,0,0,0,23,23,23,23,1,1,1,1,0,0,1,1,0,0,0,0,0,1,0,0,0,0,0,0,0,0,0,0,0,0,0,1,0,1,1,1,0,2,0,128,2,1,0,0,-1,-1,-1,-1,-1,-1,-1,-1,-1,-1,-1,-1,-1,-1,-1,-1,-1,-1,-1,-1,-1,-1,-1,-1,139,139,49,0.03,0,0,0,0,1,0,0,0,0,0,0,1,1,44,74,4,6,30,1,23,23,6,0,23,0,302,0,0,0,0,67,15,15,15,15,15,15,15,15,15,15,0,-1,-1,-1,-1,-1,-1,-1,-1,0.935,1,1,1,1,1,1,1,1,-1,-1,-1,-1,-1,10000,0,1,1,0,0,0,0,1,0,0,0,1,3400,310,6,6,1,2,60,-1,-1,-1,31270000,31270000,31270000,31270000,31270000,31270000,31270000,31270000,31270000,31270000,1,1,0,0,0,0,1,1,0,[0|0|0|0|0|0|0]
31270800,Magic Hawk Crest Wooden Shield,1,0,[0|0|0],3100,7200004,0,3.5,0,900,340,100,16,0,24,0,90,44,32,44,-1,-1,-1,-1,-1,-1,0,31270000,31270000,31270000,31270000,31270000,31270000,31270000,31270000,31270000,31270000,31270000,31270000,31270000,31270000,31270000,31270000,1,1,1,1,15,15,5.5,2040,12063,0,0,1,10,74,74,0,0,61,60,0,45,800,-1,-1,0,-1,7,0,12,49,0,2,105,0,10,0,0,15,8,0,0,0,99,0,0,50,80,0,3,0,0,0,23,23,23,23,1,1,1,1,0,0,1,1,0,0,0,0,0,1,0,0,0,0,0,0,0,0,0,0,0,0,0,1,0,1,1,1,0,2,0,128,2,1,0,0,-1,-1,-1,-1,-1,-1,-1,-1,-1,-1,-1,-1,-1,-1,-1,-1,-1,-1,-1,-1,-1,-1,-1,-1,139,139,49,0.03,0,0,0,0,1,0,0,0,4,0,0,1,1,44,0,0,6,30,1,23,23,6,0,23,0,302,0,0,0,0,67,15,15,15,15,15,15,15,15,15,15,0,-1,-1,-1,-1,-1,-1,-1,-1,0.935,1,1,1,1,1,1,1,1,-1,-1,-1,-1,-1,10000,0,1,1,0,0,0,0,1,0,0,0,1,3400,310,6,6,1,2,60,-1,-1,-1,31270000,31270000,31270000,31270000,31270000,31270000,31270000,31270000,31270000,31270000,1,1,0,0,0,0,1,1,0,[0|0|0|0|0|0|0]
31270900,Cold Hawk Crest Wooden Shield,1,0,[0|0|0],3100,7200011,0,3.5,0,900,340,100,36,0,24,0,90,44,32,44,-1,107500,-1,-1,-1,-1,0,31270000,31270000,31270000,31270000,31270000,31270000,31270000,31270000,31270000,31270000,31270000,31270000,31270000,31270000,31270000,31270000,1,1,1,1,15,15,5.5,2040,12063,0,0,1,10,74,63,0,0,61,60,0,45,900,-1,-1,0,-1,7,0,12,49,0,2,105,0,10,0,0,15,8,0,0,0,99,0,0,50,80,0,3,0,0,0,23,23,23,23,1,1,1,1,0,0,1,1,0,0,0,0,0,1,0,0,0,0,0,0,0,0,0,0,0,0,0,1,0,1,1,1,0,2,0,128,2,1,0,0,-1,-1,-1,-1,-1,-1,-1,-1,-1,-1,-1,-1,-1,-1,-1,-1,-1,-1,-1,-1,-1,-1,-1,-1,139,139,49,0.03,0,0,0,0,1,0,0,0,4,0,0,1,1,44,0,0,6,30,1,23,23,6,0,23,0,302,0,0,0,0,67,15,15,15,15,15,15,15,15,15,15,0,-1,-1,-1,-1,-1,-1,-1,-1,0.935,1,1,1,1,1,1,1,1,-1,-1,-1,-1,-1,10000,0,1,1,0,0,0,0,1,0,0,0,1,3400,310,6,6,1,2,60,6601,-1,-1,31270000,31270000,31270000,31270000,31270000,31270000,31270000,31270000,31270000,31270000,1,1,0,0,0,0,1,1,0,[0|0|0|0|0|0|0]
31271000,Poison Hawk Crest Wooden Shield,1,0,[0|0|0],3100,7200009,0,3.5,0,900,340,100,38,0,0,0,90,44,32,44,-1,106000,-1,-1,-1,-1,0,31270000,31270000,31270000,31270000,31270000,31270000,31270000,31270000,31270000,31270000,31270000,31270000,31270000,31270000,31270000,31270000,1,1,1,1,15,15,5.5,2040,12063,0,0,1,10,74,0,0,0,61,60,0,45,1000,-1,-1,0,-1,7,0,12,49,0,2,105,0,0,0,0,15,8,0,0,0,99,0,0,50,80,0,3,0,0,0,23,23,23,23,1,1,1,1,0,0,1,1,0,0,0,0,0,1,0,0,0,0,0,0,0,0,0,0,0,0,0,1,0,1,1,1,0,2,0,128,2,1,0,0,-1,-1,-1,-1,-1,-1,-1,-1,-1,-1,-1,-1,-1,-1,-1,-1,-1,-1,-1,-1,-1,-1,-1,-1,139,139,49,0.03,0,0,0,0,1,0,0,0,0,0,0,1,1,44,0,0,6,30,1,23,23,6,0,23,0,302,30,0,0,0,67,15,15,15,15,15,15,15,15,15,15,0,-1,-1,-1,-1,-1,-1,-1,-1,0.935,1,1,1,1,1,1,1,1,-1,-1,-1,-1,-1,10013,0,1,1,0,0,0,0,1,0,0,0,1,3400,310,6,6,1,2,60,6401,-1,-1,31270000,31270000,31270000,31270000,31270000,31270000,31270000,31270000,31270000,31270000,1,1,0,0,0,0,1,1,0,[0|0|0|0|0|0|0]
31271100,Blood Hawk Crest Wooden Shield,1,0,[0|0|0],3100,7200010,0,3.5,0,900,340,100,38,0,0,0,90,44,32,44,105000,-1,-1,-1,-1,-1,0,31270000,31270000,31270000,31270000,31270000,31270000,31270000,31270000,31270000,31270000,31270000,31270000,31270000,31270000,31270000,31270000,1,1,1,1,15,15,5.5,2040,12063,0,0,1,10,74,0,0,0,61,60,0,45,1100,-1,-1,0,-1,7,0,12,49,0,2,105,0,0,0,0,15,8,0,0,0,99,0,0,50,80,0,3,0,0,0,23,23,23,23,1,1,1,1,0,0,1,1,0,0,0,0,0,1,0,0,0,0,0,0,0,0,0,0,0,0,0,1,0,1,1,1,0,2,0,128,2,1,0,0,-1,-1,-1,-1,-1,-1,-1,-1,-1,-1,-1,-1,-1,-1,-1,-1,-1,-1,-1,-1,-1,-1,-1,-1,139,139,49,0.03,0,0,0,0,1,0,0,0,0,0,0,1,1,44,0,0,6,30,1,23,23,6,0,23,0,302,30,0,0,0,67,15,15,15,15,15,15,15,15,15,15,0,-1,-1,-1,-1,-1,-1,-1,-1,0.935,1,1,1,1,1,1,1,1,-1,-1,-1,-1,-1,10013,0,1,1,0,0,0,0,1,0,0,0,1,3400,310,6,6,1,2,60,6501,-1,-1,31270000,31270000,31270000,31270000,31270000,31270000,31270000,31270000,31270000,31270000,1,1,0,0,0,0,1,1,0,[0|0|0|0|0|0|0]
31271200,Occult Hawk Crest Wooden Shield,1,0,[0|0|0],3100,7200012,0,3.5,0,900,340,100,38,0,0,0,90,44,32,44,-1,-1,-1,-1,-1,-1,0,31270000,31270000,31270000,31270000,31270000,31270000,31270000,31270000,31270000,31270000,31270000,31270000,31270000,31270000,31270000,31270000,1,1,1,1,15,15,5.5,2040,12063,0,0,1,10,74,0,0,0,61,60,0,45,1200,-1,-1,0,-1,7,0,12,49,0,2,105,7,0,0,0,15,8,0,0,0,99,0,0,50,80,0,3,0,0,0,23,23,23,23,1,1,1,1,0,0,1,1,0,0,0,0,0,1,0,0,0,0,0,0,0,0,0,0,0,0,0,1,0,1,1,1,0,2,0,128,2,1,0,0,-1,-1,-1,-1,-1,-1,-1,-1,-1,-1,-1,-1,-1,-1,-1,-1,-1,-1,-1,-1,-1,-1,-1,-1,139,139,49,0.03,0,0,0,0,1,0,0,0,0,0,0,1,1,44,0,0,6,30,1,23,23,6,0,23,0,302,38,0,0,0,67,15,15,15,15,15,15,15,15,15,15,0,-1,-1,-1,-1,-1,-1,-1,-1,0.935,1,1,1,1,1,1,1,1,-1,-1,-1,-1,-1,10013,0,1,1,0,0,0,0,1,0,0,0,1,3400,310,6,6,1,2,60,-1,-1,-1,31270000,31270000,31270000,31270000,31270000,31270000,31270000,31270000,31270000,31270000,1,1,0,0,0,0,1,1,0,[0|0|0|0|0|0|0]
31280000,Beast Crest Heater Shield,1,0,[0|0|0],3100,7213000,0,3.5,0,900,340,100,40,0,0,0,100,50,43,32,-1,-1,-1,-1,-1,-1,0,31280000,31280000,31280000,31280000,31280000,31280000,31280000,31280000,31280000,31280000,31280000,31280000,31280000,31280000,31280000,31280000,1,1,1,1,15,15,5.5,2039,12064,0,0,1,10,77,0,0,0,63,60,0,51,8100,-1,-1,0,-1,7,0,12,49,0,0,104,0,0,0,0,15,10,0,0,0,99,0,0,50,80,0,3,0,0,0,23,23,23,23,1,1,1,1,0,0,1,1,0,0,0,0,0,1,0,0,0,0,0,0,0,0,0,0,0,0,0,1,0,1,1,1,0,2,0,106,2,1,0,0,-1,-1,-1,-1,-1,-1,-1,-1,-1,-1,-1,-1,-1,-1,-1,-1,-1,-1,-1,-1,-1,-1,-1,-1,139,139,49,0.03,0,0,0,0,1,0,0,0,0,0,0,1,1,42,0,0,6,30,1,23,23,6,0,23,0,302,0,0,0,0,67,15,15,15,15,15,15,15,15,15,15,0,-1,-1,-1,-1,-1,-1,-1,-1,0.915,1,1,1,1,1,1,1,1,-1,-1,-1,-1,-1,10000,0,1,1,0,0,0,0,1,0,0,0,6,3400,310,6,6,1,2,60,-1,-1,-1,31280000,31280000,31280000,31280000,31280000,31280000,31280000,31280000,31280000,31280000,1,1,0,0,0,0,1,1,0,[0|0|0|0|0|0|0]
31280100,Heavy Beast Crest Heater Shield,1,0,[0|0|0],3100,7213001,0,3.5,0,900,340,100,36,0,0,0,100,50,43,32,-1,-1,-1,-1,-1,-1,0,31280000,31280000,31280000,31280000,31280000,31280000,31280000,31280000,31280000,31280000,31280000,31280000,31280000,31280000,31280000,31280000,1,1,1,1,15,15,5.5,2039,12064,0,0,1,10,75,0,0,0,63,60,0,51,100,-1,-1,0,-1,7,0,12,49,0,0,104,1,0,0,0,15,10,0,0,0,99,0,0,50,80,0,3,0,0,0,23,23,23,23,1,1,1,1,0,0,1,1,0,0,0,0,0,1,0,0,0,0,0,0,0,0,0,0,0,0,0,1,0,1,1,1,0,2,0,106,2,1,0,0,-1,-1,-1,-1,-1,-1,-1,-1,-1,-1,-1,-1,-1,-1,-1,-1,-1,-1,-1,-1,-1,-1,-1,-1,139,139,49,0.03,0,0,0,0,1,0,0,0,0,0,0,1,1,42,0,0,6,30,1,23,23,6,0,23,0,302,0,0,0,0,67,15,15,15,15,15,15,15,15,15,15,0,-1,-1,-1,-1,-1,-1,-1,-1,0.915,1,1,1,1,1,1,1,1,-1,-1,-1,-1,-1,10000,0,1,1,0,0,0,0,1,0,0,0,6,3400,310,6,6,1,2,60,-1,-1,-1,31280000,31280000,31280000,31280000,31280000,31280000,31280000,31280000,31280000,31280000,1,1,0,0,0,0,1,1,0,[0|0|0|0|0|0|0]
31280200,Keen Beast Crest Heater Shield,1,0,[0|0|0],3100,7213002,0,3.5,0,900,340,100,8,32,0,0,100,50,43,32,-1,-1,-1,-1,-1,-1,0,31280000,31280000,31280000,31280000,31280000,31280000,31280000,31280000,31280000,31280000,31280000,31280000,31280000,31280000,31280000,31280000,1,1,1,1,15,15,5.5,2039,12064,0,0,1,10,75,0,0,0,63,60,0,51,200,-1,-1,0,-1,7,0,12,49,0,0,104,2,0,0,0,15,10,0,0,0,99,0,0,50,80,0,3,0,0,0,23,23,23,23,1,1,1,1,0,0,1,1,0,0,0,0,0,1,0,0,0,0,0,0,0,0,0,0,0,0,0,1,0,1,1,1,0,2,0,106,2,1,0,0,-1,-1,-1,-1,-1,-1,-1,-1,-1,-1,-1,-1,-1,-1,-1,-1,-1,-1,-1,-1,-1,-1,-1,-1,139,139,49,0.03,0,0,0,0,1,0,0,0,0,0,0,1,1,42,0,0,6,30,1,23,23,6,0,23,0,302,0,0,0,0,67,15,15,15,15,15,15,15,15,15,15,0,-1,-1,-1,-1,-1,-1,-1,-1,0.915,1,1,1,1,1,1,1,1,-1,-1,-1,-1,-1,10000,0,1,1,0,0,0,0,1,0,0,0,6,3400,310,6,6,1,2,60,-1,-1,-1,31280000,31280000,31280000,31280000,31280000,31280000,31280000,31280000,31280000,31280000,1,1,0,0,0,0,1,1,0,[0|0|0|0|0|0|0]
31280300,Quality Beast Crest Heater Shield,1,0,[0|0|0],3100,7213003,0,3.5,0,900,340,100,40,40,0,0,100,50,43,32,-1,-1,-1,-1,-1,-1,0,31280000,31280000,31280000,31280000,31280000,31280000,31280000,31280000,31280000,31280000,31280000,31280000,31280000,31280000,31280000,31280000,1,1,1,1,15,15,5.5,2039,12064,0,0,1,10,75,0,0,0,63,60,0,51,300,-1,-1,0,-1,7,0,12,49,0,0,104,8,0,0,0,15,10,0,0,0,99,0,0,50,80,0,3,0,0,0,23,23,23,23,1,1,1,1,0,0,1,1,0,0,0,0,0,1,0,0,0,0,0,0,0,0,0,0,0,0,0,1,0,1,1,1,0,2,0,106,2,1,0,0,-1,-1,-1,-1,-1,-1,-1,-1,-1,-1,-1,-1,-1,-1,-1,-1,-1,-1,-1,-1,-1,-1,-1,-1,139,139,49,0.03,0,0,0,0,1,0,0,0,0,0,0,1,1,42,0,0,6,30,1,23,23,6,0,23,0,302,0,0,0,0,67,15,15,15,15,15,15,15,15,15,15,0,-1,-1,-1,-1,-1,-1,-1,-1,0.915,1,1,1,1,1,1,1,1,-1,-1,-1,-1,-1,10000,0,1,1,0,0,0,0,1,0,0,0,6,3400,310,6,6,1,2,60,-1,-1,-1,31280000,31280000,31280000,31280000,31280000,31280000,31280000,31280000,31280000,31280000,1,1,0,0,0,0,1,1,0,[0|0|0|0|0|0|0]
31280400,Fire Beast Crest Heater Shield,1,0,[0|0|0],3100,7213005,0,3.5,0,900,340,100,28,12,0,0,100,50,43,32,-1,-1,-1,-1,-1,-1,0,31280000,31280000,31280000,31280000,31280000,31280000,31280000,31280000,31280000,31280000,31280000,31280000,31280000,31280000,31280000,31280000,1,1,1,1,15,15,5.5,2039,12064,0,0,1,10,75,0,75,0,63,60,0,51,400,-1,-1,0,-1,7,0,12,49,0,0,104,0,11,0,0,15,10,0,0,0,99,0,0,50,80,0,3,0,0,0,23,23,23,23,1,1,1,1,0,0,1,1,0,0,0,0,0,1,0,0,0,0,0,0,0,0,0,0,0,0,0,1,0,1,1,1,0,2,0,106,2,1,0,0,-1,-1,-1,-1,-1,-1,-1,-1,-1,-1,-1,-1,-1,-1,-1,-1,-1,-1,-1,-1,-1,-1,-1,-1,139,139,49,0.03,0,0,0,0,1,0,0,0,0,4,0,1,1,42,0,0,6,30,1,23,23,6,0,23,0,302,0,0,0,0,67,15,15,15,15,15,15,15,15,15,15,0,-1,-1,-1,-1,-1,-1,-1,-1,0.915,1,1,1,1,1,1,1,1,-1,-1,-1,-1,-1,10005,0,1,1,0,0,0,0,1,0,0,0,6,3400,310,6,6,1,2,60,-1,-1,-1,31280000,31280000,31280000,31280000,31280000,31280000,31280000,31280000,31280000,31280000,1,1,0,0,0,0,1,1,0,[0|0|0|0|0|0|0]
31280500,Flame Art Beast Crest Heater Shield,1,0,[0|0|0],3100,7213006,0,3.5,0,900,340,100,14,0,0,24,100,50,43,32,-1,-1,-1,-1,-1,-1,0,31280000,31280000,31280000,31280000,31280000,31280000,31280000,31280000,31280000,31280000,31280000,31280000,31280000,31280000,31280000,31280000,1,1,1,1,15,15,5.5,2039,12064,0,0,1,10,75,0,75,0,63,60,0,51,500,-1,-1,0,-1,7,0,12,49,0,0,104,0,11,0,0,15,10,0,0,0,99,0,0,50,80,0,3,0,0,0,23,23,23,23,1,1,1,1,0,0,1,1,0,0,0,0,0,1,0,0,0,0,0,0,0,0,0,0,0,0,0,1,0,1,1,1,0,2,0,106,2,1,0,0,-1,-1,-1,-1,-1,-1,-1,-1,-1,-1,-1,-1,-1,-1,-1,-1,-1,-1,-1,-1,-1,-1,-1,-1,139,139,49,0.03,0,0,0,0,1,0,0,0,0,4,0,1,1,42,0,0,6,30,1,23,23,6,0,23,0,302,0,0,0,0,67,15,15,15,15,15,15,15,15,15,15,0,-1,-1,-1,-1,-1,-1,-1,-1,0.915,1,1,1,1,1,1,1,1,-1,-1,-1,-1,-1,10000,0,1,1,0,0,0,0,1,0,0,0,6,3400,310,6,6,1,2,60,-1,-1,-1,31280000,31280000,31280000,31280000,31280000,31280000,31280000,31280000,31280000,31280000,1,1,0,0,0,0,1,1,0,[0|0|0|0|0|0|0]
31280600,Lightning Beast Crest Heater Shield,1,0,[0|0|0],3100,7213007,0,3.5,0,900,340,100,8,28,0,0,100,50,43,32,-1,-1,-1,-1,-1,-1,0,31280000,31280000,31280000,31280000,31280000,31280000,31280000,31280000,31280000,31280000,31280000,31280000,31280000,31280000,31280000,31280000,1,1,1,1,15,15,5.5,2039,12064,0,0,1,10,75,0,0,75,63,60,0,51,600,-1,-1,0,-1,7,0,12,49,0,0,104,0,12,0,0,15,10,0,0,0,99,0,0,50,80,0,3,0,0,0,23,23,23,23,1,1,1,1,0,0,1,1,0,0,0,0,0,1,0,0,0,0,0,0,0,0,0,0,0,0,0,1,0,1,1,1,0,2,0,106,2,1,0,0,-1,-1,-1,-1,-1,-1,-1,-1,-1,-1,-1,-1,-1,-1,-1,-1,-1,-1,-1,-1,-1,-1,-1,-1,139,139,49,0.03,0,0,0,0,1,0,0,0,0,0,4,1,1,42,0,0,6,30,1,23,23,6,0,23,0,302,0,0,0,0,67,15,15,15,15,15,15,15,15,15,15,0,-1,-1,-1,-1,-1,-1,-1,-1,0.915,1,1,1,1,1,1,1,1,-1,-1,-1,-1,-1,10000,0,1,1,0,0,0,0,1,0,0,0,6,3400,310,6,6,1,2,60,-1,-1,-1,31280000,31280000,31280000,31280000,31280000,31280000,31280000,31280000,31280000,31280000,1,1,0,0,0,0,1,1,0,[0|0|0|0|0|0|0]
31280700,Sacred Beast Crest Heater Shield,1,0,[0|0|0],3100,7213008,0,3.5,0,900,340,100,18,0,0,24,100,50,43,32,-1,-1,-1,-1,-1,-1,0,31280000,31280000,31280000,31280000,31280000,31280000,31280000,31280000,31280000,31280000,31280000,31280000,31280000,31280000,31280000,31280000,1,1,1,1,15,15,5.5,2039,12064,0,0,1,10,75,0,0,0,63,60,0,51,700,-1,-1,0,-1,7,0,12,49,0,0,104,0,13,0,0,15,10,0,0,0,99,0,0,50,80,0,3,0,0,0,23,23,23,23,1,1,1,1,0,0,1,1,0,0,0,0,0,1,0,0,0,0,0,0,0,0,0,0,0,0,0,1,0,1,1,1,0,2,0,106,2,1,0,0,-1,-1,-1,-1,-1,-1,-1,-1,-1,-1,-1,-1,-1,-1,-1,-1,-1,-1,-1,-1,-1,-1,-1,-1,139,139,49,0.03,0,0,0,0,1,0,0,0,0,0,0,1,1,42,75,4,6,30,1,23,23,6,0,23,0,302,0,0,0,0,67,15,15,15,15,15,15,15,15,15,15,0,-1,-1,-1,-1,-1,-1,-1,-1,0.915,1,1,1,1,1,1,1,1,-1,-1,-1,-1,-1,10000,0,1,1,0,0,0,0,1,0,0,0,6,3400,310,6,6,1,2,60,-1,-1,-1,31280000,31280000,31280000,31280000,31280000,31280000,31280000,31280000,31280000,31280000,1,1,0,0,0,0,1,1,0,[0|0|0|0|0|0|0]
31280800,Magic Beast Crest Heater Shield,1,0,[0|0|0],3100,7213004,0,3.5,0,900,340,100,16,0,24,0,100,50,43,32,-1,-1,-1,-1,-1,-1,0,31280000,31280000,31280000,31280000,31280000,31280000,31280000,31280000,31280000,31280000,31280000,31280000,31280000,31280000,31280000,31280000,1,1,1,1,15,15,5.5,2039,12064,0,0,1,10,75,75,0,0,63,60,0,51,800,-1,-1,0,-1,7,0,12,49,0,0,104,0,10,0,0,15,10,0,0,0,99,0,0,50,80,0,3,0,0,0,23,23,23,23,1,1,1,1,0,0,1,1,0,0,0,0,0,1,0,0,0,0,0,0,0,0,0,0,0,0,0,1,0,1,1,1,0,2,0,106,2,1,0,0,-1,-1,-1,-1,-1,-1,-1,-1,-1,-1,-1,-1,-1,-1,-1,-1,-1,-1,-1,-1,-1,-1,-1,-1,139,139,49,0.03,0,0,0,0,1,0,0,0,4,0,0,1,1,42,0,0,6,30,1,23,23,6,0,23,0,302,0,0,0,0,67,15,15,15,15,15,15,15,15,15,15,0,-1,-1,-1,-1,-1,-1,-1,-1,0.915,1,1,1,1,1,1,1,1,-1,-1,-1,-1,-1,10000,0,1,1,0,0,0,0,1,0,0,0,6,3400,310,6,6,1,2,60,-1,-1,-1,31280000,31280000,31280000,31280000,31280000,31280000,31280000,31280000,31280000,31280000,1,1,0,0,0,0,1,1,0,[0|0|0|0|0|0|0]
31280900,Cold Beast Crest Heater Shield,1,0,[0|0|0],3100,7213011,0,3.5,0,900,340,100,36,0,24,0,100,50,43,32,-1,107500,-1,-1,-1,-1,0,31280000,31280000,31280000,31280000,31280000,31280000,31280000,31280000,31280000,31280000,31280000,31280000,31280000,31280000,31280000,31280000,1,1,1,1,15,15,5.5,2039,12064,0,0,1,10,75,64,0,0,63,60,0,51,900,-1,-1,0,-1,7,0,12,49,0,0,104,0,10,0,0,15,10,0,0,0,99,0,0,50,80,0,3,0,0,0,23,23,23,23,1,1,1,1,0,0,1,1,0,0,0,0,0,1,0,0,0,0,0,0,0,0,0,0,0,0,0,1,0,1,1,1,0,2,0,106,2,1,0,0,-1,-1,-1,-1,-1,-1,-1,-1,-1,-1,-1,-1,-1,-1,-1,-1,-1,-1,-1,-1,-1,-1,-1,-1,139,139,49,0.03,0,0,0,0,1,0,0,0,4,0,0,1,1,42,0,0,6,30,1,23,23,6,0,23,0,302,0,0,0,0,67,15,15,15,15,15,15,15,15,15,15,0,-1,-1,-1,-1,-1,-1,-1,-1,0.915,1,1,1,1,1,1,1,1,-1,-1,-1,-1,-1,10000,0,1,1,0,0,0,0,1,0,0,0,6,3400,310,6,6,1,2,60,6601,-1,-1,31280000,31280000,31280000,31280000,31280000,31280000,31280000,31280000,31280000,31280000,1,1,0,0,0,0,1,1,0,[0|0|0|0|0|0|0]
31281000,Poison Beast Crest Heater Shield,1,0,[0|0|0],3100,7213009,0,3.5,0,900,340,100,38,0,0,0,100,50,43,32,-1,106000,-1,-1,-1,-1,0,31280000,31280000,31280000,31280000,31280000,31280000,31280000,31280000,31280000,31280000,31280000,31280000,31280000,31280000,31280000,31280000,1,1,1,1,15,15,5.5,2039,12064,0,0,1,10,75,0,0,0,63,60,0,51,1000,-1,-1,0,-1,7,0,12,49,0,0,104,0,0,0,0,15,10,0,0,0,99,0,0,50,80,0,3,0,0,0,23,23,23,23,1,1,1,1,0,0,1,1,0,0,0,0,0,1,0,0,0,0,0,0,0,0,0,0,0,0,0,1,0,1,1,1,0,2,0,106,2,1,0,0,-1,-1,-1,-1,-1,-1,-1,-1,-1,-1,-1,-1,-1,-1,-1,-1,-1,-1,-1,-1,-1,-1,-1,-1,139,139,49,0.03,0,0,0,0,1,0,0,0,0,0,0,1,1,42,0,0,6,30,1,23,23,6,0,23,0,302,30,0,0,0,67,15,15,15,15,15,15,15,15,15,15,0,-1,-1,-1,-1,-1,-1,-1,-1,0.915,1,1,1,1,1,1,1,1,-1,-1,-1,-1,-1,10013,0,1,1,0,0,0,0,1,0,0,0,6,3400,310,6,6,1,2,60,6401,-1,-1,31280000,31280000,31280000,31280000,31280000,31280000,31280000,31280000,31280000,31280000,1,1,0,0,0,0,1,1,0,[0|0|0|0|0|0|0]
31281100,Blood Beast Crest Heater Shield,1,0,[0|0|0],3100,7213010,0,3.5,0,900,340,100,38,0,0,0,100,50,43,32,105000,-1,-1,-1,-1,-1,0,31280000,31280000,31280000,31280000,31280000,31280000,31280000,31280000,31280000,31280000,31280000,31280000,31280000,31280000,31280000,31280000,1,1,1,1,15,15,5.5,2039,12064,0,0,1,10,75,0,0,0,63,60,0,51,1100,-1,-1,0,-1,7,0,12,49,0,0,104,0,0,0,0,15,10,0,0,0,99,0,0,50,80,0,3,0,0,0,23,23,23,23,1,1,1,1,0,0,1,1,0,0,0,0,0,1,0,0,0,0,0,0,0,0,0,0,0,0,0,1,0,1,1,1,0,2,0,106,2,1,0,0,-1,-1,-1,-1,-1,-1,-1,-1,-1,-1,-1,-1,-1,-1,-1,-1,-1,-1,-1,-1,-1,-1,-1,-1,139,139,49,0.03,0,0,0,0,1,0,0,0,0,0,0,1,1,42,0,0,6,30,1,23,23,6,0,23,0,302,30,0,0,0,67,15,15,15,15,15,15,15,15,15,15,0,-1,-1,-1,-1,-1,-1,-1,-1,0.915,1,1,1,1,1,1,1,1,-1,-1,-1,-1,-1,10013,0,1,1,0,0,0,0,1,0,0,0,6,3400,310,6,6,1,2,60,6501,-1,-1,31280000,31280000,31280000,31280000,31280000,31280000,31280000,31280000,31280000,31280000,1,1,0,0,0,0,1,1,0,[0|0|0|0|0|0|0]
31281200,Occult Beast Crest Heater Shield,1,0,[0|0|0],3100,7213012,0,3.5,0,900,340,100,38,0,0,0,100,50,43,32,-1,-1,-1,-1,-1,-1,0,31280000,31280000,31280000,31280000,31280000,31280000,31280000,31280000,31280000,31280000,31280000,31280000,31280000,31280000,31280000,31280000,1,1,1,1,15,15,5.5,2039,12064,0,0,1,10,75,0,0,0,63,60,0,51,1200,-1,-1,0,-1,7,0,12,49,0,0,104,7,0,0,0,15,10,0,0,0,99,0,0,50,80,0,3,0,0,0,23,23,23,23,1,1,1,1,0,0,1,1,0,0,0,0,0,1,0,0,0,0,0,0,0,0,0,0,0,0,0,1,0,1,1,1,0,2,0,106,2,1,0,0,-1,-1,-1,-1,-1,-1,-1,-1,-1,-1,-1,-1,-1,-1,-1,-1,-1,-1,-1,-1,-1,-1,-1,-1,139,139,49,0.03,0,0,0,0,1,0,0,0,0,0,0,1,1,42,0,0,6,30,1,23,23,6,0,23,0,302,38,0,0,0,67,15,15,15,15,15,15,15,15,15,15,0,-1,-1,-1,-1,-1,-1,-1,-1,0.915,1,1,1,1,1,1,1,1,-1,-1,-1,-1,-1,10013,0,1,1,0,0,0,0,1,0,0,0,6,3400,310,6,6,1,2,60,-1,-1,-1,31280000,31280000,31280000,31280000,31280000,31280000,31280000,31280000,31280000,31280000,1,1,0,0,0,0,1,1,0,[0|0|0|0|0|0|0]
31290000,Red Crest Heater Shield,1,0,[0|0|0],3100,7212000,0,3.5,0,900,340,100,40,0,0,0,100,42,50,32,-1,-1,-1,-1,-1,-1,0,31290000,31290000,31290000,31290000,31290000,31290000,31290000,31290000,31290000,31290000,31290000,31290000,31290000,31290000,31290000,31290000,1,1,1,1,15,15,5.5,2038,12065,0,0,1,10,77,0,0,0,63,60,0,50,8100,-1,-1,0,-1,7,0,12,49,0,0,104,0,0,0,0,15,10,0,0,0,99,0,0,50,80,0,3,0,0,0,23,23,23,23,1,1,1,1,0,0,1,1,0,0,0,0,0,1,0,0,0,0,0,0,0,0,0,0,0,0,0,1,0,1,1,1,0,2,0,106,2,1,0,0,-1,-1,-1,-1,-1,-1,-1,-1,-1,-1,-1,-1,-1,-1,-1,-1,-1,-1,-1,-1,-1,-1,-1,-1,139,139,49,0.03,0,0,0,0,1,0,0,0,0,0,0,1,1,43,0,0,6,30,1,23,23,6,0,23,0,302,0,0,0,0,67,15,15,15,15,15,15,15,15,15,15,0,-1,-1,-1,-1,-1,-1,-1,-1,0.915,1,1,1,1,1,1,1,1,-1,-1,-1,-1,-1,10000,0,1,1,0,0,0,0,1,0,0,0,6,3400,310,6,6,1,2,60,-1,-1,-1,31290000,31290000,31290000,31290000,31290000,31290000,31290000,31290000,31290000,31290000,1,1,0,0,0,0,1,1,0,[0|0|0|0|0|0|0]
31290100,Heavy Red Crest Heater Shield,1,0,[0|0|0],3100,7212001,0,3.5,0,900,340,100,36,0,0,0,100,42,50,32,-1,-1,-1,-1,-1,-1,0,31290000,31290000,31290000,31290000,31290000,31290000,31290000,31290000,31290000,31290000,31290000,31290000,31290000,31290000,31290000,31290000,1,1,1,1,15,15,5.5,2038,12065,0,0,1,10,75,0,0,0,63,60,0,50,100,-1,-1,0,-1,7,0,12,49,0,0,104,1,0,0,0,15,10,0,0,0,99,0,0,50,80,0,3,0,0,0,23,23,23,23,1,1,1,1,0,0,1,1,0,0,0,0,0,1,0,0,0,0,0,0,0,0,0,0,0,0,0,1,0,1,1,1,0,2,0,106,2,1,0,0,-1,-1,-1,-1,-1,-1,-1,-1,-1,-1,-1,-1,-1,-1,-1,-1,-1,-1,-1,-1,-1,-1,-1,-1,139,139,49,0.03,0,0,0,0,1,0,0,0,0,0,0,1,1,43,0,0,6,30,1,23,23,6,0,23,0,302,0,0,0,0,67,15,15,15,15,15,15,15,15,15,15,0,-1,-1,-1,-1,-1,-1,-1,-1,0.915,1,1,1,1,1,1,1,1,-1,-1,-1,-1,-1,10000,0,1,1,0,0,0,0,1,0,0,0,6,3400,310,6,6,1,2,60,-1,-1,-1,31290000,31290000,31290000,31290000,31290000,31290000,31290000,31290000,31290000,31290000,1,1,0,0,0,0,1,1,0,[0|0|0|0|0|0|0]
31290200,Keen Red Crest Heater Shield,1,0,[0|0|0],3100,7212002,0,3.5,0,900,340,100,8,32,0,0,100,42,50,32,-1,-1,-1,-1,-1,-1,0,31290000,31290000,31290000,31290000,31290000,31290000,31290000,31290000,31290000,31290000,31290000,31290000,31290000,31290000,31290000,31290000,1,1,1,1,15,15,5.5,2038,12065,0,0,1,10,75,0,0,0,63,60,0,50,200,-1,-1,0,-1,7,0,12,49,0,0,104,2,0,0,0,15,10,0,0,0,99,0,0,50,80,0,3,0,0,0,23,23,23,23,1,1,1,1,0,0,1,1,0,0,0,0,0,1,0,0,0,0,0,0,0,0,0,0,0,0,0,1,0,1,1,1,0,2,0,106,2,1,0,0,-1,-1,-1,-1,-1,-1,-1,-1,-1,-1,-1,-1,-1,-1,-1,-1,-1,-1,-1,-1,-1,-1,-1,-1,139,139,49,0.03,0,0,0,0,1,0,0,0,0,0,0,1,1,43,0,0,6,30,1,23,23,6,0,23,0,302,0,0,0,0,67,15,15,15,15,15,15,15,15,15,15,0,-1,-1,-1,-1,-1,-1,-1,-1,0.915,1,1,1,1,1,1,1,1,-1,-1,-1,-1,-1,10000,0,1,1,0,0,0,0,1,0,0,0,6,3400,310,6,6,1,2,60,-1,-1,-1,31290000,31290000,31290000,31290000,31290000,31290000,31290000,31290000,31290000,31290000,1,1,0,0,0,0,1,1,0,[0|0|0|0|0|0|0]
31290300,Quality Red Crest Heater Shield,1,0,[0|0|0],3100,7212003,0,3.5,0,900,340,100,40,40,0,0,100,42,50,32,-1,-1,-1,-1,-1,-1,0,31290000,31290000,31290000,31290000,31290000,31290000,31290000,31290000,31290000,31290000,31290000,31290000,31290000,31290000,31290000,31290000,1,1,1,1,15,15,5.5,2038,12065,0,0,1,10,75,0,0,0,63,60,0,50,300,-1,-1,0,-1,7,0,12,49,0,0,104,8,0,0,0,15,10,0,0,0,99,0,0,50,80,0,3,0,0,0,23,23,23,23,1,1,1,1,0,0,1,1,0,0,0,0,0,1,0,0,0,0,0,0,0,0,0,0,0,0,0,1,0,1,1,1,0,2,0,106,2,1,0,0,-1,-1,-1,-1,-1,-1,-1,-1,-1,-1,-1,-1,-1,-1,-1,-1,-1,-1,-1,-1,-1,-1,-1,-1,139,139,49,0.03,0,0,0,0,1,0,0,0,0,0,0,1,1,43,0,0,6,30,1,23,23,6,0,23,0,302,0,0,0,0,67,15,15,15,15,15,15,15,15,15,15,0,-1,-1,-1,-1,-1,-1,-1,-1,0.915,1,1,1,1,1,1,1,1,-1,-1,-1,-1,-1,10000,0,1,1,0,0,0,0,1,0,0,0,6,3400,310,6,6,1,2,60,-1,-1,-1,31290000,31290000,31290000,31290000,31290000,31290000,31290000,31290000,31290000,31290000,1,1,0,0,0,0,1,1,0,[0|0|0|0|0|0|0]
31290400,Fire Red Crest Heater Shield,1,0,[0|0|0],3100,7212005,0,3.5,0,900,340,100,28,12,0,0,100,42,50,32,-1,-1,-1,-1,-1,-1,0,31290000,31290000,31290000,31290000,31290000,31290000,31290000,31290000,31290000,31290000,31290000,31290000,31290000,31290000,31290000,31290000,1,1,1,1,15,15,5.5,2038,12065,0,0,1,10,75,0,75,0,63,60,0,50,400,-1,-1,0,-1,7,0,12,49,0,0,104,0,11,0,0,15,10,0,0,0,99,0,0,50,80,0,3,0,0,0,23,23,23,23,1,1,1,1,0,0,1,1,0,0,0,0,0,1,0,0,0,0,0,0,0,0,0,0,0,0,0,1,0,1,1,1,0,2,0,106,2,1,0,0,-1,-1,-1,-1,-1,-1,-1,-1,-1,-1,-1,-1,-1,-1,-1,-1,-1,-1,-1,-1,-1,-1,-1,-1,139,139,49,0.03,0,0,0,0,1,0,0,0,0,4,0,1,1,43,0,0,6,30,1,23,23,6,0,23,0,302,0,0,0,0,67,15,15,15,15,15,15,15,15,15,15,0,-1,-1,-1,-1,-1,-1,-1,-1,0.915,1,1,1,1,1,1,1,1,-1,-1,-1,-1,-1,10005,0,1,1,0,0,0,0,1,0,0,0,6,3400,310,6,6,1,2,60,-1,-1,-1,31290000,31290000,31290000,31290000,31290000,31290000,31290000,31290000,31290000,31290000,1,1,0,0,0,0,1,1,0,[0|0|0|0|0|0|0]
31290500,Flame Art Red Crest Heater Shield,1,0,[0|0|0],3100,7212006,0,3.5,0,900,340,100,14,0,0,24,100,42,50,32,-1,-1,-1,-1,-1,-1,0,31290000,31290000,31290000,31290000,31290000,31290000,31290000,31290000,31290000,31290000,31290000,31290000,31290000,31290000,31290000,31290000,1,1,1,1,15,15,5.5,2038,12065,0,0,1,10,75,0,75,0,63,60,0,50,500,-1,-1,0,-1,7,0,12,49,0,0,104,0,11,0,0,15,10,0,0,0,99,0,0,50,80,0,3,0,0,0,23,23,23,23,1,1,1,1,0,0,1,1,0,0,0,0,0,1,0,0,0,0,0,0,0,0,0,0,0,0,0,1,0,1,1,1,0,2,0,106,2,1,0,0,-1,-1,-1,-1,-1,-1,-1,-1,-1,-1,-1,-1,-1,-1,-1,-1,-1,-1,-1,-1,-1,-1,-1,-1,139,139,49,0.03,0,0,0,0,1,0,0,0,0,4,0,1,1,43,0,0,6,30,1,23,23,6,0,23,0,302,0,0,0,0,67,15,15,15,15,15,15,15,15,15,15,0,-1,-1,-1,-1,-1,-1,-1,-1,0.915,1,1,1,1,1,1,1,1,-1,-1,-1,-1,-1,10000,0,1,1,0,0,0,0,1,0,0,0,6,3400,310,6,6,1,2,60,-1,-1,-1,31290000,31290000,31290000,31290000,31290000,31290000,31290000,31290000,31290000,31290000,1,1,0,0,0,0,1,1,0,[0|0|0|0|0|0|0]
31290600,Lightning Red Crest Heater Shield,1,0,[0|0|0],3100,7212007,0,3.5,0,900,340,100,8,28,0,0,100,42,50,32,-1,-1,-1,-1,-1,-1,0,31290000,31290000,31290000,31290000,31290000,31290000,31290000,31290000,31290000,31290000,31290000,31290000,31290000,31290000,31290000,31290000,1,1,1,1,15,15,5.5,2038,12065,0,0,1,10,75,0,0,75,63,60,0,50,600,-1,-1,0,-1,7,0,12,49,0,0,104,0,12,0,0,15,10,0,0,0,99,0,0,50,80,0,3,0,0,0,23,23,23,23,1,1,1,1,0,0,1,1,0,0,0,0,0,1,0,0,0,0,0,0,0,0,0,0,0,0,0,1,0,1,1,1,0,2,0,106,2,1,0,0,-1,-1,-1,-1,-1,-1,-1,-1,-1,-1,-1,-1,-1,-1,-1,-1,-1,-1,-1,-1,-1,-1,-1,-1,139,139,49,0.03,0,0,0,0,1,0,0,0,0,0,4,1,1,43,0,0,6,30,1,23,23,6,0,23,0,302,0,0,0,0,67,15,15,15,15,15,15,15,15,15,15,0,-1,-1,-1,-1,-1,-1,-1,-1,0.915,1,1,1,1,1,1,1,1,-1,-1,-1,-1,-1,10000,0,1,1,0,0,0,0,1,0,0,0,6,3400,310,6,6,1,2,60,-1,-1,-1,31290000,31290000,31290000,31290000,31290000,31290000,31290000,31290000,31290000,31290000,1,1,0,0,0,0,1,1,0,[0|0|0|0|0|0|0]
31290700,Sacred Red Crest Heater Shield,1,0,[0|0|0],3100,7212008,0,3.5,0,900,340,100,18,0,0,24,100,42,50,32,-1,-1,-1,-1,-1,-1,0,31290000,31290000,31290000,31290000,31290000,31290000,31290000,31290000,31290000,31290000,31290000,31290000,31290000,31290000,31290000,31290000,1,1,1,1,15,15,5.5,2038,12065,0,0,1,10,75,0,0,0,63,60,0,50,700,-1,-1,0,-1,7,0,12,49,0,0,104,0,13,0,0,15,10,0,0,0,99,0,0,50,80,0,3,0,0,0,23,23,23,23,1,1,1,1,0,0,1,1,0,0,0,0,0,1,0,0,0,0,0,0,0,0,0,0,0,0,0,1,0,1,1,1,0,2,0,106,2,1,0,0,-1,-1,-1,-1,-1,-1,-1,-1,-1,-1,-1,-1,-1,-1,-1,-1,-1,-1,-1,-1,-1,-1,-1,-1,139,139,49,0.03,0,0,0,0,1,0,0,0,0,0,0,1,1,43,75,4,6,30,1,23,23,6,0,23,0,302,0,0,0,0,67,15,15,15,15,15,15,15,15,15,15,0,-1,-1,-1,-1,-1,-1,-1,-1,0.915,1,1,1,1,1,1,1,1,-1,-1,-1,-1,-1,10000,0,1,1,0,0,0,0,1,0,0,0,6,3400,310,6,6,1,2,60,-1,-1,-1,31290000,31290000,31290000,31290000,31290000,31290000,31290000,31290000,31290000,31290000,1,1,0,0,0,0,1,1,0,[0|0|0|0|0|0|0]
31290800,Magic Red Crest Heater Shield,1,0,[0|0|0],3100,7212004,0,3.5,0,900,340,100,16,0,24,0,100,42,50,32,-1,-1,-1,-1,-1,-1,0,31290000,31290000,31290000,31290000,31290000,31290000,31290000,31290000,31290000,31290000,31290000,31290000,31290000,31290000,31290000,31290000,1,1,1,1,15,15,5.5,2038,12065,0,0,1,10,75,75,0,0,63,60,0,50,800,-1,-1,0,-1,7,0,12,49,0,0,104,0,10,0,0,15,10,0,0,0,99,0,0,50,80,0,3,0,0,0,23,23,23,23,1,1,1,1,0,0,1,1,0,0,0,0,0,1,0,0,0,0,0,0,0,0,0,0,0,0,0,1,0,1,1,1,0,2,0,106,2,1,0,0,-1,-1,-1,-1,-1,-1,-1,-1,-1,-1,-1,-1,-1,-1,-1,-1,-1,-1,-1,-1,-1,-1,-1,-1,139,139,49,0.03,0,0,0,0,1,0,0,0,4,0,0,1,1,43,0,0,6,30,1,23,23,6,0,23,0,302,0,0,0,0,67,15,15,15,15,15,15,15,15,15,15,0,-1,-1,-1,-1,-1,-1,-1,-1,0.915,1,1,1,1,1,1,1,1,-1,-1,-1,-1,-1,10000,0,1,1,0,0,0,0,1,0,0,0,6,3400,310,6,6,1,2,60,-1,-1,-1,31290000,31290000,31290000,31290000,31290000,31290000,31290000,31290000,31290000,31290000,1,1,0,0,0,0,1,1,0,[0|0|0|0|0|0|0]
31290900,Cold Red Crest Heater Shield,1,0,[0|0|0],3100,7212011,0,3.5,0,900,340,100,36,0,24,0,100,42,50,32,-1,107500,-1,-1,-1,-1,0,31290000,31290000,31290000,31290000,31290000,31290000,31290000,31290000,31290000,31290000,31290000,31290000,31290000,31290000,31290000,31290000,1,1,1,1,15,15,5.5,2038,12065,0,0,1,10,75,64,0,0,63,60,0,50,900,-1,-1,0,-1,7,0,12,49,0,0,104,0,10,0,0,15,10,0,0,0,99,0,0,50,80,0,3,0,0,0,23,23,23,23,1,1,1,1,0,0,1,1,0,0,0,0,0,1,0,0,0,0,0,0,0,0,0,0,0,0,0,1,0,1,1,1,0,2,0,106,2,1,0,0,-1,-1,-1,-1,-1,-1,-1,-1,-1,-1,-1,-1,-1,-1,-1,-1,-1,-1,-1,-1,-1,-1,-1,-1,139,139,49,0.03,0,0,0,0,1,0,0,0,4,0,0,1,1,43,0,0,6,30,1,23,23,6,0,23,0,302,0,0,0,0,67,15,15,15,15,15,15,15,15,15,15,0,-1,-1,-1,-1,-1,-1,-1,-1,0.915,1,1,1,1,1,1,1,1,-1,-1,-1,-1,-1,10000,0,1,1,0,0,0,0,1,0,0,0,6,3400,310,6,6,1,2,60,6601,-1,-1,31290000,31290000,31290000,31290000,31290000,31290000,31290000,31290000,31290000,31290000,1,1,0,0,0,0,1,1,0,[0|0|0|0|0|0|0]
31291000,Poison Red Crest Heater Shield,1,0,[0|0|0],3100,7212009,0,3.5,0,900,340,100,38,0,0,0,100,42,50,32,-1,106000,-1,-1,-1,-1,0,31290000,31290000,31290000,31290000,31290000,31290000,31290000,31290000,31290000,31290000,31290000,31290000,31290000,31290000,31290000,31290000,1,1,1,1,15,15,5.5,2038,12065,0,0,1,10,75,0,0,0,63,60,0,50,1000,-1,-1,0,-1,7,0,12,49,0,0,104,0,0,0,0,15,10,0,0,0,99,0,0,50,80,0,3,0,0,0,23,23,23,23,1,1,1,1,0,0,1,1,0,0,0,0,0,1,0,0,0,0,0,0,0,0,0,0,0,0,0,1,0,1,1,1,0,2,0,106,2,1,0,0,-1,-1,-1,-1,-1,-1,-1,-1,-1,-1,-1,-1,-1,-1,-1,-1,-1,-1,-1,-1,-1,-1,-1,-1,139,139,49,0.03,0,0,0,0,1,0,0,0,0,0,0,1,1,43,0,0,6,30,1,23,23,6,0,23,0,302,30,0,0,0,67,15,15,15,15,15,15,15,15,15,15,0,-1,-1,-1,-1,-1,-1,-1,-1,0.915,1,1,1,1,1,1,1,1,-1,-1,-1,-1,-1,10013,0,1,1,0,0,0,0,1,0,0,0,6,3400,310,6,6,1,2,60,6401,-1,-1,31290000,31290000,31290000,31290000,31290000,31290000,31290000,31290000,31290000,31290000,1,1,0,0,0,0,1,1,0,[0|0|0|0|0|0|0]
31291100,Blood Red Crest Heater Shield,1,0,[0|0|0],3100,7212010,0,3.5,0,900,340,100,38,0,0,0,100,42,50,32,105000,-1,-1,-1,-1,-1,0,31290000,31290000,31290000,31290000,31290000,31290000,31290000,31290000,31290000,31290000,31290000,31290000,31290000,31290000,31290000,31290000,1,1,1,1,15,15,5.5,2038,12065,0,0,1,10,75,0,0,0,63,60,0,50,1100,-1,-1,0,-1,7,0,12,49,0,0,104,0,0,0,0,15,10,0,0,0,99,0,0,50,80,0,3,0,0,0,23,23,23,23,1,1,1,1,0,0,1,1,0,0,0,0,0,1,0,0,0,0,0,0,0,0,0,0,0,0,0,1,0,1,1,1,0,2,0,106,2,1,0,0,-1,-1,-1,-1,-1,-1,-1,-1,-1,-1,-1,-1,-1,-1,-1,-1,-1,-1,-1,-1,-1,-1,-1,-1,139,139,49,0.03,0,0,0,0,1,0,0,0,0,0,0,1,1,43,0,0,6,30,1,23,23,6,0,23,0,302,30,0,0,0,67,15,15,15,15,15,15,15,15,15,15,0,-1,-1,-1,-1,-1,-1,-1,-1,0.915,1,1,1,1,1,1,1,1,-1,-1,-1,-1,-1,10013,0,1,1,0,0,0,0,1,0,0,0,6,3400,310,6,6,1,2,60,6501,-1,-1,31290000,31290000,31290000,31290000,31290000,31290000,31290000,31290000,31290000,31290000,1,1,0,0,0,0,1,1,0,[0|0|0|0|0|0|0]
31291200,Occult Red Crest Heater Shield,1,0,[0|0|0],3100,7212012,0,3.5,0,900,340,100,38,0,0,0,100,42,50,32,-1,-1,-1,-1,-1,-1,0,31290000,31290000,31290000,31290000,31290000,31290000,31290000,31290000,31290000,31290000,31290000,31290000,31290000,31290000,31290000,31290000,1,1,1,1,15,15,5.5,2038,12065,0,0,1,10,75,0,0,0,63,60,0,50,1200,-1,-1,0,-1,7,0,12,49,0,0,104,7,0,0,0,15,10,0,0,0,99,0,0,50,80,0,3,0,0,0,23,23,23,23,1,1,1,1,0,0,1,1,0,0,0,0,0,1,0,0,0,0,0,0,0,0,0,0,0,0,0,1,0,1,1,1,0,2,0,106,2,1,0,0,-1,-1,-1,-1,-1,-1,-1,-1,-1,-1,-1,-1,-1,-1,-1,-1,-1,-1,-1,-1,-1,-1,-1,-1,139,139,49,0.03,0,0,0,0,1,0,0,0,0,0,0,1,1,43,0,0,6,30,1,23,23,6,0,23,0,302,38,0,0,0,67,15,15,15,15,15,15,15,15,15,15,0,-1,-1,-1,-1,-1,-1,-1,-1,0.915,1,1,1,1,1,1,1,1,-1,-1,-1,-1,-1,10013,0,1,1,0,0,0,0,1,0,0,0,6,3400,310,6,6,1,2,60,-1,-1,-1,31290000,31290000,31290000,31290000,31290000,31290000,31290000,31290000,31290000,31290000,1,1,0,0,0,0,1,1,0,[0|0|0|0|0|0|0]
31300000,Blue Crest Heater Shield,1,0,[0|0|0],3100,7211000,0,3.5,0,900,340,100,40,0,0,0,100,43,42,32,-1,-1,-1,-1,-1,-1,0,31300000,31300000,31300000,31300000,31300000,31300000,31300000,31300000,31300000,31300000,31300000,31300000,31300000,31300000,31300000,31300000,1,1,1,1,15,15,5.5,2037,12066,0,0,1,10,77,0,0,0,63,60,0,50,8100,-1,-1,0,-1,7,0,12,49,0,0,104,0,0,0,0,15,10,0,0,0,99,0,0,50,80,0,3,0,0,0,23,23,23,23,1,1,1,1,0,0,1,1,0,0,0,0,0,1,0,0,0,0,0,0,0,0,0,0,0,0,0,1,0,1,1,1,0,2,0,106,2,1,0,0,-1,-1,-1,-1,-1,-1,-1,-1,-1,-1,-1,-1,-1,-1,-1,-1,-1,-1,-1,-1,-1,-1,-1,-1,139,139,49,0.03,0,0,0,0,1,0,0,0,0,0,0,1,1,50,0,0,6,30,1,23,23,6,0,23,0,302,0,0,0,0,67,15,15,15,15,15,15,15,15,15,15,0,-1,-1,-1,-1,-1,-1,-1,-1,0.915,1,1,1,1,1,1,1,1,-1,-1,-1,-1,-1,10000,0,1,1,0,0,0,0,1,0,0,0,6,3400,310,6,6,1,2,60,-1,-1,-1,31300000,31300000,31300000,31300000,31300000,31300000,31300000,31300000,31300000,31300000,1,1,0,0,0,0,1,1,0,[0|0|0|0|0|0|0]
31300100,Heavy Blue Crest Heater Shield,1,0,[0|0|0],3100,7211001,0,3.5,0,900,340,100,36,0,0,0,100,43,42,32,-1,-1,-1,-1,-1,-1,0,31300000,31300000,31300000,31300000,31300000,31300000,31300000,31300000,31300000,31300000,31300000,31300000,31300000,31300000,31300000,31300000,1,1,1,1,15,15,5.5,2037,12066,0,0,1,10,75,0,0,0,63,60,0,50,100,-1,-1,0,-1,7,0,12,49,0,0,104,1,0,0,0,15,10,0,0,0,99,0,0,50,80,0,3,0,0,0,23,23,23,23,1,1,1,1,0,0,1,1,0,0,0,0,0,1,0,0,0,0,0,0,0,0,0,0,0,0,0,1,0,1,1,1,0,2,0,106,2,1,0,0,-1,-1,-1,-1,-1,-1,-1,-1,-1,-1,-1,-1,-1,-1,-1,-1,-1,-1,-1,-1,-1,-1,-1,-1,139,139,49,0.03,0,0,0,0,1,0,0,0,0,0,0,1,1,50,0,0,6,30,1,23,23,6,0,23,0,302,0,0,0,0,67,15,15,15,15,15,15,15,15,15,15,0,-1,-1,-1,-1,-1,-1,-1,-1,0.915,1,1,1,1,1,1,1,1,-1,-1,-1,-1,-1,10000,0,1,1,0,0,0,0,1,0,0,0,6,3400,310,6,6,1,2,60,-1,-1,-1,31300000,31300000,31300000,31300000,31300000,31300000,31300000,31300000,31300000,31300000,1,1,0,0,0,0,1,1,0,[0|0|0|0|0|0|0]
31300200,Keen Blue Crest Heater Shield,1,0,[0|0|0],3100,7211002,0,3.5,0,900,340,100,8,32,0,0,100,43,42,32,-1,-1,-1,-1,-1,-1,0,31300000,31300000,31300000,31300000,31300000,31300000,31300000,31300000,31300000,31300000,31300000,31300000,31300000,31300000,31300000,31300000,1,1,1,1,15,15,5.5,2037,12066,0,0,1,10,75,0,0,0,63,60,0,50,200,-1,-1,0,-1,7,0,12,49,0,0,104,2,0,0,0,15,10,0,0,0,99,0,0,50,80,0,3,0,0,0,23,23,23,23,1,1,1,1,0,0,1,1,0,0,0,0,0,1,0,0,0,0,0,0,0,0,0,0,0,0,0,1,0,1,1,1,0,2,0,106,2,1,0,0,-1,-1,-1,-1,-1,-1,-1,-1,-1,-1,-1,-1,-1,-1,-1,-1,-1,-1,-1,-1,-1,-1,-1,-1,139,139,49,0.03,0,0,0,0,1,0,0,0,0,0,0,1,1,50,0,0,6,30,1,23,23,6,0,23,0,302,0,0,0,0,67,15,15,15,15,15,15,15,15,15,15,0,-1,-1,-1,-1,-1,-1,-1,-1,0.915,1,1,1,1,1,1,1,1,-1,-1,-1,-1,-1,10000,0,1,1,0,0,0,0,1,0,0,0,6,3400,310,6,6,1,2,60,-1,-1,-1,31300000,31300000,31300000,31300000,31300000,31300000,31300000,31300000,31300000,31300000,1,1,0,0,0,0,1,1,0,[0|0|0|0|0|0|0]
31300300,Quality Blue Crest Heater Shield,1,0,[0|0|0],3100,7211003,0,3.5,0,900,340,100,40,40,0,0,100,43,42,32,-1,-1,-1,-1,-1,-1,0,31300000,31300000,31300000,31300000,31300000,31300000,31300000,31300000,31300000,31300000,31300000,31300000,31300000,31300000,31300000,31300000,1,1,1,1,15,15,5.5,2037,12066,0,0,1,10,75,0,0,0,63,60,0,50,300,-1,-1,0,-1,7,0,12,49,0,0,104,8,0,0,0,15,10,0,0,0,99,0,0,50,80,0,3,0,0,0,23,23,23,23,1,1,1,1,0,0,1,1,0,0,0,0,0,1,0,0,0,0,0,0,0,0,0,0,0,0,0,1,0,1,1,1,0,2,0,106,2,1,0,0,-1,-1,-1,-1,-1,-1,-1,-1,-1,-1,-1,-1,-1,-1,-1,-1,-1,-1,-1,-1,-1,-1,-1,-1,139,139,49,0.03,0,0,0,0,1,0,0,0,0,0,0,1,1,50,0,0,6,30,1,23,23,6,0,23,0,302,0,0,0,0,67,15,15,15,15,15,15,15,15,15,15,0,-1,-1,-1,-1,-1,-1,-1,-1,0.915,1,1,1,1,1,1,1,1,-1,-1,-1,-1,-1,10000,0,1,1,0,0,0,0,1,0,0,0,6,3400,310,6,6,1,2,60,-1,-1,-1,31300000,31300000,31300000,31300000,31300000,31300000,31300000,31300000,31300000,31300000,1,1,0,0,0,0,1,1,0,[0|0|0|0|0|0|0]
31300400,Fire Blue Crest Heater Shield,1,0,[0|0|0],3100,7211005,0,3.5,0,900,340,100,28,12,0,0,100,43,42,32,-1,-1,-1,-1,-1,-1,0,31300000,31300000,31300000,31300000,31300000,31300000,31300000,31300000,31300000,31300000,31300000,31300000,31300000,31300000,31300000,31300000,1,1,1,1,15,15,5.5,2037,12066,0,0,1,10,75,0,75,0,63,60,0,50,400,-1,-1,0,-1,7,0,12,49,0,0,104,0,11,0,0,15,10,0,0,0,99,0,0,50,80,0,3,0,0,0,23,23,23,23,1,1,1,1,0,0,1,1,0,0,0,0,0,1,0,0,0,0,0,0,0,0,0,0,0,0,0,1,0,1,1,1,0,2,0,106,2,1,0,0,-1,-1,-1,-1,-1,-1,-1,-1,-1,-1,-1,-1,-1,-1,-1,-1,-1,-1,-1,-1,-1,-1,-1,-1,139,139,49,0.03,0,0,0,0,1,0,0,0,0,4,0,1,1,50,0,0,6,30,1,23,23,6,0,23,0,302,0,0,0,0,67,15,15,15,15,15,15,15,15,15,15,0,-1,-1,-1,-1,-1,-1,-1,-1,0.915,1,1,1,1,1,1,1,1,-1,-1,-1,-1,-1,10005,0,1,1,0,0,0,0,1,0,0,0,6,3400,310,6,6,1,2,60,-1,-1,-1,31300000,31300000,31300000,31300000,31300000,31300000,31300000,31300000,31300000,31300000,1,1,0,0,0,0,1,1,0,[0|0|0|0|0|0|0]
31300500,Flame Art Blue Crest Heater Shield,1,0,[0|0|0],3100,7211006,0,3.5,0,900,340,100,14,0,0,24,100,43,42,32,-1,-1,-1,-1,-1,-1,0,31300000,31300000,31300000,31300000,31300000,31300000,31300000,31300000,31300000,31300000,31300000,31300000,31300000,31300000,31300000,31300000,1,1,1,1,15,15,5.5,2037,12066,0,0,1,10,75,0,75,0,63,60,0,50,500,-1,-1,0,-1,7,0,12,49,0,0,104,0,11,0,0,15,10,0,0,0,99,0,0,50,80,0,3,0,0,0,23,23,23,23,1,1,1,1,0,0,1,1,0,0,0,0,0,1,0,0,0,0,0,0,0,0,0,0,0,0,0,1,0,1,1,1,0,2,0,106,2,1,0,0,-1,-1,-1,-1,-1,-1,-1,-1,-1,-1,-1,-1,-1,-1,-1,-1,-1,-1,-1,-1,-1,-1,-1,-1,139,139,49,0.03,0,0,0,0,1,0,0,0,0,4,0,1,1,50,0,0,6,30,1,23,23,6,0,23,0,302,0,0,0,0,67,15,15,15,15,15,15,15,15,15,15,0,-1,-1,-1,-1,-1,-1,-1,-1,0.915,1,1,1,1,1,1,1,1,-1,-1,-1,-1,-1,10000,0,1,1,0,0,0,0,1,0,0,0,6,3400,310,6,6,1,2,60,-1,-1,-1,31300000,31300000,31300000,31300000,31300000,31300000,31300000,31300000,31300000,31300000,1,1,0,0,0,0,1,1,0,[0|0|0|0|0|0|0]
31300600,Lightning Blue Crest Heater Shield,1,0,[0|0|0],3100,7211007,0,3.5,0,900,340,100,8,28,0,0,100,43,42,32,-1,-1,-1,-1,-1,-1,0,31300000,31300000,31300000,31300000,31300000,31300000,31300000,31300000,31300000,31300000,31300000,31300000,31300000,31300000,31300000,31300000,1,1,1,1,15,15,5.5,2037,12066,0,0,1,10,75,0,0,75,63,60,0,50,600,-1,-1,0,-1,7,0,12,49,0,0,104,0,12,0,0,15,10,0,0,0,99,0,0,50,80,0,3,0,0,0,23,23,23,23,1,1,1,1,0,0,1,1,0,0,0,0,0,1,0,0,0,0,0,0,0,0,0,0,0,0,0,1,0,1,1,1,0,2,0,106,2,1,0,0,-1,-1,-1,-1,-1,-1,-1,-1,-1,-1,-1,-1,-1,-1,-1,-1,-1,-1,-1,-1,-1,-1,-1,-1,139,139,49,0.03,0,0,0,0,1,0,0,0,0,0,4,1,1,50,0,0,6,30,1,23,23,6,0,23,0,302,0,0,0,0,67,15,15,15,15,15,15,15,15,15,15,0,-1,-1,-1,-1,-1,-1,-1,-1,0.915,1,1,1,1,1,1,1,1,-1,-1,-1,-1,-1,10000,0,1,1,0,0,0,0,1,0,0,0,6,3400,310,6,6,1,2,60,-1,-1,-1,31300000,31300000,31300000,31300000,31300000,31300000,31300000,31300000,31300000,31300000,1,1,0,0,0,0,1,1,0,[0|0|0|0|0|0|0]
31300700,Sacred Blue Crest Heater Shield,1,0,[0|0|0],3100,7211008,0,3.5,0,900,340,100,18,0,0,24,100,43,42,32,-1,-1,-1,-1,-1,-1,0,31300000,31300000,31300000,31300000,31300000,31300000,31300000,31300000,31300000,31300000,31300000,31300000,31300000,31300000,31300000,31300000,1,1,1,1,15,15,5.5,2037,12066,0,0,1,10,75,0,0,0,63,60,0,50,700,-1,-1,0,-1,7,0,12,49,0,0,104,0,13,0,0,15,10,0,0,0,99,0,0,50,80,0,3,0,0,0,23,23,23,23,1,1,1,1,0,0,1,1,0,0,0,0,0,1,0,0,0,0,0,0,0,0,0,0,0,0,0,1,0,1,1,1,0,2,0,106,2,1,0,0,-1,-1,-1,-1,-1,-1,-1,-1,-1,-1,-1,-1,-1,-1,-1,-1,-1,-1,-1,-1,-1,-1,-1,-1,139,139,49,0.03,0,0,0,0,1,0,0,0,0,0,0,1,1,50,75,4,6,30,1,23,23,6,0,23,0,302,0,0,0,0,67,15,15,15,15,15,15,15,15,15,15,0,-1,-1,-1,-1,-1,-1,-1,-1,0.915,1,1,1,1,1,1,1,1,-1,-1,-1,-1,-1,10000,0,1,1,0,0,0,0,1,0,0,0,6,3400,310,6,6,1,2,60,-1,-1,-1,31300000,31300000,31300000,31300000,31300000,31300000,31300000,31300000,31300000,31300000,1,1,0,0,0,0,1,1,0,[0|0|0|0|0|0|0]
31300800,Magic Blue Crest Heater Shield,1,0,[0|0|0],3100,7211004,0,3.5,0,900,340,100,16,0,24,0,100,43,42,32,-1,-1,-1,-1,-1,-1,0,31300000,31300000,31300000,31300000,31300000,31300000,31300000,31300000,31300000,31300000,31300000,31300000,31300000,31300000,31300000,31300000,1,1,1,1,15,15,5.5,2037,12066,0,0,1,10,75,75,0,0,63,60,0,50,800,-1,-1,0,-1,7,0,12,49,0,0,104,0,10,0,0,15,10,0,0,0,99,0,0,50,80,0,3,0,0,0,23,23,23,23,1,1,1,1,0,0,1,1,0,0,0,0,0,1,0,0,0,0,0,0,0,0,0,0,0,0,0,1,0,1,1,1,0,2,0,106,2,1,0,0,-1,-1,-1,-1,-1,-1,-1,-1,-1,-1,-1,-1,-1,-1,-1,-1,-1,-1,-1,-1,-1,-1,-1,-1,139,139,49,0.03,0,0,0,0,1,0,0,0,4,0,0,1,1,50,0,0,6,30,1,23,23,6,0,23,0,302,0,0,0,0,67,15,15,15,15,15,15,15,15,15,15,0,-1,-1,-1,-1,-1,-1,-1,-1,0.915,1,1,1,1,1,1,1,1,-1,-1,-1,-1,-1,10000,0,1,1,0,0,0,0,1,0,0,0,6,3400,310,6,6,1,2,60,-1,-1,-1,31300000,31300000,31300000,31300000,31300000,31300000,31300000,31300000,31300000,31300000,1,1,0,0,0,0,1,1,0,[0|0|0|0|0|0|0]
31300900,Cold Blue Crest Heater Shield,1,0,[0|0|0],3100,7211011,0,3.5,0,900,340,100,36,0,24,0,100,43,42,32,-1,107500,-1,-1,-1,-1,0,31300000,31300000,31300000,31300000,31300000,31300000,31300000,31300000,31300000,31300000,31300000,31300000,31300000,31300000,31300000,31300000,1,1,1,1,15,15,5.5,2037,12066,0,0,1,10,75,64,0,0,63,60,0,50,900,-1,-1,0,-1,7,0,12,49,0,0,104,0,10,0,0,15,10,0,0,0,99,0,0,50,80,0,3,0,0,0,23,23,23,23,1,1,1,1,0,0,1,1,0,0,0,0,0,1,0,0,0,0,0,0,0,0,0,0,0,0,0,1,0,1,1,1,0,2,0,106,2,1,0,0,-1,-1,-1,-1,-1,-1,-1,-1,-1,-1,-1,-1,-1,-1,-1,-1,-1,-1,-1,-1,-1,-1,-1,-1,139,139,49,0.03,0,0,0,0,1,0,0,0,4,0,0,1,1,50,0,0,6,30,1,23,23,6,0,23,0,302,0,0,0,0,67,15,15,15,15,15,15,15,15,15,15,0,-1,-1,-1,-1,-1,-1,-1,-1,0.915,1,1,1,1,1,1,1,1,-1,-1,-1,-1,-1,10000,0,1,1,0,0,0,0,1,0,0,0,6,3400,310,6,6,1,2,60,6601,-1,-1,31300000,31300000,31300000,31300000,31300000,31300000,31300000,31300000,31300000,31300000,1,1,0,0,0,0,1,1,0,[0|0|0|0|0|0|0]
31301000,Poison Blue Crest Heater Shield,1,0,[0|0|0],3100,7211009,0,3.5,0,900,340,100,38,0,0,0,100,43,42,32,-1,106000,-1,-1,-1,-1,0,31300000,31300000,31300000,31300000,31300000,31300000,31300000,31300000,31300000,31300000,31300000,31300000,31300000,31300000,31300000,31300000,1,1,1,1,15,15,5.5,2037,12066,0,0,1,10,75,0,0,0,63,60,0,50,1000,-1,-1,0,-1,7,0,12,49,0,0,104,0,0,0,0,15,10,0,0,0,99,0,0,50,80,0,3,0,0,0,23,23,23,23,1,1,1,1,0,0,1,1,0,0,0,0,0,1,0,0,0,0,0,0,0,0,0,0,0,0,0,1,0,1,1,1,0,2,0,106,2,1,0,0,-1,-1,-1,-1,-1,-1,-1,-1,-1,-1,-1,-1,-1,-1,-1,-1,-1,-1,-1,-1,-1,-1,-1,-1,139,139,49,0.03,0,0,0,0,1,0,0,0,0,0,0,1,1,50,0,0,6,30,1,23,23,6,0,23,0,302,30,0,0,0,67,15,15,15,15,15,15,15,15,15,15,0,-1,-1,-1,-1,-1,-1,-1,-1,0.915,1,1,1,1,1,1,1,1,-1,-1,-1,-1,-1,10013,0,1,1,0,0,0,0,1,0,0,0,6,3400,310,6,6,1,2,60,6401,-1,-1,31300000,31300000,31300000,31300000,31300000,31300000,31300000,31300000,31300000,31300000,1,1,0,0,0,0,1,1,0,[0|0|0|0|0|0|0]
31301100,Blood Blue Crest Heater Shield,1,0,[0|0|0],3100,7211010,0,3.5,0,900,340,100,38,0,0,0,100,43,42,32,105000,-1,-1,-1,-1,-1,0,31300000,31300000,31300000,31300000,31300000,31300000,31300000,31300000,31300000,31300000,31300000,31300000,31300000,31300000,31300000,31300000,1,1,1,1,15,15,5.5,2037,12066,0,0,1,10,75,0,0,0,63,60,0,50,1100,-1,-1,0,-1,7,0,12,49,0,0,104,0,0,0,0,15,10,0,0,0,99,0,0,50,80,0,3,0,0,0,23,23,23,23,1,1,1,1,0,0,1,1,0,0,0,0,0,1,0,0,0,0,0,0,0,0,0,0,0,0,0,1,0,1,1,1,0,2,0,106,2,1,0,0,-1,-1,-1,-1,-1,-1,-1,-1,-1,-1,-1,-1,-1,-1,-1,-1,-1,-1,-1,-1,-1,-1,-1,-1,139,139,49,0.03,0,0,0,0,1,0,0,0,0,0,0,1,1,50,0,0,6,30,1,23,23,6,0,23,0,302,30,0,0,0,67,15,15,15,15,15,15,15,15,15,15,0,-1,-1,-1,-1,-1,-1,-1,-1,0.915,1,1,1,1,1,1,1,1,-1,-1,-1,-1,-1,10013,0,1,1,0,0,0,0,1,0,0,0,6,3400,310,6,6,1,2,60,6501,-1,-1,31300000,31300000,31300000,31300000,31300000,31300000,31300000,31300000,31300000,31300000,1,1,0,0,0,0,1,1,0,[0|0|0|0|0|0|0]
31301200,Occult Blue Crest Heater Shield,1,0,[0|0|0],3100,7211012,0,3.5,0,900,340,100,38,0,0,0,100,43,42,32,-1,-1,-1,-1,-1,-1,0,31300000,31300000,31300000,31300000,31300000,31300000,31300000,31300000,31300000,31300000,31300000,31300000,31300000,31300000,31300000,31300000,1,1,1,1,15,15,5.5,2037,12066,0,0,1,10,75,0,0,0,63,60,0,50,1200,-1,-1,0,-1,7,0,12,49,0,0,104,7,0,0,0,15,10,0,0,0,99,0,0,50,80,0,3,0,0,0,23,23,23,23,1,1,1,1,0,0,1,1,0,0,0,0,0,1,0,0,0,0,0,0,0,0,0,0,0,0,0,1,0,1,1,1,0,2,0,106,2,1,0,0,-1,-1,-1,-1,-1,-1,-1,-1,-1,-1,-1,-1,-1,-1,-1,-1,-1,-1,-1,-1,-1,-1,-1,-1,139,139,49,0.03,0,0,0,0,1,0,0,0,0,0,0,1,1,50,0,0,6,30,1,23,23,6,0,23,0,302,38,0,0,0,67,15,15,15,15,15,15,15,15,15,15,0,-1,-1,-1,-1,-1,-1,-1,-1,0.915,1,1,1,1,1,1,1,1,-1,-1,-1,-1,-1,10013,0,1,1,0,0,0,0,1,0,0,0,6,3400,310,6,6,1,2,60,-1,-1,-1,31300000,31300000,31300000,31300000,31300000,31300000,31300000,31300000,31300000,31300000,1,1,0,0,0,0,1,1,0,[0|0|0|0|0|0|0]
31310000,Eclipse Crest Heater Shield,1,0,[0|0|0],3100,7215000,0,3.5,0,900,340,100,40,0,0,0,100,44,44,37,-1,-1,-1,-1,-1,-1,0,31310000,31310000,31310000,31310000,31310000,31310000,31310000,31310000,31310000,31310000,31310000,31310000,31310000,31310000,31310000,31310000,1,1,1,1,15,15,5.5,2036,12067,0,0,1,10,77,0,0,0,63,60,0,51,8100,-1,-1,0,-1,7,0,12,49,0,0,104,0,0,0,0,15,10,0,0,0,99,0,0,50,80,0,3,0,0,0,23,23,23,23,1,1,1,1,0,0,1,1,0,0,0,0,0,1,0,0,0,0,0,0,0,0,0,0,0,0,0,1,0,1,1,1,0,2,0,106,2,1,0,0,-1,-1,-1,-1,-1,-1,-1,-1,-1,-1,-1,-1,-1,-1,-1,-1,-1,-1,-1,-1,-1,-1,-1,-1,139,139,49,0.03,0,0,0,0,1,0,0,0,0,0,0,1,1,44,0,0,6,30,1,23,23,6,0,23,0,10,0,0,0,0,67,15,15,15,15,15,15,15,15,15,15,0,-1,-1,-1,-1,-1,-1,-1,-1,0.915,1,1,1,1,1,1,1,1,-1,-1,-1,-1,-1,10000,0,1,1,0,0,0,0,1,0,0,0,6,3400,310,6,6,1,2,60,-1,-1,-1,31310000,31310000,31310000,31310000,31310000,31310000,31310000,31310000,31310000,31310000,1,1,0,0,0,0,1,1,0,[0|0|0|0|0|0|0]
31310100,Heavy Eclipse Crest Heater Shield,1,0,[0|0|0],3100,7215001,0,3.5,0,900,340,100,36,0,0,0,100,44,44,37,-1,-1,-1,-1,-1,-1,0,31310000,31310000,31310000,31310000,31310000,31310000,31310000,31310000,31310000,31310000,31310000,31310000,31310000,31310000,31310000,31310000,1,1,1,1,15,15,5.5,2036,12067,0,0,1,10,75,0,0,0,63,60,0,51,100,-1,-1,0,-1,7,0,12,49,0,0,104,1,0,0,0,15,10,0,0,0,99,0,0,50,80,0,3,0,0,0,23,23,23,23,1,1,1,1,0,0,1,1,0,0,0,0,0,1,0,0,0,0,0,0,0,0,0,0,0,0,0,1,0,1,1,1,0,2,0,106,2,1,0,0,-1,-1,-1,-1,-1,-1,-1,-1,-1,-1,-1,-1,-1,-1,-1,-1,-1,-1,-1,-1,-1,-1,-1,-1,139,139,49,0.03,0,0,0,0,1,0,0,0,0,0,0,1,1,44,0,0,6,30,1,23,23,6,0,23,0,10,0,0,0,0,67,15,15,15,15,15,15,15,15,15,15,0,-1,-1,-1,-1,-1,-1,-1,-1,0.915,1,1,1,1,1,1,1,1,-1,-1,-1,-1,-1,10000,0,1,1,0,0,0,0,1,0,0,0,6,3400,310,6,6,1,2,60,-1,-1,-1,31310000,31310000,31310000,31310000,31310000,31310000,31310000,31310000,31310000,31310000,1,1,0,0,0,0,1,1,0,[0|0|0|0|0|0|0]
31310200,Keen Eclipse Crest Heater Shield,1,0,[0|0|0],3100,7215002,0,3.5,0,900,340,100,8,32,0,0,100,44,44,37,-1,-1,-1,-1,-1,-1,0,31310000,31310000,31310000,31310000,31310000,31310000,31310000,31310000,31310000,31310000,31310000,31310000,31310000,31310000,31310000,31310000,1,1,1,1,15,15,5.5,2036,12067,0,0,1,10,75,0,0,0,63,60,0,51,200,-1,-1,0,-1,7,0,12,49,0,0,104,2,0,0,0,15,10,0,0,0,99,0,0,50,80,0,3,0,0,0,23,23,23,23,1,1,1,1,0,0,1,1,0,0,0,0,0,1,0,0,0,0,0,0,0,0,0,0,0,0,0,1,0,1,1,1,0,2,0,106,2,1,0,0,-1,-1,-1,-1,-1,-1,-1,-1,-1,-1,-1,-1,-1,-1,-1,-1,-1,-1,-1,-1,-1,-1,-1,-1,139,139,49,0.03,0,0,0,0,1,0,0,0,0,0,0,1,1,44,0,0,6,30,1,23,23,6,0,23,0,10,0,0,0,0,67,15,15,15,15,15,15,15,15,15,15,0,-1,-1,-1,-1,-1,-1,-1,-1,0.915,1,1,1,1,1,1,1,1,-1,-1,-1,-1,-1,10000,0,1,1,0,0,0,0,1,0,0,0,6,3400,310,6,6,1,2,60,-1,-1,-1,31310000,31310000,31310000,31310000,31310000,31310000,31310000,31310000,31310000,31310000,1,1,0,0,0,0,1,1,0,[0|0|0|0|0|0|0]
31310300,Quality Eclipse Crest Heater Shield,1,0,[0|0|0],3100,7215003,0,3.5,0,900,340,100,40,40,0,0,100,44,44,37,-1,-1,-1,-1,-1,-1,0,31310000,31310000,31310000,31310000,31310000,31310000,31310000,31310000,31310000,31310000,31310000,31310000,31310000,31310000,31310000,31310000,1,1,1,1,15,15,5.5,2036,12067,0,0,1,10,75,0,0,0,63,60,0,51,300,-1,-1,0,-1,7,0,12,49,0,0,104,8,0,0,0,15,10,0,0,0,99,0,0,50,80,0,3,0,0,0,23,23,23,23,1,1,1,1,0,0,1,1,0,0,0,0,0,1,0,0,0,0,0,0,0,0,0,0,0,0,0,1,0,1,1,1,0,2,0,106,2,1,0,0,-1,-1,-1,-1,-1,-1,-1,-1,-1,-1,-1,-1,-1,-1,-1,-1,-1,-1,-1,-1,-1,-1,-1,-1,139,139,49,0.03,0,0,0,0,1,0,0,0,0,0,0,1,1,44,0,0,6,30,1,23,23,6,0,23,0,10,0,0,0,0,67,15,15,15,15,15,15,15,15,15,15,0,-1,-1,-1,-1,-1,-1,-1,-1,0.915,1,1,1,1,1,1,1,1,-1,-1,-1,-1,-1,10000,0,1,1,0,0,0,0,1,0,0,0,6,3400,310,6,6,1,2,60,-1,-1,-1,31310000,31310000,31310000,31310000,31310000,31310000,31310000,31310000,31310000,31310000,1,1,0,0,0,0,1,1,0,[0|0|0|0|0|0|0]
31310400,Fire Eclipse Crest Heater Shield,1,0,[0|0|0],3100,7215005,0,3.5,0,900,340,100,28,12,0,0,100,44,44,37,-1,-1,-1,-1,-1,-1,0,31310000,31310000,31310000,31310000,31310000,31310000,31310000,31310000,31310000,31310000,31310000,31310000,31310000,31310000,31310000,31310000,1,1,1,1,15,15,5.5,2036,12067,0,0,1,10,75,0,75,0,63,60,0,51,400,-1,-1,0,-1,7,0,12,49,0,0,104,0,11,0,0,15,10,0,0,0,99,0,0,50,80,0,3,0,0,0,23,23,23,23,1,1,1,1,0,0,1,1,0,0,0,0,0,1,0,0,0,0,0,0,0,0,0,0,0,0,0,1,0,1,1,1,0,2,0,106,2,1,0,0,-1,-1,-1,-1,-1,-1,-1,-1,-1,-1,-1,-1,-1,-1,-1,-1,-1,-1,-1,-1,-1,-1,-1,-1,139,139,49,0.03,0,0,0,0,1,0,0,0,0,4,0,1,1,44,0,0,6,30,1,23,23,6,0,23,0,10,0,0,0,0,67,15,15,15,15,15,15,15,15,15,15,0,-1,-1,-1,-1,-1,-1,-1,-1,0.915,1,1,1,1,1,1,1,1,-1,-1,-1,-1,-1,10005,0,1,1,0,0,0,0,1,0,0,0,6,3400,310,6,6,1,2,60,-1,-1,-1,31310000,31310000,31310000,31310000,31310000,31310000,31310000,31310000,31310000,31310000,1,1,0,0,0,0,1,1,0,[0|0|0|0|0|0|0]
31310500,Flame Art Eclipse Crest Heater Shield,1,0,[0|0|0],3100,7215006,0,3.5,0,900,340,100,14,0,0,24,100,44,44,37,-1,-1,-1,-1,-1,-1,0,31310000,31310000,31310000,31310000,31310000,31310000,31310000,31310000,31310000,31310000,31310000,31310000,31310000,31310000,31310000,31310000,1,1,1,1,15,15,5.5,2036,12067,0,0,1,10,75,0,75,0,63,60,0,51,500,-1,-1,0,-1,7,0,12,49,0,0,104,0,11,0,0,15,10,0,0,0,99,0,0,50,80,0,3,0,0,0,23,23,23,23,1,1,1,1,0,0,1,1,0,0,0,0,0,1,0,0,0,0,0,0,0,0,0,0,0,0,0,1,0,1,1,1,0,2,0,106,2,1,0,0,-1,-1,-1,-1,-1,-1,-1,-1,-1,-1,-1,-1,-1,-1,-1,-1,-1,-1,-1,-1,-1,-1,-1,-1,139,139,49,0.03,0,0,0,0,1,0,0,0,0,4,0,1,1,44,0,0,6,30,1,23,23,6,0,23,0,10,0,0,0,0,67,15,15,15,15,15,15,15,15,15,15,0,-1,-1,-1,-1,-1,-1,-1,-1,0.915,1,1,1,1,1,1,1,1,-1,-1,-1,-1,-1,10000,0,1,1,0,0,0,0,1,0,0,0,6,3400,310,6,6,1,2,60,-1,-1,-1,31310000,31310000,31310000,31310000,31310000,31310000,31310000,31310000,31310000,31310000,1,1,0,0,0,0,1,1,0,[0|0|0|0|0|0|0]
31310600,Lightning Eclipse Crest Heater Shield,1,0,[0|0|0],3100,7215007,0,3.5,0,900,340,100,8,28,0,0,100,44,44,37,-1,-1,-1,-1,-1,-1,0,31310000,31310000,31310000,31310000,31310000,31310000,31310000,31310000,31310000,31310000,31310000,31310000,31310000,31310000,31310000,31310000,1,1,1,1,15,15,5.5,2036,12067,0,0,1,10,75,0,0,75,63,60,0,51,600,-1,-1,0,-1,7,0,12,49,0,0,104,0,12,0,0,15,10,0,0,0,99,0,0,50,80,0,3,0,0,0,23,23,23,23,1,1,1,1,0,0,1,1,0,0,0,0,0,1,0,0,0,0,0,0,0,0,0,0,0,0,0,1,0,1,1,1,0,2,0,106,2,1,0,0,-1,-1,-1,-1,-1,-1,-1,-1,-1,-1,-1,-1,-1,-1,-1,-1,-1,-1,-1,-1,-1,-1,-1,-1,139,139,49,0.03,0,0,0,0,1,0,0,0,0,0,4,1,1,44,0,0,6,30,1,23,23,6,0,23,0,10,0,0,0,0,67,15,15,15,15,15,15,15,15,15,15,0,-1,-1,-1,-1,-1,-1,-1,-1,0.915,1,1,1,1,1,1,1,1,-1,-1,-1,-1,-1,10000,0,1,1,0,0,0,0,1,0,0,0,6,3400,310,6,6,1,2,60,-1,-1,-1,31310000,31310000,31310000,31310000,31310000,31310000,31310000,31310000,31310000,31310000,1,1,0,0,0,0,1,1,0,[0|0|0|0|0|0|0]
31310700,Sacred Eclipse Crest Heater Shield,1,0,[0|0|0],3100,7215008,0,3.5,0,900,340,100,18,0,0,24,100,44,44,37,-1,-1,-1,-1,-1,-1,0,31310000,31310000,31310000,31310000,31310000,31310000,31310000,31310000,31310000,31310000,31310000,31310000,31310000,31310000,31310000,31310000,1,1,1,1,15,15,5.5,2036,12067,0,0,1,10,75,0,0,0,63,60,0,51,700,-1,-1,0,-1,7,0,12,49,0,0,104,0,13,0,0,15,10,0,0,0,99,0,0,50,80,0,3,0,0,0,23,23,23,23,1,1,1,1,0,0,1,1,0,0,0,0,0,1,0,0,0,0,0,0,0,0,0,0,0,0,0,1,0,1,1,1,0,2,0,106,2,1,0,0,-1,-1,-1,-1,-1,-1,-1,-1,-1,-1,-1,-1,-1,-1,-1,-1,-1,-1,-1,-1,-1,-1,-1,-1,139,139,49,0.03,0,0,0,0,1,0,0,0,0,0,0,1,1,44,75,4,6,30,1,23,23,6,0,23,0,10,0,0,0,0,67,15,15,15,15,15,15,15,15,15,15,0,-1,-1,-1,-1,-1,-1,-1,-1,0.915,1,1,1,1,1,1,1,1,-1,-1,-1,-1,-1,10000,0,1,1,0,0,0,0,1,0,0,0,6,3400,310,6,6,1,2,60,-1,-1,-1,31310000,31310000,31310000,31310000,31310000,31310000,31310000,31310000,31310000,31310000,1,1,0,0,0,0,1,1,0,[0|0|0|0|0|0|0]
31310800,Magic Eclipse Crest Heater Shield,1,0,[0|0|0],3100,7215004,0,3.5,0,900,340,100,16,0,24,0,100,44,44,37,-1,-1,-1,-1,-1,-1,0,31310000,31310000,31310000,31310000,31310000,31310000,31310000,31310000,31310000,31310000,31310000,31310000,31310000,31310000,31310000,31310000,1,1,1,1,15,15,5.5,2036,12067,0,0,1,10,75,75,0,0,63,60,0,51,800,-1,-1,0,-1,7,0,12,49,0,0,104,0,10,0,0,15,10,0,0,0,99,0,0,50,80,0,3,0,0,0,23,23,23,23,1,1,1,1,0,0,1,1,0,0,0,0,0,1,0,0,0,0,0,0,0,0,0,0,0,0,0,1,0,1,1,1,0,2,0,106,2,1,0,0,-1,-1,-1,-1,-1,-1,-1,-1,-1,-1,-1,-1,-1,-1,-1,-1,-1,-1,-1,-1,-1,-1,-1,-1,139,139,49,0.03,0,0,0,0,1,0,0,0,4,0,0,1,1,44,0,0,6,30,1,23,23,6,0,23,0,10,0,0,0,0,67,15,15,15,15,15,15,15,15,15,15,0,-1,-1,-1,-1,-1,-1,-1,-1,0.915,1,1,1,1,1,1,1,1,-1,-1,-1,-1,-1,10000,0,1,1,0,0,0,0,1,0,0,0,6,3400,310,6,6,1,2,60,-1,-1,-1,31310000,31310000,31310000,31310000,31310000,31310000,31310000,31310000,31310000,31310000,1,1,0,0,0,0,1,1,0,[0|0|0|0|0|0|0]
31310900,Cold Eclipse Crest Heater Shield,1,0,[0|0|0],3100,7215011,0,3.5,0,900,340,100,36,0,24,0,100,44,44,37,-1,107500,-1,-1,-1,-1,0,31310000,31310000,31310000,31310000,31310000,31310000,31310000,31310000,31310000,31310000,31310000,31310000,31310000,31310000,31310000,31310000,1,1,1,1,15,15,5.5,2036,12067,0,0,1,10,75,64,0,0,63,60,0,51,900,-1,-1,0,-1,7,0,12,49,0,0,104,0,10,0,0,15,10,0,0,0,99,0,0,50,80,0,3,0,0,0,23,23,23,23,1,1,1,1,0,0,1,1,0,0,0,0,0,1,0,0,0,0,0,0,0,0,0,0,0,0,0,1,0,1,1,1,0,2,0,106,2,1,0,0,-1,-1,-1,-1,-1,-1,-1,-1,-1,-1,-1,-1,-1,-1,-1,-1,-1,-1,-1,-1,-1,-1,-1,-1,139,139,49,0.03,0,0,0,0,1,0,0,0,4,0,0,1,1,44,0,0,6,30,1,23,23,6,0,23,0,10,0,0,0,0,67,15,15,15,15,15,15,15,15,15,15,0,-1,-1,-1,-1,-1,-1,-1,-1,0.915,1,1,1,1,1,1,1,1,-1,-1,-1,-1,-1,10000,0,1,1,0,0,0,0,1,0,0,0,6,3400,310,6,6,1,2,60,6601,-1,-1,31310000,31310000,31310000,31310000,31310000,31310000,31310000,31310000,31310000,31310000,1,1,0,0,0,0,1,1,0,[0|0|0|0|0|0|0]
31311000,Poison Eclipse Crest Heater Shield,1,0,[0|0|0],3100,7215009,0,3.5,0,900,340,100,38,0,0,0,100,44,44,37,-1,106000,-1,-1,-1,-1,0,31310000,31310000,31310000,31310000,31310000,31310000,31310000,31310000,31310000,31310000,31310000,31310000,31310000,31310000,31310000,31310000,1,1,1,1,15,15,5.5,2036,12067,0,0,1,10,75,0,0,0,63,60,0,51,1000,-1,-1,0,-1,7,0,12,49,0,0,104,0,0,0,0,15,10,0,0,0,99,0,0,50,80,0,3,0,0,0,23,23,23,23,1,1,1,1,0,0,1,1,0,0,0,0,0,1,0,0,0,0,0,0,0,0,0,0,0,0,0,1,0,1,1,1,0,2,0,106,2,1,0,0,-1,-1,-1,-1,-1,-1,-1,-1,-1,-1,-1,-1,-1,-1,-1,-1,-1,-1,-1,-1,-1,-1,-1,-1,139,139,49,0.03,0,0,0,0,1,0,0,0,0,0,0,1,1,44,0,0,6,30,1,23,23,6,0,23,0,10,30,0,0,0,67,15,15,15,15,15,15,15,15,15,15,0,-1,-1,-1,-1,-1,-1,-1,-1,0.915,1,1,1,1,1,1,1,1,-1,-1,-1,-1,-1,10013,0,1,1,0,0,0,0,1,0,0,0,6,3400,310,6,6,1,2,60,6401,-1,-1,31310000,31310000,31310000,31310000,31310000,31310000,31310000,31310000,31310000,31310000,1,1,0,0,0,0,1,1,0,[0|0|0|0|0|0|0]
31311100,Blood Eclipse Crest Heater Shield,1,0,[0|0|0],3100,7215010,0,3.5,0,900,340,100,38,0,0,0,100,44,44,37,105000,-1,-1,-1,-1,-1,0,31310000,31310000,31310000,31310000,31310000,31310000,31310000,31310000,31310000,31310000,31310000,31310000,31310000,31310000,31310000,31310000,1,1,1,1,15,15,5.5,2036,12067,0,0,1,10,75,0,0,0,63,60,0,51,1100,-1,-1,0,-1,7,0,12,49,0,0,104,0,0,0,0,15,10,0,0,0,99,0,0,50,80,0,3,0,0,0,23,23,23,23,1,1,1,1,0,0,1,1,0,0,0,0,0,1,0,0,0,0,0,0,0,0,0,0,0,0,0,1,0,1,1,1,0,2,0,106,2,1,0,0,-1,-1,-1,-1,-1,-1,-1,-1,-1,-1,-1,-1,-1,-1,-1,-1,-1,-1,-1,-1,-1,-1,-1,-1,139,139,49,0.03,0,0,0,0,1,0,0,0,0,0,0,1,1,44,0,0,6,30,1,23,23,6,0,23,0,10,30,0,0,0,67,15,15,15,15,15,15,15,15,15,15,0,-1,-1,-1,-1,-1,-1,-1,-1,0.915,1,1,1,1,1,1,1,1,-1,-1,-1,-1,-1,10013,0,1,1,0,0,0,0,1,0,0,0,6,3400,310,6,6,1,2,60,6501,-1,-1,31310000,31310000,31310000,31310000,31310000,31310000,31310000,31310000,31310000,31310000,1,1,0,0,0,0,1,1,0,[0|0|0|0|0|0|0]
31311200,Occult Eclipse Crest Heater Shield,1,0,[0|0|0],3100,7215012,0,3.5,0,900,340,100,38,0,0,0,100,44,44,37,-1,-1,-1,-1,-1,-1,0,31310000,31310000,31310000,31310000,31310000,31310000,31310000,31310000,31310000,31310000,31310000,31310000,31310000,31310000,31310000,31310000,1,1,1,1,15,15,5.5,2036,12067,0,0,1,10,75,0,0,0,63,60,0,51,1200,-1,-1,0,-1,7,0,12,49,0,0,104,7,0,0,0,15,10,0,0,0,99,0,0,50,80,0,3,0,0,0,23,23,23,23,1,1,1,1,0,0,1,1,0,0,0,0,0,1,0,0,0,0,0,0,0,0,0,0,0,0,0,1,0,1,1,1,0,2,0,106,2,1,0,0,-1,-1,-1,-1,-1,-1,-1,-1,-1,-1,-1,-1,-1,-1,-1,-1,-1,-1,-1,-1,-1,-1,-1,-1,139,139,49,0.03,0,0,0,0,1,0,0,0,0,0,0,1,1,44,0,0,6,30,1,23,23,6,0,23,0,10,38,0,0,0,67,15,15,15,15,15,15,15,15,15,15,0,-1,-1,-1,-1,-1,-1,-1,-1,0.915,1,1,1,1,1,1,1,1,-1,-1,-1,-1,-1,10013,0,1,1,0,0,0,0,1,0,0,0,6,3400,310,6,6,1,2,60,-1,-1,-1,31310000,31310000,31310000,31310000,31310000,31310000,31310000,31310000,31310000,31310000,1,1,0,0,0,0,1,1,0,[0|0|0|0|0|0|0]
31320000,Inverted Hawk Heater Shield,1,0,[0|0|0],3100,7214000,0,3.5,0,900,340,100,40,0,0,0,100,49,49,34,-1,-1,-1,-1,-1,-1,0,31320000,31320000,31320000,31320000,31320000,31320000,31320000,31320000,31320000,31320000,31320000,31320000,31320000,31320000,31320000,31320000,1,1,1,1,15,15,5.5,2035,12068,0,0,1,10,77,0,0,0,63,60,0,50,8100,-1,-1,0,-1,7,0,12,49,0,0,104,0,0,0,0,15,10,0,0,0,99,0,0,50,80,0,3,0,0,0,23,23,23,23,1,1,1,1,0,0,1,1,0,0,0,0,0,1,0,0,0,0,0,0,0,0,0,0,0,0,0,1,0,1,1,1,0,2,0,106,2,1,0,0,-1,-1,-1,-1,-1,-1,-1,-1,-1,-1,-1,-1,-1,-1,-1,-1,-1,-1,-1,-1,-1,-1,-1,-1,139,139,49,0.03,0,0,0,0,1,0,0,0,0,0,0,1,1,49,0,0,6,30,1,23,23,6,0,23,0,302,0,0,0,0,67,15,15,15,15,15,15,15,15,15,15,0,-1,-1,-1,-1,-1,-1,-1,-1,0.915,1,1,1,1,1,1,1,1,-1,-1,-1,-1,-1,10000,0,1,1,0,0,0,0,1,0,0,0,6,3400,310,6,6,1,2,60,-1,-1,-1,31320000,31320000,31320000,31320000,31320000,31320000,31320000,31320000,31320000,31320000,1,1,0,0,0,0,1,1,0,[0|0|0|0|0|0|0]
31320100,Heavy Inverted Hawk Heater Shield,1,0,[0|0|0],3100,7214001,0,3.5,0,900,340,100,36,0,0,0,100,49,49,34,-1,-1,-1,-1,-1,-1,0,31320000,31320000,31320000,31320000,31320000,31320000,31320000,31320000,31320000,31320000,31320000,31320000,31320000,31320000,31320000,31320000,1,1,1,1,15,15,5.5,2035,12068,0,0,1,10,75,0,0,0,63,60,0,50,100,-1,-1,0,-1,7,0,12,49,0,0,104,1,0,0,0,15,10,0,0,0,99,0,0,50,80,0,3,0,0,0,23,23,23,23,1,1,1,1,0,0,1,1,0,0,0,0,0,1,0,0,0,0,0,0,0,0,0,0,0,0,0,1,0,1,1,1,0,2,0,106,2,1,0,0,-1,-1,-1,-1,-1,-1,-1,-1,-1,-1,-1,-1,-1,-1,-1,-1,-1,-1,-1,-1,-1,-1,-1,-1,139,139,49,0.03,0,0,0,0,1,0,0,0,0,0,0,1,1,49,0,0,6,30,1,23,23,6,0,23,0,302,0,0,0,0,67,15,15,15,15,15,15,15,15,15,15,0,-1,-1,-1,-1,-1,-1,-1,-1,0.915,1,1,1,1,1,1,1,1,-1,-1,-1,-1,-1,10000,0,1,1,0,0,0,0,1,0,0,0,6,3400,310,6,6,1,2,60,-1,-1,-1,31320000,31320000,31320000,31320000,31320000,31320000,31320000,31320000,31320000,31320000,1,1,0,0,0,0,1,1,0,[0|0|0|0|0|0|0]
31320200,Keen Inverted Hawk Heater Shield,1,0,[0|0|0],3100,7214002,0,3.5,0,900,340,100,8,32,0,0,100,49,49,34,-1,-1,-1,-1,-1,-1,0,31320000,31320000,31320000,31320000,31320000,31320000,31320000,31320000,31320000,31320000,31320000,31320000,31320000,31320000,31320000,31320000,1,1,1,1,15,15,5.5,2035,12068,0,0,1,10,75,0,0,0,63,60,0,50,200,-1,-1,0,-1,7,0,12,49,0,0,104,2,0,0,0,15,10,0,0,0,99,0,0,50,80,0,3,0,0,0,23,23,23,23,1,1,1,1,0,0,1,1,0,0,0,0,0,1,0,0,0,0,0,0,0,0,0,0,0,0,0,1,0,1,1,1,0,2,0,106,2,1,0,0,-1,-1,-1,-1,-1,-1,-1,-1,-1,-1,-1,-1,-1,-1,-1,-1,-1,-1,-1,-1,-1,-1,-1,-1,139,139,49,0.03,0,0,0,0,1,0,0,0,0,0,0,1,1,49,0,0,6,30,1,23,23,6,0,23,0,302,0,0,0,0,67,15,15,15,15,15,15,15,15,15,15,0,-1,-1,-1,-1,-1,-1,-1,-1,0.915,1,1,1,1,1,1,1,1,-1,-1,-1,-1,-1,10000,0,1,1,0,0,0,0,1,0,0,0,6,3400,310,6,6,1,2,60,-1,-1,-1,31320000,31320000,31320000,31320000,31320000,31320000,31320000,31320000,31320000,31320000,1,1,0,0,0,0,1,1,0,[0|0|0|0|0|0|0]
31320300,Quality Inverted Hawk Heater Shield,1,0,[0|0|0],3100,7214003,0,3.5,0,900,340,100,40,40,0,0,100,49,49,34,-1,-1,-1,-1,-1,-1,0,31320000,31320000,31320000,31320000,31320000,31320000,31320000,31320000,31320000,31320000,31320000,31320000,31320000,31320000,31320000,31320000,1,1,1,1,15,15,5.5,2035,12068,0,0,1,10,75,0,0,0,63,60,0,50,300,-1,-1,0,-1,7,0,12,49,0,0,104,8,0,0,0,15,10,0,0,0,99,0,0,50,80,0,3,0,0,0,23,23,23,23,1,1,1,1,0,0,1,1,0,0,0,0,0,1,0,0,0,0,0,0,0,0,0,0,0,0,0,1,0,1,1,1,0,2,0,106,2,1,0,0,-1,-1,-1,-1,-1,-1,-1,-1,-1,-1,-1,-1,-1,-1,-1,-1,-1,-1,-1,-1,-1,-1,-1,-1,139,139,49,0.03,0,0,0,0,1,0,0,0,0,0,0,1,1,49,0,0,6,30,1,23,23,6,0,23,0,302,0,0,0,0,67,15,15,15,15,15,15,15,15,15,15,0,-1,-1,-1,-1,-1,-1,-1,-1,0.915,1,1,1,1,1,1,1,1,-1,-1,-1,-1,-1,10000,0,1,1,0,0,0,0,1,0,0,0,6,3400,310,6,6,1,2,60,-1,-1,-1,31320000,31320000,31320000,31320000,31320000,31320000,31320000,31320000,31320000,31320000,1,1,0,0,0,0,1,1,0,[0|0|0|0|0|0|0]
31320400,Fire Inverted Hawk Heater Shield,1,0,[0|0|0],3100,7214005,0,3.5,0,900,340,100,28,12,0,0,100,49,49,34,-1,-1,-1,-1,-1,-1,0,31320000,31320000,31320000,31320000,31320000,31320000,31320000,31320000,31320000,31320000,31320000,31320000,31320000,31320000,31320000,31320000,1,1,1,1,15,15,5.5,2035,12068,0,0,1,10,75,0,75,0,63,60,0,50,400,-1,-1,0,-1,7,0,12,49,0,0,104,0,11,0,0,15,10,0,0,0,99,0,0,50,80,0,3,0,0,0,23,23,23,23,1,1,1,1,0,0,1,1,0,0,0,0,0,1,0,0,0,0,0,0,0,0,0,0,0,0,0,1,0,1,1,1,0,2,0,106,2,1,0,0,-1,-1,-1,-1,-1,-1,-1,-1,-1,-1,-1,-1,-1,-1,-1,-1,-1,-1,-1,-1,-1,-1,-1,-1,139,139,49,0.03,0,0,0,0,1,0,0,0,0,4,0,1,1,49,0,0,6,30,1,23,23,6,0,23,0,302,0,0,0,0,67,15,15,15,15,15,15,15,15,15,15,0,-1,-1,-1,-1,-1,-1,-1,-1,0.915,1,1,1,1,1,1,1,1,-1,-1,-1,-1,-1,10005,0,1,1,0,0,0,0,1,0,0,0,6,3400,310,6,6,1,2,60,-1,-1,-1,31320000,31320000,31320000,31320000,31320000,31320000,31320000,31320000,31320000,31320000,1,1,0,0,0,0,1,1,0,[0|0|0|0|0|0|0]
31320500,Flame Art Inverted Hawk Heater Shield,1,0,[0|0|0],3100,7214006,0,3.5,0,900,340,100,14,0,0,24,100,49,49,34,-1,-1,-1,-1,-1,-1,0,31320000,31320000,31320000,31320000,31320000,31320000,31320000,31320000,31320000,31320000,31320000,31320000,31320000,31320000,31320000,31320000,1,1,1,1,15,15,5.5,2035,12068,0,0,1,10,75,0,75,0,63,60,0,50,500,-1,-1,0,-1,7,0,12,49,0,0,104,0,11,0,0,15,10,0,0,0,99,0,0,50,80,0,3,0,0,0,23,23,23,23,1,1,1,1,0,0,1,1,0,0,0,0,0,1,0,0,0,0,0,0,0,0,0,0,0,0,0,1,0,1,1,1,0,2,0,106,2,1,0,0,-1,-1,-1,-1,-1,-1,-1,-1,-1,-1,-1,-1,-1,-1,-1,-1,-1,-1,-1,-1,-1,-1,-1,-1,139,139,49,0.03,0,0,0,0,1,0,0,0,0,4,0,1,1,49,0,0,6,30,1,23,23,6,0,23,0,302,0,0,0,0,67,15,15,15,15,15,15,15,15,15,15,0,-1,-1,-1,-1,-1,-1,-1,-1,0.915,1,1,1,1,1,1,1,1,-1,-1,-1,-1,-1,10000,0,1,1,0,0,0,0,1,0,0,0,6,3400,310,6,6,1,2,60,-1,-1,-1,31320000,31320000,31320000,31320000,31320000,31320000,31320000,31320000,31320000,31320000,1,1,0,0,0,0,1,1,0,[0|0|0|0|0|0|0]
31320600,Lightning Inverted Hawk Heater Shield,1,0,[0|0|0],3100,7214007,0,3.5,0,900,340,100,8,28,0,0,100,49,49,34,-1,-1,-1,-1,-1,-1,0,31320000,31320000,31320000,31320000,31320000,31320000,31320000,31320000,31320000,31320000,31320000,31320000,31320000,31320000,31320000,31320000,1,1,1,1,15,15,5.5,2035,12068,0,0,1,10,75,0,0,75,63,60,0,50,600,-1,-1,0,-1,7,0,12,49,0,0,104,0,12,0,0,15,10,0,0,0,99,0,0,50,80,0,3,0,0,0,23,23,23,23,1,1,1,1,0,0,1,1,0,0,0,0,0,1,0,0,0,0,0,0,0,0,0,0,0,0,0,1,0,1,1,1,0,2,0,106,2,1,0,0,-1,-1,-1,-1,-1,-1,-1,-1,-1,-1,-1,-1,-1,-1,-1,-1,-1,-1,-1,-1,-1,-1,-1,-1,139,139,49,0.03,0,0,0,0,1,0,0,0,0,0,4,1,1,49,0,0,6,30,1,23,23,6,0,23,0,302,0,0,0,0,67,15,15,15,15,15,15,15,15,15,15,0,-1,-1,-1,-1,-1,-1,-1,-1,0.915,1,1,1,1,1,1,1,1,-1,-1,-1,-1,-1,10000,0,1,1,0,0,0,0,1,0,0,0,6,3400,310,6,6,1,2,60,-1,-1,-1,31320000,31320000,31320000,31320000,31320000,31320000,31320000,31320000,31320000,31320000,1,1,0,0,0,0,1,1,0,[0|0|0|0|0|0|0]
31320700,Sacred Inverted Hawk Heater Shield,1,0,[0|0|0],3100,7214008,0,3.5,0,900,340,100,18,0,0,24,100,49,49,34,-1,-1,-1,-1,-1,-1,0,31320000,31320000,31320000,31320000,31320000,31320000,31320000,31320000,31320000,31320000,31320000,31320000,31320000,31320000,31320000,31320000,1,1,1,1,15,15,5.5,2035,12068,0,0,1,10,75,0,0,0,63,60,0,50,700,-1,-1,0,-1,7,0,12,49,0,0,104,0,13,0,0,15,10,0,0,0,99,0,0,50,80,0,3,0,0,0,23,23,23,23,1,1,1,1,0,0,1,1,0,0,0,0,0,1,0,0,0,0,0,0,0,0,0,0,0,0,0,1,0,1,1,1,0,2,0,106,2,1,0,0,-1,-1,-1,-1,-1,-1,-1,-1,-1,-1,-1,-1,-1,-1,-1,-1,-1,-1,-1,-1,-1,-1,-1,-1,139,139,49,0.03,0,0,0,0,1,0,0,0,0,0,0,1,1,49,75,4,6,30,1,23,23,6,0,23,0,302,0,0,0,0,67,15,15,15,15,15,15,15,15,15,15,0,-1,-1,-1,-1,-1,-1,-1,-1,0.915,1,1,1,1,1,1,1,1,-1,-1,-1,-1,-1,10000,0,1,1,0,0,0,0,1,0,0,0,6,3400,310,6,6,1,2,60,-1,-1,-1,31320000,31320000,31320000,31320000,31320000,31320000,31320000,31320000,31320000,31320000,1,1,0,0,0,0,1,1,0,[0|0|0|0|0|0|0]
31320800,Magic Inverted Hawk Heater Shield,1,0,[0|0|0],3100,7214004,0,3.5,0,900,340,100,16,0,24,0,100,49,49,34,-1,-1,-1,-1,-1,-1,0,31320000,31320000,31320000,31320000,31320000,31320000,31320000,31320000,31320000,31320000,31320000,31320000,31320000,31320000,31320000,31320000,1,1,1,1,15,15,5.5,2035,12068,0,0,1,10,75,75,0,0,63,60,0,50,800,-1,-1,0,-1,7,0,12,49,0,0,104,0,10,0,0,15,10,0,0,0,99,0,0,50,80,0,3,0,0,0,23,23,23,23,1,1,1,1,0,0,1,1,0,0,0,0,0,1,0,0,0,0,0,0,0,0,0,0,0,0,0,1,0,1,1,1,0,2,0,106,2,1,0,0,-1,-1,-1,-1,-1,-1,-1,-1,-1,-1,-1,-1,-1,-1,-1,-1,-1,-1,-1,-1,-1,-1,-1,-1,139,139,49,0.03,0,0,0,0,1,0,0,0,4,0,0,1,1,49,0,0,6,30,1,23,23,6,0,23,0,302,0,0,0,0,67,15,15,15,15,15,15,15,15,15,15,0,-1,-1,-1,-1,-1,-1,-1,-1,0.915,1,1,1,1,1,1,1,1,-1,-1,-1,-1,-1,10000,0,1,1,0,0,0,0,1,0,0,0,6,3400,310,6,6,1,2,60,-1,-1,-1,31320000,31320000,31320000,31320000,31320000,31320000,31320000,31320000,31320000,31320000,1,1,0,0,0,0,1,1,0,[0|0|0|0|0|0|0]
31320900,Cold Inverted Hawk Heater Shield,1,0,[0|0|0],3100,7214011,0,3.5,0,900,340,100,36,0,24,0,100,49,49,34,-1,107500,-1,-1,-1,-1,0,31320000,31320000,31320000,31320000,31320000,31320000,31320000,31320000,31320000,31320000,31320000,31320000,31320000,31320000,31320000,31320000,1,1,1,1,15,15,5.5,2035,12068,0,0,1,10,75,64,0,0,63,60,0,50,900,-1,-1,0,-1,7,0,12,49,0,0,104,0,10,0,0,15,10,0,0,0,99,0,0,50,80,0,3,0,0,0,23,23,23,23,1,1,1,1,0,0,1,1,0,0,0,0,0,1,0,0,0,0,0,0,0,0,0,0,0,0,0,1,0,1,1,1,0,2,0,106,2,1,0,0,-1,-1,-1,-1,-1,-1,-1,-1,-1,-1,-1,-1,-1,-1,-1,-1,-1,-1,-1,-1,-1,-1,-1,-1,139,139,49,0.03,0,0,0,0,1,0,0,0,4,0,0,1,1,49,0,0,6,30,1,23,23,6,0,23,0,302,0,0,0,0,67,15,15,15,15,15,15,15,15,15,15,0,-1,-1,-1,-1,-1,-1,-1,-1,0.915,1,1,1,1,1,1,1,1,-1,-1,-1,-1,-1,10000,0,1,1,0,0,0,0,1,0,0,0,6,3400,310,6,6,1,2,60,6601,-1,-1,31320000,31320000,31320000,31320000,31320000,31320000,31320000,31320000,31320000,31320000,1,1,0,0,0,0,1,1,0,[0|0|0|0|0|0|0]
31321000,Poison Inverted Hawk Heater Shield,1,0,[0|0|0],3100,7214009,0,3.5,0,900,340,100,38,0,0,0,100,49,49,34,-1,106000,-1,-1,-1,-1,0,31320000,31320000,31320000,31320000,31320000,31320000,31320000,31320000,31320000,31320000,31320000,31320000,31320000,31320000,31320000,31320000,1,1,1,1,15,15,5.5,2035,12068,0,0,1,10,75,0,0,0,63,60,0,50,1000,-1,-1,0,-1,7,0,12,49,0,0,104,0,0,0,0,15,10,0,0,0,99,0,0,50,80,0,3,0,0,0,23,23,23,23,1,1,1,1,0,0,1,1,0,0,0,0,0,1,0,0,0,0,0,0,0,0,0,0,0,0,0,1,0,1,1,1,0,2,0,106,2,1,0,0,-1,-1,-1,-1,-1,-1,-1,-1,-1,-1,-1,-1,-1,-1,-1,-1,-1,-1,-1,-1,-1,-1,-1,-1,139,139,49,0.03,0,0,0,0,1,0,0,0,0,0,0,1,1,49,0,0,6,30,1,23,23,6,0,23,0,302,30,0,0,0,67,15,15,15,15,15,15,15,15,15,15,0,-1,-1,-1,-1,-1,-1,-1,-1,0.915,1,1,1,1,1,1,1,1,-1,-1,-1,-1,-1,10013,0,1,1,0,0,0,0,1,0,0,0,6,3400,310,6,6,1,2,60,6401,-1,-1,31320000,31320000,31320000,31320000,31320000,31320000,31320000,31320000,31320000,31320000,1,1,0,0,0,0,1,1,0,[0|0|0|0|0|0|0]
31321100,Blood Inverted Hawk Heater Shield,1,0,[0|0|0],3100,7214010,0,3.5,0,900,340,100,38,0,0,0,100,49,49,34,105000,-1,-1,-1,-1,-1,0,31320000,31320000,31320000,31320000,31320000,31320000,31320000,31320000,31320000,31320000,31320000,31320000,31320000,31320000,31320000,31320000,1,1,1,1,15,15,5.5,2035,12068,0,0,1,10,75,0,0,0,63,60,0,50,1100,-1,-1,0,-1,7,0,12,49,0,0,104,0,0,0,0,15,10,0,0,0,99,0,0,50,80,0,3,0,0,0,23,23,23,23,1,1,1,1,0,0,1,1,0,0,0,0,0,1,0,0,0,0,0,0,0,0,0,0,0,0,0,1,0,1,1,1,0,2,0,106,2,1,0,0,-1,-1,-1,-1,-1,-1,-1,-1,-1,-1,-1,-1,-1,-1,-1,-1,-1,-1,-1,-1,-1,-1,-1,-1,139,139,49,0.03,0,0,0,0,1,0,0,0,0,0,0,1,1,49,0,0,6,30,1,23,23,6,0,23,0,302,30,0,0,0,67,15,15,15,15,15,15,15,15,15,15,0,-1,-1,-1,-1,-1,-1,-1,-1,0.915,1,1,1,1,1,1,1,1,-1,-1,-1,-1,-1,10013,0,1,1,0,0,0,0,1,0,0,0,6,3400,310,6,6,1,2,60,6501,-1,-1,31320000,31320000,31320000,31320000,31320000,31320000,31320000,31320000,31320000,31320000,1,1,0,0,0,0,1,1,0,[0|0|0|0|0|0|0]
31321200,Occult Inverted Hawk Heater Shield,1,0,[0|0|0],3100,7214012,0,3.5,0,900,340,100,38,0,0,0,100,49,49,34,-1,-1,-1,-1,-1,-1,0,31320000,31320000,31320000,31320000,31320000,31320000,31320000,31320000,31320000,31320000,31320000,31320000,31320000,31320000,31320000,31320000,1,1,1,1,15,15,5.5,2035,12068,0,0,1,10,75,0,0,0,63,60,0,50,1200,-1,-1,0,-1,7,0,12,49,0,0,104,7,0,0,0,15,10,0,0,0,99,0,0,50,80,0,3,0,0,0,23,23,23,23,1,1,1,1,0,0,1,1,0,0,0,0,0,1,0,0,0,0,0,0,0,0,0,0,0,0,0,1,0,1,1,1,0,2,0,106,2,1,0,0,-1,-1,-1,-1,-1,-1,-1,-1,-1,-1,-1,-1,-1,-1,-1,-1,-1,-1,-1,-1,-1,-1,-1,-1,139,139,49,0.03,0,0,0,0,1,0,0,0,0,0,0,1,1,49,0,0,6,30,1,23,23,6,0,23,0,302,38,0,0,0,67,15,15,15,15,15,15,15,15,15,15,0,-1,-1,-1,-1,-1,-1,-1,-1,0.915,1,1,1,1,1,1,1,1,-1,-1,-1,-1,-1,10013,0,1,1,0,0,0,0,1,0,0,0,6,3400,310,6,6,1,2,60,-1,-1,-1,31320000,31320000,31320000,31320000,31320000,31320000,31320000,31320000,31320000,31320000,1,1,0,0,0,0,1,1,0,[0|0|0|0|0|0|0]
31330000,Heater Shield,1,0,[0|0|0],3100,7210000,0,3.5,0,900,340,100,40,0,0,0,100,43,43,27,-1,-1,-1,-1,-1,-1,0,31330000,31330000,31330000,31330000,31330000,31330000,31330000,31330000,31330000,31330000,31330000,31330000,31330000,31330000,31330000,31330000,1,1,1,1,15,15,5.5,2020,12069,0,0,1,10,77,0,0,0,63,60,0,49,8100,-1,-1,0,-1,7,0,12,49,0,0,104,0,0,0,0,15,10,0,0,0,99,0,0,50,80,0,3,0,0,0,23,23,23,23,1,1,1,1,0,0,1,1,0,0,0,0,0,1,0,0,0,0,0,0,0,0,0,0,0,0,0,1,0,1,1,1,0,2,0,106,2,1,0,0,-1,-1,-1,-1,-1,-1,-1,-1,-1,-1,-1,-1,-1,-1,-1,-1,-1,-1,-1,-1,-1,-1,-1,-1,139,139,49,0.03,0,0,0,0,1,0,0,0,0,0,0,1,1,43,0,0,6,30,1,23,23,6,0,23,0,302,0,0,0,0,67,15,15,15,15,15,15,15,15,15,15,0,-1,-1,-1,-1,-1,-1,-1,-1,0.915,1,1,1,1,1,1,1,1,-1,-1,-1,-1,-1,10000,0,1,1,0,0,0,0,1,0,0,0,6,3400,310,6,6,1,2,60,-1,-1,-1,31330000,31330000,31330000,31330000,31330000,31330000,31330000,31330000,31330000,31330000,1,1,0,0,0,0,1,1,0,[0|0|0|0|0|0|0]
31330100,Heavy Heater Shield,1,0,[0|0|0],3100,7210001,0,3.5,0,900,340,100,36,0,0,0,100,43,43,27,-1,-1,-1,-1,-1,-1,0,31330000,31330000,31330000,31330000,31330000,31330000,31330000,31330000,31330000,31330000,31330000,31330000,31330000,31330000,31330000,31330000,1,1,1,1,15,15,5.5,2020,12069,0,0,1,10,75,0,0,0,63,60,0,49,100,-1,-1,0,-1,7,0,12,49,0,0,104,1,0,0,0,15,10,0,0,0,99,0,0,50,80,0,3,0,0,0,23,23,23,23,1,1,1,1,0,0,1,1,0,0,0,0,0,1,0,0,0,0,0,0,0,0,0,0,0,0,0,1,0,1,1,1,0,2,0,106,2,1,0,0,-1,-1,-1,-1,-1,-1,-1,-1,-1,-1,-1,-1,-1,-1,-1,-1,-1,-1,-1,-1,-1,-1,-1,-1,139,139,49,0.03,0,0,0,0,1,0,0,0,0,0,0,1,1,43,0,0,6,30,1,23,23,6,0,23,0,302,0,0,0,0,67,15,15,15,15,15,15,15,15,15,15,0,-1,-1,-1,-1,-1,-1,-1,-1,0.915,1,1,1,1,1,1,1,1,-1,-1,-1,-1,-1,10000,0,1,1,0,0,0,0,1,0,0,0,6,3400,310,6,6,1,2,60,-1,-1,-1,31330000,31330000,31330000,31330000,31330000,31330000,31330000,31330000,31330000,31330000,1,1,0,0,0,0,1,1,0,[0|0|0|0|0|0|0]
31330200,Keen Heater Shield,1,0,[0|0|0],3100,7210002,0,3.5,0,900,340,100,8,32,0,0,100,43,43,27,-1,-1,-1,-1,-1,-1,0,31330000,31330000,31330000,31330000,31330000,31330000,31330000,31330000,31330000,31330000,31330000,31330000,31330000,31330000,31330000,31330000,1,1,1,1,15,15,5.5,2020,12069,0,0,1,10,75,0,0,0,63,60,0,49,200,-1,-1,0,-1,7,0,12,49,0,0,104,2,0,0,0,15,10,0,0,0,99,0,0,50,80,0,3,0,0,0,23,23,23,23,1,1,1,1,0,0,1,1,0,0,0,0,0,1,0,0,0,0,0,0,0,0,0,0,0,0,0,1,0,1,1,1,0,2,0,106,2,1,0,0,-1,-1,-1,-1,-1,-1,-1,-1,-1,-1,-1,-1,-1,-1,-1,-1,-1,-1,-1,-1,-1,-1,-1,-1,139,139,49,0.03,0,0,0,0,1,0,0,0,0,0,0,1,1,43,0,0,6,30,1,23,23,6,0,23,0,302,0,0,0,0,67,15,15,15,15,15,15,15,15,15,15,0,-1,-1,-1,-1,-1,-1,-1,-1,0.915,1,1,1,1,1,1,1,1,-1,-1,-1,-1,-1,10000,0,1,1,0,0,0,0,1,0,0,0,6,3400,310,6,6,1,2,60,-1,-1,-1,31330000,31330000,31330000,31330000,31330000,31330000,31330000,31330000,31330000,31330000,1,1,0,0,0,0,1,1,0,[0|0|0|0|0|0|0]
31330300,Quality Heater Shield,1,0,[0|0|0],3100,7210003,0,3.5,0,900,340,100,40,40,0,0,100,43,43,27,-1,-1,-1,-1,-1,-1,0,31330000,31330000,31330000,31330000,31330000,31330000,31330000,31330000,31330000,31330000,31330000,31330000,31330000,31330000,31330000,31330000,1,1,1,1,15,15,5.5,2020,12069,0,0,1,10,75,0,0,0,63,60,0,49,300,-1,-1,0,-1,7,0,12,49,0,0,104,8,0,0,0,15,10,0,0,0,99,0,0,50,80,0,3,0,0,0,23,23,23,23,1,1,1,1,0,0,1,1,0,0,0,0,0,1,0,0,0,0,0,0,0,0,0,0,0,0,0,1,0,1,1,1,0,2,0,106,2,1,0,0,-1,-1,-1,-1,-1,-1,-1,-1,-1,-1,-1,-1,-1,-1,-1,-1,-1,-1,-1,-1,-1,-1,-1,-1,139,139,49,0.03,0,0,0,0,1,0,0,0,0,0,0,1,1,43,0,0,6,30,1,23,23,6,0,23,0,302,0,0,0,0,67,15,15,15,15,15,15,15,15,15,15,0,-1,-1,-1,-1,-1,-1,-1,-1,0.915,1,1,1,1,1,1,1,1,-1,-1,-1,-1,-1,10000,0,1,1,0,0,0,0,1,0,0,0,6,3400,310,6,6,1,2,60,-1,-1,-1,31330000,31330000,31330000,31330000,31330000,31330000,31330000,31330000,31330000,31330000,1,1,0,0,0,0,1,1,0,[0|0|0|0|0|0|0]
31330400,Fire Heater Shield,1,0,[0|0|0],3100,7210005,0,3.5,0,900,340,100,28,12,0,0,100,43,43,27,-1,-1,-1,-1,-1,-1,0,31330000,31330000,31330000,31330000,31330000,31330000,31330000,31330000,31330000,31330000,31330000,31330000,31330000,31330000,31330000,31330000,1,1,1,1,15,15,5.5,2020,12069,0,0,1,10,75,0,75,0,63,60,0,49,400,-1,-1,0,-1,7,0,12,49,0,0,104,0,11,0,0,15,10,0,0,0,99,0,0,50,80,0,3,0,0,0,23,23,23,23,1,1,1,1,0,0,1,1,0,0,0,0,0,1,0,0,0,0,0,0,0,0,0,0,0,0,0,1,0,1,1,1,0,2,0,106,2,1,0,0,-1,-1,-1,-1,-1,-1,-1,-1,-1,-1,-1,-1,-1,-1,-1,-1,-1,-1,-1,-1,-1,-1,-1,-1,139,139,49,0.03,0,0,0,0,1,0,0,0,0,4,0,1,1,43,0,0,6,30,1,23,23,6,0,23,0,302,0,0,0,0,67,15,15,15,15,15,15,15,15,15,15,0,-1,-1,-1,-1,-1,-1,-1,-1,0.915,1,1,1,1,1,1,1,1,-1,-1,-1,-1,-1,10005,0,1,1,0,0,0,0,1,0,0,0,6,3400,310,6,6,1,2,60,-1,-1,-1,31330000,31330000,31330000,31330000,31330000,31330000,31330000,31330000,31330000,31330000,1,1,0,0,0,0,1,1,0,[0|0|0|0|0|0|0]
31330500,Flame Art Heater Shield,1,0,[0|0|0],3100,7210006,0,3.5,0,900,340,100,14,0,0,24,100,43,43,27,-1,-1,-1,-1,-1,-1,0,31330000,31330000,31330000,31330000,31330000,31330000,31330000,31330000,31330000,31330000,31330000,31330000,31330000,31330000,31330000,31330000,1,1,1,1,15,15,5.5,2020,12069,0,0,1,10,75,0,75,0,63,60,0,49,500,-1,-1,0,-1,7,0,12,49,0,0,104,0,11,0,0,15,10,0,0,0,99,0,0,50,80,0,3,0,0,0,23,23,23,23,1,1,1,1,0,0,1,1,0,0,0,0,0,1,0,0,0,0,0,0,0,0,0,0,0,0,0,1,0,1,1,1,0,2,0,106,2,1,0,0,-1,-1,-1,-1,-1,-1,-1,-1,-1,-1,-1,-1,-1,-1,-1,-1,-1,-1,-1,-1,-1,-1,-1,-1,139,139,49,0.03,0,0,0,0,1,0,0,0,0,4,0,1,1,43,0,0,6,30,1,23,23,6,0,23,0,302,0,0,0,0,67,15,15,15,15,15,15,15,15,15,15,0,-1,-1,-1,-1,-1,-1,-1,-1,0.915,1,1,1,1,1,1,1,1,-1,-1,-1,-1,-1,10000,0,1,1,0,0,0,0,1,0,0,0,6,3400,310,6,6,1,2,60,-1,-1,-1,31330000,31330000,31330000,31330000,31330000,31330000,31330000,31330000,31330000,31330000,1,1,0,0,0,0,1,1,0,[0|0|0|0|0|0|0]
31330600,Lightning Heater Shield,1,0,[0|0|0],3100,7210007,0,3.5,0,900,340,100,8,28,0,0,100,43,43,27,-1,-1,-1,-1,-1,-1,0,31330000,31330000,31330000,31330000,31330000,31330000,31330000,31330000,31330000,31330000,31330000,31330000,31330000,31330000,31330000,31330000,1,1,1,1,15,15,5.5,2020,12069,0,0,1,10,75,0,0,75,63,60,0,49,600,-1,-1,0,-1,7,0,12,49,0,0,104,0,12,0,0,15,10,0,0,0,99,0,0,50,80,0,3,0,0,0,23,23,23,23,1,1,1,1,0,0,1,1,0,0,0,0,0,1,0,0,0,0,0,0,0,0,0,0,0,0,0,1,0,1,1,1,0,2,0,106,2,1,0,0,-1,-1,-1,-1,-1,-1,-1,-1,-1,-1,-1,-1,-1,-1,-1,-1,-1,-1,-1,-1,-1,-1,-1,-1,139,139,49,0.03,0,0,0,0,1,0,0,0,0,0,4,1,1,43,0,0,6,30,1,23,23,6,0,23,0,302,0,0,0,0,67,15,15,15,15,15,15,15,15,15,15,0,-1,-1,-1,-1,-1,-1,-1,-1,0.915,1,1,1,1,1,1,1,1,-1,-1,-1,-1,-1,10000,0,1,1,0,0,0,0,1,0,0,0,6,3400,310,6,6,1,2,60,-1,-1,-1,31330000,31330000,31330000,31330000,31330000,31330000,31330000,31330000,31330000,31330000,1,1,0,0,0,0,1,1,0,[0|0|0|0|0|0|0]
31330700,Sacred Heater Shield,1,0,[0|0|0],3100,7210008,0,3.5,0,900,340,100,18,0,0,24,100,43,43,27,-1,-1,-1,-1,-1,-1,0,31330000,31330000,31330000,31330000,31330000,31330000,31330000,31330000,31330000,31330000,31330000,31330000,31330000,31330000,31330000,31330000,1,1,1,1,15,15,5.5,2020,12069,0,0,1,10,75,0,0,0,63,60,0,49,700,-1,-1,0,-1,7,0,12,49,0,0,104,0,13,0,0,15,10,0,0,0,99,0,0,50,80,0,3,0,0,0,23,23,23,23,1,1,1,1,0,0,1,1,0,0,0,0,0,1,0,0,0,0,0,0,0,0,0,0,0,0,0,1,0,1,1,1,0,2,0,106,2,1,0,0,-1,-1,-1,-1,-1,-1,-1,-1,-1,-1,-1,-1,-1,-1,-1,-1,-1,-1,-1,-1,-1,-1,-1,-1,139,139,49,0.03,0,0,0,0,1,0,0,0,0,0,0,1,1,43,75,4,6,30,1,23,23,6,0,23,0,302,0,0,0,0,67,15,15,15,15,15,15,15,15,15,15,0,-1,-1,-1,-1,-1,-1,-1,-1,0.915,1,1,1,1,1,1,1,1,-1,-1,-1,-1,-1,10000,0,1,1,0,0,0,0,1,0,0,0,6,3400,310,6,6,1,2,60,-1,-1,-1,31330000,31330000,31330000,31330000,31330000,31330000,31330000,31330000,31330000,31330000,1,1,0,0,0,0,1,1,0,[0|0|0|0|0|0|0]
31330800,Magic Heater Shield,1,0,[0|0|0],3100,7210004,0,3.5,0,900,340,100,16,0,24,0,100,43,43,27,-1,-1,-1,-1,-1,-1,0,31330000,31330000,31330000,31330000,31330000,31330000,31330000,31330000,31330000,31330000,31330000,31330000,31330000,31330000,31330000,31330000,1,1,1,1,15,15,5.5,2020,12069,0,0,1,10,75,75,0,0,63,60,0,49,800,-1,-1,0,-1,7,0,12,49,0,0,104,0,10,0,0,15,10,0,0,0,99,0,0,50,80,0,3,0,0,0,23,23,23,23,1,1,1,1,0,0,1,1,0,0,0,0,0,1,0,0,0,0,0,0,0,0,0,0,0,0,0,1,0,1,1,1,0,2,0,106,2,1,0,0,-1,-1,-1,-1,-1,-1,-1,-1,-1,-1,-1,-1,-1,-1,-1,-1,-1,-1,-1,-1,-1,-1,-1,-1,139,139,49,0.03,0,0,0,0,1,0,0,0,4,0,0,1,1,43,0,0,6,30,1,23,23,6,0,23,0,302,0,0,0,0,67,15,15,15,15,15,15,15,15,15,15,0,-1,-1,-1,-1,-1,-1,-1,-1,0.915,1,1,1,1,1,1,1,1,-1,-1,-1,-1,-1,10000,0,1,1,0,0,0,0,1,0,0,0,6,3400,310,6,6,1,2,60,-1,-1,-1,31330000,31330000,31330000,31330000,31330000,31330000,31330000,31330000,31330000,31330000,1,1,0,0,0,0,1,1,0,[0|0|0|0|0|0|0]
31330900,Cold Heater Shield,1,0,[0|0|0],3100,7210011,0,3.5,0,900,340,100,36,0,24,0,100,43,43,27,-1,107500,-1,-1,-1,-1,0,31330000,31330000,31330000,31330000,31330000,31330000,31330000,31330000,31330000,31330000,31330000,31330000,31330000,31330000,31330000,31330000,1,1,1,1,15,15,5.5,2020,12069,0,0,1,10,75,64,0,0,63,60,0,49,900,-1,-1,0,-1,7,0,12,49,0,0,104,0,10,0,0,15,10,0,0,0,99,0,0,50,80,0,3,0,0,0,23,23,23,23,1,1,1,1,0,0,1,1,0,0,0,0,0,1,0,0,0,0,0,0,0,0,0,0,0,0,0,1,0,1,1,1,0,2,0,106,2,1,0,0,-1,-1,-1,-1,-1,-1,-1,-1,-1,-1,-1,-1,-1,-1,-1,-1,-1,-1,-1,-1,-1,-1,-1,-1,139,139,49,0.03,0,0,0,0,1,0,0,0,4,0,0,1,1,43,0,0,6,30,1,23,23,6,0,23,0,302,0,0,0,0,67,15,15,15,15,15,15,15,15,15,15,0,-1,-1,-1,-1,-1,-1,-1,-1,0.915,1,1,1,1,1,1,1,1,-1,-1,-1,-1,-1,10000,0,1,1,0,0,0,0,1,0,0,0,6,3400,310,6,6,1,2,60,6601,-1,-1,31330000,31330000,31330000,31330000,31330000,31330000,31330000,31330000,31330000,31330000,1,1,0,0,0,0,1,1,0,[0|0|0|0|0|0|0]
31331000,Poison Heater Shield,1,0,[0|0|0],3100,7210009,0,3.5,0,900,340,100,38,0,0,0,100,43,43,27,-1,106000,-1,-1,-1,-1,0,31330000,31330000,31330000,31330000,31330000,31330000,31330000,31330000,31330000,31330000,31330000,31330000,31330000,31330000,31330000,31330000,1,1,1,1,15,15,5.5,2020,12069,0,0,1,10,75,0,0,0,63,60,0,49,1000,-1,-1,0,-1,7,0,12,49,0,0,104,0,0,0,0,15,10,0,0,0,99,0,0,50,80,0,3,0,0,0,23,23,23,23,1,1,1,1,0,0,1,1,0,0,0,0,0,1,0,0,0,0,0,0,0,0,0,0,0,0,0,1,0,1,1,1,0,2,0,106,2,1,0,0,-1,-1,-1,-1,-1,-1,-1,-1,-1,-1,-1,-1,-1,-1,-1,-1,-1,-1,-1,-1,-1,-1,-1,-1,139,139,49,0.03,0,0,0,0,1,0,0,0,0,0,0,1,1,43,0,0,6,30,1,23,23,6,0,23,0,302,30,0,0,0,67,15,15,15,15,15,15,15,15,15,15,0,-1,-1,-1,-1,-1,-1,-1,-1,0.915,1,1,1,1,1,1,1,1,-1,-1,-1,-1,-1,10013,0,1,1,0,0,0,0,1,0,0,0,6,3400,310,6,6,1,2,60,6401,-1,-1,31330000,31330000,31330000,31330000,31330000,31330000,31330000,31330000,31330000,31330000,1,1,0,0,0,0,1,1,0,[0|0|0|0|0|0|0]
31331100,Blood Heater Shield,1,0,[0|0|0],3100,7210010,0,3.5,0,900,340,100,38,0,0,0,100,43,43,27,105000,-1,-1,-1,-1,-1,0,31330000,31330000,31330000,31330000,31330000,31330000,31330000,31330000,31330000,31330000,31330000,31330000,31330000,31330000,31330000,31330000,1,1,1,1,15,15,5.5,2020,12069,0,0,1,10,75,0,0,0,63,60,0,49,1100,-1,-1,0,-1,7,0,12,49,0,0,104,0,0,0,0,15,10,0,0,0,99,0,0,50,80,0,3,0,0,0,23,23,23,23,1,1,1,1,0,0,1,1,0,0,0,0,0,1,0,0,0,0,0,0,0,0,0,0,0,0,0,1,0,1,1,1,0,2,0,106,2,1,0,0,-1,-1,-1,-1,-1,-1,-1,-1,-1,-1,-1,-1,-1,-1,-1,-1,-1,-1,-1,-1,-1,-1,-1,-1,139,139,49,0.03,0,0,0,0,1,0,0,0,0,0,0,1,1,43,0,0,6,30,1,23,23,6,0,23,0,302,30,0,0,0,67,15,15,15,15,15,15,15,15,15,15,0,-1,-1,-1,-1,-1,-1,-1,-1,0.915,1,1,1,1,1,1,1,1,-1,-1,-1,-1,-1,10013,0,1,1,0,0,0,0,1,0,0,0,6,3400,310,6,6,1,2,60,6501,-1,-1,31330000,31330000,31330000,31330000,31330000,31330000,31330000,31330000,31330000,31330000,1,1,0,0,0,0,1,1,0,[0|0|0|0|0|0|0]
31331200,Occult Heater Shield,1,0,[0|0|0],3100,7210012,0,3.5,0,900,340,100,38,0,0,0,100,43,43,27,-1,-1,-1,-1,-1,-1,0,31330000,31330000,31330000,31330000,31330000,31330000,31330000,31330000,31330000,31330000,31330000,31330000,31330000,31330000,31330000,31330000,1,1,1,1,15,15,5.5,2020,12069,0,0,1,10,75,0,0,0,63,60,0,49,1200,-1,-1,0,-1,7,0,12,49,0,0,104,7,0,0,0,15,10,0,0,0,99,0,0,50,80,0,3,0,0,0,23,23,23,23,1,1,1,1,0,0,1,1,0,0,0,0,0,1,0,0,0,0,0,0,0,0,0,0,0,0,0,1,0,1,1,1,0,2,0,106,2,1,0,0,-1,-1,-1,-1,-1,-1,-1,-1,-1,-1,-1,-1,-1,-1,-1,-1,-1,-1,-1,-1,-1,-1,-1,-1,139,139,49,0.03,0,0,0,0,1,0,0,0,0,0,0,1,1,43,0,0,6,30,1,23,23,6,0,23,0,302,38,0,0,0,67,15,15,15,15,15,15,15,15,15,15,0,-1,-1,-1,-1,-1,-1,-1,-1,0.915,1,1,1,1,1,1,1,1,-1,-1,-1,-1,-1,10013,0,1,1,0,0,0,0,1,0,0,0,6,3400,310,6,6,1,2,60,-1,-1,-1,31330000,31330000,31330000,31330000,31330000,31330000,31330000,31330000,31330000,31330000,1,1,0,0,0,0,1,1,0,[0|0|0|0|0|0|0]
31340000,Black Leather Shield,1,0,[0|0|0],3100,7208000,0,3,0,900,340,100,40,0,0,0,88,45,31,46,-1,-1,-1,-1,-1,-1,0,31340000,31340000,31340000,31340000,31340000,31340000,31340000,31340000,31340000,31340000,31340000,31340000,31340000,31340000,31340000,31340000,1,1,1,1,15,15,5.5,2045,12070,0,0,1,10,75,0,0,0,61,60,0,44,8100,-1,-1,0,-1,7,0,12,49,0,1,105,0,0,0,0,15,10,0,0,0,99,0,0,50,80,0,3,0,0,0,22,22,22,22,1,1,1,1,0,0,1,1,0,0,0,0,0,1,0,0,0,0,0,0,0,0,0,0,0,0,0,1,0,1,1,1,0,2,0,108,2,1,0,0,-1,-1,-1,-1,-1,-1,-1,-1,-1,-1,-1,-1,-1,-1,-1,-1,-1,-1,-1,-1,-1,-1,-1,-1,139,139,49,0.03,0,0,0,0,1,0,0,0,0,0,0,1,1,47,0,0,6,30,1,22,22,6,0,45,0,10,0,0,0,0,67,15,15,15,15,15,15,15,15,15,15,0,-1,-1,-1,-1,-1,-1,-1,-1,0.9,1,1,1,1,1,1,1,1,-1,-1,-1,-1,-1,10000,0,1,1,0,0,0,0,1,0,0,0,1,3400,310,6,6,1,2,60,-1,-1,-1,31340000,31340000,31340000,31340000,31340000,31340000,31340000,31340000,31340000,31340000,1,1,0,0,0,0,1,1,0,[0|0|0|0|0|0|0]
31340100,Heavy Black Leather Shield,1,0,[0|0|0],3100,7208001,0,3,0,900,340,100,36,0,0,0,88,45,31,46,-1,-1,-1,-1,-1,-1,0,31340000,31340000,31340000,31340000,31340000,31340000,31340000,31340000,31340000,31340000,31340000,31340000,31340000,31340000,31340000,31340000,1,1,1,1,15,15,5.5,2045,12070,0,0,1,10,73,0,0,0,61,60,0,44,100,-1,-1,0,-1,7,0,12,49,0,1,105,1,0,0,0,15,10,0,0,0,99,0,0,50,80,0,3,0,0,0,22,22,22,22,1,1,1,1,0,0,1,1,0,0,0,0,0,1,0,0,0,0,0,0,0,0,0,0,0,0,0,1,0,1,1,1,0,2,0,108,2,1,0,0,-1,-1,-1,-1,-1,-1,-1,-1,-1,-1,-1,-1,-1,-1,-1,-1,-1,-1,-1,-1,-1,-1,-1,-1,139,139,49,0.03,0,0,0,0,1,0,0,0,0,0,0,1,1,47,0,0,6,30,1,22,22,6,0,45,0,10,0,0,0,0,67,15,15,15,15,15,15,15,15,15,15,0,-1,-1,-1,-1,-1,-1,-1,-1,0.9,1,1,1,1,1,1,1,1,-1,-1,-1,-1,-1,10000,0,1,1,0,0,0,0,1,0,0,0,1,3400,310,6,6,1,2,60,-1,-1,-1,31340000,31340000,31340000,31340000,31340000,31340000,31340000,31340000,31340000,31340000,1,1,0,0,0,0,1,1,0,[0|0|0|0|0|0|0]
31340200,Keen Black Leather Shield,1,0,[0|0|0],3100,7208002,0,3,0,900,340,100,8,32,0,0,88,45,31,46,-1,-1,-1,-1,-1,-1,0,31340000,31340000,31340000,31340000,31340000,31340000,31340000,31340000,31340000,31340000,31340000,31340000,31340000,31340000,31340000,31340000,1,1,1,1,15,15,5.5,2045,12070,0,0,1,10,73,0,0,0,61,60,0,44,200,-1,-1,0,-1,7,0,12,49,0,1,105,2,0,0,0,15,10,0,0,0,99,0,0,50,80,0,3,0,0,0,22,22,22,22,1,1,1,1,0,0,1,1,0,0,0,0,0,1,0,0,0,0,0,0,0,0,0,0,0,0,0,1,0,1,1,1,0,2,0,108,2,1,0,0,-1,-1,-1,-1,-1,-1,-1,-1,-1,-1,-1,-1,-1,-1,-1,-1,-1,-1,-1,-1,-1,-1,-1,-1,139,139,49,0.03,0,0,0,0,1,0,0,0,0,0,0,1,1,47,0,0,6,30,1,22,22,6,0,45,0,10,0,0,0,0,67,15,15,15,15,15,15,15,15,15,15,0,-1,-1,-1,-1,-1,-1,-1,-1,0.9,1,1,1,1,1,1,1,1,-1,-1,-1,-1,-1,10000,0,1,1,0,0,0,0,1,0,0,0,1,3400,310,6,6,1,2,60,-1,-1,-1,31340000,31340000,31340000,31340000,31340000,31340000,31340000,31340000,31340000,31340000,1,1,0,0,0,0,1,1,0,[0|0|0|0|0|0|0]
31340300,Quality Black Leather Shield,1,0,[0|0|0],3100,7208003,0,3,0,900,340,100,40,40,0,0,88,45,31,46,-1,-1,-1,-1,-1,-1,0,31340000,31340000,31340000,31340000,31340000,31340000,31340000,31340000,31340000,31340000,31340000,31340000,31340000,31340000,31340000,31340000,1,1,1,1,15,15,5.5,2045,12070,0,0,1,10,73,0,0,0,61,60,0,44,300,-1,-1,0,-1,7,0,12,49,0,1,105,8,0,0,0,15,10,0,0,0,99,0,0,50,80,0,3,0,0,0,22,22,22,22,1,1,1,1,0,0,1,1,0,0,0,0,0,1,0,0,0,0,0,0,0,0,0,0,0,0,0,1,0,1,1,1,0,2,0,108,2,1,0,0,-1,-1,-1,-1,-1,-1,-1,-1,-1,-1,-1,-1,-1,-1,-1,-1,-1,-1,-1,-1,-1,-1,-1,-1,139,139,49,0.03,0,0,0,0,1,0,0,0,0,0,0,1,1,47,0,0,6,30,1,22,22,6,0,45,0,10,0,0,0,0,67,15,15,15,15,15,15,15,15,15,15,0,-1,-1,-1,-1,-1,-1,-1,-1,0.9,1,1,1,1,1,1,1,1,-1,-1,-1,-1,-1,10000,0,1,1,0,0,0,0,1,0,0,0,1,3400,310,6,6,1,2,60,-1,-1,-1,31340000,31340000,31340000,31340000,31340000,31340000,31340000,31340000,31340000,31340000,1,1,0,0,0,0,1,1,0,[0|0|0|0|0|0|0]
31340400,Fire Black Leather Shield,1,0,[0|0|0],3100,7208005,0,3,0,900,340,100,28,12,0,0,88,45,31,46,-1,-1,-1,-1,-1,-1,0,31340000,31340000,31340000,31340000,31340000,31340000,31340000,31340000,31340000,31340000,31340000,31340000,31340000,31340000,31340000,31340000,1,1,1,1,15,15,5.5,2045,12070,0,0,1,10,73,0,73,0,61,60,0,44,400,-1,-1,0,-1,7,0,12,49,0,1,105,0,11,0,0,15,10,0,0,0,99,0,0,50,80,0,3,0,0,0,22,22,22,22,1,1,1,1,0,0,1,1,0,0,0,0,0,1,0,0,0,0,0,0,0,0,0,0,0,0,0,1,0,1,1,1,0,2,0,108,2,1,0,0,-1,-1,-1,-1,-1,-1,-1,-1,-1,-1,-1,-1,-1,-1,-1,-1,-1,-1,-1,-1,-1,-1,-1,-1,139,139,49,0.03,0,0,0,0,1,0,0,0,0,4,0,1,1,47,0,0,6,30,1,22,22,6,0,45,0,10,0,0,0,0,67,15,15,15,15,15,15,15,15,15,15,0,-1,-1,-1,-1,-1,-1,-1,-1,0.9,1,1,1,1,1,1,1,1,-1,-1,-1,-1,-1,10005,0,1,1,0,0,0,0,1,0,0,0,1,3400,310,6,6,1,2,60,-1,-1,-1,31340000,31340000,31340000,31340000,31340000,31340000,31340000,31340000,31340000,31340000,1,1,0,0,0,0,1,1,0,[0|0|0|0|0|0|0]
31340500,Flame Art Black Leather Shield,1,0,[0|0|0],3100,7208006,0,3,0,900,340,100,14,0,0,24,88,45,31,46,-1,-1,-1,-1,-1,-1,0,31340000,31340000,31340000,31340000,31340000,31340000,31340000,31340000,31340000,31340000,31340000,31340000,31340000,31340000,31340000,31340000,1,1,1,1,15,15,5.5,2045,12070,0,0,1,10,73,0,73,0,61,60,0,44,500,-1,-1,0,-1,7,0,12,49,0,1,105,0,11,0,0,15,10,0,0,0,99,0,0,50,80,0,3,0,0,0,22,22,22,22,1,1,1,1,0,0,1,1,0,0,0,0,0,1,0,0,0,0,0,0,0,0,0,0,0,0,0,1,0,1,1,1,0,2,0,108,2,1,0,0,-1,-1,-1,-1,-1,-1,-1,-1,-1,-1,-1,-1,-1,-1,-1,-1,-1,-1,-1,-1,-1,-1,-1,-1,139,139,49,0.03,0,0,0,0,1,0,0,0,0,4,0,1,1,47,0,0,6,30,1,22,22,6,0,45,0,10,0,0,0,0,67,15,15,15,15,15,15,15,15,15,15,0,-1,-1,-1,-1,-1,-1,-1,-1,0.9,1,1,1,1,1,1,1,1,-1,-1,-1,-1,-1,10000,0,1,1,0,0,0,0,1,0,0,0,1,3400,310,6,6,1,2,60,-1,-1,-1,31340000,31340000,31340000,31340000,31340000,31340000,31340000,31340000,31340000,31340000,1,1,0,0,0,0,1,1,0,[0|0|0|0|0|0|0]
31340600,Lightning Black Leather Shield,1,0,[0|0|0],3100,7208007,0,3,0,900,340,100,8,28,0,0,88,45,31,46,-1,-1,-1,-1,-1,-1,0,31340000,31340000,31340000,31340000,31340000,31340000,31340000,31340000,31340000,31340000,31340000,31340000,31340000,31340000,31340000,31340000,1,1,1,1,15,15,5.5,2045,12070,0,0,1,10,73,0,0,73,61,60,0,44,600,-1,-1,0,-1,7,0,12,49,0,1,105,0,12,0,0,15,10,0,0,0,99,0,0,50,80,0,3,0,0,0,22,22,22,22,1,1,1,1,0,0,1,1,0,0,0,0,0,1,0,0,0,0,0,0,0,0,0,0,0,0,0,1,0,1,1,1,0,2,0,108,2,1,0,0,-1,-1,-1,-1,-1,-1,-1,-1,-1,-1,-1,-1,-1,-1,-1,-1,-1,-1,-1,-1,-1,-1,-1,-1,139,139,49,0.03,0,0,0,0,1,0,0,0,0,0,4,1,1,47,0,0,6,30,1,22,22,6,0,45,0,10,0,0,0,0,67,15,15,15,15,15,15,15,15,15,15,0,-1,-1,-1,-1,-1,-1,-1,-1,0.9,1,1,1,1,1,1,1,1,-1,-1,-1,-1,-1,10000,0,1,1,0,0,0,0,1,0,0,0,1,3400,310,6,6,1,2,60,-1,-1,-1,31340000,31340000,31340000,31340000,31340000,31340000,31340000,31340000,31340000,31340000,1,1,0,0,0,0,1,1,0,[0|0|0|0|0|0|0]
31340700,Sacred Black Leather Shield,1,0,[0|0|0],3100,7208008,0,3,0,900,340,100,18,0,0,24,88,45,31,46,-1,-1,-1,-1,-1,-1,0,31340000,31340000,31340000,31340000,31340000,31340000,31340000,31340000,31340000,31340000,31340000,31340000,31340000,31340000,31340000,31340000,1,1,1,1,15,15,5.5,2045,12070,0,0,1,10,73,0,0,0,61,60,0,44,700,-1,-1,0,-1,7,0,12,49,0,1,105,0,13,0,0,15,10,0,0,0,99,0,0,50,80,0,3,0,0,0,22,22,22,22,1,1,1,1,0,0,1,1,0,0,0,0,0,1,0,0,0,0,0,0,0,0,0,0,0,0,0,1,0,1,1,1,0,2,0,108,2,1,0,0,-1,-1,-1,-1,-1,-1,-1,-1,-1,-1,-1,-1,-1,-1,-1,-1,-1,-1,-1,-1,-1,-1,-1,-1,139,139,49,0.03,0,0,0,0,1,0,0,0,0,0,0,1,1,47,73,4,6,30,1,22,22,6,0,45,0,10,0,0,0,0,67,15,15,15,15,15,15,15,15,15,15,0,-1,-1,-1,-1,-1,-1,-1,-1,0.9,1,1,1,1,1,1,1,1,-1,-1,-1,-1,-1,10000,0,1,1,0,0,0,0,1,0,0,0,1,3400,310,6,6,1,2,60,-1,-1,-1,31340000,31340000,31340000,31340000,31340000,31340000,31340000,31340000,31340000,31340000,1,1,0,0,0,0,1,1,0,[0|0|0|0|0|0|0]
31340800,Magic Black Leather Shield,1,0,[0|0|0],3100,7208004,0,3,0,900,340,100,16,0,24,0,88,45,31,46,-1,-1,-1,-1,-1,-1,0,31340000,31340000,31340000,31340000,31340000,31340000,31340000,31340000,31340000,31340000,31340000,31340000,31340000,31340000,31340000,31340000,1,1,1,1,15,15,5.5,2045,12070,0,0,1,10,73,73,0,0,61,60,0,44,800,-1,-1,0,-1,7,0,12,49,0,1,105,0,10,0,0,15,10,0,0,0,99,0,0,50,80,0,3,0,0,0,22,22,22,22,1,1,1,1,0,0,1,1,0,0,0,0,0,1,0,0,0,0,0,0,0,0,0,0,0,0,0,1,0,1,1,1,0,2,0,108,2,1,0,0,-1,-1,-1,-1,-1,-1,-1,-1,-1,-1,-1,-1,-1,-1,-1,-1,-1,-1,-1,-1,-1,-1,-1,-1,139,139,49,0.03,0,0,0,0,1,0,0,0,4,0,0,1,1,47,0,0,6,30,1,22,22,6,0,45,0,10,0,0,0,0,67,15,15,15,15,15,15,15,15,15,15,0,-1,-1,-1,-1,-1,-1,-1,-1,0.9,1,1,1,1,1,1,1,1,-1,-1,-1,-1,-1,10000,0,1,1,0,0,0,0,1,0,0,0,1,3400,310,6,6,1,2,60,-1,-1,-1,31340000,31340000,31340000,31340000,31340000,31340000,31340000,31340000,31340000,31340000,1,1,0,0,0,0,1,1,0,[0|0|0|0|0|0|0]
31340900,Cold Black Leather Shield,1,0,[0|0|0],3100,7208011,0,3,0,900,340,100,36,0,24,0,88,45,31,46,-1,107500,-1,-1,-1,-1,0,31340000,31340000,31340000,31340000,31340000,31340000,31340000,31340000,31340000,31340000,31340000,31340000,31340000,31340000,31340000,31340000,1,1,1,1,15,15,5.5,2045,12070,0,0,1,10,73,62,0,0,61,60,0,44,900,-1,-1,0,-1,7,0,12,49,0,1,105,0,10,0,0,15,10,0,0,0,99,0,0,50,80,0,3,0,0,0,22,22,22,22,1,1,1,1,0,0,1,1,0,0,0,0,0,1,0,0,0,0,0,0,0,0,0,0,0,0,0,1,0,1,1,1,0,2,0,108,2,1,0,0,-1,-1,-1,-1,-1,-1,-1,-1,-1,-1,-1,-1,-1,-1,-1,-1,-1,-1,-1,-1,-1,-1,-1,-1,139,139,49,0.03,0,0,0,0,1,0,0,0,4,0,0,1,1,47,0,0,6,30,1,22,22,6,0,45,0,10,0,0,0,0,67,15,15,15,15,15,15,15,15,15,15,0,-1,-1,-1,-1,-1,-1,-1,-1,0.9,1,1,1,1,1,1,1,1,-1,-1,-1,-1,-1,10000,0,1,1,0,0,0,0,1,0,0,0,1,3400,310,6,6,1,2,60,6601,-1,-1,31340000,31340000,31340000,31340000,31340000,31340000,31340000,31340000,31340000,31340000,1,1,0,0,0,0,1,1,0,[0|0|0|0|0|0|0]
31341000,Poison Black Leather Shield,1,0,[0|0|0],3100,7208009,0,3,0,900,340,100,38,0,0,0,88,45,31,46,-1,106000,-1,-1,-1,-1,0,31340000,31340000,31340000,31340000,31340000,31340000,31340000,31340000,31340000,31340000,31340000,31340000,31340000,31340000,31340000,31340000,1,1,1,1,15,15,5.5,2045,12070,0,0,1,10,73,0,0,0,61,60,0,44,1000,-1,-1,0,-1,7,0,12,49,0,1,105,0,0,0,0,15,10,0,0,0,99,0,0,50,80,0,3,0,0,0,22,22,22,22,1,1,1,1,0,0,1,1,0,0,0,0,0,1,0,0,0,0,0,0,0,0,0,0,0,0,0,1,0,1,1,1,0,2,0,108,2,1,0,0,-1,-1,-1,-1,-1,-1,-1,-1,-1,-1,-1,-1,-1,-1,-1,-1,-1,-1,-1,-1,-1,-1,-1,-1,139,139,49,0.03,0,0,0,0,1,0,0,0,0,0,0,1,1,47,0,0,6,30,1,22,22,6,0,45,0,10,30,0,0,0,67,15,15,15,15,15,15,15,15,15,15,0,-1,-1,-1,-1,-1,-1,-1,-1,0.9,1,1,1,1,1,1,1,1,-1,-1,-1,-1,-1,10013,0,1,1,0,0,0,0,1,0,0,0,1,3400,310,6,6,1,2,60,6401,-1,-1,31340000,31340000,31340000,31340000,31340000,31340000,31340000,31340000,31340000,31340000,1,1,0,0,0,0,1,1,0,[0|0|0|0|0|0|0]
31341100,Blood Black Leather Shield,1,0,[0|0|0],3100,7208010,0,3,0,900,340,100,38,0,0,0,88,45,31,46,105000,-1,-1,-1,-1,-1,0,31340000,31340000,31340000,31340000,31340000,31340000,31340000,31340000,31340000,31340000,31340000,31340000,31340000,31340000,31340000,31340000,1,1,1,1,15,15,5.5,2045,12070,0,0,1,10,73,0,0,0,61,60,0,44,1100,-1,-1,0,-1,7,0,12,49,0,1,105,0,0,0,0,15,10,0,0,0,99,0,0,50,80,0,3,0,0,0,22,22,22,22,1,1,1,1,0,0,1,1,0,0,0,0,0,1,0,0,0,0,0,0,0,0,0,0,0,0,0,1,0,1,1,1,0,2,0,108,2,1,0,0,-1,-1,-1,-1,-1,-1,-1,-1,-1,-1,-1,-1,-1,-1,-1,-1,-1,-1,-1,-1,-1,-1,-1,-1,139,139,49,0.03,0,0,0,0,1,0,0,0,0,0,0,1,1,47,0,0,6,30,1,22,22,6,0,45,0,10,30,0,0,0,67,15,15,15,15,15,15,15,15,15,15,0,-1,-1,-1,-1,-1,-1,-1,-1,0.9,1,1,1,1,1,1,1,1,-1,-1,-1,-1,-1,10013,0,1,1,0,0,0,0,1,0,0,0,1,3400,310,6,6,1,2,60,6501,-1,-1,31340000,31340000,31340000,31340000,31340000,31340000,31340000,31340000,31340000,31340000,1,1,0,0,0,0,1,1,0,[0|0|0|0|0|0|0]
31341200,Occult Black Leather Shield,1,0,[0|0|0],3100,7208012,0,3,0,900,340,100,38,0,0,0,88,45,31,46,-1,-1,-1,-1,-1,-1,0,31340000,31340000,31340000,31340000,31340000,31340000,31340000,31340000,31340000,31340000,31340000,31340000,31340000,31340000,31340000,31340000,1,1,1,1,15,15,5.5,2045,12070,0,0,1,10,73,0,0,0,61,60,0,44,1200,-1,-1,0,-1,7,0,12,49,0,1,105,7,0,0,0,15,10,0,0,0,99,0,0,50,80,0,3,0,0,0,22,22,22,22,1,1,1,1,0,0,1,1,0,0,0,0,0,1,0,0,0,0,0,0,0,0,0,0,0,0,0,1,0,1,1,1,0,2,0,108,2,1,0,0,-1,-1,-1,-1,-1,-1,-1,-1,-1,-1,-1,-1,-1,-1,-1,-1,-1,-1,-1,-1,-1,-1,-1,-1,139,139,49,0.03,0,0,0,0,1,0,0,0,0,0,0,1,1,47,0,0,6,30,1,22,22,6,0,45,0,10,38,0,0,0,67,15,15,15,15,15,15,15,15,15,15,0,-1,-1,-1,-1,-1,-1,-1,-1,0.9,1,1,1,1,1,1,1,1,-1,-1,-1,-1,-1,10013,0,1,1,0,0,0,0,1,0,0,0,1,3400,310,6,6,1,2,60,-1,-1,-1,31340000,31340000,31340000,31340000,31340000,31340000,31340000,31340000,31340000,31340000,1,1,0,0,0,0,1,1,0,[0|0|0|0|0|0|0]
31500000,Messmer Soldier Shield,0,0,[0|0|0],3100,7220500,0,5,0,900,340,100,40,0,0,0,100,43,43,43,-1,-1,-1,-1,-1,-1,0,31500000,31500000,31500000,31500000,31500000,31500000,31500000,31500000,31500000,31500000,31500000,31500000,31500000,31500000,31500000,31500000,1,1,1,1,15,15,5.5,2046,12284,0,0,1,10,80,0,0,0,65,60,0,54,8100,-1,-1,0,-1,7,0,12,49,0,0,104,0,0,0,0,15,10,0,0,0,99,0,0,50,80,0,3,0,0,0,25,25,25,25,1,1,1,1,0,0,1,1,0,0,0,0,0,1,0,0,1,0,0,0,0,0,0,0,0,0,0,1,0,1,1,1,0,2,0,106,2,1,0,0,-1,-1,-1,-1,-1,-1,-1,-1,-1,-1,-1,-1,-1,-1,-1,-1,-1,-1,-1,-1,-1,-1,-1,-1,139,139,49,0.03,0,0,0,0,1,0,0,0,0,0,0,1,1,43,0,0,6,30,1,25,25,6,0,25,0,10,0,0,0,0,67,15,15,15,15,15,15,15,15,15,15,0,-1,-1,-1,-1,-1,-1,-1,-1,1,1,1,1,1,1,1,1,1,-1,-1,-1,-1,-1,10000,0,1,1,0,0,0,0,1,0,0,0,6,2500,310,6,6,1,2,60,-1,-1,-1,31500000,31500000,31500000,31500000,31500000,31500000,31500000,31500000,31500000,31500000,1,1,0,0,0,0,1,1,0,[0|0|0|0|0|0|0]
31500100,Heavy Messmer Soldier Shield,0,0,[0|0|0],3100,7220501,0,5,0,900,340,100,36,0,0,0,100,43,43,43,-1,-1,-1,-1,-1,-1,0,31500000,31500000,31500000,31500000,31500000,31500000,31500000,31500000,31500000,31500000,31500000,31500000,31500000,31500000,31500000,31500000,1,1,1,1,15,15,5.5,2046,12284,0,0,1,10,78,0,0,0,65,60,0,54,100,-1,-1,0,-1,7,0,12,49,0,0,104,1,0,0,0,15,10,0,0,0,99,0,0,50,80,0,3,0,0,0,25,25,25,25,1,1,1,1,0,0,1,1,0,0,0,0,0,1,0,0,1,0,0,0,0,0,0,0,0,0,0,1,0,1,1,1,0,2,0,106,2,1,0,0,-1,-1,-1,-1,-1,-1,-1,-1,-1,-1,-1,-1,-1,-1,-1,-1,-1,-1,-1,-1,-1,-1,-1,-1,139,139,49,0.03,0,0,0,0,1,0,0,0,0,0,0,1,1,43,0,0,6,30,1,25,25,6,0,25,0,10,0,0,0,0,67,15,15,15,15,15,15,15,15,15,15,0,-1,-1,-1,-1,-1,-1,-1,-1,1,1,1,1,1,1,1,1,1,-1,-1,-1,-1,-1,10000,0,1,1,0,0,0,0,1,0,0,0,6,2500,310,6,6,1,2,60,-1,-1,-1,31500000,31500000,31500000,31500000,31500000,31500000,31500000,31500000,31500000,31500000,1,1,0,0,0,0,1,1,0,[0|0|0|0|0|0|0]
31500200,Keen Messmer Soldier Shield,0,0,[0|0|0],3100,7220502,0,5,0,900,340,100,8,32,0,0,100,43,43,43,-1,-1,-1,-1,-1,-1,0,31500000,31500000,31500000,31500000,31500000,31500000,31500000,31500000,31500000,31500000,31500000,31500000,31500000,31500000,31500000,31500000,1,1,1,1,15,15,5.5,2046,12284,0,0,1,10,78,0,0,0,65,60,0,54,200,-1,-1,0,-1,7,0,12,49,0,0,104,2,0,0,0,15,10,0,0,0,99,0,0,50,80,0,3,0,0,0,25,25,25,25,1,1,1,1,0,0,1,1,0,0,0,0,0,1,0,0,1,0,0,0,0,0,0,0,0,0,0,1,0,1,1,1,0,2,0,106,2,1,0,0,-1,-1,-1,-1,-1,-1,-1,-1,-1,-1,-1,-1,-1,-1,-1,-1,-1,-1,-1,-1,-1,-1,-1,-1,139,139,49,0.03,0,0,0,0,1,0,0,0,0,0,0,1,1,43,0,0,6,30,1,25,25,6,0,25,0,10,0,0,0,0,67,15,15,15,15,15,15,15,15,15,15,0,-1,-1,-1,-1,-1,-1,-1,-1,1,1,1,1,1,1,1,1,1,-1,-1,-1,-1,-1,10000,0,1,1,0,0,0,0,1,0,0,0,6,2500,310,6,6,1,2,60,-1,-1,-1,31500000,31500000,31500000,31500000,31500000,31500000,31500000,31500000,31500000,31500000,1,1,0,0,0,0,1,1,0,[0|0|0|0|0|0|0]
31500300,Quality Messmer Soldier Shield,0,0,[0|0|0],3100,7220503,0,5,0,900,340,100,40,40,0,0,100,43,43,43,-1,-1,-1,-1,-1,-1,0,31500000,31500000,31500000,31500000,31500000,31500000,31500000,31500000,31500000,31500000,31500000,31500000,31500000,31500000,31500000,31500000,1,1,1,1,15,15,5.5,2046,12284,0,0,1,10,78,0,0,0,65,60,0,54,300,-1,-1,0,-1,7,0,12,49,0,0,104,8,0,0,0,15,10,0,0,0,99,0,0,50,80,0,3,0,0,0,25,25,25,25,1,1,1,1,0,0,1,1,0,0,0,0,0,1,0,0,1,0,0,0,0,0,0,0,0,0,0,1,0,1,1,1,0,2,0,106,2,1,0,0,-1,-1,-1,-1,-1,-1,-1,-1,-1,-1,-1,-1,-1,-1,-1,-1,-1,-1,-1,-1,-1,-1,-1,-1,139,139,49,0.03,0,0,0,0,1,0,0,0,0,0,0,1,1,43,0,0,6,30,1,25,25,6,0,25,0,10,0,0,0,0,67,15,15,15,15,15,15,15,15,15,15,0,-1,-1,-1,-1,-1,-1,-1,-1,1,1,1,1,1,1,1,1,1,-1,-1,-1,-1,-1,10000,0,1,1,0,0,0,0,1,0,0,0,6,2500,310,6,6,1,2,60,-1,-1,-1,31500000,31500000,31500000,31500000,31500000,31500000,31500000,31500000,31500000,31500000,1,1,0,0,0,0,1,1,0,[0|0|0|0|0|0|0]
31500400,Fire Messmer Soldier Shield,0,0,[0|0|0],3100,7220505,0,5,0,900,340,100,28,12,0,0,100,43,43,43,-1,-1,-1,-1,-1,-1,0,31500000,31500000,31500000,31500000,31500000,31500000,31500000,31500000,31500000,31500000,31500000,31500000,31500000,31500000,31500000,31500000,1,1,1,1,15,15,5.5,2046,12284,0,0,1,10,78,0,78,0,65,60,0,54,400,-1,-1,0,-1,7,0,12,49,0,0,104,0,11,0,0,15,10,0,0,0,99,0,0,50,80,0,3,0,0,0,25,25,25,25,1,1,1,1,0,0,1,1,0,0,0,0,0,1,0,0,0,0,0,0,0,0,0,0,0,0,0,1,0,1,1,1,0,2,0,106,2,1,0,0,-1,-1,-1,-1,-1,-1,-1,-1,-1,-1,-1,-1,-1,-1,-1,-1,-1,-1,-1,-1,-1,-1,-1,-1,139,139,49,0.03,0,0,0,0,1,0,0,0,0,4,0,1,1,43,0,0,6,30,1,25,25,6,0,25,0,10,0,0,0,0,67,15,15,15,15,15,15,15,15,15,15,0,-1,-1,-1,-1,-1,-1,-1,-1,1,1,1,1,1,1,1,1,1,-1,-1,-1,-1,-1,10005,0,1,1,0,0,0,0,1,0,0,0,6,2500,310,6,6,1,2,60,-1,-1,-1,31500000,31500000,31500000,31500000,31500000,31500000,31500000,31500000,31500000,31500000,1,1,0,0,0,0,1,1,0,[0|0|0|0|0|0|0]
31500500,Flame Art Messmer Soldier Shield,0,0,[0|0|0],3100,7220506,0,5,0,900,340,100,14,0,0,24,100,43,43,43,-1,-1,-1,-1,-1,-1,0,31500000,31500000,31500000,31500000,31500000,31500000,31500000,31500000,31500000,31500000,31500000,31500000,31500000,31500000,31500000,31500000,1,1,1,1,15,15,5.5,2046,12284,0,0,1,10,78,0,78,0,65,60,0,54,500,-1,-1,0,-1,7,0,12,49,0,0,104,0,11,0,0,15,10,0,0,0,99,0,0,50,80,0,3,0,0,0,25,25,25,25,1,1,1,1,0,0,1,1,0,0,0,0,0,1,0,0,0,0,0,0,0,0,0,0,0,0,0,1,0,1,1,1,0,2,0,106,2,1,0,0,-1,-1,-1,-1,-1,-1,-1,-1,-1,-1,-1,-1,-1,-1,-1,-1,-1,-1,-1,-1,-1,-1,-1,-1,139,139,49,0.03,0,0,0,0,1,0,0,0,0,4,0,1,1,43,0,0,6,30,1,25,25,6,0,25,0,10,0,0,0,0,67,15,15,15,15,15,15,15,15,15,15,0,-1,-1,-1,-1,-1,-1,-1,-1,1,1,1,1,1,1,1,1,1,-1,-1,-1,-1,-1,10000,0,1,1,0,0,0,0,1,0,0,0,6,2500,310,6,6,1,2,60,-1,-1,-1,31500000,31500000,31500000,31500000,31500000,31500000,31500000,31500000,31500000,31500000,1,1,0,0,0,0,1,1,0,[0|0|0|0|0|0|0]
31500600,Lightning Messmer Soldier Shield,0,0,[0|0|0],3100,7220507,0,5,0,900,340,100,8,28,0,0,100,43,43,43,-1,-1,-1,-1,-1,-1,0,31500000,31500000,31500000,31500000,31500000,31500000,31500000,31500000,31500000,31500000,31500000,31500000,31500000,31500000,31500000,31500000,1,1,1,1,15,15,5.5,2046,12284,0,0,1,10,78,0,0,78,65,60,0,54,600,-1,-1,0,-1,7,0,12,49,0,0,104,0,12,0,0,15,10,0,0,0,99,0,0,50,80,0,3,0,0,0,25,25,25,25,1,1,1,1,0,0,1,1,0,0,0,0,0,1,0,0,0,0,0,0,0,0,0,0,0,0,0,1,0,1,1,1,0,2,0,106,2,1,0,0,-1,-1,-1,-1,-1,-1,-1,-1,-1,-1,-1,-1,-1,-1,-1,-1,-1,-1,-1,-1,-1,-1,-1,-1,139,139,49,0.03,0,0,0,0,1,0,0,0,0,0,4,1,1,43,0,0,6,30,1,25,25,6,0,25,0,10,0,0,0,0,67,15,15,15,15,15,15,15,15,15,15,0,-1,-1,-1,-1,-1,-1,-1,-1,1,1,1,1,1,1,1,1,1,-1,-1,-1,-1,-1,10000,0,1,1,0,0,0,0,1,0,0,0,6,2500,310,6,6,1,2,60,-1,-1,-1,31500000,31500000,31500000,31500000,31500000,31500000,31500000,31500000,31500000,31500000,1,1,0,0,0,0,1,1,0,[0|0|0|0|0|0|0]
31500700,Sacred Messmer Soldier Shield,0,0,[0|0|0],3100,7220508,0,5,0,900,340,100,18,0,0,24,100,43,43,43,-1,-1,-1,-1,-1,-1,0,31500000,31500000,31500000,31500000,31500000,31500000,31500000,31500000,31500000,31500000,31500000,31500000,31500000,31500000,31500000,31500000,1,1,1,1,15,15,5.5,2046,12284,0,0,1,10,78,0,0,0,65,60,0,54,700,-1,-1,0,-1,7,0,12,49,0,0,104,0,13,0,0,15,10,0,0,0,99,0,0,50,80,0,3,0,0,0,25,25,25,25,1,1,1,1,0,0,1,1,0,0,0,0,0,1,0,0,0,0,0,0,0,0,0,0,0,0,0,1,0,1,1,1,0,2,0,106,2,1,0,0,-1,-1,-1,-1,-1,-1,-1,-1,-1,-1,-1,-1,-1,-1,-1,-1,-1,-1,-1,-1,-1,-1,-1,-1,139,139,49,0.03,0,0,0,0,1,0,0,0,0,0,0,1,1,43,78,4,6,30,1,25,25,6,0,25,0,10,0,0,0,0,67,15,15,15,15,15,15,15,15,15,15,0,-1,-1,-1,-1,-1,-1,-1,-1,1,1,1,1,1,1,1,1,1,-1,-1,-1,-1,-1,10000,0,1,1,0,0,0,0,1,0,0,0,6,2500,310,6,6,1,2,60,-1,-1,-1,31500000,31500000,31500000,31500000,31500000,31500000,31500000,31500000,31500000,31500000,1,1,0,0,0,0,1,1,0,[0|0|0|0|0|0|0]
31500800,Magic Messmer Soldier Shield,0,0,[0|0|0],3100,7220504,0,5,0,900,340,100,16,0,24,0,100,43,43,43,-1,-1,-1,-1,-1,-1,0,31500000,31500000,31500000,31500000,31500000,31500000,31500000,31500000,31500000,31500000,31500000,31500000,31500000,31500000,31500000,31500000,1,1,1,1,15,15,5.5,2046,12284,0,0,1,10,78,78,0,0,65,60,0,54,800,-1,-1,0,-1,7,0,12,49,0,0,104,0,10,0,0,15,10,0,0,0,99,0,0,50,80,0,3,0,0,0,25,25,25,25,1,1,1,1,0,0,1,1,0,0,0,0,0,1,0,0,0,0,0,0,0,0,0,0,0,0,0,1,0,1,1,1,0,2,0,106,2,1,0,0,-1,-1,-1,-1,-1,-1,-1,-1,-1,-1,-1,-1,-1,-1,-1,-1,-1,-1,-1,-1,-1,-1,-1,-1,139,139,49,0.03,0,0,0,0,1,0,0,0,4,0,0,1,1,43,0,0,6,30,1,25,25,6,0,25,0,10,0,0,0,0,67,15,15,15,15,15,15,15,15,15,15,0,-1,-1,-1,-1,-1,-1,-1,-1,1,1,1,1,1,1,1,1,1,-1,-1,-1,-1,-1,10000,0,1,1,0,0,0,0,1,0,0,0,6,2500,310,6,6,1,2,60,-1,-1,-1,31500000,31500000,31500000,31500000,31500000,31500000,31500000,31500000,31500000,31500000,1,1,0,0,0,0,1,1,0,[0|0|0|0|0|0|0]
31500900,Cold Messmer Soldier Shield,0,0,[0|0|0],3100,7220511,0,5,0,900,340,100,36,0,24,0,100,43,43,43,-1,107500,-1,-1,-1,-1,0,31500000,31500000,31500000,31500000,31500000,31500000,31500000,31500000,31500000,31500000,31500000,31500000,31500000,31500000,31500000,31500000,1,1,1,1,15,15,5.5,2046,12284,0,0,1,10,78,66,0,0,65,60,0,54,900,-1,-1,0,-1,7,0,12,49,0,0,104,0,10,0,0,15,10,0,0,0,99,0,0,50,80,0,3,0,0,0,25,25,25,25,1,1,1,1,0,0,1,1,0,0,0,0,0,1,0,0,0,0,0,0,0,0,0,0,0,0,0,1,0,1,1,1,0,2,0,106,2,1,0,0,-1,-1,-1,-1,-1,-1,-1,-1,-1,-1,-1,-1,-1,-1,-1,-1,-1,-1,-1,-1,-1,-1,-1,-1,139,139,49,0.03,0,0,0,0,1,0,0,0,4,0,0,1,1,43,0,0,6,30,1,25,25,6,0,25,0,10,0,0,0,0,67,15,15,15,15,15,15,15,15,15,15,0,-1,-1,-1,-1,-1,-1,-1,-1,1,1,1,1,1,1,1,1,1,-1,-1,-1,-1,-1,10000,0,1,1,0,0,0,0,1,0,0,0,6,2500,310,6,6,1,2,60,6601,-1,-1,31500000,31500000,31500000,31500000,31500000,31500000,31500000,31500000,31500000,31500000,1,1,0,0,0,0,1,1,0,[0|0|0|0|0|0|0]
31501000,Poison Messmer Soldier Shield,0,0,[0|0|0],3100,7220509,0,5,0,900,340,100,38,0,0,0,100,43,43,43,-1,106000,-1,-1,-1,-1,0,31500000,31500000,31500000,31500000,31500000,31500000,31500000,31500000,31500000,31500000,31500000,31500000,31500000,31500000,31500000,31500000,1,1,1,1,15,15,5.5,2046,12284,0,0,1,10,78,0,0,0,65,60,0,54,1000,-1,-1,0,-1,7,0,12,49,0,0,104,0,0,0,0,15,10,0,0,0,99,0,0,50,80,0,3,0,0,0,25,25,25,25,1,1,1,1,0,0,1,1,0,0,0,0,0,1,0,0,0,0,0,0,0,0,0,0,0,0,0,1,0,1,1,1,0,2,0,106,2,1,0,0,-1,-1,-1,-1,-1,-1,-1,-1,-1,-1,-1,-1,-1,-1,-1,-1,-1,-1,-1,-1,-1,-1,-1,-1,139,139,49,0.03,0,0,0,0,1,0,0,0,0,0,0,1,1,43,0,0,6,30,1,25,25,6,0,25,0,10,30,0,0,0,67,15,15,15,15,15,15,15,15,15,15,0,-1,-1,-1,-1,-1,-1,-1,-1,1,1,1,1,1,1,1,1,1,-1,-1,-1,-1,-1,10013,0,1,1,0,0,0,0,1,0,0,0,6,2500,310,6,6,1,2,60,6401,-1,-1,31500000,31500000,31500000,31500000,31500000,31500000,31500000,31500000,31500000,31500000,1,1,0,0,0,0,1,1,0,[0|0|0|0|0|0|0]
31501100,Blood Messmer Soldier Shield,0,0,[0|0|0],3100,7220510,0,5,0,900,340,100,38,0,0,0,100,43,43,43,105000,-1,-1,-1,-1,-1,0,31500000,31500000,31500000,31500000,31500000,31500000,31500000,31500000,31500000,31500000,31500000,31500000,31500000,31500000,31500000,31500000,1,1,1,1,15,15,5.5,2046,12284,0,0,1,10,78,0,0,0,65,60,0,54,1100,-1,-1,0,-1,7,0,12,49,0,0,104,0,0,0,0,15,10,0,0,0,99,0,0,50,80,0,3,0,0,0,25,25,25,25,1,1,1,1,0,0,1,1,0,0,0,0,0,1,0,0,0,0,0,0,0,0,0,0,0,0,0,1,0,1,1,1,0,2,0,106,2,1,0,0,-1,-1,-1,-1,-1,-1,-1,-1,-1,-1,-1,-1,-1,-1,-1,-1,-1,-1,-1,-1,-1,-1,-1,-1,139,139,49,0.03,0,0,0,0,1,0,0,0,0,0,0,1,1,43,0,0,6,30,1,25,25,6,0,25,0,10,30,0,0,0,67,15,15,15,15,15,15,15,15,15,15,0,-1,-1,-1,-1,-1,-1,-1,-1,1,1,1,1,1,1,1,1,1,-1,-1,-1,-1,-1,10013,0,1,1,0,0,0,0,1,0,0,0,6,2500,310,6,6,1,2,60,6501,-1,-1,31500000,31500000,31500000,31500000,31500000,31500000,31500000,31500000,31500000,31500000,1,1,0,0,0,0,1,1,0,[0|0|0|0|0|0|0]
31501200,Occult Messmer Soldier Shield,0,0,[0|0|0],3100,7220512,0,5,0,900,340,100,38,0,0,0,100,43,43,43,-1,-1,-1,-1,-1,-1,0,31500000,31500000,31500000,31500000,31500000,31500000,31500000,31500000,31500000,31500000,31500000,31500000,31500000,31500000,31500000,31500000,1,1,1,1,15,15,5.5,2046,12284,0,0,1,10,78,0,0,0,65,60,0,54,1200,-1,-1,0,-1,7,0,12,49,0,0,104,7,0,0,0,15,10,0,0,0,99,0,0,50,80,0,3,0,0,0,25,25,25,25,1,1,1,1,0,0,1,1,0,0,0,0,0,1,0,0,0,0,0,0,0,0,0,0,0,0,0,1,0,1,1,1,0,2,0,106,2,1,0,0,-1,-1,-1,-1,-1,-1,-1,-1,-1,-1,-1,-1,-1,-1,-1,-1,-1,-1,-1,-1,-1,-1,-1,-1,139,139,49,0.03,0,0,0,0,1,0,0,0,0,0,0,1,1,43,0,0,6,30,1,25,25,6,0,25,0,10,38,0,0,0,67,15,15,15,15,15,15,15,15,15,15,0,-1,-1,-1,-1,-1,-1,-1,-1,1,1,1,1,1,1,1,1,1,-1,-1,-1,-1,-1,10013,0,1,1,0,0,0,0,1,0,0,0,6,2500,310,6,6,1,2,60,-1,-1,-1,31500000,31500000,31500000,31500000,31500000,31500000,31500000,31500000,31500000,31500000,1,1,0,0,0,0,1,1,0,[0|0|0|0|0|0|0]
31510000,Wolf Crest Shield,0,0,[0|0|0],3100,7221100,0,6,0,950,340,100,40,0,0,0,100,63,38,42,-1,-1,-1,-1,-1,-1,0,31510000,31510000,31510000,31510000,31510000,31510000,31510000,31510000,31510000,31510000,31510000,31510000,31510000,31510000,31510000,31510000,1,1,1,1,15,15,5.5,2047,12285,0,0,1,10,82,0,0,0,68,60,0,54,8100,-1,-1,0,-1,7,0,12,49,0,0,104,0,0,0,0,15,12,0,0,0,99,0,0,50,80,0,3,0,0,0,26,26,26,26,1,1,1,1,0,0,1,1,0,0,0,0,0,1,0,0,1,0,0,0,0,0,0,0,0,0,0,1,0,1,1,1,0,2,0,106,2,1,0,0,-1,-1,-1,-1,-1,-1,-1,-1,-1,-1,-1,-1,-1,-1,-1,-1,-1,-1,-1,-1,-1,-1,-1,-1,139,139,49,0.03,0,0,0,0,1,0,0,0,0,0,0,1,1,40,0,0,6,30,1,26,26,6,0,26,0,10,0,0,0,0,67,15,15,15,15,15,15,15,15,15,15,0,-1,-1,-1,-1,-1,-1,-1,-1,1.03,1,1,1,1,1,1,1,1,-1,-1,-1,-1,-1,10000,0,1,1,0,0,0,0,1,0,0,0,6,3000,310,6,6,1,2,60,-1,-1,-1,31510000,31510000,31510000,31510000,31510000,31510000,31510000,31510000,31510000,31510000,1,1,0,0,0,0,1,1,0,[0|0|0|0|0|0|0]
31510100,Heavy Wolf Crest Shield,0,0,[0|0|0],3100,7221101,0,6,0,950,340,100,36,0,0,0,100,63,38,42,-1,-1,-1,-1,-1,-1,0,31510000,31510000,31510000,31510000,31510000,31510000,31510000,31510000,31510000,31510000,31510000,31510000,31510000,31510000,31510000,31510000,1,1,1,1,15,15,5.5,2047,12285,0,0,1,10,80,0,0,0,68,60,0,54,100,-1,-1,0,-1,7,0,12,49,0,0,104,1,0,0,0,15,12,0,0,0,99,0,0,50,80,0,3,0,0,0,26,26,26,26,1,1,1,1,0,0,1,1,0,0,0,0,0,1,0,0,1,0,0,0,0,0,0,0,0,0,0,1,0,1,1,1,0,2,0,106,2,1,0,0,-1,-1,-1,-1,-1,-1,-1,-1,-1,-1,-1,-1,-1,-1,-1,-1,-1,-1,-1,-1,-1,-1,-1,-1,139,139,49,0.03,0,0,0,0,1,0,0,0,0,0,0,1,1,40,0,0,6,30,1,26,26,6,0,26,0,10,0,0,0,0,67,15,15,15,15,15,15,15,15,15,15,0,-1,-1,-1,-1,-1,-1,-1,-1,1.03,1,1,1,1,1,1,1,1,-1,-1,-1,-1,-1,10000,0,1,1,0,0,0,0,1,0,0,0,6,3000,310,6,6,1,2,60,-1,-1,-1,31510000,31510000,31510000,31510000,31510000,31510000,31510000,31510000,31510000,31510000,1,1,0,0,0,0,1,1,0,[0|0|0|0|0|0|0]
31510200,Keen Wolf Crest Shield,0,0,[0|0|0],3100,7221102,0,6,0,950,340,100,8,32,0,0,100,63,38,42,-1,-1,-1,-1,-1,-1,0,31510000,31510000,31510000,31510000,31510000,31510000,31510000,31510000,31510000,31510000,31510000,31510000,31510000,31510000,31510000,31510000,1,1,1,1,15,15,5.5,2047,12285,0,0,1,10,80,0,0,0,68,60,0,54,200,-1,-1,0,-1,7,0,12,49,0,0,104,2,0,0,0,15,12,0,0,0,99,0,0,50,80,0,3,0,0,0,26,26,26,26,1,1,1,1,0,0,1,1,0,0,0,0,0,1,0,0,1,0,0,0,0,0,0,0,0,0,0,1,0,1,1,1,0,2,0,106,2,1,0,0,-1,-1,-1,-1,-1,-1,-1,-1,-1,-1,-1,-1,-1,-1,-1,-1,-1,-1,-1,-1,-1,-1,-1,-1,139,139,49,0.03,0,0,0,0,1,0,0,0,0,0,0,1,1,40,0,0,6,30,1,26,26,6,0,26,0,10,0,0,0,0,67,15,15,15,15,15,15,15,15,15,15,0,-1,-1,-1,-1,-1,-1,-1,-1,1.03,1,1,1,1,1,1,1,1,-1,-1,-1,-1,-1,10000,0,1,1,0,0,0,0,1,0,0,0,6,3000,310,6,6,1,2,60,-1,-1,-1,31510000,31510000,31510000,31510000,31510000,31510000,31510000,31510000,31510000,31510000,1,1,0,0,0,0,1,1,0,[0|0|0|0|0|0|0]
31510300,Quality Wolf Crest Shield,0,0,[0|0|0],3100,7221103,0,6,0,950,340,100,40,40,0,0,100,63,38,42,-1,-1,-1,-1,-1,-1,0,31510000,31510000,31510000,31510000,31510000,31510000,31510000,31510000,31510000,31510000,31510000,31510000,31510000,31510000,31510000,31510000,1,1,1,1,15,15,5.5,2047,12285,0,0,1,10,80,0,0,0,68,60,0,54,300,-1,-1,0,-1,7,0,12,49,0,0,104,8,0,0,0,15,12,0,0,0,99,0,0,50,80,0,3,0,0,0,26,26,26,26,1,1,1,1,0,0,1,1,0,0,0,0,0,1,0,0,1,0,0,0,0,0,0,0,0,0,0,1,0,1,1,1,0,2,0,106,2,1,0,0,-1,-1,-1,-1,-1,-1,-1,-1,-1,-1,-1,-1,-1,-1,-1,-1,-1,-1,-1,-1,-1,-1,-1,-1,139,139,49,0.03,0,0,0,0,1,0,0,0,0,0,0,1,1,40,0,0,6,30,1,26,26,6,0,26,0,10,0,0,0,0,67,15,15,15,15,15,15,15,15,15,15,0,-1,-1,-1,-1,-1,-1,-1,-1,1.03,1,1,1,1,1,1,1,1,-1,-1,-1,-1,-1,10000,0,1,1,0,0,0,0,1,0,0,0,6,3000,310,6,6,1,2,60,-1,-1,-1,31510000,31510000,31510000,31510000,31510000,31510000,31510000,31510000,31510000,31510000,1,1,0,0,0,0,1,1,0,[0|0|0|0|0|0|0]
31510400,Fire Wolf Crest Shield,0,0,[0|0|0],3100,7221105,0,6,0,950,340,100,28,12,0,0,100,63,38,42,-1,-1,-1,-1,-1,-1,0,31510000,31510000,31510000,31510000,31510000,31510000,31510000,31510000,31510000,31510000,31510000,31510000,31510000,31510000,31510000,31510000,1,1,1,1,15,15,5.5,2047,12285,0,0,1,10,80,0,80,0,68,60,0,54,400,-1,-1,0,-1,7,0,12,49,0,0,104,0,11,0,0,15,12,0,0,0,99,0,0,50,80,0,3,0,0,0,26,26,26,26,1,1,1,1,0,0,1,1,0,0,0,0,0,1,0,0,0,0,0,0,0,0,0,0,0,0,0,1,0,1,1,1,0,2,0,106,2,1,0,0,-1,-1,-1,-1,-1,-1,-1,-1,-1,-1,-1,-1,-1,-1,-1,-1,-1,-1,-1,-1,-1,-1,-1,-1,139,139,49,0.03,0,0,0,0,1,0,0,0,0,4,0,1,1,40,0,0,6,30,1,26,26,6,0,26,0,10,0,0,0,0,67,15,15,15,15,15,15,15,15,15,15,0,-1,-1,-1,-1,-1,-1,-1,-1,1.03,1,1,1,1,1,1,1,1,-1,-1,-1,-1,-1,10005,0,1,1,0,0,0,0,1,0,0,0,6,3000,310,6,6,1,2,60,-1,-1,-1,31510000,31510000,31510000,31510000,31510000,31510000,31510000,31510000,31510000,31510000,1,1,0,0,0,0,1,1,0,[0|0|0|0|0|0|0]
31510500,Flame Art Wolf Crest Shield,0,0,[0|0|0],3100,7221106,0,6,0,950,340,100,14,0,0,24,100,63,38,42,-1,-1,-1,-1,-1,-1,0,31510000,31510000,31510000,31510000,31510000,31510000,31510000,31510000,31510000,31510000,31510000,31510000,31510000,31510000,31510000,31510000,1,1,1,1,15,15,5.5,2047,12285,0,0,1,10,80,0,80,0,68,60,0,54,500,-1,-1,0,-1,7,0,12,49,0,0,104,0,11,0,0,15,12,0,0,0,99,0,0,50,80,0,3,0,0,0,26,26,26,26,1,1,1,1,0,0,1,1,0,0,0,0,0,1,0,0,0,0,0,0,0,0,0,0,0,0,0,1,0,1,1,1,0,2,0,106,2,1,0,0,-1,-1,-1,-1,-1,-1,-1,-1,-1,-1,-1,-1,-1,-1,-1,-1,-1,-1,-1,-1,-1,-1,-1,-1,139,139,49,0.03,0,0,0,0,1,0,0,0,0,4,0,1,1,40,0,0,6,30,1,26,26,6,0,26,0,10,0,0,0,0,67,15,15,15,15,15,15,15,15,15,15,0,-1,-1,-1,-1,-1,-1,-1,-1,1.03,1,1,1,1,1,1,1,1,-1,-1,-1,-1,-1,10000,0,1,1,0,0,0,0,1,0,0,0,6,3000,310,6,6,1,2,60,-1,-1,-1,31510000,31510000,31510000,31510000,31510000,31510000,31510000,31510000,31510000,31510000,1,1,0,0,0,0,1,1,0,[0|0|0|0|0|0|0]
31510600,Lightning Wolf Crest Shield,0,0,[0|0|0],3100,7221107,0,6,0,950,340,100,8,28,0,0,100,63,38,42,-1,-1,-1,-1,-1,-1,0,31510000,31510000,31510000,31510000,31510000,31510000,31510000,31510000,31510000,31510000,31510000,31510000,31510000,31510000,31510000,31510000,1,1,1,1,15,15,5.5,2047,12285,0,0,1,10,80,0,0,80,68,60,0,54,600,-1,-1,0,-1,7,0,12,49,0,0,104,0,12,0,0,15,12,0,0,0,99,0,0,50,80,0,3,0,0,0,26,26,26,26,1,1,1,1,0,0,1,1,0,0,0,0,0,1,0,0,0,0,0,0,0,0,0,0,0,0,0,1,0,1,1,1,0,2,0,106,2,1,0,0,-1,-1,-1,-1,-1,-1,-1,-1,-1,-1,-1,-1,-1,-1,-1,-1,-1,-1,-1,-1,-1,-1,-1,-1,139,139,49,0.03,0,0,0,0,1,0,0,0,0,0,4,1,1,40,0,0,6,30,1,26,26,6,0,26,0,10,0,0,0,0,67,15,15,15,15,15,15,15,15,15,15,0,-1,-1,-1,-1,-1,-1,-1,-1,1.03,1,1,1,1,1,1,1,1,-1,-1,-1,-1,-1,10000,0,1,1,0,0,0,0,1,0,0,0,6,3000,310,6,6,1,2,60,-1,-1,-1,31510000,31510000,31510000,31510000,31510000,31510000,31510000,31510000,31510000,31510000,1,1,0,0,0,0,1,1,0,[0|0|0|0|0|0|0]
31510700,Sacred Wolf Crest Shield,0,0,[0|0|0],3100,7221108,0,6,0,950,340,100,18,0,0,24,100,63,38,42,-1,-1,-1,-1,-1,-1,0,31510000,31510000,31510000,31510000,31510000,31510000,31510000,31510000,31510000,31510000,31510000,31510000,31510000,31510000,31510000,31510000,1,1,1,1,15,15,5.5,2047,12285,0,0,1,10,80,0,0,0,68,60,0,54,700,-1,-1,0,-1,7,0,12,49,0,0,104,0,13,0,0,15,12,0,0,0,99,0,0,50,80,0,3,0,0,0,26,26,26,26,1,1,1,1,0,0,1,1,0,0,0,0,0,1,0,0,0,0,0,0,0,0,0,0,0,0,0,1,0,1,1,1,0,2,0,106,2,1,0,0,-1,-1,-1,-1,-1,-1,-1,-1,-1,-1,-1,-1,-1,-1,-1,-1,-1,-1,-1,-1,-1,-1,-1,-1,139,139,49,0.03,0,0,0,0,1,0,0,0,0,0,0,1,1,40,80,4,6,30,1,26,26,6,0,26,0,10,0,0,0,0,67,15,15,15,15,15,15,15,15,15,15,0,-1,-1,-1,-1,-1,-1,-1,-1,1.03,1,1,1,1,1,1,1,1,-1,-1,-1,-1,-1,10000,0,1,1,0,0,0,0,1,0,0,0,6,3000,310,6,6,1,2,60,-1,-1,-1,31510000,31510000,31510000,31510000,31510000,31510000,31510000,31510000,31510000,31510000,1,1,0,0,0,0,1,1,0,[0|0|0|0|0|0|0]
31510800,Magic Wolf Crest Shield,0,0,[0|0|0],3100,7221104,0,6,0,950,340,100,16,0,24,0,100,63,38,42,-1,-1,-1,-1,-1,-1,0,31510000,31510000,31510000,31510000,31510000,31510000,31510000,31510000,31510000,31510000,31510000,31510000,31510000,31510000,31510000,31510000,1,1,1,1,15,15,5.5,2047,12285,0,0,1,10,80,80,0,0,68,60,0,54,800,-1,-1,0,-1,7,0,12,49,0,0,104,0,10,0,0,15,12,0,0,0,99,0,0,50,80,0,3,0,0,0,26,26,26,26,1,1,1,1,0,0,1,1,0,0,0,0,0,1,0,0,0,0,0,0,0,0,0,0,0,0,0,1,0,1,1,1,0,2,0,106,2,1,0,0,-1,-1,-1,-1,-1,-1,-1,-1,-1,-1,-1,-1,-1,-1,-1,-1,-1,-1,-1,-1,-1,-1,-1,-1,139,139,49,0.03,0,0,0,0,1,0,0,0,4,0,0,1,1,40,0,0,6,30,1,26,26,6,0,26,0,10,0,0,0,0,67,15,15,15,15,15,15,15,15,15,15,0,-1,-1,-1,-1,-1,-1,-1,-1,1.03,1,1,1,1,1,1,1,1,-1,-1,-1,-1,-1,10000,0,1,1,0,0,0,0,1,0,0,0,6,3000,310,6,6,1,2,60,-1,-1,-1,31510000,31510000,31510000,31510000,31510000,31510000,31510000,31510000,31510000,31510000,1,1,0,0,0,0,1,1,0,[0|0|0|0|0|0|0]
31510900,Cold Wolf Crest Shield,0,0,[0|0|0],3100,7221111,0,6,0,950,340,100,36,0,24,0,100,63,38,42,-1,107500,-1,-1,-1,-1,0,31510000,31510000,31510000,31510000,31510000,31510000,31510000,31510000,31510000,31510000,31510000,31510000,31510000,31510000,31510000,31510000,1,1,1,1,15,15,5.5,2047,12285,0,0,1,10,80,68,0,0,68,60,0,54,900,-1,-1,0,-1,7,0,12,49,0,0,104,0,10,0,0,15,12,0,0,0,99,0,0,50,80,0,3,0,0,0,26,26,26,26,1,1,1,1,0,0,1,1,0,0,0,0,0,1,0,0,0,0,0,0,0,0,0,0,0,0,0,1,0,1,1,1,0,2,0,106,2,1,0,0,-1,-1,-1,-1,-1,-1,-1,-1,-1,-1,-1,-1,-1,-1,-1,-1,-1,-1,-1,-1,-1,-1,-1,-1,139,139,49,0.03,0,0,0,0,1,0,0,0,4,0,0,1,1,40,0,0,6,30,1,26,26,6,0,26,0,10,0,0,0,0,67,15,15,15,15,15,15,15,15,15,15,0,-1,-1,-1,-1,-1,-1,-1,-1,1.03,1,1,1,1,1,1,1,1,-1,-1,-1,-1,-1,10000,0,1,1,0,0,0,0,1,0,0,0,6,3000,310,6,6,1,2,60,6601,-1,-1,31510000,31510000,31510000,31510000,31510000,31510000,31510000,31510000,31510000,31510000,1,1,0,0,0,0,1,1,0,[0|0|0|0|0|0|0]
31511000,Poison Wolf Crest Shield,0,0,[0|0|0],3100,7221109,0,6,0,950,340,100,38,0,0,0,100,63,38,42,-1,106000,-1,-1,-1,-1,0,31510000,31510000,31510000,31510000,31510000,31510000,31510000,31510000,31510000,31510000,31510000,31510000,31510000,31510000,31510000,31510000,1,1,1,1,15,15,5.5,2047,12285,0,0,1,10,80,0,0,0,68,60,0,54,1000,-1,-1,0,-1,7,0,12,49,0,0,104,0,0,0,0,15,12,0,0,0,99,0,0,50,80,0,3,0,0,0,26,26,26,26,1,1,1,1,0,0,1,1,0,0,0,0,0,1,0,0,0,0,0,0,0,0,0,0,0,0,0,1,0,1,1,1,0,2,0,106,2,1,0,0,-1,-1,-1,-1,-1,-1,-1,-1,-1,-1,-1,-1,-1,-1,-1,-1,-1,-1,-1,-1,-1,-1,-1,-1,139,139,49,0.03,0,0,0,0,1,0,0,0,0,0,0,1,1,40,0,0,6,30,1,26,26,6,0,26,0,10,30,0,0,0,67,15,15,15,15,15,15,15,15,15,15,0,-1,-1,-1,-1,-1,-1,-1,-1,1.03,1,1,1,1,1,1,1,1,-1,-1,-1,-1,-1,10013,0,1,1,0,0,0,0,1,0,0,0,6,3000,310,6,6,1,2,60,6401,-1,-1,31510000,31510000,31510000,31510000,31510000,31510000,31510000,31510000,31510000,31510000,1,1,0,0,0,0,1,1,0,[0|0|0|0|0|0|0]
31511100,Blood Wolf Crest Shield,0,0,[0|0|0],3100,7221110,0,6,0,950,340,100,38,0,0,0,100,63,38,42,105000,-1,-1,-1,-1,-1,0,31510000,31510000,31510000,31510000,31510000,31510000,31510000,31510000,31510000,31510000,31510000,31510000,31510000,31510000,31510000,31510000,1,1,1,1,15,15,5.5,2047,12285,0,0,1,10,80,0,0,0,68,60,0,54,1100,-1,-1,0,-1,7,0,12,49,0,0,104,0,0,0,0,15,12,0,0,0,99,0,0,50,80,0,3,0,0,0,26,26,26,26,1,1,1,1,0,0,1,1,0,0,0,0,0,1,0,0,0,0,0,0,0,0,0,0,0,0,0,1,0,1,1,1,0,2,0,106,2,1,0,0,-1,-1,-1,-1,-1,-1,-1,-1,-1,-1,-1,-1,-1,-1,-1,-1,-1,-1,-1,-1,-1,-1,-1,-1,139,139,49,0.03,0,0,0,0,1,0,0,0,0,0,0,1,1,40,0,0,6,30,1,26,26,6,0,26,0,10,30,0,0,0,67,15,15,15,15,15,15,15,15,15,15,0,-1,-1,-1,-1,-1,-1,-1,-1,1.03,1,1,1,1,1,1,1,1,-1,-1,-1,-1,-1,10013,0,1,1,0,0,0,0,1,0,0,0,6,3000,310,6,6,1,2,60,6501,-1,-1,31510000,31510000,31510000,31510000,31510000,31510000,31510000,31510000,31510000,31510000,1,1,0,0,0,0,1,1,0,[0|0|0|0|0|0|0]
31511200,Occult Wolf Crest Shield,0,0,[0|0|0],3100,7221112,0,6,0,950,340,100,38,0,0,0,100,63,38,42,-1,-1,-1,-1,-1,-1,0,31510000,31510000,31510000,31510000,31510000,31510000,31510000,31510000,31510000,31510000,31510000,31510000,31510000,31510000,31510000,31510000,1,1,1,1,15,15,5.5,2047,12285,0,0,1,10,80,0,0,0,68,60,0,54,1200,-1,-1,0,-1,7,0,12,49,0,0,104,7,0,0,0,15,12,0,0,0,99,0,0,50,80,0,3,0,0,0,26,26,26,26,1,1,1,1,0,0,1,1,0,0,0,0,0,1,0,0,0,0,0,0,0,0,0,0,0,0,0,1,0,1,1,1,0,2,0,106,2,1,0,0,-1,-1,-1,-1,-1,-1,-1,-1,-1,-1,-1,-1,-1,-1,-1,-1,-1,-1,-1,-1,-1,-1,-1,-1,139,139,49,0.03,0,0,0,0,1,0,0,0,0,0,0,1,1,40,0,0,6,30,1,26,26,6,0,26,0,10,38,0,0,0,67,15,15,15,15,15,15,15,15,15,15,0,-1,-1,-1,-1,-1,-1,-1,-1,1.03,1,1,1,1,1,1,1,1,-1,-1,-1,-1,-1,10013,0,1,1,0,0,0,0,1,0,0,0,6,3000,310,6,6,1,2,60,-1,-1,-1,31510000,31510000,31510000,31510000,31510000,31510000,31510000,31510000,31510000,31510000,1,1,0,0,0,0,1,1,0,[0|0|0|0|0|0|0]
31520000,Serpent Crest Shield,0,0,[0|0|0],3100,7221200,0,6,0,950,340,100,40,0,0,0,100,39,63,39,-1,-1,-1,-1,-1,-1,0,31520000,31520000,31520000,31520000,31520000,31520000,31520000,31520000,31520000,31520000,31520000,31520000,31520000,31520000,31520000,31520000,1,1,1,1,15,15,5.5,2048,12286,0,0,1,10,82,0,0,0,68,60,0,55,8100,-1,-1,0,-1,7,0,12,49,0,0,104,0,0,0,0,15,12,0,0,0,99,0,0,50,80,0,3,0,0,0,26,26,26,26,1,1,1,1,0,0,1,1,0,0,0,0,0,1,0,0,1,0,0,0,0,0,0,0,0,0,0,1,0,1,1,1,0,2,0,106,2,1,0,0,-1,-1,-1,-1,-1,-1,-1,-1,-1,-1,-1,-1,-1,-1,-1,-1,-1,-1,-1,-1,-1,-1,-1,-1,139,139,49,0.03,0,0,0,0,1,0,0,0,0,0,0,1,1,38,0,0,6,30,1,26,26,6,0,26,0,10,0,0,0,0,67,15,15,15,15,15,15,15,15,15,15,0,-1,-1,-1,-1,-1,-1,-1,-1,1.03,1,1,1,1,1,1,1,1,-1,-1,-1,-1,-1,10000,0,1,1,0,0,0,0,1,0,0,0,6,3000,310,6,6,1,2,60,-1,-1,-1,31520000,31520000,31520000,31520000,31520000,31520000,31520000,31520000,31520000,31520000,1,1,0,0,0,0,1,1,0,[0|0|0|0|0|0|0]
31520100,Heavy Serpent Crest Shield,0,0,[0|0|0],3100,7221201,0,6,0,950,340,100,36,0,0,0,100,39,63,39,-1,-1,-1,-1,-1,-1,0,31520000,31520000,31520000,31520000,31520000,31520000,31520000,31520000,31520000,31520000,31520000,31520000,31520000,31520000,31520000,31520000,1,1,1,1,15,15,5.5,2048,12286,0,0,1,10,80,0,0,0,68,60,0,55,100,-1,-1,0,-1,7,0,12,49,0,0,104,1,0,0,0,15,12,0,0,0,99,0,0,50,80,0,3,0,0,0,26,26,26,26,1,1,1,1,0,0,1,1,0,0,0,0,0,1,0,0,1,0,0,0,0,0,0,0,0,0,0,1,0,1,1,1,0,2,0,106,2,1,0,0,-1,-1,-1,-1,-1,-1,-1,-1,-1,-1,-1,-1,-1,-1,-1,-1,-1,-1,-1,-1,-1,-1,-1,-1,139,139,49,0.03,0,0,0,0,1,0,0,0,0,0,0,1,1,38,0,0,6,30,1,26,26,6,0,26,0,10,0,0,0,0,67,15,15,15,15,15,15,15,15,15,15,0,-1,-1,-1,-1,-1,-1,-1,-1,1.03,1,1,1,1,1,1,1,1,-1,-1,-1,-1,-1,10000,0,1,1,0,0,0,0,1,0,0,0,6,3000,310,6,6,1,2,60,-1,-1,-1,31520000,31520000,31520000,31520000,31520000,31520000,31520000,31520000,31520000,31520000,1,1,0,0,0,0,1,1,0,[0|0|0|0|0|0|0]
31520200,Keen Serpent Crest Shield,0,0,[0|0|0],3100,7221202,0,6,0,950,340,100,8,32,0,0,100,39,63,39,-1,-1,-1,-1,-1,-1,0,31520000,31520000,31520000,31520000,31520000,31520000,31520000,31520000,31520000,31520000,31520000,31520000,31520000,31520000,31520000,31520000,1,1,1,1,15,15,5.5,2048,12286,0,0,1,10,80,0,0,0,68,60,0,55,200,-1,-1,0,-1,7,0,12,49,0,0,104,2,0,0,0,15,12,0,0,0,99,0,0,50,80,0,3,0,0,0,26,26,26,26,1,1,1,1,0,0,1,1,0,0,0,0,0,1,0,0,1,0,0,0,0,0,0,0,0,0,0,1,0,1,1,1,0,2,0,106,2,1,0,0,-1,-1,-1,-1,-1,-1,-1,-1,-1,-1,-1,-1,-1,-1,-1,-1,-1,-1,-1,-1,-1,-1,-1,-1,139,139,49,0.03,0,0,0,0,1,0,0,0,0,0,0,1,1,38,0,0,6,30,1,26,26,6,0,26,0,10,0,0,0,0,67,15,15,15,15,15,15,15,15,15,15,0,-1,-1,-1,-1,-1,-1,-1,-1,1.03,1,1,1,1,1,1,1,1,-1,-1,-1,-1,-1,10000,0,1,1,0,0,0,0,1,0,0,0,6,3000,310,6,6,1,2,60,-1,-1,-1,31520000,31520000,31520000,31520000,31520000,31520000,31520000,31520000,31520000,31520000,1,1,0,0,0,0,1,1,0,[0|0|0|0|0|0|0]
31520300,Quality Serpent Crest Shield,0,0,[0|0|0],3100,7221203,0,6,0,950,340,100,40,40,0,0,100,39,63,39,-1,-1,-1,-1,-1,-1,0,31520000,31520000,31520000,31520000,31520000,31520000,31520000,31520000,31520000,31520000,31520000,31520000,31520000,31520000,31520000,31520000,1,1,1,1,15,15,5.5,2048,12286,0,0,1,10,80,0,0,0,68,60,0,55,300,-1,-1,0,-1,7,0,12,49,0,0,104,8,0,0,0,15,12,0,0,0,99,0,0,50,80,0,3,0,0,0,26,26,26,26,1,1,1,1,0,0,1,1,0,0,0,0,0,1,0,0,1,0,0,0,0,0,0,0,0,0,0,1,0,1,1,1,0,2,0,106,2,1,0,0,-1,-1,-1,-1,-1,-1,-1,-1,-1,-1,-1,-1,-1,-1,-1,-1,-1,-1,-1,-1,-1,-1,-1,-1,139,139,49,0.03,0,0,0,0,1,0,0,0,0,0,0,1,1,38,0,0,6,30,1,26,26,6,0,26,0,10,0,0,0,0,67,15,15,15,15,15,15,15,15,15,15,0,-1,-1,-1,-1,-1,-1,-1,-1,1.03,1,1,1,1,1,1,1,1,-1,-1,-1,-1,-1,10000,0,1,1,0,0,0,0,1,0,0,0,6,3000,310,6,6,1,2,60,-1,-1,-1,31520000,31520000,31520000,31520000,31520000,31520000,31520000,31520000,31520000,31520000,1,1,0,0,0,0,1,1,0,[0|0|0|0|0|0|0]
31520400,Fire Serpent Crest Shield,0,0,[0|0|0],3100,7221205,0,6,0,950,340,100,28,12,0,0,100,39,63,39,-1,-1,-1,-1,-1,-1,0,31520000,31520000,31520000,31520000,31520000,31520000,31520000,31520000,31520000,31520000,31520000,31520000,31520000,31520000,31520000,31520000,1,1,1,1,15,15,5.5,2048,12286,0,0,1,10,80,0,80,0,68,60,0,55,400,-1,-1,0,-1,7,0,12,49,0,0,104,0,11,0,0,15,12,0,0,0,99,0,0,50,80,0,3,0,0,0,26,26,26,26,1,1,1,1,0,0,1,1,0,0,0,0,0,1,0,0,0,0,0,0,0,0,0,0,0,0,0,1,0,1,1,1,0,2,0,106,2,1,0,0,-1,-1,-1,-1,-1,-1,-1,-1,-1,-1,-1,-1,-1,-1,-1,-1,-1,-1,-1,-1,-1,-1,-1,-1,139,139,49,0.03,0,0,0,0,1,0,0,0,0,4,0,1,1,38,0,0,6,30,1,26,26,6,0,26,0,10,0,0,0,0,67,15,15,15,15,15,15,15,15,15,15,0,-1,-1,-1,-1,-1,-1,-1,-1,1.03,1,1,1,1,1,1,1,1,-1,-1,-1,-1,-1,10005,0,1,1,0,0,0,0,1,0,0,0,6,3000,310,6,6,1,2,60,-1,-1,-1,31520000,31520000,31520000,31520000,31520000,31520000,31520000,31520000,31520000,31520000,1,1,0,0,0,0,1,1,0,[0|0|0|0|0|0|0]
31520500,Flame Art Serpent Crest Shield,0,0,[0|0|0],3100,7221206,0,6,0,950,340,100,14,0,0,24,100,39,63,39,-1,-1,-1,-1,-1,-1,0,31520000,31520000,31520000,31520000,31520000,31520000,31520000,31520000,31520000,31520000,31520000,31520000,31520000,31520000,31520000,31520000,1,1,1,1,15,15,5.5,2048,12286,0,0,1,10,80,0,80,0,68,60,0,55,500,-1,-1,0,-1,7,0,12,49,0,0,104,0,11,0,0,15,12,0,0,0,99,0,0,50,80,0,3,0,0,0,26,26,26,26,1,1,1,1,0,0,1,1,0,0,0,0,0,1,0,0,0,0,0,0,0,0,0,0,0,0,0,1,0,1,1,1,0,2,0,106,2,1,0,0,-1,-1,-1,-1,-1,-1,-1,-1,-1,-1,-1,-1,-1,-1,-1,-1,-1,-1,-1,-1,-1,-1,-1,-1,139,139,49,0.03,0,0,0,0,1,0,0,0,0,4,0,1,1,38,0,0,6,30,1,26,26,6,0,26,0,10,0,0,0,0,67,15,15,15,15,15,15,15,15,15,15,0,-1,-1,-1,-1,-1,-1,-1,-1,1.03,1,1,1,1,1,1,1,1,-1,-1,-1,-1,-1,10000,0,1,1,0,0,0,0,1,0,0,0,6,3000,310,6,6,1,2,60,-1,-1,-1,31520000,31520000,31520000,31520000,31520000,31520000,31520000,31520000,31520000,31520000,1,1,0,0,0,0,1,1,0,[0|0|0|0|0|0|0]
31520600,Lightning Serpent Crest Shield,0,0,[0|0|0],3100,7221207,0,6,0,950,340,100,8,28,0,0,100,39,63,39,-1,-1,-1,-1,-1,-1,0,31520000,31520000,31520000,31520000,31520000,31520000,31520000,31520000,31520000,31520000,31520000,31520000,31520000,31520000,31520000,31520000,1,1,1,1,15,15,5.5,2048,12286,0,0,1,10,80,0,0,80,68,60,0,55,600,-1,-1,0,-1,7,0,12,49,0,0,104,0,12,0,0,15,12,0,0,0,99,0,0,50,80,0,3,0,0,0,26,26,26,26,1,1,1,1,0,0,1,1,0,0,0,0,0,1,0,0,0,0,0,0,0,0,0,0,0,0,0,1,0,1,1,1,0,2,0,106,2,1,0,0,-1,-1,-1,-1,-1,-1,-1,-1,-1,-1,-1,-1,-1,-1,-1,-1,-1,-1,-1,-1,-1,-1,-1,-1,139,139,49,0.03,0,0,0,0,1,0,0,0,0,0,4,1,1,38,0,0,6,30,1,26,26,6,0,26,0,10,0,0,0,0,67,15,15,15,15,15,15,15,15,15,15,0,-1,-1,-1,-1,-1,-1,-1,-1,1.03,1,1,1,1,1,1,1,1,-1,-1,-1,-1,-1,10000,0,1,1,0,0,0,0,1,0,0,0,6,3000,310,6,6,1,2,60,-1,-1,-1,31520000,31520000,31520000,31520000,31520000,31520000,31520000,31520000,31520000,31520000,1,1,0,0,0,0,1,1,0,[0|0|0|0|0|0|0]
31520700,Sacred Serpent Crest Shield,0,0,[0|0|0],3100,7221208,0,6,0,950,340,100,18,0,0,24,100,39,63,39,-1,-1,-1,-1,-1,-1,0,31520000,31520000,31520000,31520000,31520000,31520000,31520000,31520000,31520000,31520000,31520000,31520000,31520000,31520000,31520000,31520000,1,1,1,1,15,15,5.5,2048,12286,0,0,1,10,80,0,0,0,68,60,0,55,700,-1,-1,0,-1,7,0,12,49,0,0,104,0,13,0,0,15,12,0,0,0,99,0,0,50,80,0,3,0,0,0,26,26,26,26,1,1,1,1,0,0,1,1,0,0,0,0,0,1,0,0,0,0,0,0,0,0,0,0,0,0,0,1,0,1,1,1,0,2,0,106,2,1,0,0,-1,-1,-1,-1,-1,-1,-1,-1,-1,-1,-1,-1,-1,-1,-1,-1,-1,-1,-1,-1,-1,-1,-1,-1,139,139,49,0.03,0,0,0,0,1,0,0,0,0,0,0,1,1,38,80,4,6,30,1,26,26,6,0,26,0,10,0,0,0,0,67,15,15,15,15,15,15,15,15,15,15,0,-1,-1,-1,-1,-1,-1,-1,-1,1.03,1,1,1,1,1,1,1,1,-1,-1,-1,-1,-1,10000,0,1,1,0,0,0,0,1,0,0,0,6,3000,310,6,6,1,2,60,-1,-1,-1,31520000,31520000,31520000,31520000,31520000,31520000,31520000,31520000,31520000,31520000,1,1,0,0,0,0,1,1,0,[0|0|0|0|0|0|0]
31520800,Magic Serpent Crest Shield,0,0,[0|0|0],3100,7221204,0,6,0,950,340,100,16,0,24,0,100,39,63,39,-1,-1,-1,-1,-1,-1,0,31520000,31520000,31520000,31520000,31520000,31520000,31520000,31520000,31520000,31520000,31520000,31520000,31520000,31520000,31520000,31520000,1,1,1,1,15,15,5.5,2048,12286,0,0,1,10,80,80,0,0,68,60,0,55,800,-1,-1,0,-1,7,0,12,49,0,0,104,0,10,0,0,15,12,0,0,0,99,0,0,50,80,0,3,0,0,0,26,26,26,26,1,1,1,1,0,0,1,1,0,0,0,0,0,1,0,0,0,0,0,0,0,0,0,0,0,0,0,1,0,1,1,1,0,2,0,106,2,1,0,0,-1,-1,-1,-1,-1,-1,-1,-1,-1,-1,-1,-1,-1,-1,-1,-1,-1,-1,-1,-1,-1,-1,-1,-1,139,139,49,0.03,0,0,0,0,1,0,0,0,4,0,0,1,1,38,0,0,6,30,1,26,26,6,0,26,0,10,0,0,0,0,67,15,15,15,15,15,15,15,15,15,15,0,-1,-1,-1,-1,-1,-1,-1,-1,1.03,1,1,1,1,1,1,1,1,-1,-1,-1,-1,-1,10000,0,1,1,0,0,0,0,1,0,0,0,6,3000,310,6,6,1,2,60,-1,-1,-1,31520000,31520000,31520000,31520000,31520000,31520000,31520000,31520000,31520000,31520000,1,1,0,0,0,0,1,1,0,[0|0|0|0|0|0|0]
31520900,Cold Serpent Crest Shield,0,0,[0|0|0],3100,7221211,0,6,0,950,340,100,36,0,24,0,100,39,63,39,-1,107500,-1,-1,-1,-1,0,31520000,31520000,31520000,31520000,31520000,31520000,31520000,31520000,31520000,31520000,31520000,31520000,31520000,31520000,31520000,31520000,1,1,1,1,15,15,5.5,2048,12286,0,0,1,10,80,68,0,0,68,60,0,55,900,-1,-1,0,-1,7,0,12,49,0,0,104,0,10,0,0,15,12,0,0,0,99,0,0,50,80,0,3,0,0,0,26,26,26,26,1,1,1,1,0,0,1,1,0,0,0,0,0,1,0,0,0,0,0,0,0,0,0,0,0,0,0,1,0,1,1,1,0,2,0,106,2,1,0,0,-1,-1,-1,-1,-1,-1,-1,-1,-1,-1,-1,-1,-1,-1,-1,-1,-1,-1,-1,-1,-1,-1,-1,-1,139,139,49,0.03,0,0,0,0,1,0,0,0,4,0,0,1,1,38,0,0,6,30,1,26,26,6,0,26,0,10,0,0,0,0,67,15,15,15,15,15,15,15,15,15,15,0,-1,-1,-1,-1,-1,-1,-1,-1,1.03,1,1,1,1,1,1,1,1,-1,-1,-1,-1,-1,10000,0,1,1,0,0,0,0,1,0,0,0,6,3000,310,6,6,1,2,60,6601,-1,-1,31520000,31520000,31520000,31520000,31520000,31520000,31520000,31520000,31520000,31520000,1,1,0,0,0,0,1,1,0,[0|0|0|0|0|0|0]
31521000,Poison Serpent Crest Shield,0,0,[0|0|0],3100,7221209,0,6,0,950,340,100,38,0,0,0,100,39,63,39,-1,106000,-1,-1,-1,-1,0,31520000,31520000,31520000,31520000,31520000,31520000,31520000,31520000,31520000,31520000,31520000,31520000,31520000,31520000,31520000,31520000,1,1,1,1,15,15,5.5,2048,12286,0,0,1,10,80,0,0,0,68,60,0,55,1000,-1,-1,0,-1,7,0,12,49,0,0,104,0,0,0,0,15,12,0,0,0,99,0,0,50,80,0,3,0,0,0,26,26,26,26,1,1,1,1,0,0,1,1,0,0,0,0,0,1,0,0,0,0,0,0,0,0,0,0,0,0,0,1,0,1,1,1,0,2,0,106,2,1,0,0,-1,-1,-1,-1,-1,-1,-1,-1,-1,-1,-1,-1,-1,-1,-1,-1,-1,-1,-1,-1,-1,-1,-1,-1,139,139,49,0.03,0,0,0,0,1,0,0,0,0,0,0,1,1,38,0,0,6,30,1,26,26,6,0,26,0,10,30,0,0,0,67,15,15,15,15,15,15,15,15,15,15,0,-1,-1,-1,-1,-1,-1,-1,-1,1.03,1,1,1,1,1,1,1,1,-1,-1,-1,-1,-1,10013,0,1,1,0,0,0,0,1,0,0,0,6,3000,310,6,6,1,2,60,6401,-1,-1,31520000,31520000,31520000,31520000,31520000,31520000,31520000,31520000,31520000,31520000,1,1,0,0,0,0,1,1,0,[0|0|0|0|0|0|0]
31521100,Blood Serpent Crest Shield,0,0,[0|0|0],3100,7221210,0,6,0,950,340,100,38,0,0,0,100,39,63,39,105000,-1,-1,-1,-1,-1,0,31520000,31520000,31520000,31520000,31520000,31520000,31520000,31520000,31520000,31520000,31520000,31520000,31520000,31520000,31520000,31520000,1,1,1,1,15,15,5.5,2048,12286,0,0,1,10,80,0,0,0,68,60,0,55,1100,-1,-1,0,-1,7,0,12,49,0,0,104,0,0,0,0,15,12,0,0,0,99,0,0,50,80,0,3,0,0,0,26,26,26,26,1,1,1,1,0,0,1,1,0,0,0,0,0,1,0,0,0,0,0,0,0,0,0,0,0,0,0,1,0,1,1,1,0,2,0,106,2,1,0,0,-1,-1,-1,-1,-1,-1,-1,-1,-1,-1,-1,-1,-1,-1,-1,-1,-1,-1,-1,-1,-1,-1,-1,-1,139,139,49,0.03,0,0,0,0,1,0,0,0,0,0,0,1,1,38,0,0,6,30,1,26,26,6,0,26,0,10,30,0,0,0,67,15,15,15,15,15,15,15,15,15,15,0,-1,-1,-1,-1,-1,-1,-1,-1,1.03,1,1,1,1,1,1,1,1,-1,-1,-1,-1,-1,10013,0,1,1,0,0,0,0,1,0,0,0,6,3000,310,6,6,1,2,60,6501,-1,-1,31520000,31520000,31520000,31520000,31520000,31520000,31520000,31520000,31520000,31520000,1,1,0,0,0,0,1,1,0,[0|0|0|0|0|0|0]
31521200,Occult Serpent Crest Shield,0,0,[0|0|0],3100,7221212,0,6,0,950,340,100,38,0,0,0,100,39,63,39,-1,-1,-1,-1,-1,-1,0,31520000,31520000,31520000,31520000,31520000,31520000,31520000,31520000,31520000,31520000,31520000,31520000,31520000,31520000,31520000,31520000,1,1,1,1,15,15,5.5,2048,12286,0,0,1,10,80,0,0,0,68,60,0,55,1200,-1,-1,0,-1,7,0,12,49,0,0,104,7,0,0,0,15,12,0,0,0,99,0,0,50,80,0,3,0,0,0,26,26,26,26,1,1,1,1,0,0,1,1,0,0,0,0,0,1,0,0,0,0,0,0,0,0,0,0,0,0,0,1,0,1,1,1,0,2,0,106,2,1,0,0,-1,-1,-1,-1,-1,-1,-1,-1,-1,-1,-1,-1,-1,-1,-1,-1,-1,-1,-1,-1,-1,-1,-1,-1,139,139,49,0.03,0,0,0,0,1,0,0,0,0,0,0,1,1,38,0,0,6,30,1,26,26,6,0,26,0,10,38,0,0,0,67,15,15,15,15,15,15,15,15,15,15,0,-1,-1,-1,-1,-1,-1,-1,-1,1.03,1,1,1,1,1,1,1,1,-1,-1,-1,-1,-1,10013,0,1,1,0,0,0,0,1,0,0,0,6,3000,310,6,6,1,2,60,-1,-1,-1,31520000,31520000,31520000,31520000,31520000,31520000,31520000,31520000,31520000,31520000,1,1,0,0,0,0,1,1,0,[0|0|0|0|0|0|0]
31530000,Golden Lion Shield,0,0,[0|0|0],3100,7227000,0,5.5,0,950,340,500,60,0,0,0,100,44,43,41,-1,-1,-1,-1,-1,-1,2200,31530000,31530000,31530000,31530000,31530000,31530000,31530000,31530000,31530000,31530000,31530000,-1,-1,-1,-1,-1,1,1,1,1,15,15,5.5,2049,12287,0,0,1,10,81,0,0,0,66,60,0,50,8300,-1,-1,0,-1,7,0,12,49,0,0,104,0,0,0,0,15,11,0,0,0,99,0,0,50,80,0,3,0,0,0,25,25,25,25,1,1,1,1,0,0,1,1,0,0,0,0,0,1,0,0,0,0,0,0,0,0,0,0,0,0,0,1,0,1,1,1,0,2,1,106,2,1,0,0,-1,-1,-1,-1,-1,-1,-1,-1,-1,-1,-1,-1,-1,-1,-1,-1,-1,-1,-1,-1,-1,-1,-1,-1,139,139,49,0.03,0,0,0,0,1,0,0,0,0,0,0,1,1,49,0,0,6,30,1,25,25,6,0,25,0,5480,0,0,0,0,67,15,15,15,15,15,15,15,15,15,15,0,-1,-1,-1,-1,-1,-1,-1,-1,1.015,1,1,1,1,1,1,1,1,-1,-1,-1,-1,-1,10000,0,1,1,0,0,0,0,1,0,0,0,6,2800,310,6,6,2,0,60,-1,-1,-1,-1,-1,-1,-1,-1,-1,-1,-1,-1,-1,1,1,0,0,0,0,1,1,0,[0|0|0|0|0|0|0]
31690000,[NPC] Golden Lion Shield,0,0,[0|0|0],3100,9999999,0,5.5,0,950,340,100,60,0,0,0,100,44,43,41,-1,-1,-1,-1,-1,-1,2200,31530000,31530000,31530000,31530000,31530000,31530000,31530000,31530000,31530000,31530000,31530000,-1,-1,-1,-1,-1,1,1,1,1,15,15,5.5,2049,12287,0,0,1,10,81,0,0,0,66,60,0,50,8300,-1,-1,0,-1,7,0,12,49,0,0,104,0,0,0,0,15,11,0,0,0,99,0,0,50,80,0,3,0,0,0,25,25,25,25,1,1,1,1,0,0,1,1,0,0,0,0,0,1,0,0,0,0,0,0,0,0,0,0,0,0,0,1,0,1,1,1,0,2,1,106,2,1,0,0,-1,-1,-1,-1,-1,-1,-1,-1,-1,-1,-1,-1,-1,-1,-1,-1,-1,-1,-1,-1,-1,-1,-1,-1,139,139,49,0.03,0,0,0,0,1,0,0,0,0,0,0,1,1,49,0,0,6,255,1,25,25,6,0,25,0,5480,0,0,0,0,67,15,15,15,15,15,15,15,15,15,15,0,-1,-1,-1,-1,-1,-1,-1,-1,1.015,1,1,1,1,1,1,1,1,-1,-1,-1,-1,-1,10000,0,1,1,0,0,0,0,1,0,0,0,6,2800,310,6,6,2,0,60,-1,-1,-1,-1,-1,-1,-1,-1,-1,-1,-1,-1,-1,1,1,0,0,0,0,1,1,0,[0|0|0|0|0|0|0]
34060000,Golden Order Seal,1,0,[0|0|0],3400,5602000,0,0,0,500,50,200,0,0,53,53,25,15,15,15,-1,-1,-1,1926,1923,1922,2200,34060000,34060000,34060000,34060000,34060000,34060000,34060000,34060000,34060000,34060000,34060000,-1,-1,-1,-1,-1,1,1,1,1,15,15,3,1339,11247,0,0,1,10,24,0,0,0,20,60,0,15,2400,-1,-1,0,-1,7,0,8,41,2,3,103,12,0,240,0,15,0,0,17,17,99,0,0,10,60,0,1,0,0,0,10,10,10,10,1,1,1,1,0,0,0,0,1,0,1,0,0,1,0,0,0,0,1,0,0,0,0,0,0,0,0,1,0,1,1,1,0,2,1,109,1,1,0,0,401000,300,-1,-1,-1,-1,-1,-1,-1,-1,-1,-1,-1,-1,-1,-1,-1,-1,-1,-1,-1,-1,-1,-1,139,139,52,0.011,0,0,0,1,1,0,0,0,12,12,12,1,1,15,0,12,6,70,1,10,10,6,0,10,0,10,0,0,0,0,61,15,15,15,15,15,15,15,15,15,15,0,-1,-1,-1,-1,100,-1,-1,-1,1,1,1,1,1,1,1,1,1,-1,-1,-1,-1,-1,30010,0,3,1,0,0,0,0,1,0,0,0,1,500,351,6,6,2,0,30,1112,-1,-1,-1,-1,-1,-1,-1,-1,-1,-1,-1,-1,1,1,0,0,0,0,1,1,0,[0|0|0|0|0|0|0]
43000000,Soldier's Crossbow,1,0,[0|0|0],4300,5300000,0,3.5,0,400,240,100,0,0,0,0,0,0,0,0,-1,-1,-1,-1,-1,-1,0,43000000,43000000,43000000,43000000,43000000,43000000,43000000,43000000,43000000,43000000,43000000,43000000,43000000,43000000,43000000,43000000,1,1,1,1,15,15,2,1501,11120,0,0,1,10,60,0,0,0,28,60,0,0,3100,-1,-1,0,-15,7,0,11,46,2,2,102,0,0,0,0,16,10,8,0,0,99,0,0,10,20,0,1,0,0,0,0,0,0,0,0,1,1,1,0,1,0,0,0,0,0,0,0,0,0,0,0,0,1,0,0,0,0,0,0,0,0,1,0,1,1,1,0,2,1,128,2,2,0,0,401000,300,-1,-1,-1,-1,-1,-1,-1,-1,-1,-1,-1,-1,-1,-1,-1,-1,-1,-1,-1,-1,-1,-1,139,139,46,0.011,0,0,0,1,1,0,0,0,0,0,0,1,1,0,0,0,6,40,0,0,0,6,0,0,0,503,0,47010000,0,0,55,15,15,15,15,15,15,15,15,15,15,0,-1,-1,-1,-1,-1,-1,-1,-1,0.97,1,1,1,1,1,1,1,1,-1,-1,-1,-1,-1,10000,0,1,1,0,0,0,0,1,0,0,0,1,2400,342,6,6,1,0,0,-1,-1,-1,43000000,43000000,43000000,43000000,43000000,43000000,43000000,43000000,43000000,43000000,1,1,0,0,0,0,1,1,0,[0|0|0|0|0|0|0]
43020000,Light Crossbow,1,0,[0|0|0],4300,5301000,0,4,0,400,240,100,0,0,0,0,0,0,0,0,-1,-1,-1,-1,-1,-1,0,43020000,43020000,43020000,43020000,43020000,43020000,43020000,43020000,43020000,43020000,43020000,43020000,43020000,43020000,43020000,43020000,1,1,1,1,15,15,2,1503,11121,0,0,1,10,65,0,0,0,30,60,0,0,3100,-1,-1,0,-15,7,0,11,46,2,2,102,0,0,0,0,16,12,8,0,0,99,0,0,10,20,0,1,0,0,0,0,0,0,0,0,1,1,1,0,1,0,0,0,0,0,0,0,0,0,0,0,0,1,0,0,0,0,0,0,0,0,1,0,1,1,1,0,2,1,128,2,2,0,0,401000,300,-1,-1,-1,-1,-1,-1,-1,-1,-1,-1,-1,-1,-1,-1,-1,-1,-1,-1,-1,-1,-1,-1,139,139,46,0.011,0,0,0,1,1,0,0,0,0,0,0,1,1,0,0,0,6,40,0,0,0,6,0,0,0,503,0,47010000,0,0,55,15,15,15,15,15,15,15,15,15,15,0,-1,-1,-1,-1,-1,-1,-1,-1,1,1,1,1,1,1,1,1,1,-1,-1,-1,-1,-1,10000,0,1,1,0,0,0,0,1,0,0,0,1,2400,342,6,6,1,0,0,-1,-1,-1,43020000,43020000,43020000,43020000,43020000,43020000,43020000,43020000,43020000,43020000,1,1,0,0,0,0,1,1,0,[0|0|0|0|0|0|0]
43030000,Heavy Crossbow,1,0,[0|0|0],4300,5302000,0,5.5,0,400,240,100,0,0,0,0,0,0,0,0,-1,-1,-1,-1,-1,-1,0,43030000,43030000,43030000,43030000,43030000,43030000,43030000,43030000,43030000,43030000,43030000,43030000,43030000,43030000,43030000,43030000,1,1,1,1,15,15,2,1512,11122,0,0,1,10,72,0,0,0,33,60,0,0,3100,-1,-1,0,-15,7,0,11,46,2,2,102,0,0,0,0,16,14,10,0,0,99,0,0,10,20,0,1,0,0,0,0,0,0,0,0,1,1,1,0,1,0,0,0,0,0,0,0,0,0,0,0,0,1,0,0,0,0,0,0,0,0,1,0,1,1,1,0,2,1,128,2,2,0,0,401000,300,-1,-1,-1,-1,-1,-1,-1,-1,-1,-1,-1,-1,-1,-1,-1,-1,-1,-1,-1,-1,-1,-1,139,139,46,0.011,0,0,0,1,1,0,0,0,0,0,0,1,1,0,0,0,6,40,0,0,0,6,0,0,0,503,0,47010000,0,0,55,15,15,15,15,15,15,15,15,15,15,0,-1,-1,-1,-1,-1,-1,-1,-1,1.06,1,1,1,1,1,1,1,1,-1,-1,-1,-1,-1,10000,0,1,1,0,0,0,0,1,0,0,0,1,2400,342,6,6,1,0,0,-1,-1,-1,43030000,43030000,43030000,43030000,43030000,43030000,43030000,43030000,43030000,43030000,1,1,0,0,0,0,1,1,0,[0|0|0|0|0|0|0]
43050000,Pulley Crossbow,1,0,[0|0|0],4300,5305000,0,4,0,400,240,100,0,0,0,0,0,0,0,0,-1,-1,-1,-1,-1,-1,2200,43050000,43050000,43050000,43050000,43050000,43050000,43050000,43050000,43050000,43050000,43050000,-1,-1,-1,-1,-1,1,1,1,1,15,15,2,1508,11123,0,0,1,10,65,0,0,0,30,60,0,0,3300,-1,-1,0,-15,7,0,11,46,2,2,102,0,0,233,0,16,16,16,0,0,99,0,0,10,20,0,1,0,0,0,0,0,0,0,0,1,1,1,0,1,0,0,0,0,0,0,0,0,0,0,0,0,1,0,0,0,0,0,0,0,0,1,0,1,1,1,0,2,1,128,2,2,0,0,401000,300,-1,-1,-1,-1,-1,-1,-1,-1,-1,-1,-1,-1,-1,-1,-1,-1,-1,-1,-1,-1,-1,-1,139,139,46,0.011,0,0,0,1,1,0,0,0,0,0,0,1,1,0,0,0,6,40,0,0,0,6,0,0,0,503,0,47010000,0,0,55,15,15,15,15,15,15,15,15,15,15,0,-1,-1,-1,-1,-1,-1,-1,-1,1,1,1,1,1,1,1,1,1,-1,-1,-1,-1,-1,10000,0,1,1,0,0,0,0,1,0,0,0,1,2400,342,6,6,2,0,0,-1,-1,-1,-1,-1,-1,-1,-1,-1,-1,-1,-1,-1,1,1,0,0,0,0,1,1,0,[0|0|0|0|0|0|0]
43060000,Full Moon Crossbow,1,0,[0|0|0],4300,5306000,0,4,0,400,240,500,0,0,0,0,0,0,0,0,-1,-1,-1,-1,-1,-1,2200,43060000,43060000,43060000,43060000,43060000,43060000,43060000,43060000,43060000,43060000,43060000,-1,-1,-1,-1,-1,1,1,1,1,15,15,2,1513,11124,0,0,1,10,50,50,0,0,30,60,0,0,3200,-1,-1,0,-15,7,0,11,46,2,0,100,0,0,236,0,16,10,10,14,0,99,0,0,10,20,0,1,0,0,0,0,0,0,0,0,1,1,1,0,1,0,0,0,0,0,0,0,0,0,0,0,0,1,0,0,0,0,0,0,0,0,1,0,1,1,1,0,2,1,106,2,2,0,0,401000,300,-1,-1,-1,-1,-1,-1,-1,-1,-1,-1,-1,-1,-1,-1,-1,-1,-1,-1,-1,-1,-1,-1,139,139,46,0.011,0,0,0,1,1,0,0,0,0,0,0,1,1,0,0,0,6,40,0,0,0,6,0,0,0,503,0,47010000,0,0,55,15,15,15,15,15,15,15,15,15,15,0,-1,-1,-1,-1,-1,-1,-1,-1,1,1,1,1,1,1,1,1,1,-1,-1,-1,-1,-1,10000,0,1,1,0,0,0,0,1,0,0,0,1,2400,342,6,6,2,0,0,-1,-1,-1,-1,-1,-1,-1,-1,-1,-1,-1,-1,-1,1,1,0,0,0,0,1,1,0,[0|0|0|0|0|0|0]
43080000,Arbalest,1,0,[0|0|0],4300,5303000,0,6,0,400,240,100,0,0,0,0,0,0,0,0,-1,-1,-1,-1,-1,-1,0,43080000,43080000,43080000,43080000,43080000,43080000,43080000,43080000,43080000,43080000,43080000,43080000,43080000,43080000,43080000,43080000,1,1,1,1,15,15,2,1506,11125,0,0,1,10,77,0,0,0,34,60,0,0,3100,-1,-1,0,-15,7,0,11,46,2,2,102,0,0,0,0,16,18,12,0,0,99,0,0,10,20,0,1,0,0,0,0,0,0,0,0,1,1,1,0,1,0,0,0,0,0,0,0,0,0,0,0,0,1,0,0,0,0,0,0,0,0,1,0,1,1,1,0,2,1,128,2,2,0,0,401000,300,-1,-1,-1,-1,-1,-1,-1,-1,-1,-1,-1,-1,-1,-1,-1,-1,-1,-1,-1,-1,-1,-1,139,139,46,0.011,0,0,0,1,1,0,0,0,0,0,0,1,1,0,0,0,6,40,0,0,0,6,0,0,0,503,0,47010000,0,0,55,15,15,15,15,15,15,15,15,15,15,0,-1,-1,-1,-1,-1,-1,-1,-1,1.09,1,1,1,1,1,1,1,1,-1,-1,-1,-1,-1,10000,0,1,1,0,0,0,0,1,0,0,0,1,2400,342,6,6,1,0,0,-1,-1,-1,43080000,43080000,43080000,43080000,43080000,43080000,43080000,43080000,43080000,43080000,1,1,0,0,0,0,1,1,0,[0|0|0|0|0|0|0]
43110000,Crepus's Black-Key Crossbow,1,0,[0|0|0],4300,5304000,0,5,0,400,240,200,0,0,0,0,0,0,0,0,-1,-1,-1,-1,-1,-1,2200,43110000,43110000,43110000,43110000,43110000,43110000,43110000,43110000,43110000,43110000,43110000,-1,-1,-1,-1,-1,1,1,1,1,15,15,2,1514,11128,0,0,1,10,68,0,0,0,32,60,0,0,3200,-1,-1,0,-5,7,0,11,46,2,2,102,0,0,0,0,16,14,16,0,0,99,0,0,10,20,0,1,0,0,0,0,0,0,0,0,1,1,1,0,1,0,0,0,0,0,0,0,0,0,0,0,0,1,0,0,0,0,0,0,0,0,1,0,1,1,1,0,2,1,128,2,2,0,0,401000,300,-1,-1,-1,-1,-1,-1,-1,-1,-1,-1,-1,-1,-1,-1,-1,-1,-1,-1,-1,-1,-1,-1,139,139,46,0.011,0,0,0,1,1,0,0,0,0,0,0,1,1,0,0,0,6,40,0,0,0,6,0,0,0,503,0,47010000,0,0,55,15,15,15,15,15,15,15,15,15,15,0,-1,-1,-1,-1,-1,-1,-1,-1,1.045,1,1,1,1,1,1,1,1,-1,-1,-1,-1,-1,10000,0,1,1,0,0,0,0,1,0,0,0,1,2400,342,6,6,2,0,0,-1,-1,-1,-1,-1,-1,-1,-1,-1,-1,-1,-1,-1,1,1,0,0,0,0,1,1,0,[0|0|0|0|0|0|0]
43500000,Repeating Crossbow,0,0,[0|0|0],4300,5305100,0,6,0,550,240,500,0,0,0,0,0,0,0,0,-1,-1,-1,-1,-1,-1,2200,43500000,43500000,43500000,43500000,43500000,43500000,43500000,43500000,43500000,43500000,43500000,-1,-1,-1,-1,-1,1,1,1,1,15,15,2,1515,12298,0,0,1,10,74,0,0,0,34,60,0,0,2200,-1,-1,0,-15,7,0,11,46,2,2,102,0,0,935,0,16,13,15,0,0,99,0,0,10,20,0,1,0,0,0,0,0,0,0,0,1,1,1,0,1,0,0,0,0,0,0,0,0,0,0,0,0,1,0,0,0,0,0,0,0,0,1,0,1,1,1,0,2,1,128,2,2,0,0,401000,300,-1,-1,-1,-1,-1,-1,-1,-1,-1,-1,-1,-1,-1,-1,-1,-1,-1,-1,-1,-1,-1,-1,139,139,46,0.011,0,0,0,1,1,0,0,0,0,0,0,1,1,0,0,0,6,40,0,0,0,6,0,0,0,5340,0,47010000,0,0,55,15,15,15,15,15,15,15,15,15,15,0,-1,-1,-1,-1,-1,-1,-1,-1,1,1,1,1,1,1,1,1,1,-1,-1,-1,-1,-1,10000,0,1,1,0,0,0,0,1,0,0,0,0,3000,342,6,6,2,0,0,-1,-1,-1,-1,-1,-1,-1,-1,-1,-1,-1,-1,-1,1,1,0,0,0,0,1,1,0,[0|0|0|0|0|0|0]
43510000,Spread Crossbow,0,0,[0|0|0],4300,5305200,0,5,0,500,240,500,0,0,0,0,0,0,0,0,-1,-1,-1,-1,-1,-1,0,43510000,43510000,43510000,43510000,43510000,43510000,43510000,43510000,43510000,43510000,43510000,43510000,43510000,43510000,43510000,43510000,1,1,1,1,15,15,2,1516,12299,0,0,1,10,68,0,0,0,32,60,0,0,0,-1,-1,0,-15,7,0,11,46,2,2,102,0,0,235,0,16,11,17,0,0,99,0,0,10,20,0,1,0,0,0,0,0,0,0,0,1,1,1,0,1,0,0,0,0,0,0,0,0,0,0,0,0,1,0,0,0,0,0,0,0,0,1,0,1,1,1,0,2,1,128,2,2,0,0,401000,300,-1,-1,-1,-1,-1,-1,-1,-1,-1,-1,-1,-1,-1,-1,-1,-1,-1,-1,-1,-1,-1,-1,139,139,46,0.011,0,0,0,1,1,0,0,0,0,0,0,1,1,0,0,0,6,40,0,0,0,6,0,0,0,503,0,47010000,0,0,55,15,15,15,15,15,15,15,15,15,15,0,-1,-1,-1,-1,-1,-1,-1,-1,1,1,1,1,1,1,1,1,1,-1,-1,-1,-1,-1,10000,0,1,1,0,0,0,0,1,0,0,0,1,2500,342,6,6,2,0,0,-1,-1,-1,43510000,43510000,43510000,43510000,43510000,43510000,43510000,43510000,43510000,43510000,1,1,0,0,0,0,1,1,0,[0|0|0|0|0|0|0]
43690000,[NPC] Repeating Crossbow,0,0,[0|0|0],4300,9999999,0,6,0,550,300,100,0,0,0,0,0,0,0,0,-1,-1,-1,-1,-1,-1,2200,43500000,43500000,43500000,43500000,43500000,43500000,43500000,43500000,43500000,43500000,43500000,-1,-1,-1,-1,-1,1,1,1,1,15,15,2,1515,12298,0,0,1,10,74,0,0,0,34,60,0,0,2200,-1,-1,0,-15,7,0,11,46,2,2,102,0,0,935,0,16,13,15,0,0,99,0,0,10,20,0,1,0,0,0,0,0,0,0,0,1,1,1,0,1,0,0,0,0,0,0,0,0,0,0,0,0,1,0,0,0,0,0,0,0,0,1,0,1,1,1,0,2,1,128,2,2,0,0,401000,300,-1,-1,-1,-1,-1,-1,-1,-1,-1,-1,-1,-1,-1,-1,-1,-1,-1,-1,-1,-1,-1,-1,139,139,46,0.011,0,0,0,1,1,0,0,0,0,0,0,1,1,0,0,0,6,255,0,0,0,6,0,0,0,5340,0,47010000,0,0,55,15,15,15,15,15,15,15,15,15,15,0,-1,-1,-1,-1,-1,-1,-1,-1,1,1,1,1,1,1,1,1,1,-1,-1,-1,-1,-1,10000,0,1,1,0,0,0,0,1,0,0,0,0,3000,342,6,6,2,0,0,-1,-1,-1,-1,-1,-1,-1,-1,-1,-1,-1,-1,-1,1,1,0,0,0,0,1,1,0,[0|0|0|0|0|0|0]
44000000,Hand Ballista,1,0,[0|0|0],4400,5400000,0,10,0,800,580,200,0,0,0,0,0,0,0,0,-1,-1,-1,-1,-1,-1,0,44000000,44000000,44000000,44000000,44000000,44000000,44000000,44000000,44000000,44000000,44000000,44000000,44000000,44000000,44000000,44000000,1,1,1,1,15,15,7,1510,11160,0,0,1,10,150,0,0,0,75,60,0,0,3100,-1,-1,0,0,7,0,11,52,2,2,105,0,0,0,2,12,30,14,0,0,99,0,0,10,99,0,1,0,0,0,0,0,0,0,0,1,1,1,0,1,0,0,0,0,0,0,0,0,0,0,0,0,1,0,0,0,0,0,0,0,1,1,0,1,1,1,0,2,1,128,2,2,0,0,401000,300,-1,-1,-1,-1,-1,-1,-1,-1,-1,-1,-1,-1,-1,-1,-1,-1,-1,-1,-1,-1,-1,-1,139,139,2,0.099,0,0,0,0,1,0,0,0,0,0,0,1,1,0,0,0,6,50,0,0,0,6,0,0,0,503,0,0,0,0,56,15,15,15,15,15,15,15,15,15,15,0,-1,-1,-1,-1,-1,-1,-1,-1,1,1,1,1,1,1,1,1,1,-1,-1,-1,-1,-1,10000,0,1,1,0,0,0,0,1,0,0,0,1,5800,341,6,6,1,0,0,-1,-1,-1,44000000,44000000,44000000,44000000,44000000,44000000,44000000,44000000,44000000,44000000,1,1,0,0,0,0,1,1,0,[0|0|0|0|0|0|0]
44010000,Jar Cannon,1,0,[0|0|0],4400,5401000,0,15,0,800,580,500,0,0,0,0,0,0,0,0,-1,-1,-1,-1,-1,-1,2200,44010000,44010000,44010000,44010000,44010000,44010000,44010000,44010000,44010000,44010000,44010000,-1,-1,-1,-1,-1,1,1,1,1,15,15,7,1511,11161,0,0,1,10,192,0,0,0,90,60,0,0,3200,-1,-1,0,0,7,0,11,52,2,0,100,0,0,234,2,12,34,12,0,0,99,0,0,10,99,0,1,0,0,0,0,0,0,0,0,1,1,1,0,1,0,0,0,0,0,0,0,0,0,0,0,0,1,0,0,0,0,0,0,0,1,1,0,1,1,1,0,2,1,106,2,2,0,0,401000,300,-1,-1,-1,-1,-1,-1,-1,-1,-1,-1,-1,-1,-1,-1,-1,-1,-1,-1,-1,-1,-1,-1,139,139,2,0.099,0,0,0,0,1,0,0,0,0,0,0,1,1,0,0,0,6,50,0,0,0,6,0,0,0,503,0,0,0,0,56,15,15,15,15,15,15,15,15,15,15,0,-1,-1,-1,-1,-1,-1,-1,-1,1.12,1,1,1,1,1,1,1,1,-1,-1,-1,-1,-1,10000,0,1,1,0,0,0,0,1,0,0,0,1,5800,341,6,6,2,0,0,-1,-1,-1,-1,-1,-1,-1,-1,-1,-1,-1,-1,-1,1,1,0,0,0,0,1,1,0,[0|0|0|0|0|0|0]
44500000,Rabbath's Cannon,0,0,[0|0|0],4400,5402000,0,15,0,800,580,500,0,0,0,0,0,0,0,0,-1,-1,-1,-1,-1,-1,2200,44500000,44500000,44500000,44500000,44500000,44500000,44500000,44500000,44500000,44500000,44500000,-1,-1,-1,-1,-1,1,1,1,1,15,15,7,1517,12300,0,0,1,10,135,135,0,0,70,60,0,0,2200,-1,-1,0,0,7,0,11,52,2,2,105,0,10,261,2,12,28,16,0,0,99,0,0,10,99,0,1,0,0,0,0,0,0,0,0,1,1,1,0,1,0,0,0,0,0,0,0,0,0,0,0,0,1,0,0,0,0,0,0,0,1,1,0,1,1,1,0,2,1,128,2,2,0,0,401000,300,-1,-1,-1,-1,-1,-1,-1,-1,-1,-1,-1,-1,-1,-1,-1,-1,-1,-1,-1,-1,-1,-1,139,139,2,0.099,0,0,0,0,1,0,0,0,0,0,0,1,1,0,0,0,6,50,0,0,0,6,0,0,0,503,0,0,0,0,56,15,15,15,15,15,15,15,15,15,15,0,-1,-1,-1,-1,-1,-1,-1,-1,1,1,1,1,1,1,1,1,1,-1,-1,-1,-1,-1,10000,0,1,1,0,0,0,0,1,0,0,0,1,5000,341,6,6,2,0,0,-1,-1,-1,-1,-1,-1,-1,-1,-1,-1,-1,-1,-1,1,1,0,0,0,0,1,1,0,[0|0|0|0|0|0|0]
60500000,Dryleaf Arts,0,0,[0|0|0],6300,3115000,0,1,0,600,110,100,45,45,0,0,35,20,20,20,-1,-1,-1,-1,-1,-1,0,60500000,60500000,60500000,60500000,60500000,60500000,60500000,60500000,60500000,60500000,60500000,60500000,60500000,60500000,60500000,60500000,1,1,1,1,15,15,4,1370,12260,0,0,1,10,80,0,0,0,50,60,0,20,0,-1,-1,0,-1,7,0,9,55,2,1,103,0,0,0,0,0,8,8,0,0,99,0,0,10,70,0,1,0,0,0,10,10,10,10,1,1,1,1,0,0,0,0,0,0,0,0,0,1,0,0,0,0,1,0,0,0,0,0,0,0,0,1,0,1,1,1,1,2,0,108,1,1,6,6,401000,10300,-1,-1,-1,-1,-1,-1,-1,-1,-1,-1,-1,-1,-1,-1,-1,-1,-1,-1,-1,-1,-1,-1,139,139,55,0.015,0,1,0,1,1,0,0,0,0,0,0,1,1,20,0,0,6,225,1,10,10,6,0,10,0,4010,0,0,0,7,88,15,15,15,15,15,15,15,15,15,15,0,-1,-1,-1,-1,-1,-1,-1,-1,1,1,1,1,1,1,1,1,1,-1,-1,-1,-1,-1,10000,0,1,1,0,0,0,0,1,1,0,0,1,500,310,6,6,1,2,60,-1,-1,-1,60500000,60500000,60500000,60500000,60500000,60500000,60500000,60500000,60500000,60500000,1,1,0,0,0,0,1,1,0,[0|0|0|0|0|0|0]
60500100,Heavy Dryleaf Arts,0,0,[0|0|0],6300,3115001,0,1,0,600,110,100,53,0,0,0,35,20,20,20,-1,-1,-1,-1,-1,-1,0,60500000,60500000,60500000,60500000,60500000,60500000,60500000,60500000,60500000,60500000,60500000,60500000,60500000,60500000,60500000,60500000,1,1,1,1,15,15,4,1370,12260,0,0,1,10,76,0,0,0,50,60,0,20,100,-1,-1,0,-1,7,0,9,55,2,1,103,1,0,0,0,0,8,8,0,0,99,0,0,10,70,0,1,0,0,0,10,10,10,10,1,1,1,1,0,0,0,0,0,0,0,0,0,1,0,0,0,0,1,0,0,0,0,0,0,0,0,1,0,1,1,1,1,2,0,108,1,1,6,6,401000,10300,-1,-1,-1,-1,-1,-1,-1,-1,-1,-1,-1,-1,-1,-1,-1,-1,-1,-1,-1,-1,-1,-1,139,139,55,0.015,0,1,0,1,1,0,0,0,0,0,0,1,1,20,0,0,6,225,1,10,10,6,0,10,0,4010,0,0,0,7,88,15,15,15,15,15,15,15,15,15,15,0,-1,-1,-1,-1,-1,-1,-1,-1,1,1,1,1,1,1,1,1,1,-1,-1,-1,-1,-1,10000,0,1,1,0,0,0,0,1,1,0,0,1,500,310,6,6,1,2,60,-1,-1,-1,60500000,60500000,60500000,60500000,60500000,60500000,60500000,60500000,60500000,60500000,1,1,0,0,0,0,1,1,0,[0|0|0|0|0|0|0]
60500200,Keen Dryleaf Arts,0,0,[0|0|0],6300,3115002,0,1,0,600,110,100,18,48,0,0,35,20,20,20,-1,-1,-1,-1,-1,-1,0,60500000,60500000,60500000,60500000,60500000,60500000,60500000,60500000,60500000,60500000,60500000,60500000,60500000,60500000,60500000,60500000,1,1,1,1,15,15,4,1370,12260,0,0,1,10,76,0,0,0,50,60,0,20,200,-1,-1,0,-1,7,0,9,55,2,1,103,2,0,0,0,0,8,8,0,0,99,0,0,10,70,0,1,0,0,0,10,10,10,10,1,1,1,1,0,0,0,0,0,0,0,0,0,1,0,0,0,0,1,0,0,0,0,0,0,0,0,1,0,1,1,1,1,2,0,108,1,1,6,6,401000,10300,-1,-1,-1,-1,-1,-1,-1,-1,-1,-1,-1,-1,-1,-1,-1,-1,-1,-1,-1,-1,-1,-1,139,139,55,0.015,0,1,0,1,1,0,0,0,0,0,0,1,1,20,0,0,6,225,1,10,10,6,0,10,0,4010,0,0,0,7,88,15,15,15,15,15,15,15,15,15,15,0,-1,-1,-1,-1,-1,-1,-1,-1,1,1,1,1,1,1,1,1,1,-1,-1,-1,-1,-1,10000,0,1,1,0,0,0,0,1,1,0,0,1,500,310,6,6,1,2,60,-1,-1,-1,60500000,60500000,60500000,60500000,60500000,60500000,60500000,60500000,60500000,60500000,1,1,0,0,0,0,1,1,0,[0|0|0|0|0|0|0]
60500300,Quality Dryleaf Arts,0,0,[0|0|0],6300,3115003,0,1,0,600,110,100,61,61,0,0,35,20,20,20,-1,-1,-1,-1,-1,-1,0,60500000,60500000,60500000,60500000,60500000,60500000,60500000,60500000,60500000,60500000,60500000,60500000,60500000,60500000,60500000,60500000,1,1,1,1,15,15,4,1370,12260,0,0,1,10,76,0,0,0,50,60,0,20,300,-1,-1,0,-1,7,0,9,55,2,1,103,8,0,0,0,0,8,8,0,0,99,0,0,10,70,0,1,0,0,0,10,10,10,10,1,1,1,1,0,0,0,0,0,0,0,0,0,1,0,0,0,0,1,0,0,0,0,0,0,0,0,1,0,1,1,1,1,2,0,108,1,1,6,6,401000,10300,-1,-1,-1,-1,-1,-1,-1,-1,-1,-1,-1,-1,-1,-1,-1,-1,-1,-1,-1,-1,-1,-1,139,139,55,0.015,0,1,0,1,1,0,0,0,0,0,0,1,1,20,0,0,6,225,1,10,10,6,0,10,0,4010,0,0,0,7,88,15,15,15,15,15,15,15,15,15,15,0,-1,-1,-1,-1,-1,-1,-1,-1,1,1,1,1,1,1,1,1,1,-1,-1,-1,-1,-1,10000,0,1,1,0,0,0,0,1,1,0,0,1,500,310,6,6,1,2,60,-1,-1,-1,60500000,60500000,60500000,60500000,60500000,60500000,60500000,60500000,60500000,60500000,1,1,0,0,0,0,1,1,0,[0|0|0|0|0|0|0]
60500400,Fire Dryleaf Arts,0,0,[0|0|0],6300,3115005,0,1,0,600,110,100,37,18,0,0,35,20,20,20,-1,-1,-1,-1,-1,-1,0,60500000,60500000,60500000,60500000,60500000,60500000,60500000,60500000,60500000,60500000,60500000,60500000,60500000,60500000,60500000,60500000,1,1,1,1,15,15,4,1370,12260,0,0,1,10,76,0,76,0,50,60,0,20,400,-1,-1,0,-1,7,0,9,55,2,1,103,0,11,0,0,0,8,8,0,0,99,0,0,10,70,0,1,0,0,0,10,10,10,10,1,1,1,1,0,0,0,0,0,0,0,0,0,1,0,0,0,0,1,0,0,0,0,0,0,0,0,1,0,1,1,1,1,2,0,108,1,1,6,6,401000,10300,-1,-1,-1,-1,-1,-1,-1,-1,-1,-1,-1,-1,-1,-1,-1,-1,-1,-1,-1,-1,-1,-1,139,139,55,0.015,0,1,0,1,1,0,0,0,0,4,0,1,1,20,0,0,6,225,1,10,10,6,0,10,0,4010,0,0,0,7,88,15,15,15,15,15,15,15,15,15,15,0,-1,-1,-1,-1,-1,-1,-1,-1,1,1,1,1,1,1,1,1,1,-1,-1,-1,-1,-1,10005,0,1,1,0,0,0,0,1,1,0,0,1,500,310,6,6,1,2,60,-1,-1,-1,60500000,60500000,60500000,60500000,60500000,60500000,60500000,60500000,60500000,60500000,1,1,0,0,0,0,1,1,0,[0|0|0|0|0|0|0]
60500500,Flame Art Dryleaf Arts,0,0,[0|0|0],6300,3115006,0,1,0,600,110,100,13,13,0,45,35,20,20,20,-1,-1,-1,-1,-1,-1,0,60500000,60500000,60500000,60500000,60500000,60500000,60500000,60500000,60500000,60500000,60500000,60500000,60500000,60500000,60500000,60500000,1,1,1,1,15,15,4,1370,12260,0,0,1,10,76,0,76,0,50,60,0,20,500,-1,-1,0,-1,7,0,9,55,2,1,103,0,11,0,0,0,8,8,0,0,99,0,0,10,70,0,1,0,0,0,10,10,10,10,1,1,1,1,0,0,0,0,0,0,0,0,0,1,0,0,0,0,1,0,0,0,0,0,0,0,0,1,0,1,1,1,1,2,0,108,1,1,6,6,401000,10300,-1,-1,-1,-1,-1,-1,-1,-1,-1,-1,-1,-1,-1,-1,-1,-1,-1,-1,-1,-1,-1,-1,139,139,55,0.015,0,1,0,1,1,0,0,0,0,4,0,1,1,20,0,0,6,225,1,10,10,6,0,10,0,4010,0,0,0,7,88,15,15,15,15,15,15,15,15,15,15,0,-1,-1,-1,-1,-1,-1,-1,-1,1,1,1,1,1,1,1,1,1,-1,-1,-1,-1,-1,10000,0,1,1,0,0,0,0,1,1,0,0,1,500,310,6,6,1,2,60,-1,-1,-1,60500000,60500000,60500000,60500000,60500000,60500000,60500000,60500000,60500000,60500000,1,1,0,0,0,0,1,1,0,[0|0|0|0|0|0|0]
60500600,Lightning Dryleaf Arts,0,0,[0|0|0],6300,3115007,0,1,0,600,110,100,18,37,0,0,35,20,20,20,-1,-1,-1,-1,-1,-1,0,60500000,60500000,60500000,60500000,60500000,60500000,60500000,60500000,60500000,60500000,60500000,60500000,60500000,60500000,60500000,60500000,1,1,1,1,15,15,4,1370,12260,0,0,1,10,76,0,0,76,50,60,0,20,600,-1,-1,0,-1,7,0,9,55,2,1,103,0,12,0,0,0,8,8,0,0,99,0,0,10,70,0,1,0,0,0,10,10,10,10,1,1,1,1,0,0,0,0,0,0,0,0,0,1,0,0,0,0,1,0,0,0,0,0,0,0,0,1,0,1,1,1,1,2,0,108,1,1,6,6,401000,10300,-1,-1,-1,-1,-1,-1,-1,-1,-1,-1,-1,-1,-1,-1,-1,-1,-1,-1,-1,-1,-1,-1,139,139,55,0.015,0,1,0,1,1,0,0,0,0,0,4,1,1,20,0,0,6,225,1,10,10,6,0,10,0,4010,0,0,0,7,88,15,15,15,15,15,15,15,15,15,15,0,-1,-1,-1,-1,-1,-1,-1,-1,1,1,1,1,1,1,1,1,1,-1,-1,-1,-1,-1,10000,0,1,1,0,0,0,0,1,1,0,0,1,500,310,6,6,1,2,60,-1,-1,-1,60500000,60500000,60500000,60500000,60500000,60500000,60500000,60500000,60500000,60500000,1,1,0,0,0,0,1,1,0,[0|0|0|0|0|0|0]
60500700,Sacred Dryleaf Arts,0,0,[0|0|0],6300,3115008,0,1,0,600,110,100,13,13,0,45,35,20,20,20,-1,-1,-1,-1,-1,-1,0,60500000,60500000,60500000,60500000,60500000,60500000,60500000,60500000,60500000,60500000,60500000,60500000,60500000,60500000,60500000,60500000,1,1,1,1,15,15,4,1370,12260,0,0,1,10,76,0,0,0,50,60,0,20,700,-1,-1,0,-1,7,0,9,55,2,1,103,0,13,0,0,0,8,8,0,0,99,0,0,10,70,0,1,0,0,0,10,10,10,10,1,1,1,1,0,0,0,0,0,0,0,0,0,1,0,0,0,0,1,0,0,0,0,0,0,0,0,1,0,1,1,1,1,2,0,108,1,1,6,6,401000,10300,-1,-1,-1,-1,-1,-1,-1,-1,-1,-1,-1,-1,-1,-1,-1,-1,-1,-1,-1,-1,-1,-1,139,139,55,0.015,0,1,0,1,1,0,0,0,0,0,0,1,1,20,76,4,6,225,1,10,10,6,0,10,0,4010,0,0,0,7,88,15,15,15,15,15,15,15,15,15,15,0,-1,-1,-1,-1,-1,-1,-1,-1,1,1,1,1,1,1,1,1,1,-1,-1,-1,-1,-1,10000,0,1,1,0,0,0,0,1,1,0,0,1,500,310,6,6,1,2,60,-1,-1,-1,60500000,60500000,60500000,60500000,60500000,60500000,60500000,60500000,60500000,60500000,1,1,0,0,0,0,1,1,0,[0|0|0|0|0|0|0]
60500800,Magic Dryleaf Arts,0,0,[0|0|0],6300,3115004,0,1,0,600,110,100,13,13,46,0,35,20,20,20,-1,-1,-1,-1,-1,-1,0,60500000,60500000,60500000,60500000,60500000,60500000,60500000,60500000,60500000,60500000,60500000,60500000,60500000,60500000,60500000,60500000,1,1,1,1,15,15,4,1370,12260,0,0,1,10,76,76,0,0,50,60,0,20,800,-1,-1,0,-1,7,0,9,55,2,1,103,0,10,0,0,0,8,8,0,0,99,0,0,10,70,0,1,0,0,0,10,10,10,10,1,1,1,1,0,0,0,0,0,0,0,0,0,1,0,0,0,0,1,0,0,0,0,0,0,0,0,1,0,1,1,1,1,2,0,108,1,1,6,6,401000,10300,-1,-1,-1,-1,-1,-1,-1,-1,-1,-1,-1,-1,-1,-1,-1,-1,-1,-1,-1,-1,-1,-1,139,139,55,0.015,0,1,0,1,1,0,0,0,4,0,0,1,1,20,0,0,6,225,1,10,10,6,0,10,0,4010,0,0,0,7,88,15,15,15,15,15,15,15,15,15,15,0,-1,-1,-1,-1,-1,-1,-1,-1,1,1,1,1,1,1,1,1,1,-1,-1,-1,-1,-1,10000,0,1,1,0,0,0,0,1,1,0,0,1,500,310,6,6,1,2,60,-1,-1,-1,60500000,60500000,60500000,60500000,60500000,60500000,60500000,60500000,60500000,60500000,1,1,0,0,0,0,1,1,0,[0|0|0|0|0|0|0]
60500900,Cold Dryleaf Arts,0,0,[0|0|0],6300,3115011,0,1,0,600,110,100,40,40,45,0,35,20,20,20,-1,107500,-1,-1,-1,-1,0,60500000,60500000,60500000,60500000,60500000,60500000,60500000,60500000,60500000,60500000,60500000,60500000,60500000,60500000,60500000,60500000,1,1,1,1,15,15,4,1370,12260,0,0,1,10,76,65,0,0,50,60,0,20,900,-1,-1,0,-1,7,0,9,55,2,1,103,0,10,0,0,0,8,8,0,0,99,0,0,10,70,0,1,0,0,0,10,10,10,10,1,1,1,1,0,0,0,0,0,0,0,0,0,1,0,0,0,0,1,0,0,0,0,0,0,0,0,1,0,1,1,1,1,2,0,108,1,1,6,6,401000,10300,-1,-1,-1,-1,-1,-1,-1,-1,-1,-1,-1,-1,-1,-1,-1,-1,-1,-1,-1,-1,-1,-1,139,139,55,0.015,0,1,0,1,1,0,0,0,4,0,0,1,1,20,0,0,6,225,1,10,10,6,0,10,0,4010,0,0,0,7,88,15,15,15,15,15,15,15,15,15,15,0,-1,-1,-1,-1,-1,-1,-1,-1,1,1,1,1,1,1,1,1,1,-1,-1,-1,-1,-1,10000,0,1,1,0,0,0,0,1,1,0,0,1,500,310,6,6,1,2,60,6601,-1,-1,60500000,60500000,60500000,60500000,60500000,60500000,60500000,60500000,60500000,60500000,1,1,0,0,0,0,1,1,0,[0|0|0|0|0|0|0]
60501000,Poison Dryleaf Arts,0,0,[0|0|0],6300,3115009,0,1,0,600,110,100,40,40,0,0,35,20,20,20,-1,106000,-1,-1,-1,-1,0,60500000,60500000,60500000,60500000,60500000,60500000,60500000,60500000,60500000,60500000,60500000,60500000,60500000,60500000,60500000,60500000,1,1,1,1,15,15,4,1370,12260,0,0,1,10,76,0,0,0,50,60,0,20,1000,-1,-1,0,-1,7,0,9,55,2,1,103,0,0,0,0,0,8,8,0,0,99,0,0,10,70,0,1,0,0,0,10,10,10,10,1,1,1,1,0,0,0,0,0,0,0,0,0,1,0,0,0,0,1,0,0,0,0,0,0,0,0,1,0,1,1,1,1,2,0,108,1,1,6,6,401000,10300,-1,-1,-1,-1,-1,-1,-1,-1,-1,-1,-1,-1,-1,-1,-1,-1,-1,-1,-1,-1,-1,-1,139,139,55,0.015,0,1,0,1,1,0,0,0,0,0,0,1,1,20,0,0,6,225,1,10,10,6,0,10,0,4010,30,0,0,7,88,15,15,15,15,15,15,15,15,15,15,0,-1,-1,-1,-1,-1,-1,-1,-1,1,1,1,1,1,1,1,1,1,-1,-1,-1,-1,-1,10013,0,1,1,0,0,0,0,1,1,0,0,1,500,310,6,6,1,2,60,6401,-1,-1,60500000,60500000,60500000,60500000,60500000,60500000,60500000,60500000,60500000,60500000,1,1,0,0,0,0,1,1,0,[0|0|0|0|0|0|0]
60501100,Blood Dryleaf Arts,0,0,[0|0|0],6300,3115010,0,1,0,600,110,100,40,40,0,0,35,20,20,20,105000,-1,-1,-1,-1,-1,0,60500000,60500000,60500000,60500000,60500000,60500000,60500000,60500000,60500000,60500000,60500000,60500000,60500000,60500000,60500000,60500000,1,1,1,1,15,15,4,1370,12260,0,0,1,10,76,0,0,0,50,60,0,20,1100,-1,-1,0,-1,7,0,9,55,2,1,103,0,0,0,0,0,8,8,0,0,99,0,0,10,70,0,1,0,0,0,10,10,10,10,1,1,1,1,0,0,0,0,0,0,0,0,0,1,0,0,0,0,1,0,0,0,0,0,0,0,0,1,0,1,1,1,1,2,0,108,1,1,6,6,401000,10300,-1,-1,-1,-1,-1,-1,-1,-1,-1,-1,-1,-1,-1,-1,-1,-1,-1,-1,-1,-1,-1,-1,139,139,55,0.015,0,1,0,1,1,0,0,0,0,0,0,1,1,20,0,0,6,225,1,10,10,6,0,10,0,4010,30,0,0,7,88,15,15,15,15,15,15,15,15,15,15,0,-1,-1,-1,-1,-1,-1,-1,-1,1,1,1,1,1,1,1,1,1,-1,-1,-1,-1,-1,10013,0,1,1,0,0,0,0,1,1,0,0,1,500,310,6,6,1,2,60,6501,-1,-1,60500000,60500000,60500000,60500000,60500000,60500000,60500000,60500000,60500000,60500000,1,1,0,0,0,0,1,1,0,[0|0|0|0|0|0|0]
60501200,Occult Dryleaf Arts,0,0,[0|0|0],6300,3115012,0,1,0,600,110,100,18,18,0,0,35,20,20,20,-1,-1,-1,-1,-1,-1,0,60500000,60500000,60500000,60500000,60500000,60500000,60500000,60500000,60500000,60500000,60500000,60500000,60500000,60500000,60500000,60500000,1,1,1,1,15,15,4,1370,12260,0,0,1,10,76,0,0,0,50,60,0,20,1200,-1,-1,0,-1,7,0,9,55,2,1,103,7,0,0,0,0,8,8,0,0,99,0,0,10,70,0,1,0,0,0,10,10,10,10,1,1,1,1,0,0,0,0,0,0,0,0,0,1,0,0,0,0,1,0,0,0,0,0,0,0,0,1,0,1,1,1,1,2,0,108,1,1,6,6,401000,10300,-1,-1,-1,-1,-1,-1,-1,-1,-1,-1,-1,-1,-1,-1,-1,-1,-1,-1,-1,-1,-1,-1,139,139,55,0.015,0,1,0,1,1,0,0,0,0,0,0,1,1,20,0,0,6,225,1,10,10,6,0,10,0,4010,76,0,0,7,88,15,15,15,15,15,15,15,15,15,15,0,-1,-1,-1,-1,-1,-1,-1,-1,1,1,1,1,1,1,1,1,1,-1,-1,-1,-1,-1,10013,0,1,1,0,0,0,0,1,1,0,0,1,500,310,6,6,1,2,60,-1,-1,-1,60500000,60500000,60500000,60500000,60500000,60500000,60500000,60500000,60500000,60500000,1,1,0,0,0,0,1,1,0,[0|0|0|0|0|0|0]
60510000,Dane's Footwork,0,0,[0|0|0],6301,3116000,0,1,0,600,120,100,45,45,0,0,35,20,20,20,-1,-1,-1,-1,-1,-1,0,60510000,60510000,60510000,60510000,60510000,60510000,60510000,60510000,60510000,60510000,60510000,60510000,60510000,60510000,60510000,60510000,1,1,1,1,15,15,4,1370,12261,0,0,1,10,80,0,0,0,50,60,0,20,0,-1,-1,0,-1,7,0,9,55,2,1,103,0,0,246,0,0,8,8,0,0,99,0,0,10,70,0,1,0,0,0,10,10,10,10,1,1,1,1,0,0,0,0,0,0,0,0,0,1,0,0,0,0,1,0,0,0,0,0,0,0,0,1,0,1,1,1,1,2,0,108,1,1,6,6,401000,10300,-1,-1,-1,-1,-1,-1,-1,-1,-1,-1,-1,-1,-1,-1,-1,-1,-1,-1,-1,-1,-1,-1,139,139,55,0.015,0,1,0,1,1,0,0,0,0,0,0,1,1,20,0,0,6,225,1,10,10,6,0,10,0,4010,0,0,0,7,88,15,15,15,15,15,15,15,15,15,15,0,-1,-1,-1,-1,-1,-1,-1,-1,1,1,1,1,1,1,1,1,1,-1,-1,-1,-1,-1,10000,0,1,1,0,0,0,0,1,1,0,0,1,500,310,6,6,2,2,60,-1,-1,-1,60510000,60510000,60510000,60510000,60510000,60510000,60510000,60510000,60510000,60510000,1,1,0,0,0,0,1,1,0,[0|0|0|0|0|0|0]
60510100,Dane's Heavy Footwork,0,0,[0|0|0],6301,3116001,0,1,0,600,120,100,53,0,0,0,35,20,20,20,-1,-1,-1,-1,-1,-1,0,60510000,60510000,60510000,60510000,60510000,60510000,60510000,60510000,60510000,60510000,60510000,60510000,60510000,60510000,60510000,60510000,1,1,1,1,15,15,4,1370,12261,0,0,1,10,76,0,0,0,50,60,0,20,100,-1,-1,0,-1,7,0,9,55,2,1,103,1,0,246,0,0,8,8,0,0,99,0,0,10,70,0,1,0,0,0,10,10,10,10,1,1,1,1,0,0,0,0,0,0,0,0,0,1,0,0,0,0,1,0,0,0,0,0,0,0,0,1,0,1,1,1,1,2,0,108,1,1,6,6,401000,10300,-1,-1,-1,-1,-1,-1,-1,-1,-1,-1,-1,-1,-1,-1,-1,-1,-1,-1,-1,-1,-1,-1,139,139,55,0.015,0,1,0,1,1,0,0,0,0,0,0,1,1,20,0,0,6,225,1,10,10,6,0,10,0,4010,0,0,0,7,88,15,15,15,15,15,15,15,15,15,15,0,-1,-1,-1,-1,-1,-1,-1,-1,1,1,1,1,1,1,1,1,1,-1,-1,-1,-1,-1,10000,0,1,1,0,0,0,0,1,1,0,0,1,500,310,6,6,2,2,60,-1,-1,-1,60510000,60510000,60510000,60510000,60510000,60510000,60510000,60510000,60510000,60510000,1,1,0,0,0,0,1,1,0,[0|0|0|0|0|0|0]
60510200,Dane's Keen Footwork,0,0,[0|0|0],6301,3116002,0,1,0,600,120,100,18,48,0,0,35,20,20,20,-1,-1,-1,-1,-1,-1,0,60510000,60510000,60510000,60510000,60510000,60510000,60510000,60510000,60510000,60510000,60510000,60510000,60510000,60510000,60510000,60510000,1,1,1,1,15,15,4,1370,12261,0,0,1,10,76,0,0,0,50,60,0,20,200,-1,-1,0,-1,7,0,9,55,2,1,103,2,0,246,0,0,8,8,0,0,99,0,0,10,70,0,1,0,0,0,10,10,10,10,1,1,1,1,0,0,0,0,0,0,0,0,0,1,0,0,0,0,1,0,0,0,0,0,0,0,0,1,0,1,1,1,1,2,0,108,1,1,6,6,401000,10300,-1,-1,-1,-1,-1,-1,-1,-1,-1,-1,-1,-1,-1,-1,-1,-1,-1,-1,-1,-1,-1,-1,139,139,55,0.015,0,1,0,1,1,0,0,0,0,0,0,1,1,20,0,0,6,225,1,10,10,6,0,10,0,4010,0,0,0,7,88,15,15,15,15,15,15,15,15,15,15,0,-1,-1,-1,-1,-1,-1,-1,-1,1,1,1,1,1,1,1,1,1,-1,-1,-1,-1,-1,10000,0,1,1,0,0,0,0,1,1,0,0,1,500,310,6,6,2,2,60,-1,-1,-1,60510000,60510000,60510000,60510000,60510000,60510000,60510000,60510000,60510000,60510000,1,1,0,0,0,0,1,1,0,[0|0|0|0|0|0|0]
60510300,Dane's Quality Footwork,0,0,[0|0|0],6301,3116003,0,1,0,600,120,100,61,61,0,0,35,20,20,20,-1,-1,-1,-1,-1,-1,0,60510000,60510000,60510000,60510000,60510000,60510000,60510000,60510000,60510000,60510000,60510000,60510000,60510000,60510000,60510000,60510000,1,1,1,1,15,15,4,1370,12261,0,0,1,10,76,0,0,0,50,60,0,20,300,-1,-1,0,-1,7,0,9,55,2,1,103,8,0,246,0,0,8,8,0,0,99,0,0,10,70,0,1,0,0,0,10,10,10,10,1,1,1,1,0,0,0,0,0,0,0,0,0,1,0,0,0,0,1,0,0,0,0,0,0,0,0,1,0,1,1,1,1,2,0,108,1,1,6,6,401000,10300,-1,-1,-1,-1,-1,-1,-1,-1,-1,-1,-1,-1,-1,-1,-1,-1,-1,-1,-1,-1,-1,-1,139,139,55,0.015,0,1,0,1,1,0,0,0,0,0,0,1,1,20,0,0,6,225,1,10,10,6,0,10,0,4010,0,0,0,7,88,15,15,15,15,15,15,15,15,15,15,0,-1,-1,-1,-1,-1,-1,-1,-1,1,1,1,1,1,1,1,1,1,-1,-1,-1,-1,-1,10000,0,1,1,0,0,0,0,1,1,0,0,1,500,310,6,6,2,2,60,-1,-1,-1,60510000,60510000,60510000,60510000,60510000,60510000,60510000,60510000,60510000,60510000,1,1,0,0,0,0,1,1,0,[0|0|0|0|0|0|0]
60510400,Dane's Fire Footwork,0,0,[0|0|0],6301,3116005,0,1,0,600,120,100,37,18,0,0,35,20,20,20,-1,-1,-1,-1,-1,-1,0,60510000,60510000,60510000,60510000,60510000,60510000,60510000,60510000,60510000,60510000,60510000,60510000,60510000,60510000,60510000,60510000,1,1,1,1,15,15,4,1370,12261,0,0,1,10,76,0,76,0,50,60,0,20,400,-1,-1,0,-1,7,0,9,55,2,1,103,0,11,246,0,0,8,8,0,0,99,0,0,10,70,0,1,0,0,0,10,10,10,10,1,1,1,1,0,0,0,0,0,0,0,0,0,1,0,0,0,0,1,0,0,0,0,0,0,0,0,1,0,1,1,1,1,2,0,108,1,1,6,6,401000,10300,-1,-1,-1,-1,-1,-1,-1,-1,-1,-1,-1,-1,-1,-1,-1,-1,-1,-1,-1,-1,-1,-1,139,139,55,0.015,0,1,0,1,1,0,0,0,0,4,0,1,1,20,0,0,6,225,1,10,10,6,0,10,0,4010,0,0,0,7,88,15,15,15,15,15,15,15,15,15,15,0,-1,-1,-1,-1,-1,-1,-1,-1,1,1,1,1,1,1,1,1,1,-1,-1,-1,-1,-1,10005,0,1,1,0,0,0,0,1,1,0,0,1,500,310,6,6,2,2,60,-1,-1,-1,60510000,60510000,60510000,60510000,60510000,60510000,60510000,60510000,60510000,60510000,1,1,0,0,0,0,1,1,0,[0|0|0|0|0|0|0]
60510500,Dane's Flame Art Footwork,0,0,[0|0|0],6301,3116006,0,1,0,600,120,100,13,13,0,45,35,20,20,20,-1,-1,-1,-1,-1,-1,0,60510000,60510000,60510000,60510000,60510000,60510000,60510000,60510000,60510000,60510000,60510000,60510000,60510000,60510000,60510000,60510000,1,1,1,1,15,15,4,1370,12261,0,0,1,10,76,0,76,0,50,60,0,20,500,-1,-1,0,-1,7,0,9,55,2,1,103,0,11,246,0,0,8,8,0,0,99,0,0,10,70,0,1,0,0,0,10,10,10,10,1,1,1,1,0,0,0,0,0,0,0,0,0,1,0,0,0,0,1,0,0,0,0,0,0,0,0,1,0,1,1,1,1,2,0,108,1,1,6,6,401000,10300,-1,-1,-1,-1,-1,-1,-1,-1,-1,-1,-1,-1,-1,-1,-1,-1,-1,-1,-1,-1,-1,-1,139,139,55,0.015,0,1,0,1,1,0,0,0,0,4,0,1,1,20,0,0,6,225,1,10,10,6,0,10,0,4010,0,0,0,7,88,15,15,15,15,15,15,15,15,15,15,0,-1,-1,-1,-1,-1,-1,-1,-1,1,1,1,1,1,1,1,1,1,-1,-1,-1,-1,-1,10000,0,1,1,0,0,0,0,1,1,0,0,1,500,310,6,6,2,2,60,-1,-1,-1,60510000,60510000,60510000,60510000,60510000,60510000,60510000,60510000,60510000,60510000,1,1,0,0,0,0,1,1,0,[0|0|0|0|0|0|0]
60510600,Dane's Lightning Footwork,0,0,[0|0|0],6301,3116007,0,1,0,600,120,100,18,37,0,0,35,20,20,20,-1,-1,-1,-1,-1,-1,0,60510000,60510000,60510000,60510000,60510000,60510000,60510000,60510000,60510000,60510000,60510000,60510000,60510000,60510000,60510000,60510000,1,1,1,1,15,15,4,1370,12261,0,0,1,10,76,0,0,76,50,60,0,20,600,-1,-1,0,-1,7,0,9,55,2,1,103,0,12,246,0,0,8,8,0,0,99,0,0,10,70,0,1,0,0,0,10,10,10,10,1,1,1,1,0,0,0,0,0,0,0,0,0,1,0,0,0,0,1,0,0,0,0,0,0,0,0,1,0,1,1,1,1,2,0,108,1,1,6,6,401000,10300,-1,-1,-1,-1,-1,-1,-1,-1,-1,-1,-1,-1,-1,-1,-1,-1,-1,-1,-1,-1,-1,-1,139,139,55,0.015,0,1,0,1,1,0,0,0,0,0,4,1,1,20,0,0,6,225,1,10,10,6,0,10,0,4010,0,0,0,7,88,15,15,15,15,15,15,15,15,15,15,0,-1,-1,-1,-1,-1,-1,-1,-1,1,1,1,1,1,1,1,1,1,-1,-1,-1,-1,-1,10000,0,1,1,0,0,0,0,1,1,0,0,1,500,310,6,6,2,2,60,-1,-1,-1,60510000,60510000,60510000,60510000,60510000,60510000,60510000,60510000,60510000,60510000,1,1,0,0,0,0,1,1,0,[0|0|0|0|0|0|0]
60510700,Dane's Sacred Footwork,0,0,[0|0|0],6301,3116008,0,1,0,600,120,100,13,13,0,45,35,20,20,20,-1,-1,-1,-1,-1,-1,0,60510000,60510000,60510000,60510000,60510000,60510000,60510000,60510000,60510000,60510000,60510000,60510000,60510000,60510000,60510000,60510000,1,1,1,1,15,15,4,1370,12261,0,0,1,10,76,0,0,0,50,60,0,20,700,-1,-1,0,-1,7,0,9,55,2,1,103,0,13,246,0,0,8,8,0,0,99,0,0,10,70,0,1,0,0,0,10,10,10,10,1,1,1,1,0,0,0,0,0,0,0,0,0,1,0,0,0,0,1,0,0,0,0,0,0,0,0,1,0,1,1,1,1,2,0,108,1,1,6,6,401000,10300,-1,-1,-1,-1,-1,-1,-1,-1,-1,-1,-1,-1,-1,-1,-1,-1,-1,-1,-1,-1,-1,-1,139,139,55,0.015,0,1,0,1,1,0,0,0,0,0,0,1,1,20,76,4,6,225,1,10,10,6,0,10,0,4010,0,0,0,7,88,15,15,15,15,15,15,15,15,15,15,0,-1,-1,-1,-1,-1,-1,-1,-1,1,1,1,1,1,1,1,1,1,-1,-1,-1,-1,-1,10000,0,1,1,0,0,0,0,1,1,0,0,1,500,310,6,6,2,2,60,-1,-1,-1,60510000,60510000,60510000,60510000,60510000,60510000,60510000,60510000,60510000,60510000,1,1,0,0,0,0,1,1,0,[0|0|0|0|0|0|0]
60510800,Dane's Magic Footwork,0,0,[0|0|0],6301,3116004,0,1,0,600,120,100,13,13,46,0,35,20,20,20,-1,-1,-1,-1,-1,-1,0,60510000,60510000,60510000,60510000,60510000,60510000,60510000,60510000,60510000,60510000,60510000,60510000,60510000,60510000,60510000,60510000,1,1,1,1,15,15,4,1370,12261,0,0,1,10,76,76,0,0,50,60,0,20,800,-1,-1,0,-1,7,0,9,55,2,1,103,0,10,246,0,0,8,8,0,0,99,0,0,10,70,0,1,0,0,0,10,10,10,10,1,1,1,1,0,0,0,0,0,0,0,0,0,1,0,0,0,0,1,0,0,0,0,0,0,0,0,1,0,1,1,1,1,2,0,108,1,1,6,6,401000,10300,-1,-1,-1,-1,-1,-1,-1,-1,-1,-1,-1,-1,-1,-1,-1,-1,-1,-1,-1,-1,-1,-1,139,139,55,0.015,0,1,0,1,1,0,0,0,4,0,0,1,1,20,0,0,6,225,1,10,10,6,0,10,0,4010,0,0,0,7,88,15,15,15,15,15,15,15,15,15,15,0,-1,-1,-1,-1,-1,-1,-1,-1,1,1,1,1,1,1,1,1,1,-1,-1,-1,-1,-1,10000,0,1,1,0,0,0,0,1,1,0,0,1,500,310,6,6,2,2,60,-1,-1,-1,60510000,60510000,60510000,60510000,60510000,60510000,60510000,60510000,60510000,60510000,1,1,0,0,0,0,1,1,0,[0|0|0|0|0|0|0]
60510900,Dane's Cold Footwork,0,0,[0|0|0],6301,3116011,0,1,0,600,120,100,40,40,45,0,35,20,20,20,-1,107500,-1,-1,-1,-1,0,60510000,60510000,60510000,60510000,60510000,60510000,60510000,60510000,60510000,60510000,60510000,60510000,60510000,60510000,60510000,60510000,1,1,1,1,15,15,4,1370,12261,0,0,1,10,76,65,0,0,50,60,0,20,900,-1,-1,0,-1,7,0,9,55,2,1,103,0,10,246,0,0,8,8,0,0,99,0,0,10,70,0,1,0,0,0,10,10,10,10,1,1,1,1,0,0,0,0,0,0,0,0,0,1,0,0,0,0,1,0,0,0,0,0,0,0,0,1,0,1,1,1,1,2,0,108,1,1,6,6,401000,10300,-1,-1,-1,-1,-1,-1,-1,-1,-1,-1,-1,-1,-1,-1,-1,-1,-1,-1,-1,-1,-1,-1,139,139,55,0.015,0,1,0,1,1,0,0,0,4,0,0,1,1,20,0,0,6,225,1,10,10,6,0,10,0,4010,0,0,0,7,88,15,15,15,15,15,15,15,15,15,15,0,-1,-1,-1,-1,-1,-1,-1,-1,1,1,1,1,1,1,1,1,1,-1,-1,-1,-1,-1,10000,0,1,1,0,0,0,0,1,1,0,0,1,500,310,6,6,2,2,60,6601,-1,-1,60510000,60510000,60510000,60510000,60510000,60510000,60510000,60510000,60510000,60510000,1,1,0,0,0,0,1,1,0,[0|0|0|0|0|0|0]
60511000,Dane's Poison Footwork,0,0,[0|0|0],6301,3116009,0,1,0,600,120,100,40,40,0,0,35,20,20,20,-1,106000,-1,-1,-1,-1,0,60510000,60510000,60510000,60510000,60510000,60510000,60510000,60510000,60510000,60510000,60510000,60510000,60510000,60510000,60510000,60510000,1,1,1,1,15,15,4,1370,12261,0,0,1,10,76,0,0,0,50,60,0,20,1000,-1,-1,0,-1,7,0,9,55,2,1,103,0,0,246,0,0,8,8,0,0,99,0,0,10,70,0,1,0,0,0,10,10,10,10,1,1,1,1,0,0,0,0,0,0,0,0,0,1,0,0,0,0,1,0,0,0,0,0,0,0,0,1,0,1,1,1,1,2,0,108,1,1,6,6,401000,10300,-1,-1,-1,-1,-1,-1,-1,-1,-1,-1,-1,-1,-1,-1,-1,-1,-1,-1,-1,-1,-1,-1,139,139,55,0.015,0,1,0,1,1,0,0,0,0,0,0,1,1,20,0,0,6,225,1,10,10,6,0,10,0,4010,30,0,0,7,88,15,15,15,15,15,15,15,15,15,15,0,-1,-1,-1,-1,-1,-1,-1,-1,1,1,1,1,1,1,1,1,1,-1,-1,-1,-1,-1,10013,0,1,1,0,0,0,0,1,1,0,0,1,500,310,6,6,2,2,60,6401,-1,-1,60510000,60510000,60510000,60510000,60510000,60510000,60510000,60510000,60510000,60510000,1,1,0,0,0,0,1,1,0,[0|0|0|0|0|0|0]
60511100,Dane's Blood Footwork,0,0,[0|0|0],6301,3116010,0,1,0,600,120,100,40,40,0,0,35,20,20,20,105000,-1,-1,-1,-1,-1,0,60510000,60510000,60510000,60510000,60510000,60510000,60510000,60510000,60510000,60510000,60510000,60510000,60510000,60510000,60510000,60510000,1,1,1,1,15,15,4,1370,12261,0,0,1,10,76,0,0,0,50,60,0,20,1100,-1,-1,0,-1,7,0,9,55,2,1,103,0,0,246,0,0,8,8,0,0,99,0,0,10,70,0,1,0,0,0,10,10,10,10,1,1,1,1,0,0,0,0,0,0,0,0,0,1,0,0,0,0,1,0,0,0,0,0,0,0,0,1,0,1,1,1,1,2,0,108,1,1,6,6,401000,10300,-1,-1,-1,-1,-1,-1,-1,-1,-1,-1,-1,-1,-1,-1,-1,-1,-1,-1,-1,-1,-1,-1,139,139,55,0.015,0,1,0,1,1,0,0,0,0,0,0,1,1,20,0,0,6,225,1,10,10,6,0,10,0,4010,30,0,0,7,88,15,15,15,15,15,15,15,15,15,15,0,-1,-1,-1,-1,-1,-1,-1,-1,1,1,1,1,1,1,1,1,1,-1,-1,-1,-1,-1,10013,0,1,1,0,0,0,0,1,1,0,0,1,500,310,6,6,2,2,60,6501,-1,-1,60510000,60510000,60510000,60510000,60510000,60510000,60510000,60510000,60510000,60510000,1,1,0,0,0,0,1,1,0,[0|0|0|0|0|0|0]
60511200,Dane's Occult Footwork,0,0,[0|0|0],6301,3116012,0,1,0,600,120,100,18,18,0,0,35,20,20,20,-1,-1,-1,-1,-1,-1,0,60510000,60510000,60510000,60510000,60510000,60510000,60510000,60510000,60510000,60510000,60510000,60510000,60510000,60510000,60510000,60510000,1,1,1,1,15,15,4,1370,12261,0,0,1,10,76,0,0,0,50,60,0,20,1200,-1,-1,0,-1,7,0,9,55,2,1,103,7,0,246,0,0,8,8,0,0,99,0,0,10,70,0,1,0,0,0,10,10,10,10,1,1,1,1,0,0,0,0,0,0,0,0,0,1,0,0,0,0,1,0,0,0,0,0,0,0,0,1,0,1,1,1,1,2,0,108,1,1,6,6,401000,10300,-1,-1,-1,-1,-1,-1,-1,-1,-1,-1,-1,-1,-1,-1,-1,-1,-1,-1,-1,-1,-1,-1,139,139,55,0.015,0,1,0,1,1,0,0,0,0,0,0,1,1,20,0,0,6,225,1,10,10,6,0,10,0,4010,76,0,0,7,88,15,15,15,15,15,15,15,15,15,15,0,-1,-1,-1,-1,-1,-1,-1,-1,1,1,1,1,1,1,1,1,1,-1,-1,-1,-1,-1,10013,0,1,1,0,0,0,0,1,1,0,0,1,500,310,6,6,2,2,60,-1,-1,-1,60510000,60510000,60510000,60510000,60510000,60510000,60510000,60510000,60510000,60510000,1,1,0,0,0,0,1,1,0,[0|0|0|0|0|0|0]
63500500,Flame Art Smithscript Dagger,0,0,[0|0|0],6200,1050006,0,1.5,0,500,150,500,6,19,10,57,35,20,20,20,-1,-1,-1,-1,-1,-1,0,63500000,63500000,63500000,63500000,63500000,63500000,63500000,63500000,63500000,63500000,63500000,63500000,63500000,63500000,63500000,63500000,1,1,1,1,15,15,2,1550,12269,0,0,1,10,55,0,55,0,30,60,0,15,500,-1,-1,0,-1,7,0,0,53,2,0,149,0,11,0,0,0,5,11,11,11,99,0,0,10,40,0,1,0,0,0,10,10,10,10,0,1,1,1,0,0,0,0,0,0,0,0,0,0,0,1,0,0,1,0,0,0,0,0,0,0,0,1,0,1,1,1,1,2,0,106,1,1,5,5,401000,300,301,-1,-1,-1,-1,-1,-1,-1,-1,-1,-1,-1,-1,-1,-1,-1,-1,-1,-1,-1,-1,-1,139,139,53,0.011,0,1,0,1,1,0,0,0,0,4,0,1,1,20,0,0,6,15,2,10,10,6,0,10,0,4020,0,0,0,6,91,15,15,15,15,15,15,15,15,15,15,0,-1,-1,-1,-1,-1,-1,-1,-1,1,1,1,1,1,1,1,1,1,-1,-1,-1,-1,-1,20010100,0,1,1,0,0,0,0,1,0,0,0,0,800,320,6,6,2,2,53,-1,-1,-1,63500000,63500000,63500000,63500000,63500000,63500000,63500000,63500000,63500000,63500000,1,1,0,0,0,0,1,1,1,[0|0|0|0|0|0|0]
63500700,Sacred Smithscript Dagger,0,0,[0|0|0],6200,1050008,0,1.5,0,500,150,500,6,19,10,57,35,20,20,20,-1,-1,-1,-1,-1,-1,0,63500000,63500000,63500000,63500000,63500000,63500000,63500000,63500000,63500000,63500000,63500000,63500000,63500000,63500000,63500000,63500000,1,1,1,1,15,15,2,1550,12269,0,0,1,10,55,0,0,0,30,60,0,15,700,-1,-1,0,-1,7,0,0,53,2,0,149,0,13,0,0,0,5,11,11,11,99,0,0,10,40,0,1,0,0,0,10,10,10,10,0,1,1,1,0,0,0,0,0,0,0,0,0,0,0,1,0,0,1,0,0,0,0,0,0,0,0,1,0,1,1,1,1,2,0,106,1,1,5,5,401000,300,301,-1,-1,-1,-1,-1,-1,-1,-1,-1,-1,-1,-1,-1,-1,-1,-1,-1,-1,-1,-1,-1,139,139,53,0.011,0,1,0,1,1,0,0,0,0,0,0,1,1,20,55,4,6,15,2,10,10,6,0,10,0,4020,0,0,0,6,91,15,15,15,15,15,15,15,15,15,15,0,-1,-1,-1,-1,-1,-1,-1,-1,1,1,1,1,1,1,1,1,1,-1,-1,-1,-1,-1,20010100,0,1,1,0,0,0,0,1,0,0,0,0,800,320,6,6,2,2,53,-1,-1,-1,63500000,63500000,63500000,63500000,63500000,63500000,63500000,63500000,63500000,63500000,1,1,0,0,0,0,1,1,1,[0|0|0|0|0|0|0]
63500800,Magic Smithscript Dagger,0,0,[0|0|0],6200,1050004,0,1.5,0,500,150,500,6,19,58,10,35,20,20,20,-1,-1,-1,-1,-1,-1,0,63500000,63500000,63500000,63500000,63500000,63500000,63500000,63500000,63500000,63500000,63500000,63500000,63500000,63500000,63500000,63500000,1,1,1,1,15,15,2,1550,12269,0,0,1,10,55,55,0,0,30,60,0,15,800,-1,-1,0,-1,7,0,0,53,2,0,149,0,10,0,0,0,5,11,11,11,99,0,0,10,40,0,1,0,0,0,10,10,10,10,0,1,1,1,0,0,0,0,0,0,0,0,0,0,0,1,0,0,1,0,0,0,0,0,0,0,0,1,0,1,1,1,1,2,0,106,1,1,5,5,401000,300,301,-1,-1,-1,-1,-1,-1,-1,-1,-1,-1,-1,-1,-1,-1,-1,-1,-1,-1,-1,-1,-1,139,139,53,0.011,0,1,0,1,1,0,0,0,4,0,0,1,1,20,0,0,6,15,2,10,10,6,0,10,0,4020,0,0,0,6,91,15,15,15,15,15,15,15,15,15,15,0,-1,-1,-1,-1,-1,-1,-1,-1,1,1,1,1,1,1,1,1,1,-1,-1,-1,-1,-1,20010100,0,1,1,0,0,0,0,1,0,0,0,0,800,320,6,6,2,2,53,-1,-1,-1,63500000,63500000,63500000,63500000,63500000,63500000,63500000,63500000,63500000,63500000,1,1,0,0,0,0,1,1,1,[0|0|0|0|0|0|0]
63500900,Cold Smithscript Dagger,0,0,[0|0|0],6200,1050011,0,1.5,0,500,150,500,18,58,54,10,35,20,20,20,-1,107800,-1,-1,-1,-1,0,63500000,63500000,63500000,63500000,63500000,63500000,63500000,63500000,63500000,63500000,63500000,63500000,63500000,63500000,63500000,63500000,1,1,1,1,15,15,2,1550,12269,0,0,1,10,55,47,0,0,30,60,0,15,900,-1,-1,0,-1,7,0,0,53,2,0,149,0,10,0,0,0,5,11,11,11,99,0,0,10,40,0,1,0,0,0,10,10,10,10,0,1,1,1,0,0,0,0,0,0,0,0,0,0,0,1,0,0,1,0,0,0,0,0,0,0,0,1,0,1,1,1,1,2,0,106,1,1,5,5,401000,300,301,-1,-1,-1,-1,-1,-1,-1,-1,-1,-1,-1,-1,-1,-1,-1,-1,-1,-1,-1,-1,-1,139,139,53,0.011,0,1,0,1,1,0,0,0,4,0,0,1,1,20,0,0,6,15,2,10,10,6,0,10,0,4020,0,0,0,6,91,15,15,15,15,15,15,15,15,15,15,0,-1,-1,-1,-1,-1,-1,-1,-1,1,1,1,1,1,1,1,1,1,-1,-1,-1,-1,-1,20010100,0,1,1,0,0,0,0,1,0,0,0,0,800,320,6,6,2,2,53,6601,-1,-1,63500000,63500000,63500000,63500000,63500000,63500000,63500000,63500000,63500000,63500000,1,1,0,0,0,0,1,1,1,[0|0|0|0|0|0|0]
64510500,Flame Art Smithscript Cirque,0,0,[0|0|0],6401,1751006,0,2,0,600,200,500,10,15,10,57,40,30,30,30,-1,-1,-1,-1,-1,-1,0,64510000,64510000,64510000,64510000,64510000,64510000,64510000,64510000,64510000,64510000,64510000,64510000,64510000,64510000,64510000,64510000,1,1,1,1,15,15,5,1572,12272,0,0,1,10,90,0,90,0,45,60,0,25,500,-1,-1,0,-1,7,0,3,58,2,0,100,0,11,251,0,0,9,14,11,11,99,0,0,10,60,0,1,0,0,0,10,10,10,10,0,1,1,1,0,0,0,0,0,0,0,0,0,0,1,0,0,0,1,0,0,0,0,0,0,0,0,1,0,1,1,1,1,2,0,106,1,1,5,5,401000,300,-1,-1,-1,-1,-1,-1,-1,-1,-1,-1,-1,-1,-1,-1,-1,-1,-1,-1,-1,-1,-1,-1,139,139,58,0.015,0,1,0,1,1,0,0,0,0,4,0,1,1,30,0,0,6,85,0,10,10,6,0,10,0,4090,0,0,0,0,92,15,15,15,15,15,15,15,15,15,15,0,-1,-1,-1,-1,-1,-1,-1,-1,1,1,1,1,1,1,1,1,1,-1,-1,-1,-1,-1,20010100,0,1,1,0,0,0,0,1,0,0,0,0,1000,310,6,6,2,2,60,-1,-1,-1,64510000,64510000,64510000,64510000,64510000,64510000,64510000,64510000,64510000,64510000,1,1,0,0,0,0,1,1,1,[0|0|0|0|0|0|0]
64510700,Sacred Smithscript Cirque,0,0,[0|0|0],6401,1751008,0,2,0,600,200,500,10,15,10,57,40,30,30,30,-1,-1,-1,-1,-1,-1,0,64510000,64510000,64510000,64510000,64510000,64510000,64510000,64510000,64510000,64510000,64510000,64510000,64510000,64510000,64510000,64510000,1,1,1,1,15,15,5,1572,12272,0,0,1,10,90,0,0,0,45,60,0,25,700,-1,-1,0,-1,7,0,3,58,2,0,100,0,13,251,0,0,9,14,11,11,99,0,0,10,60,0,1,0,0,0,10,10,10,10,0,1,1,1,0,0,0,0,0,0,0,0,0,0,1,0,0,0,1,0,0,0,0,0,0,0,0,1,0,1,1,1,1,2,0,106,1,1,5,5,401000,300,-1,-1,-1,-1,-1,-1,-1,-1,-1,-1,-1,-1,-1,-1,-1,-1,-1,-1,-1,-1,-1,-1,139,139,58,0.015,0,1,0,1,1,0,0,0,0,0,0,1,1,30,90,4,6,85,0,10,10,6,0,10,0,4090,0,0,0,0,92,15,15,15,15,15,15,15,15,15,15,0,-1,-1,-1,-1,-1,-1,-1,-1,1,1,1,1,1,1,1,1,1,-1,-1,-1,-1,-1,20010100,0,1,1,0,0,0,0,1,0,0,0,0,1000,310,6,6,2,2,60,-1,-1,-1,64510000,64510000,64510000,64510000,64510000,64510000,64510000,64510000,64510000,64510000,1,1,0,0,0,0,1,1,1,[0|0|0|0|0|0|0]
64510800,Magic Smithscript Cirque,0,0,[0|0|0],6401,1751004,0,2,0,600,200,500,10,15,58,10,40,30,30,30,-1,-1,-1,-1,-1,-1,0,64510000,64510000,64510000,64510000,64510000,64510000,64510000,64510000,64510000,64510000,64510000,64510000,64510000,64510000,64510000,64510000,1,1,1,1,15,15,5,1572,12272,0,0,1,10,90,90,0,0,45,60,0,25,800,-1,-1,0,-1,7,0,3,58,2,0,100,0,10,251,0,0,9,14,11,11,99,0,0,10,60,0,1,0,0,0,10,10,10,10,0,1,1,1,0,0,0,0,0,0,0,0,0,0,1,0,0,0,1,0,0,0,0,0,0,0,0,1,0,1,1,1,1,2,0,106,1,1,5,5,401000,300,-1,-1,-1,-1,-1,-1,-1,-1,-1,-1,-1,-1,-1,-1,-1,-1,-1,-1,-1,-1,-1,-1,139,139,58,0.015,0,1,0,1,1,0,0,0,4,0,0,1,1,30,0,0,6,85,0,10,10,6,0,10,0,4090,0,0,0,0,92,15,15,15,15,15,15,15,15,15,15,0,-1,-1,-1,-1,-1,-1,-1,-1,1,1,1,1,1,1,1,1,1,-1,-1,-1,-1,-1,20010100,0,1,1,0,0,0,0,1,0,0,0,0,1000,310,6,6,2,2,60,-1,-1,-1,64510000,64510000,64510000,64510000,64510000,64510000,64510000,64510000,64510000,64510000,1,1,0,0,0,0,1,1,1,[0|0|0|0|0|0|0]
64510900,Cold Smithscript Cirque,0,0,[0|0|0],6401,1751011,0,2,0,600,200,500,31,45,54,10,40,30,30,30,-1,107500,-1,-1,-1,-1,0,64510000,64510000,64510000,64510000,64510000,64510000,64510000,64510000,64510000,64510000,64510000,64510000,64510000,64510000,64510000,64510000,1,1,1,1,15,15,5,1572,12272,0,0,1,10,90,77,0,0,45,60,0,25,900,-1,-1,0,-1,7,0,3,58,2,0,100,0,10,251,0,0,9,14,11,11,99,0,0,10,60,0,1,0,0,0,10,10,10,10,0,1,1,1,0,0,0,0,0,0,0,0,0,0,1,0,0,0,1,0,0,0,0,0,0,0,0,1,0,1,1,1,1,2,0,106,1,1,5,5,401000,300,-1,-1,-1,-1,-1,-1,-1,-1,-1,-1,-1,-1,-1,-1,-1,-1,-1,-1,-1,-1,-1,-1,139,139,58,0.015,0,1,0,1,1,0,0,0,4,0,0,1,1,30,0,0,6,85,0,10,10,6,0,10,0,4090,0,0,0,0,92,15,15,15,15,15,15,15,15,15,15,0,-1,-1,-1,-1,-1,-1,-1,-1,1,1,1,1,1,1,1,1,1,-1,-1,-1,-1,-1,20010100,0,1,1,0,0,0,0,1,0,0,0,0,1000,310,6,6,2,2,60,6601,-1,-1,64510000,64510000,64510000,64510000,64510000,64510000,64510000,64510000,64510000,64510000,1,1,0,0,0,0,1,1,1,[0|0|0|0|0|0|0]
64520000,Curseblade's Cirque,0,0,[0|0|0],6400,1752000,0,4.5,0,900,260,200,20,75,0,0,55,39,39,39,6400,-1,-1,-1,-1,-1,2200,64520000,64520000,64520000,64520000,64520000,64520000,64520000,64520000,64520000,64520000,64520000,-1,-1,-1,-1,-1,1,1,1,1,15,15,5,1570,12273,0,0,1,10,108,0,0,0,58,60,0,45,2200,-1,-1,0,-1,7,0,3,58,2,0,100,0,0,265,0,0,9,22,0,0,99,0,0,10,60,0,1,0,0,0,13,13,13,13,0,1,1,1,0,0,0,0,0,0,0,0,0,0,1,0,0,0,1,0,0,0,0,0,0,0,0,1,0,1,1,1,1,2,1,106,1,1,5,5,401000,400,401,-1,-1,-1,-1,-1,-1,-1,-1,-1,-1,-1,-1,-1,-1,-1,-1,-1,-1,-1,-1,-1,139,139,42,0.015,0,1,0,1,1,0,0,0,0,0,0,1,1,39,0,0,6,85,0,13,13,6,0,13,0,5350,0,0,0,0,92,15,15,15,15,15,15,15,15,15,15,0,-1,-1,-1,-1,-1,-1,-1,-1,1.18,1,1,1,1,1,1,1,1,-1,-1,-1,-1,-1,10000,0,1,1,0,0,0,0,1,0,0,0,0,2300,310,6,6,2,0,60,6501,-1,-1,-1,-1,-1,-1,-1,-1,-1,-1,-1,-1,1,1,0,0,0,0,1,1,0,[0|0|0|0|0|0|0]
67520000,Rellana's Twin Blades,0,0,[0|0|0],6701,1152000,0,8,0,800,460,1000,37,37,34,34,66,47,29,47,-1,-1,-1,-1,-1,-1,2200,67520000,67520000,67520000,67520000,67520000,67520000,67520000,67520000,67520000,67520000,67520000,-1,-1,-1,-1,-1,1,1,1,1,15,15,5.5,638,12279,0,0,1,10,103,66,66,0,57,60,0,35,2200,-1,-1,0,-1,7,0,1,60,2,0,100,0,10,249,3,3,13,16,16,16,99,0,0,10,70,0,1,0,0,0,21,21,21,21,3,1,1,1,0,0,0,0,0,0,0,0,1,0,0,1,1,0,1,0,0,0,0,0,0,0,0,1,0,1,1,1,1,2,1,106,2,1,7,7,401000,300,-1,-1,-1,-1,-1,-1,-1,-1,-1,-1,-1,-1,-1,-1,-1,-1,-1,-1,-1,-1,-1,-1,139,139,261,0.03,0,1,0,1,1,0,0,0,0,0,0,1,1,26,0,0,6,25,2,21,21,6,0,21,0,5170,0,0,0,0,93,15,15,15,15,15,15,15,15,15,15,0,-1,-1,-1,-1,-1,-1,-1,-1,1.03,1,1,1,1,1,1,1,1,-1,-1,-1,-1,-1,10000,0,1,1,0,0,0,0,1,0,0,0,0,4000,310,6,6,3,0,75,-1,-1,-1,-1,-1,-1,-1,-1,-1,-1,-1,-1,-1,1,1,0,0,3,0,1,1,0,[0|0|0|0|0|0|0]
