ID,Name,disableParam_NT,disableParamReserve1,disableParamReserve2,behaviorVariationId,resistCorrectId_poison,nameId,turnVellocity,hitHeight,hitRadius,weight,hitYOffset,hp,mp,getSoul,itemLotId_enemy,itemLotId_map,maxAnkleRollAngle,chrHitGroupAndNavimesh,faceIconId,deactivateDist,chrActivateConditionParamId,footIkErrorHeightLimit,humanityLotId,spEffectID0,spEffectID1,spEffectID2,spEffectID3,spEffectID4,spEffectID5,spEffectID6,spEffectID7,GameClearSpEffectID,physGuardCutRate,magGuardCutRate,fireGuardCutRate,thunGuardCutRate,animIdOffset,lockGazePoint0,lockGazePoint1,lockGazePoint2,lockGazePoint3,lockGazePoint4,lockGazePoint5,networkWarpDist,dbgBehaviorR1,dbgBehaviorL1,dbgBehaviorR2,dbgBehaviorL2,dbgBehaviorRL,dbgBehaviorRR,dbgBehaviorRD,dbgBehaviorRU,dbgBehaviorLL,dbgBehaviorLR,dbgBehaviorLD,dbgBehaviorLU,animIdOffset2,partsDamageRate1,partsDamageRate2,partsDamageRate3,partsDamageRate4,partsDamageRate5,partsDamageRate6,partsDamageRate7,partsDamageRate8,weakPartsDamageRate,superArmorRecoverCorrection,superArmorBrakeKnockbackDist,stamina,staminaRecoverBaseVel,def_phys,def_slash,def_blow,def_thrust,def_mag,def_fire,def_thunder,defFlickPower,resist_poison,resist_desease,resist_blood,resist_curse,ghostModelId,normalChangeResouceId,guardAngle,slashGuardCutRate,blowGuardCutRate,thrustGuardCutRate,lockGazePoint6,normalChangeTexChrId,dropType,knockbackRate,knockbackParamId,fallDamageDump,staminaGuardDef,resist_sleep,resist_madness,sleepGuardResist,madnessGuardResist,lockGazePoint7,mpRecoverBaseVel,flickDamageCutRate,defaultLodParamId,drawType,npcType,teamType,moveType,lockDist,materialSe_Weak1,materialSfx_Weak1,partsDamageType,vowType,guardLevel,burnSfxType,poisonGuardResist,diseaseGuardResist,bloodGuardResist,curseGuardResist,parryAttack,parryDefence,sfxSize,pushOutCamRegionRadius,hitStopType,ladderEndChkOffsetTop,ladderEndChkOffsetLow,useRagdollCamHit,disableClothRigidHit,useUndulationAddAnimFB,isWeakA,isGhost,isNoDamageMotion,isUnduration,isChangeWanderGhost,modelDispMask0,modelDispMask1,modelDispMask2,modelDispMask3,modelDispMask4,modelDispMask5,modelDispMask6,modelDispMask7,modelDispMask8,modelDispMask9,modelDispMask10,modelDispMask11,modelDispMask12,modelDispMask13,modelDispMask14,modelDispMask15,isEnableNeckTurn,disableRespawn,isMoveAnimWait,isCrowd,isWeakB,isWeakC,isWeakD,doesAlwaysUseSpecialTurn,isRideAtkTarget,isEnableStepDispInterpolate,isStealthTarget,disableInitializeDead,isHitRumble,isSmoothTurn,isWeakE,isWeakF,modelDispMask16,modelDispMask17,modelDispMask18,modelDispMask19,modelDispMask20,modelDispMask21,modelDispMask22,modelDispMask23,modelDispMask24,modelDispMask25,modelDispMask26,modelDispMask27,modelDispMask28,modelDispMask29,modelDispMask30,modelDispMask31,itemSearchRadius,chrHitHeight,chrHitRadius,specialTurnType,isSoulGetByBoss,isBulletOwner_byObject,isUseLowHitFootIk,isCalculatePvPDamage,isHostSyncChr,isSkipWeakDamageAnim,isKeepHitOnRide,isSpCollide,def_dark,threatLv,specialTurnDistanceThreshold,autoFootEffectSfxId,materialSe1,materialSfx1,materialSe_Weak2,materialSfx_Weak2,materialSe2,materialSfx2,spEffectID8,spEffectID9,spEffectID10,spEffectID11,spEffectID12,spEffectID13,spEffectID14,spEffectID15,autoFootEffectDecalBaseId1,toughness,toughnessRecoverCorrection,neutralDamageCutRate,slashDamageCutRate,blowDamageCutRate,thrustDamageCutRate,magicDamageCutRate,fireDamageCutRate,thunderDamageCutRate,darkDamageCutRate,darkGuardCutRate,clothUpdateOffset,npcPlayerWeightType,normalChangeModelId,normalChangeAnimChrId,paintRenderTargetSize,resistCorrectId_disease,phantomShaderId,multiPlayCorrectionParamId,maxAnklePitchAngle,resist_freeze,freezeGuardResist,hpBurnDamageRate,lockCameraParamId,spEffectID16,spEffectID17,spEffectID18,spEffectID19,spEffectID20,spEffectID21,spEffectID22,spEffectID23,spEffectID24,spEffectID25,spEffectID26,spEffectID27,spEffectID28,spEffectID29,spEffectID30,spEffectID31,disableLockOnAng,clothOffLodLevel,isUseFootIKNormalByUnduration,attachHitInitializeDead,excludeGroupRewardCheck,enableAILockDmyPoly_212,enableAILockDmyPoly_213,enableAILockDmyPoly_214,disableActivateOpen_xb1,disableActivateLegacy_xb1,estusFlaskRecoveryParamId,roleNameId,estusFlaskLotPoint,hpEstusFlaskLotPoint,mpEstusFlaskLotPoint,estusFlaskRecovery_failedLotPointAdd,hpEstusFlaskRecovery_failedLotPointAdd,mpEstusFlaskRecovery_failedLotPointAdd,WanderGhostPhantomId,hearingHeadSize,SoundBankId,forwardUndulationLimit,sideUndulationLimit,deactiveMoveSpeed,deactiveMoveDist,enableSoundObjDist,undulationCorrectGain,autoFootEffectDecalBaseId2,autoFootEffectDecalBaseId3,RetargetReferenceChrId,SfxResBankId,updateActivatePriolity,chrNavimeshFlag_Alive,chrNavimeshFlag_Dead,isConsideredUndead,wheelRotType,wheelRotRadius,retargetMoveRate,ladderWarpOffset,loadAssetId,overlapCameraDmypolyId,residentMaterialExParamId00,residentMaterialExParamId01,residentMaterialExParamId02,residentMaterialExParamId03,residentMaterialExParamId04,sleepCollectorItemLotId_enemy,sleepCollectorItemLotId_map,footIkErrorOnGain,footIkErrorOffGain,SoundAddBankId,materialVariationValue,materialVariationValue_Weak,superArmorDurability,saRecoveryRate,saGuardCutRate,resistCorrectId_blood,resistCorrectId_curse,resistCorrectId_freeze,resistCorrectId_sleep,resistCorrectId_madness,chrDeadTutorialFlagId,stepDispInterpolateTime,stepDispInterpolateTriggerValue,lockScoreOffset,dlcGameClearSpEffectID,pad12,
44400000,Land Squirt,0,0,[0|0|0],44400,1001,0,15,2,0.8,100,0,366,0,0,-1,-1,-1,0,0,-1,0,0.8,-1,5400,0,15100,0,0,0,0,0,0,0,0,0,0,0,-1,-1,-1,-1,-1,-1,16,3000,3001,3002,3003,3004,3005,3006,3007,6003,6002,6003,6002,0,1,1,1,1,1,1,1,1,1.5,-0.53846157,0,50,21,100,0,0,0,100,100,100,0,84,84,112,999,-1,-1,0,0,0,0,-1,-1,0,0,0,0,0,999,999,0,0,-1,10,0,11,0,0,6,1,40,146,146,1,0,0,0,0,0,0,0,0,0,0,0,0,17,7,0,0,0,0,0,0,1,0,0,0,0,0,0,0,0,0,0,0,0,0,0,0,0,0,1,0,0,0,0,0,0,0,0,0,1,0,0,1,0,0,0,0,0,0,0,0,0,0,0,0,0,0,0,0,0,0,0,2,0.8,0,0,0,0,0,0,1,0,0,100,1,999,3,145,145,139,139,139,139,0,90030,0,90300,90060,90100,0,5261,-1,0,0.4,1.1,1.1,1,1,1.2,1.2,1.2,1.2,0,0,0,-1,-1,128,2001,-1,100,10,84,0,100,-1,-1,5800,15111,-1,-1,-1,-1,-1,-1,-1,-1,-1,-1,-1,-1,-1,0,2,0,0,0,1,1,1,0,0,-1,-1,0,0,0,0,0,0,-1,-1,-1,30,30,0,180,50,0.1,-1,-1,-1,-1,2.5,0,0,0,0,0,1,0,-1,-1,-1,-1,-1,-1,-1,-1,-1,0.1,0.4,-1,0,0,30,0.29,100,3002,-1,5001,-1,-1,0,0.5,0.6,0,-1,[0|0|0|0]
44400010,Land Squirt,0,0,[0|0|0],44400,1001,0,15,2,0.8,100,0,366,0,13,444010000,-1,-1,0,0,-1,0,0.8,-1,5400,0,15100,7010,0,0,0,0,7410,0,0,0,0,0,-1,-1,-1,-1,-1,-1,16,3000,3001,3002,3003,3004,3005,3006,3007,6003,6002,6003,6002,0,1,1,1,1,1,1,1,1,1.5,-0.53846157,0,50,21,100,0,0,0,100,100,100,0,84,84,112,999,-1,-1,0,0,0,0,-1,-1,0,0,0,0,0,999,999,0,0,-1,10,0,11,0,0,6,1,40,146,146,1,0,0,0,0,0,0,0,0,0,0,0,0,17,7,0,0,0,0,0,0,1,0,0,0,0,0,0,0,0,0,0,0,0,0,0,0,0,0,1,0,0,0,0,0,0,0,0,0,1,0,0,1,0,0,0,0,0,0,0,0,0,0,0,0,0,0,0,0,0,0,0,2,0.8,0,0,0,0,0,0,1,0,0,100,1,999,3,145,145,139,139,139,139,0,90030,0,90300,90060,90100,0,-1,-1,0,0.4,1.1,1.1,1,1,1.2,1.2,1.2,1.2,0,0,0,-1,-1,128,2001,-1,100,10,84,0,100,-1,-1,5800,15111,-1,-1,-1,-1,-1,-1,-1,-1,-1,-1,-1,-1,-1,0,2,0,0,0,1,1,1,0,0,-1,-1,0,0,0,0,0,0,-1,-1,-1,30,30,0,180,50,0.1,-1,-1,-1,-1,2.5,0,0,0,0,0,1,0,-1,-1,-1,-1,-1,-1,-1,-1,-1,0.1,0.4,-1,0,0,30,0.29,100,3002,-1,5001,-1,-1,0,0.5,0.6,0,-1,[0|0|0|0]
44400012,Land Squirt,0,0,[0|0|0],44400,1001,0,15,2,0.8,100,0,366,0,0,444012000,-1,-1,0,0,-1,0,0.8,-1,5400,0,15100,7020,0,0,0,0,7420,0,0,0,0,0,-1,-1,-1,-1,-1,-1,16,3000,3001,3002,3003,3004,3005,3006,3007,6003,6002,6003,6002,0,1,1,1,1,1,1,1,1,1.5,-0.53846157,0,50,21,100,0,0,0,100,100,100,0,84,84,112,999,-1,-1,0,0,0,0,-1,-1,0,0,0,0,0,999,999,0,0,-1,10,0,11,0,0,6,1,40,146,146,1,0,0,0,0,0,0,0,0,0,0,0,0,17,7,0,0,0,0,0,0,1,0,0,0,0,0,0,0,0,0,0,0,0,0,0,0,0,0,1,0,0,0,0,0,0,0,0,0,1,0,0,1,0,0,0,0,0,0,0,0,0,0,0,0,0,0,0,0,0,0,0,2,0.8,0,0,0,0,0,0,1,0,0,100,1,999,3,145,145,139,139,139,139,0,90030,0,90300,90060,90100,0,5261,-1,0,0.4,1.1,1.1,1,1,1.2,1.2,1.2,1.2,0,0,0,-1,-1,128,2001,-1,100,10,84,0,100,-1,-1,5800,15111,-1,-1,-1,-1,-1,-1,-1,-1,-1,-1,-1,-1,-1,0,2,0,0,0,1,1,1,0,0,-1,-1,0,0,0,0,0,0,-1,-1,-1,30,30,0,180,50,0.1,-1,-1,-1,-1,2.5,0,0,0,0,0,1,0,-1,-1,-1,-1,-1,-1,-1,-1,-1,0.1,0.4,-1,0,0,30,0.29,100,3002,-1,5001,-1,-1,0,0.5,0.6,0,-1,[0|0|0|0]
44400020,Land Squirt,0,0,[0|0|0],44400,1001,0,15,2,0.8,100,0,366,0,29,444020000,-1,-1,0,0,-1,0,0.8,-1,5400,0,15100,7060,0,0,0,0,7460,0,0,0,0,0,-1,-1,-1,-1,-1,-1,16,3000,3001,3002,3003,3004,3005,3006,3007,6003,6002,6003,6002,0,1,1,1,1,1,1,1,1,1.5,-0.53846157,0,50,21,100,0,0,0,100,100,100,0,84,84,112,999,-1,-1,0,0,0,0,-1,-1,0,0,0,0,0,999,999,0,0,-1,10,0,11,0,0,6,1,40,146,146,1,0,0,0,0,0,0,0,0,0,0,0,0,17,7,0,0,0,0,0,0,1,0,0,0,0,0,0,0,0,0,0,0,0,0,0,0,0,0,1,0,0,0,0,0,0,0,0,0,1,0,0,1,0,0,0,0,0,0,0,0,0,0,0,0,0,0,0,0,0,0,0,2,0.8,0,0,0,0,0,0,1,0,0,100,1,999,3,145,145,139,139,139,139,0,90030,0,90300,90060,90100,0,5261,-1,0,0.4,1.1,1.1,1,1,1.2,1.2,1.2,1.2,0,0,0,-1,-1,128,2001,-1,100,10,84,0,100,-1,-1,5800,15111,-1,-1,-1,-1,-1,-1,-1,-1,-1,-1,-1,-1,-1,0,2,0,0,0,1,1,1,0,0,-1,-1,0,0,0,0,0,0,-1,-1,-1,30,30,0,180,50,0.1,-1,-1,-1,-1,2.5,0,0,0,0,0,1,0,-1,-1,-1,-1,-1,-1,-1,-1,-1,0.1,0.4,-1,0,0,30,0.29,100,3002,-1,5001,-1,-1,0,0.5,0.6,0,-1,[0|0|0|0]
44400032,Land Squirt,0,0,[0|0|0],44400,1001,0,15,2,0.8,100,0,366,0,0,444032000,-1,-1,0,0,-1,0,0.8,-1,5400,0,15100,7090,0,0,0,0,7490,0,0,0,0,0,-1,-1,-1,-1,-1,-1,16,3000,3001,3002,3003,3004,3005,3006,3007,6003,6002,6003,6002,0,1,1,1,1,1,1,1,1,1.5,-0.53846157,0,50,21,100,0,0,0,100,100,100,0,84,84,112,999,-1,-1,0,0,0,0,-1,-1,0,0,0,0,0,999,999,0,0,-1,10,0,11,0,0,6,1,40,146,146,1,0,0,0,0,0,0,0,0,0,0,0,0,17,7,0,0,0,0,0,0,1,0,0,0,0,0,0,0,0,0,0,0,0,0,0,0,0,0,1,0,0,0,0,0,0,0,0,0,1,0,0,1,0,0,0,0,0,0,0,0,0,0,0,0,0,0,0,0,0,0,0,2,0.8,0,0,0,0,0,0,1,0,0,100,1,999,3,145,145,139,139,139,139,0,90030,0,90300,90060,90100,0,5261,-1,0,0.4,1.1,1.1,1,1,1.2,1.2,1.2,1.2,0,0,0,-1,-1,128,2001,-1,100,10,84,0,100,-1,-1,5800,15111,-1,-1,-1,-1,-1,-1,-1,-1,-1,-1,-1,-1,-1,0,2,0,0,0,1,1,1,0,0,-1,-1,0,0,0,0,0,0,-1,-1,-1,30,30,0,180,50,0.1,-1,-1,-1,-1,2.5,0,0,0,0,0,1,0,-1,-1,-1,-1,-1,-1,-1,-1,-1,0.1,0.4,-1,0,0,30,0.29,100,3002,-1,5001,-1,-1,0,0.5,0.6,0,-1,[0|0|0|0]
44400033,Land Squirt,0,0,[0|0|0],44400,1001,0,15,2,0.8,100,0,366,0,101,444033000,-1,-1,0,0,-1,0,0.8,-1,5400,0,15100,7090,0,0,0,0,7490,0,0,0,0,0,-1,-1,-1,-1,-1,-1,16,3000,3001,3002,3003,3004,3005,3006,3007,6003,6002,6003,6002,0,1,1,1,1,1,1,1,1,1.5,-0.53846157,0,50,21,100,0,0,0,100,100,100,0,84,84,112,999,-1,-1,0,0,0,0,-1,-1,0,0,0,0,0,999,999,0,0,-1,10,0,11,0,0,6,1,40,146,146,1,0,0,0,0,0,0,0,0,0,0,0,0,17,7,0,0,0,0,0,0,1,0,0,0,0,0,0,0,0,0,0,0,0,0,0,0,0,0,1,0,0,0,0,0,0,0,0,0,1,0,0,1,0,0,0,0,0,0,0,0,0,0,0,0,0,0,0,0,0,0,0,2,0.8,0,0,0,0,0,0,1,0,0,100,1,999,3,145,145,139,139,139,139,0,90030,0,90300,90060,90100,0,5261,-1,0,0.4,1.1,1.1,1,1,1.2,1.2,1.2,1.2,0,0,0,-1,-1,128,2001,-1,100,10,84,0,100,-1,-1,5800,15111,-1,-1,-1,-1,-1,-1,-1,-1,-1,-1,-1,-1,-1,0,2,0,0,0,1,1,1,0,0,-1,-1,0,0,0,0,0,0,-1,-1,-1,30,30,0,180,50,0.1,-1,-1,-1,-1,2.5,0,0,0,0,0,1,0,-1,-1,-1,-1,-1,-1,-1,-1,-1,0.1,0.4,-1,0,0,30,0.29,100,3002,-1,5001,-1,-1,0,0.5,0.6,0,-1,[0|0|0|0]
44400040,Land Squirt,0,0,[0|0|0],44400,1001,0,15,2,0.8,100,0,366,0,0,444040000,-1,-1,0,0,-1,0,0.8,-1,5400,0,15100,7070,0,0,0,0,7470,0,0,0,0,0,-1,-1,-1,-1,-1,-1,16,3000,3001,3002,3003,3004,3005,3006,3007,6003,6002,6003,6002,0,1,1,1,1,1,1,1,1,1.5,-0.53846157,0,50,21,100,0,0,0,100,100,100,0,84,84,112,999,-1,-1,0,0,0,0,-1,-1,0,0,0,0,0,999,999,0,0,-1,10,0,11,0,0,6,1,40,146,146,1,0,0,0,0,0,0,0,0,0,0,0,0,17,7,0,0,0,0,0,0,1,0,0,0,0,0,0,0,0,0,0,0,0,0,0,0,0,0,1,0,0,0,0,0,0,0,0,0,1,0,0,1,0,0,0,0,0,0,0,0,0,0,0,0,0,0,0,0,0,0,0,2,0.8,0,0,0,0,0,0,1,0,0,100,1,999,3,145,145,139,139,139,139,0,90030,0,90300,90060,90100,0,5261,-1,0,0.4,1.1,1.1,1,1,1.2,1.2,1.2,1.2,0,0,0,-1,-1,128,2001,-1,100,10,84,0,100,-1,-1,5800,15111,-1,-1,-1,-1,-1,-1,-1,-1,-1,-1,-1,-1,-1,0,2,0,0,0,1,1,1,0,0,-1,-1,0,0,0,0,0,0,-1,-1,-1,30,30,0,180,50,0.1,-1,-1,-1,-1,2.5,0,0,0,0,0,1,0,-1,-1,-1,-1,-1,-1,-1,-1,-1,0.1,0.4,-1,0,0,30,0.29,100,3002,-1,5001,-1,-1,0,0.5,0.6,0,-1,[0|0|0|0]
44400050,Land Squirt,0,0,[0|0|0],44400,1001,0,15,2,0.8,100,0,366,0,215,444050000,-1,-1,0,0,-1,0,0.8,-1,5400,0,15100,7120,0,0,0,0,7520,0,0,0,0,0,-1,-1,-1,-1,-1,-1,16,3000,3001,3002,3003,3004,3005,3006,3007,6003,6002,6003,6002,0,1,1,1,1,1,1,1,1,1.5,-0.53846157,0,50,21,100,0,0,0,100,100,100,0,84,84,112,999,-1,-1,0,0,0,0,-1,-1,0,0,0,0,0,999,999,0,0,-1,10,0,11,0,0,6,1,40,146,146,1,0,0,0,0,0,0,0,0,0,0,0,0,17,7,0,0,0,0,0,0,1,0,0,0,0,0,0,0,0,0,0,0,0,0,0,0,0,0,1,0,0,0,0,0,0,0,0,0,1,0,0,1,0,0,0,0,0,0,0,0,0,0,0,0,0,0,0,0,0,0,0,2,0.8,0,0,0,0,0,0,1,0,0,100,1,999,3,145,145,139,139,139,139,0,90030,0,90300,90060,90100,0,5261,-1,0,0.4,1.1,1.1,1,1,1.2,1.2,1.2,1.2,0,0,0,-1,-1,128,2001,-1,100,10,84,0,100,-1,-1,5800,15111,-1,-1,-1,-1,-1,-1,-1,-1,-1,-1,-1,-1,-1,0,2,0,0,0,1,1,1,0,0,-1,-1,0,0,0,0,0,0,-1,-1,-1,30,30,0,180,50,0.1,-1,-1,-1,-1,2.5,0,0,0,0,0,1,0,-1,-1,-1,-1,-1,-1,-1,-1,-1,0.1,0.4,-1,0,0,30,0.29,100,3002,-1,5001,-1,-1,0,0.5,0.6,0,-1,[0|0|0|0]
50000000,Commander Gaius,0,0,[0|0|0],50000,1003,0,60,3.9,1.1,100,0,2765,0,0,500000000,-1,10,3,0,-1,0,0.9,-1,5400,5360,0,0,0,0,0,0,-1,0,0,0,0,0,500,-1,-1,-1,-1,-1,230,3000,3001,3002,3003,3004,3005,3006,3007,3008,3009,6001,6000,0,1,1,1,1,1,1,1,1,1.5,0.2308,0,50,21,100,0,0,0,100,100,100,0,154,154,252,999,-1,-1,0,0,0,0,-1,-1,1,0,0,0,0,999,999,0,0,-1,10,0,13,0,0,7,12,40,110,110,0,0,4,0,0,0,0,0,0,0,2,0,2,17,7,0,0,1,0,0,0,1,0,0,0,0,0,0,0,0,0,0,0,0,0,0,0,0,0,0,0,0,0,0,0,0,0,0,0,1,0,0,1,0,0,0,0,0,0,0,0,0,0,0,0,0,0,0,0,0,0,0,3.9,1.1,1,0,0,0,0,0,0,0,0,100,1,0,2,106,109,139,106,139,106,0,90030,0,5851,90060,90100,0,-1,-1,0,0,0.8,0.6,0.8,0.8,0.8,1,1,1.2,0,0,0,-1,-1,512,2003,-1,10000200,30,252,0,50,5000,10010014,5843,-1,-1,-1,-1,-1,-1,-1,-1,-1,-1,-1,-1,-1,-1,0,-1,1,0,0,1,1,1,0,0,-1,-1,0,0,0,0,0,0,-1,-1,-1,40,0,0,180,100,0.1,-1,-1,-1,-1,1.8,0,0,0,0,0,1,0,-1,-1,-1,-1,-1,-1,-1,-1,-1,0.1,0.4,-1,0,0,100,0.29,100,3004,-1,5004,-1,-1,0,0.5,0.6,0,-1,[0|0|0|0]
50000001,Commander Gaius,0,0,[0|0|0],50000,1003,0,60,3.9,1.1,100,0,2765,0,0,500000000,-1,10,3,0,-1,0,0.9,-1,5400,5360,0,7200,0,0,0,0,-1,0,0,0,0,0,500,-1,-1,-1,-1,-1,230,3000,3001,3002,3003,3004,3005,3006,3007,3008,3009,6001,6000,0,1,1,1,1,1,1,1,1,1.5,0.2308,0,50,21,100,0,0,0,100,100,100,0,154,154,252,999,-1,-1,0,0,0,0,-1,-1,1,0,0,0,0,999,999,0,0,-1,10,0,13,0,0,7,12,40,110,110,0,0,4,0,0,0,0,0,0,0,2,0,2,17,7,0,0,1,0,0,0,1,0,0,0,0,0,0,0,0,0,0,0,0,0,0,0,0,0,0,0,0,0,0,0,0,0,0,0,1,0,0,1,0,0,0,0,0,0,0,0,0,0,0,0,0,0,0,0,0,0,0,3.9,1.1,1,0,0,0,0,0,0,0,0,100,1,0,2,106,109,139,106,139,106,0,90030,0,5851,90060,90100,0,-1,-1,0,0,0.8,0.6,0.8,0.8,0.8,1,1,1.2,0,0,0,-1,-1,512,2003,-1,10000200,30,252,0,50,5000,10010014,5843,-1,-1,-1,-1,-1,-1,-1,-1,-1,-1,-1,-1,-1,-1,0,-1,1,0,0,1,1,1,0,0,-1,-1,0,0,0,0,0,0,-1,-1,-1,40,0,0,180,100,0.1,-1,-1,-1,-1,1.8,0,0,0,0,0,1,0,-1,-1,-1,-1,-1,-1,-1,-1,-1,0.1,0.4,-1,0,0,100,0.29,100,3004,-1,5004,-1,-1,0,0.5,0.6,0,-1,[0|0|0|0]
50000092,Commander Gaius (Boss),0,0,[0|0|0],50000,1003,0,60,3.9,1.1,100,0,2765,0,0,-1,-1,10,3,0,-1,0,0.9,-1,5400,5360,0,20007080,0,90400,0,0,20007480,0,0,0,0,0,500,-1,-1,-1,-1,-1,230,3000,3001,3002,3003,3004,3005,3006,3007,3008,3009,6001,6000,0,1,1,1,1,1,1,1,1,1.5,0.2308,0,50,21,100,0,0,0,100,100,100,0,154,154,252,999,-1,-1,0,0,0,0,-1,-1,1,0,0,0,0,999,999,0,0,-1,10,0,13,0,0,7,12,40,110,110,0,0,4,0,0,0,0,0,0,0,2,0,2,17,7,0,0,1,0,0,0,1,0,0,0,0,0,0,0,0,0,0,0,0,0,0,0,0,0,0,0,0,0,0,0,0,0,0,0,1,1,0,1,0,0,0,0,0,0,0,0,0,0,0,0,0,0,0,0,0,0,0,3.9,1.1,1,1,0,0,0,0,0,0,0,100,1,0,2,106,109,139,106,139,106,95001,90030,95011,5851,90060,90100,0,-1,-1,0,0,0.8,0.6,0.8,0.8,0.8,1,1,1.2,0,0,0,-1,-1,512,2003,-1,10000300,30,252,0,50,5000,10010014,5843,-1,-1,-1,-1,-1,-1,-1,-1,-1,-1,-1,-1,-1,4301,0,-1,1,0,0,1,1,1,0,0,-1,-1,0,0,0,0,0,0,-1,-1,-1,40,0,0,180,100,0.1,-1,-1,-1,-1,1.8,0,0,0,0,0,1,0,-1,-1,-1,-1,-1,-1,-1,-1,-1,0.1,0.4,-1,0,0,100,0.29,100,3004,-1,5004,-1,-1,0,0.5,0.6,0,20008480,[0|0|0|0]
50100098,Golden Hippopotamus (Boss),0,0,[0|0|0],50100,1003,0,60,7.5,3.7,100,0,2957,0,0,-1,-1,10,5,0,-1,0,0.9,-1,5400,5360,0,20007060,0,90400,0,0,20007460,0,0,0,0,0,20,-1,-1,-1,-1,-1,230,3000,3001,3002,3003,3004,3005,3006,3007,3008,3009,6001,6000,0,1,1,1,1,1,1,1,1,1.5,0.23076923,0,50,21,100,0,0,0,100,100,100,0,154,154,252,999,-1,-1,0,0,0,0,-1,-1,1,0,0,0,0,999,999,0,0,-1,10,0,13,0,0,7,4,40,111,111,0,0,4,0,0,0,0,0,0,0,2,0,2,17,7,0,0,1,0,0,0,1,0,0,0,0,0,0,0,0,0,0,0,1,1,0,0,0,0,0,0,0,0,0,0,0,0,0,0,1,1,0,1,0,0,0,0,0,0,0,0,0,0,0,0,0,0,0,0,0,0,0,7.5,3.7,1,1,0,0,0,0,0,0,0,100,1,0,2,109,109,139,139,139,139,95001,90030,95011,5851,90060,90100,0,-1,-1,0,0.4,1,1.1,1,1,1,1.2,1.2,1,0,0,0,-1,-1,512,2003,-1,10000300,30,252,0,50,5010,-1,-1,-1,-1,-1,-1,-1,-1,-1,-1,-1,-1,-1,-1,-1,4301,0,-1,1,0,0,1,1,1,0,0,-1,-1,0,0,0,0,0,0,-1,-1,-1,30,0,0,180,100,0.1,-1,-1,-1,-1,1.8,0,0,0,0,0,1,0,-1,-1,-1,-1,-1,-1,-1,-1,-1,0.1,0.4,-1,0,0,80,0.29,100,3004,-1,5004,-1,-1,0,0.5,0.6,0,20008460,[0|0|0|0]
50701095,Death Knight (Scorpion River Catacombs Boss),0,0,[0|0|0],50700,1004,0,120,2.4,0.5,130,0,1120,0,0,-1,-1,10,0,0,-1,0,0.6,-1,5401,5367,0,20007050,0,90400,0,0,20007450,0,0,0,0,0,-1,-1,-1,-1,-1,-1,110,3000,3001,3002,3003,3004,3005,3006,3007,3008,3009,6001,6000,0,1,1,1,1,1,1,1,1,1.3,0.2308,0,150,21,100,0,0,0,100,100,100,0,252,252,999,999,-1,-1,0,0,0,0,-1,-1,1,0,0,0,0,252,999,0,0,-1,10,0,12,0,0,6,3,40,110,110,0,0,2,0,0,0,0,0,0,0,0,0,0,22,7,0,0,0,0,0,0,0,0,0,1,1,0,0,0,0,0,0,0,0,0,0,0,0,0,0,0,0,0,0,0,0,0,0,0,1,1,0,1,0,0,0,0,0,0,0,0,0,0,0,0,0,0,0,0,0,0,0,2.4,0.5,0,1,0,0,0,0,0,0,0,100,1,0,1,106,109,139,106,139,106,90020,90030,95011,5851,90060,90100,0,5262,-1,0,0.4,0.6,0.6,0.6,0.8,0.6,0.8,0.6,1,0,0,0,-1,-1,128,2004,-1,10000300,30,252,0,50,-1,-1,5800,20010439,-1,-1,-1,-1,-1,-1,-1,-1,-1,4410,-1,-1,-1,0,-1,0,0,0,1,1,1,0,0,-1,-1,0,0,0,0,0,0,-1,-1,-1,0,0,0,180,100,0.1,-1,-1,-1,-1,1.8,0,0,0,0,0,1,0,-1,-1,-1,-1,-1,-1,-1,-1,-1,0.1,0.4,-1,0,0,80,0.29,100,-1,-1,5004,6004,-1,0,0.5,0.6,0,20008450,[0|0|0|0]
51100200,Ghostly Worm,0,0,[0|0|0],51100,1004,0,60,3,0.7,100,0,223,0,0,511000200,-1,-1,3,0,-1,0,0.7,-1,5401,0,0,0,0,0,0,0,-1,0,0,0,0,0,-1,-1,-1,-1,-1,-1,20,3000,3001,3002,3003,3004,3005,3006,3007,6003,6002,6003,6002,0,1,1,1,1,1,1,1,1,1.5,-0.53846157,0,50,21,100,0,0,0,100,100,100,0,252,252,999,252,-1,-1,0,0,0,0,-1,-1,1,100,0,0,0,252,252,0,0,-1,10,0,11,0,0,6,3,40,139,139,0,0,0,0,0,0,0,0,0,0,0,0,0,0,0,0,0,0,0,0,0,0,0,0,0,0,0,0,0,0,0,0,0,0,0,0,0,0,0,0,0,0,0,0,0,0,0,0,0,1,0,0,1,0,0,0,0,0,0,0,0,0,0,0,0,0,0,0,0,0,0,0,3,0.7,0,0,0,0,0,0,0,0,0,100,1,0,1,121,121,139,139,139,139,90020,0,0,90300,0,90100,0,5261,-1,0,0.4,1,1,0.65,1,0.8,0.8,1.2,1,0,0,0,-1,-1,128,2004,-1,10000100,10,252,0,100,-1,20010700,20010702,20010706,-1,-1,-1,-1,-1,-1,-1,-1,-1,-1,-1,-1,-1,0,2,0,0,0,1,1,1,0,0,-1,-1,0,0,0,0,0,0,-1,-1,-1,20,20,0,180,50,0.1,-1,-1,-1,-1,1.8,0,0,0,0,0,1,0,-1,-1,-1,-1,-1,-1,-1,-1,-1,0.1,0.4,-1,0,0,30,0.29,100,-1,4004,5004,6004,7004,0,0.5,0.6,0,-1,[0|0|0|0]
51100201,Ghostly Worm,0,0,[0|0|0],51100,1004,0,60,3,0.7,100,0,223,0,0,511000200,-1,-1,3,0,-1,0,0.7,-1,5401,0,0,7200,0,0,0,0,-1,0,0,0,0,0,-1,-1,-1,-1,-1,-1,20,3000,3001,3002,3003,3004,3005,3006,3007,6003,6002,6003,6002,0,1,1,1,1,1,1,1,1,1.5,-0.53846157,0,50,21,100,0,0,0,100,100,100,0,252,252,999,252,-1,-1,0,0,0,0,-1,-1,1,100,0,0,0,252,252,0,0,-1,10,0,11,0,0,6,3,40,139,139,0,0,0,0,0,0,0,0,0,0,0,0,0,0,0,0,0,0,0,0,0,0,0,0,0,0,0,0,0,0,0,0,0,0,0,0,0,0,0,0,0,0,0,0,0,0,0,0,0,1,0,0,1,0,0,0,0,0,0,0,0,0,0,0,0,0,0,0,0,0,0,0,3,0.7,0,0,0,0,0,0,0,0,0,100,1,0,1,121,121,139,139,139,139,90020,0,0,90300,0,90100,0,5261,-1,0,0.4,1,1,0.65,1,0.8,0.8,1.2,1,0,0,0,-1,-1,128,2004,-1,10000100,10,252,0,100,-1,20010700,20010702,20010706,-1,-1,-1,-1,-1,-1,-1,-1,-1,-1,-1,-1,-1,0,2,0,0,0,1,1,1,0,0,-1,-1,0,0,0,0,0,0,-1,-1,-1,20,20,0,180,50,0.1,-1,-1,-1,-1,1.8,0,0,0,0,0,1,0,-1,-1,-1,-1,-1,-1,-1,-1,-1,0.1,0.4,-1,0,0,30,0.29,100,-1,4004,5004,6004,7004,0,0.5,0.6,0,-1,[0|0|0|0]
51100283,Ghostly Worm,0,0,[0|0|0],51100,1004,0,60,3,0.7,100,0,223,0,1275,511000200,-1,-1,3,0,-1,0,0.7,-1,5401,0,0,20007030,0,0,0,0,20007430,0,0,0,0,0,-1,-1,-1,-1,-1,-1,20,3000,3001,3002,3003,3004,3005,3006,3007,6003,6002,6003,6002,0,1,1,1,1,1,1,1,1,1.5,-0.53846157,0,50,21,100,0,0,0,100,100,100,0,252,252,999,252,-1,-1,0,0,0,0,-1,-1,1,100,0,0,0,252,252,0,0,-1,10,0,11,0,0,6,3,40,139,139,0,0,0,0,0,0,0,0,0,0,0,0,0,0,0,0,0,0,0,0,0,0,0,0,0,0,0,0,0,0,0,0,0,0,0,0,0,0,0,0,0,0,0,0,0,0,0,0,0,1,0,0,1,0,0,0,0,0,0,0,0,0,0,0,0,0,0,0,0,0,0,0,3,0.7,0,0,0,0,0,0,0,0,0,100,1,0,1,121,121,139,139,139,139,90020,0,0,90300,0,90100,0,5261,-1,0,0.4,1,1,0.65,1,0.8,0.8,1.2,1,0,0,0,-1,-1,128,2004,-1,10000100,10,252,0,100,-1,20010700,20010702,20010706,-1,-1,-1,-1,-1,-1,-1,-1,-1,-1,-1,-1,-1,0,2,0,0,0,1,1,1,0,0,-1,-1,0,0,0,0,0,0,-1,-1,-1,20,20,0,180,50,0.1,-1,-1,-1,-1,1.8,0,0,0,0,0,1,0,-1,-1,-1,-1,-1,-1,-1,-1,-1,0.1,0.4,-1,0,0,30,0.29,100,-1,4004,5004,6004,7004,0,0.5,0.6,0,20008430,[0|0|0|0]
52201000,Promised Consort Radahn,0,0,[0|0|0],52200,1004,0,60,4,1,130,0,3168,0,0,522000100,-1,10,0,0,-1,0,0.6,-1,5400,5360,0,0,0,0,0,0,-1,100,0,0,0,0,205,-1,-1,-1,-1,-1,230,3000,3001,3002,3003,3004,3005,3006,3007,3008,3009,6001,6000,0,1,1,1,1,1,1,1,1,1.5,0.2308,0,50,21,100,0,0,0,100,100,100,0,252,252,252,999,-1,-1,0,0,0,0,-1,-1,1,0,0,0,30,999,999,0,0,-1,10,0,14,0,0,33,3,150,110,110,0,0,2,0,0,0,0,0,0,0,2,0,2,17,7,0,0,0,0,0,0,0,0,1,1,1,0,1,1,1,1,1,1,1,1,1,1,1,0,0,0,0,0,0,0,0,0,0,0,1,0,0,1,0,0,0,0,0,0,0,0,0,0,0,0,0,0,0,0,0,0,0,4,1,1,0,0,0,0,0,0,0,0,100,1,0,2,106,109,139,139,139,106,0,90030,0,5851,90060,90100,0,-1,-1,35,0.4,0.6,0.6,0.6,0.8,0.6,0.6,0.6,0.6,0,0,0,-1,-1,256,2004,-1,10000200,20,252,0,35,5220,20011599,19631,6031,20011571,-1,-1,-1,-1,-1,-1,-1,-1,-1,-1,-1,-1,0,2,0,0,0,1,1,1,0,0,-1,-1,0,0,0,0,0,0,-1,-1,-1,40,0,0,180,100,0.1,-1,-1,-1,-1,2.5,0,0,0,0,0,1,0,-1,-1,-1,-1,-1,-1,-1,-1,-1,0.1,0.4,-1,0,0,120,0.29,100,3004,-1,5004,-1,-1,0,0.5,0.6,0,-1,[0|0|0|0]
52201089,Promised Consort Radahn (Boss),0,0,[0|0|0],52200,1004,0,60,4,1,130,0,3168,0,0,-1,-1,10,0,0,-1,0,0.6,-1,5400,5360,0,20007120,0,90400,0,0,20007520,100,0,0,0,0,205,-1,-1,-1,-1,-1,230,3000,3001,3002,3003,3004,3005,3006,3007,3008,3009,6001,6000,0,1,1,1,1,1,1,1,1,1.5,0.2308,0,50,21,100,0,0,0,100,100,100,0,252,252,252,999,-1,-1,0,0,0,0,-1,-1,1,0,0,0,30,999,999,0,0,-1,10,0,14,0,0,33,3,150,110,110,0,0,2,0,0,0,0,0,0,0,2,0,2,17,7,0,0,0,0,0,0,0,0,1,1,1,0,1,1,1,1,1,1,1,1,1,1,1,0,0,0,0,0,0,0,0,0,0,0,1,1,0,1,0,0,0,0,0,0,0,0,0,0,0,0,0,0,0,0,0,0,0,4,1,1,1,0,0,0,0,0,0,0,100,1,0,2,106,109,139,139,139,106,95002,90030,95012,90300,90060,90100,0,-1,-1,35,0.4,0.6,0.6,0.6,0.8,0.6,0.6,0.6,0.6,0,0,0,-1,-1,256,2004,-1,10000300,20,252,0,35,5220,20011599,19631,6031,20011571,-1,-1,-1,-1,-1,-1,-1,-1,-1,-1,-1,-1,0,2,0,0,0,1,1,1,0,0,-1,-1,0,0,0,0,0,0,-1,-1,-1,40,0,0,180,100,0.1,-1,-1,-1,-1,2.5,0,0,0,0,0,1,0,-1,-1,-1,-1,-1,-1,-1,-1,-1,0.1,0.4,-1,0,0,120,0.29,100,3004,-1,5004,-1,-1,0,0.5,0.6,0,20008520,[0|0|0|0]
52202000,Promised Consort Radahn,0,0,[0|0|0],52200,1004,0,60,4,1,130,0,3168,0,0,-1,-1,10,0,0,-1,0,0.6,-1,5400,5360,0,20007120,0,0,0,0,20007520,100,0,0,0,0,205,-1,-1,-1,-1,-1,230,3000,3001,3002,3003,3004,3005,3006,3007,3008,3009,6001,6000,0,1,1,1,1,1,1,1,1,1.5,0.2308,0,50,21,100,0,0,0,100,100,100,0,252,112,252,999,-1,-1,0,0,0,0,-1,-1,1,0,0,0,30,999,999,0,0,-1,10,0,14,0,0,33,3,150,110,110,0,0,2,0,0,0,0,0,0,0,2,0,2,17,7,0,0,0,0,0,0,0,0,1,1,1,0,1,1,1,1,1,1,1,1,1,1,1,0,0,0,0,0,0,0,0,0,0,0,1,0,0,1,0,0,0,0,0,0,0,0,0,0,0,0,0,0,0,0,0,0,0,4,1,1,0,0,0,0,0,0,0,0,100,1,0,2,106,109,139,139,139,106,0,90030,0,5851,90060,90100,0,-1,-1,35,0.4,0.6,0.6,0.6,0.8,0.6,0.6,0.6,1,0,0,0,-1,-1,256,2002,-1,10000200,20,252,0,35,5220,20011599,19631,6031,-1,20011574,-1,-1,-1,-1,-1,-1,-1,-1,-1,-1,-1,0,2,0,0,0,1,1,1,0,0,-1,-1,0,0,0,0,0,0,-1,-1,-1,40,0,0,180,100,0.1,-1,-1,-1,-1,2.5,0,0,0,0,0,1,0,-1,-1,-1,-1,-1,-1,-1,-1,-1,0.1,0.4,-1,0,0,120,0.29,100,3004,-1,5004,-1,-1,0,0.5,0.6,0,20008520,[0|0|0|0]
52500000,Horned Warrior,0,0,[0|0|0],52500,1002,0,120,2.3,0.5,130,0,453,0,0,525000000,-1,10,0,0,-1,0,0.6,-1,5400,5304,5362,0,0,0,0,0,-1,0,0,0,0,0,-1,-1,-1,-1,-1,-1,110,3000,3001,3002,3003,3004,3005,3006,3007,3008,3009,6001,6000,0,1,1,1,1,1,1,1,1,1.5,0.23076923,0,150,21,100,0,0,0,100,100,100,0,112,112,112,999,-1,-1,0,0,0,0,-1,-1,1,0,0,0,0,63,999,0,0,-1,10,0,12,0,0,6,3,40,110,110,0,0,4,0,0,0,0,0,0,0,0,0,0,22,7,0,0,0,0,0,0,0,0,1,0,0,0,0,0,0,0,0,0,1,0,0,0,0,0,0,0,0,0,0,0,0,0,0,0,1,0,0,1,0,0,0,0,0,0,1,1,0,0,0,0,0,0,0,0,0,0,0,2.3,0.5,0,0,0,0,0,0,1,0,0,100,1,0,2,106,106,139,112,139,109,0,90030,0,5851,90060,90160,0,5262,-1,0,0.4,0.6,0.6,0.6,1,0.8,0.8,0.8,1,0,0,0,-1,-1,128,2002,-1,10000200,30,112,0,100,-1,-1,-1,-1,-1,-1,-1,-1,-1,-1,-1,-1,-1,-1,-1,-1,-1,0,-1,0,0,0,1,1,1,0,0,-1,-1,0,0,0,0,0,0,-1,-1,-1,0,0,0,180,100,0.1,-1,-1,-1,-1,1.8,0,0,0,0,0,1,0,-1,-1,-1,-1,-1,-1,-1,-1,-1,0.1,0.4,-1,0,0,80,0.29,100,3002,-1,5002,6000,-1,0,0.5,0.6,0,-1,[0|0|0|0]
52500001,Horned Warrior,0,0,[0|0|0],52500,1002,0,120,2.3,0.5,130,0,453,0,0,525000000,-1,10,0,0,-1,0,0.6,-1,5400,5304,5362,7200,0,0,0,0,-1,0,0,0,0,0,-1,-1,-1,-1,-1,-1,110,3000,3001,3002,3003,3004,3005,3006,3007,3008,3009,6001,6000,0,1,1,1,1,1,1,1,1,1.5,0.23076923,0,150,21,100,0,0,0,100,100,100,0,112,112,112,999,-1,-1,0,0,0,0,-1,-1,1,0,0,0,0,63,999,0,0,-1,10,0,12,0,0,6,3,40,110,110,0,0,4,0,0,0,0,0,0,0,0,0,0,22,7,0,0,0,0,0,0,0,0,1,0,0,0,0,0,0,0,0,0,1,0,0,0,0,0,0,0,0,0,0,0,0,0,0,0,1,0,0,1,0,0,0,0,0,0,1,1,0,0,0,0,0,0,0,0,0,0,0,2.3,0.5,0,0,0,0,0,0,1,0,0,100,1,0,2,106,106,139,112,139,109,0,90030,0,5851,90060,90160,0,5262,-1,0,0.4,0.6,0.6,0.6,1,0.8,0.8,0.8,1,0,0,0,-1,-1,128,2002,-1,10000200,30,112,0,100,-1,-1,-1,-1,-1,-1,-1,-1,-1,-1,-1,-1,-1,-1,-1,-1,-1,0,-1,0,0,0,1,1,1,0,0,-1,-1,0,0,0,0,0,0,-1,-1,-1,0,0,0,180,100,0.1,-1,-1,-1,-1,1.8,0,0,0,0,0,1,0,-1,-1,-1,-1,-1,-1,-1,-1,-1,0.1,0.4,-1,0,0,80,0.29,100,3002,-1,5002,6000,-1,0,0.5,0.6,0,-1,[0|0|0|0]
52500086,Horned Warrior,0,0,[0|0|0],52500,1002,0,120,2.3,0.5,130,0,453,0,8778,525000000,-1,10,0,0,-1,0,0.6,-1,5400,5304,5362,20007100,0,0,0,0,20007500,0,0,0,0,0,-1,-1,-1,-1,-1,-1,110,3000,3001,3002,3003,3004,3005,3006,3007,3008,3009,6001,6000,0,1,1,1,1,1,1,1,1,1.5,0.23076923,0,150,21,100,0,0,0,100,100,100,0,112,112,112,999,-1,-1,0,0,0,0,-1,-1,1,0,0,0,0,63,999,0,0,-1,10,0,12,0,0,6,3,40,110,110,0,0,4,0,0,0,0,0,0,0,0,0,0,22,7,0,0,0,0,0,0,0,0,1,0,0,0,0,0,0,0,0,0,1,0,0,0,0,0,0,0,0,0,0,0,0,0,0,0,1,0,0,1,0,0,0,0,0,0,1,1,0,0,0,0,0,0,0,0,0,0,0,2.3,0.5,0,0,0,0,0,0,1,0,0,100,1,0,2,106,106,139,112,139,109,0,90030,0,5851,90060,90160,0,5262,-1,0,0.4,0.6,0.6,0.6,1,0.8,0.8,0.8,1,0,0,0,-1,-1,128,2002,-1,10000200,30,112,0,100,-1,-1,-1,20011865,-1,-1,-1,-1,-1,-1,-1,-1,-1,-1,-1,-1,-1,0,-1,0,0,0,1,1,1,0,0,-1,-1,0,0,0,0,0,0,-1,-1,-1,0,0,0,180,100,0.1,-1,-1,-1,-1,1.8,0,0,0,0,0,1,0,-1,-1,-1,-1,-1,-1,-1,-1,-1,0.1,0.4,-1,0,0,80,0.29,100,3002,-1,5002,6000,-1,0,0.5,0.6,0,20008500,[0|0|0|0]
52500088,Horned Warrior,0,0,[0|0|0],52500,1002,0,120,2.3,0.5,130,0,453,0,5628,525000000,-1,10,0,0,-1,0,0.6,-1,5400,5304,5362,20007010,0,0,0,0,20007410,0,0,0,0,0,-1,-1,-1,-1,-1,-1,110,3000,3001,3002,3003,3004,3005,3006,3007,3008,3009,6001,6000,0,1,1,1,1,1,1,1,1,1.5,0.23076923,0,150,21,100,0,0,0,100,100,100,0,112,112,112,999,-1,-1,0,0,0,0,-1,-1,1,0,0,0,0,63,999,0,0,-1,10,0,12,0,0,6,3,40,110,110,0,0,4,0,0,0,0,0,0,0,0,0,0,22,7,0,0,0,0,0,0,0,0,1,0,0,0,0,0,0,0,0,0,1,0,0,0,0,0,0,0,0,0,0,0,0,0,0,0,1,0,0,1,0,0,0,0,0,0,1,1,0,0,0,0,0,0,0,0,0,0,0,2.3,0.5,0,0,0,0,0,0,1,0,0,100,1,0,2,106,106,139,112,139,109,0,90030,0,5851,90060,90160,0,5262,-1,0,0.4,0.6,0.6,0.6,1,0.8,0.8,0.8,1,0,0,0,-1,-1,128,2002,-1,10000200,30,112,0,100,-1,-1,-1,-1,-1,-1,-1,-1,-1,-1,-1,-1,-1,-1,-1,-1,-1,0,-1,0,0,0,1,1,1,0,0,-1,-1,0,0,0,0,0,0,-1,-1,-1,0,0,0,180,100,0.1,-1,-1,-1,-1,1.8,0,0,0,0,0,1,0,-1,-1,-1,-1,-1,-1,-1,-1,-1,0.1,0.4,-1,0,0,80,0.29,100,3002,-1,5002,6000,-1,0,0.5,0.6,0,20008410,[0|0|0|0]
52500090,Horned Warrior,0,0,[0|0|0],52500,1002,0,120,2.3,0.5,130,0,453,0,0,525000000,-1,10,0,0,-1,0,0.6,-1,5400,5304,5362,20007040,0,0,0,0,20007440,0,0,0,0,0,-1,-1,-1,-1,-1,-1,110,3000,3001,3002,3003,3004,3005,3006,3007,3008,3009,6001,6000,0,1,1,1,1,1,1,1,1,1.5,0.23076923,0,150,21,100,0,0,0,100,100,100,0,112,112,112,999,-1,-1,0,0,0,0,-1,-1,1,0,0,0,0,63,999,0,0,-1,10,0,12,0,0,6,3,40,110,110,0,0,4,0,0,0,0,0,0,0,0,0,0,22,7,0,0,0,0,0,0,0,0,1,0,0,0,0,0,0,0,0,0,1,0,0,0,0,0,0,0,0,0,0,0,0,0,0,0,1,0,0,1,0,0,0,0,0,0,1,1,0,0,0,0,0,0,0,0,0,0,0,2.3,0.5,0,0,0,0,0,0,1,0,0,100,1,0,2,106,106,139,112,139,109,0,90030,0,5851,90060,90160,0,5262,-1,0,0.4,0.6,0.6,0.6,1,0.8,0.8,0.8,1,0,0,0,-1,-1,128,2002,-1,10000200,30,112,0,100,-1,-1,-1,-1,-1,-1,-1,-1,-1,-1,-1,-1,-1,-1,-1,-1,-1,0,-1,0,0,0,1,1,1,0,0,-1,-1,0,0,0,0,0,0,-1,-1,-1,0,0,0,180,100,0.1,-1,-1,-1,-1,1.8,0,0,0,0,0,1,0,-1,-1,-1,-1,-1,-1,-1,-1,-1,0.1,0.4,-1,0,0,80,0.29,100,3002,-1,5002,6000,-1,0,0.5,0.6,0,20008440,[0|0|0|0]
52500094,Horned Warrior,0,0,[0|0|0],52500,1002,0,120,2.3,0.5,130,0,453,0,8516,525000000,-1,10,0,0,-1,0,0.6,-1,5400,5304,5362,20007090,0,0,0,0,20007490,0,0,0,0,0,-1,-1,-1,-1,-1,-1,110,3000,3001,3002,3003,3004,3005,3006,3007,3008,3009,6001,6000,0,1,1,1,1,1,1,1,1,1.5,0.23076923,0,150,21,100,0,0,0,100,100,100,0,112,112,112,999,-1,-1,0,0,0,0,-1,-1,1,0,0,0,0,63,999,0,0,-1,10,0,12,0,0,6,3,40,110,110,0,0,4,0,0,0,0,0,0,0,0,0,0,22,7,0,0,0,0,0,0,0,0,1,0,0,0,0,0,0,0,0,0,1,0,0,0,0,0,0,0,0,0,0,0,0,0,0,0,1,0,0,1,0,0,0,0,0,0,1,1,0,0,0,0,0,0,0,0,0,0,0,2.3,0.5,0,0,0,0,0,0,1,0,0,100,1,0,2,106,106,139,112,139,109,0,90030,0,5851,90060,90160,0,5262,-1,0,0.4,0.6,0.6,0.6,1,0.8,0.8,0.8,1,0,0,0,-1,-1,128,2002,-1,10000200,30,112,0,100,-1,-1,-1,-1,-1,-1,-1,-1,-1,-1,-1,-1,-1,-1,-1,-1,-1,0,-1,0,0,0,1,1,1,0,0,-1,-1,0,0,0,0,0,0,-1,-1,-1,0,0,0,180,100,0.1,-1,-1,-1,-1,1.8,0,0,0,0,0,1,0,-1,-1,-1,-1,-1,-1,-1,-1,-1,0.1,0.4,-1,0,0,80,0.29,100,3002,-1,5002,6000,-1,0,0.5,0.6,0,20008490,[0|0|0|0]
52500095,Horned Warrior,0,0,[0|0|0],52500,1002,0,120,2.3,0.5,130,0,453,0,6115,525000000,-1,10,0,0,-1,0,0.6,-1,5400,5304,5362,20007050,0,0,0,0,20007450,0,0,0,0,0,-1,-1,-1,-1,-1,-1,110,3000,3001,3002,3003,3004,3005,3006,3007,3008,3009,6001,6000,0,1,1,1,1,1,1,1,1,1.5,0.23076923,0,150,21,100,0,0,0,100,100,100,0,112,112,112,999,-1,-1,0,0,0,0,-1,-1,1,0,0,0,0,63,999,0,0,-1,10,0,12,0,0,6,3,40,110,110,0,0,4,0,0,0,0,0,0,0,0,0,0,22,7,0,0,0,0,0,0,0,0,1,0,0,0,0,0,0,0,0,0,1,0,0,0,0,0,0,0,0,0,0,0,0,0,0,0,1,0,0,1,0,0,0,0,0,0,1,1,0,0,0,0,0,0,0,0,0,0,0,2.3,0.5,0,0,0,0,0,0,1,0,0,100,1,0,2,106,106,139,112,139,109,0,90030,0,5851,90060,90160,0,5262,-1,0,0.4,0.6,0.6,0.6,1,0.8,0.8,0.8,1,0,0,0,-1,-1,128,2002,-1,10000200,30,112,0,100,-1,-1,-1,-1,-1,-1,-1,-1,-1,-1,-1,-1,-1,-1,-1,-1,-1,0,-1,0,0,0,1,1,1,0,0,-1,-1,0,0,0,0,0,0,-1,-1,-1,0,0,0,180,100,0.1,-1,-1,-1,-1,1.8,0,0,0,0,0,1,0,-1,-1,-1,-1,-1,-1,-1,-1,-1,0.1,0.4,-1,0,0,80,0.29,100,3002,-1,5002,6000,-1,0,0.5,0.6,0,20008450,[0|0|0|0]
52500100,Horned Warrior,0,0,[0|0|0],52500,1002,0,120,2.3,0.5,130,0,453,0,0,525000010,-1,10,0,0,-1,0,0.6,-1,5400,5304,5362,0,0,0,0,0,-1,0,0,0,0,0,-1,-1,-1,-1,-1,-1,110,3000,3001,3002,3003,3004,3005,3006,3007,3008,3009,6001,6000,0,1,1,1,1,1,1,1,1,1.5,0.23076923,0,150,21,100,0,0,0,100,100,100,0,112,112,112,999,-1,-1,0,0,0,0,-1,-1,1,0,0,0,0,63,999,0,0,-1,10,0,12,0,0,6,3,40,110,110,0,0,4,0,0,0,0,0,0,0,0,0,0,22,7,0,0,0,0,0,0,0,0,1,0,0,0,0,0,0,0,0,0,0,1,1,0,0,0,0,0,0,0,0,0,0,0,0,0,1,0,0,1,0,0,0,0,0,0,0,0,1,0,0,0,0,0,0,0,0,0,0,2.3,0.5,0,0,0,0,0,0,1,0,0,100,1,0,2,106,106,139,112,139,109,0,90030,0,5851,90060,90160,0,5262,-1,0,0.4,0.6,0.6,0.6,1,0.8,0.8,0.8,1,0,0,0,-1,-1,128,2002,-1,10000200,30,112,0,100,-1,20011870,-1,-1,5271,-1,-1,-1,-1,-1,-1,-1,-1,-1,-1,-1,-1,0,-1,0,0,0,1,1,1,0,0,-1,-1,0,0,0,0,0,0,-1,-1,-1,0,0,0,180,100,0.1,-1,-1,-1,-1,1.8,0,0,0,0,0,1,0,-1,-1,-1,-1,-1,-1,-1,-1,-1,0.1,0.4,-1,0,0,80,0.29,100,3002,-1,5002,6000,-1,0,0.5,0.6,0,-1,[0|0|0|0]
52500101,Horned Warrior,0,0,[0|0|0],52500,1002,0,120,2.3,0.5,130,0,453,0,0,525000010,-1,10,0,0,-1,0,0.6,-1,5400,5304,5362,7200,0,0,0,0,-1,0,0,0,0,0,-1,-1,-1,-1,-1,-1,110,3000,3001,3002,3003,3004,3005,3006,3007,3008,3009,6001,6000,0,1,1,1,1,1,1,1,1,1.5,0.23076923,0,150,21,100,0,0,0,100,100,100,0,112,112,112,999,-1,-1,0,0,0,0,-1,-1,1,0,0,0,0,63,999,0,0,-1,10,0,12,0,0,6,3,40,110,110,0,0,4,0,0,0,0,0,0,0,0,0,0,22,7,0,0,0,0,0,0,0,0,1,0,0,0,0,0,0,0,0,0,0,1,1,0,0,0,0,0,0,0,0,0,0,0,0,0,1,0,0,1,0,0,0,0,0,0,0,0,1,0,0,0,0,0,0,0,0,0,0,2.3,0.5,0,0,0,0,0,0,1,0,0,100,1,0,2,106,106,139,112,139,109,0,90030,0,5851,90060,90160,0,5262,-1,0,0.4,0.6,0.6,0.6,1,0.8,0.8,0.8,1,0,0,0,-1,-1,128,2002,-1,10000200,30,112,0,100,-1,20011870,-1,-1,5271,-1,-1,-1,-1,-1,-1,-1,-1,-1,-1,-1,-1,0,-1,0,0,0,1,1,1,0,0,-1,-1,0,0,0,0,0,0,-1,-1,-1,0,0,0,180,100,0.1,-1,-1,-1,-1,1.8,0,0,0,0,0,1,0,-1,-1,-1,-1,-1,-1,-1,-1,-1,0.1,0.4,-1,0,0,80,0.29,100,3002,-1,5002,6000,-1,0,0.5,0.6,0,-1,[0|0|0|0]
52500189,Horned Warrior,0,0,[0|0|0],52500,1002,0,120,2.3,0.5,130,0,453,0,8843,525000010,-1,10,0,0,-1,0,0.6,-1,5400,5304,5362,20007110,0,0,0,0,20007510,0,0,0,0,0,-1,-1,-1,-1,-1,-1,110,3000,3001,3002,3003,3004,3005,3006,3007,3008,3009,6001,6000,0,1,1,1,1,1,1,1,1,1.5,0.23076923,0,150,21,100,0,0,0,100,100,100,0,112,112,112,999,-1,-1,0,0,0,0,-1,-1,1,0,0,0,0,63,999,0,0,-1,10,0,12,0,0,6,3,40,110,110,0,0,4,0,0,0,0,0,0,0,0,0,0,22,7,0,0,0,0,0,0,0,0,1,0,0,0,0,0,0,0,0,0,0,1,1,0,0,0,0,0,0,0,0,0,0,0,0,0,1,0,0,1,0,0,0,0,0,0,0,0,1,0,0,0,0,0,0,0,0,0,0,2.3,0.5,0,0,0,0,0,0,1,0,0,100,1,0,2,106,106,139,112,139,109,0,90030,0,5851,90060,90160,0,5262,-1,0,0.4,0.6,0.6,0.6,1,0.8,0.8,0.8,1,0,0,0,-1,-1,128,2002,-1,10000200,30,112,0,100,-1,20011870,-1,-1,5271,-1,-1,-1,-1,-1,-1,-1,-1,-1,-1,-1,-1,0,-1,0,0,0,1,1,1,0,0,-1,-1,0,0,0,0,0,0,-1,-1,-1,0,0,0,180,100,0.1,-1,-1,-1,-1,1.8,0,0,0,0,0,1,0,-1,-1,-1,-1,-1,-1,-1,-1,-1,0.1,0.4,-1,0,0,80,0.29,100,3002,-1,5002,6000,-1,0,0.5,0.6,0,20008510,[0|0|0|0]
52500194,Horned Warrior,0,0,[0|0|0],52500,1002,0,120,2.3,0.5,130,0,453,0,8516,525000010,-1,10,0,0,-1,0,0.6,-1,5400,5304,5362,20007090,0,0,0,0,20007490,0,0,0,0,0,-1,-1,-1,-1,-1,-1,110,3000,3001,3002,3003,3004,3005,3006,3007,3008,3009,6001,6000,0,1,1,1,1,1,1,1,1,1.5,0.23076923,0,150,21,100,0,0,0,100,100,100,0,112,112,112,999,-1,-1,0,0,0,0,-1,-1,1,0,0,0,0,63,999,0,0,-1,10,0,12,0,0,6,3,40,110,110,0,0,4,0,0,0,0,0,0,0,0,0,0,22,7,0,0,0,0,0,0,0,0,1,0,0,0,0,0,0,0,0,0,0,1,1,0,0,0,0,0,0,0,0,0,0,0,0,0,1,0,0,1,0,0,0,0,0,0,0,0,1,0,0,0,0,0,0,0,0,0,0,2.3,0.5,0,0,0,0,0,0,1,0,0,100,1,0,2,106,106,139,112,139,109,0,90030,0,5851,90060,90160,0,5262,-1,0,0.4,0.6,0.6,0.6,1,0.8,0.8,0.8,1,0,0,0,-1,-1,128,2002,-1,10000200,30,112,0,100,-1,20011870,-1,-1,5271,-1,-1,-1,-1,-1,-1,-1,-1,-1,-1,-1,-1,0,-1,0,0,0,1,1,1,0,0,-1,-1,0,0,0,0,0,0,-1,-1,-1,0,0,0,180,100,0.1,-1,-1,-1,-1,1.8,0,0,0,0,0,1,0,-1,-1,-1,-1,-1,-1,-1,-1,-1,0.1,0.4,-1,0,0,80,0.29,100,3002,-1,5002,6000,-1,0,0.5,0.6,0,20008490,[0|0|0|0]
52500988,Horned Warrior,0,0,[0|0|0],52500,1002,0,120,2.3,0.5,130,0,453,0,5628,525000000,-1,10,0,0,-1,0,0.6,-1,5400,5304,5362,20007010,0,0,0,0,20007410,0,0,0,0,0,-1,-1,-1,-1,-1,-1,110,3000,3001,3002,3003,3004,3005,3006,3007,3008,3009,6001,6000,0,1,1,1,1,1,1,1,1,1.5,0.23076923,0,150,21,100,0,0,0,100,100,100,0,112,112,112,999,-1,-1,0,0,0,0,-1,-1,1,0,0,0,0,63,999,0,0,-1,10,0,12,0,0,6,3,40,110,110,0,0,4,0,0,0,0,0,0,0,0,0,0,22,7,0,0,0,0,0,0,0,0,1,0,0,0,0,0,0,0,0,0,1,0,0,0,0,0,0,0,0,0,0,0,0,0,0,0,1,0,0,1,0,0,0,0,0,0,1,1,0,0,0,0,0,0,0,0,0,0,0,2.3,0.5,0,0,0,0,0,0,1,0,0,100,1,0,2,106,106,139,112,139,109,0,90030,0,5851,90060,90160,0,5262,-1,0,0.4,0.6,0.6,0.6,1,0.8,0.8,0.8,1,0,0,0,-1,-1,128,2002,-1,10000200,30,112,0,100,-1,-1,-1,-1,-1,-1,-1,-1,-1,-1,-1,-1,-1,-1,-1,-1,-1,0,-1,0,0,0,1,1,1,0,0,-1,-1,0,0,0,0,0,0,-1,-1,-1,0,0,0,180,100,0.1,-1,-1,-1,-1,1.8,0,0,0,0,0,1,0,-1,-1,-1,-1,-1,-1,-1,-1,-1,0.1,0.4,-1,0,0,80,0.29,100,3002,-1,5002,6000,-1,0,0.5,0.6,0,20008410,[0|0|0|0]
52501000,Horned Warrior,0,0,[0|0|0],52500,1002,0,120,2.3,0.5,130,0,453,0,0,525000100,-1,10,0,0,-1,0,0.6,-1,5401,5304,5362,0,0,0,0,0,-1,0,0,0,0,0,-1,-1,-1,-1,-1,-1,110,3000,3001,3002,3003,3004,3005,3006,3007,3008,3009,6001,6000,0,1,1,1,1,1,1,1,1,1.5,0.23076923,0,150,21,100,0,0,0,100,100,100,0,112,112,112,999,-1,-1,0,0,0,0,-1,-1,1,0,0,0,0,63,999,0,0,-1,10,0,12,0,0,6,3,40,110,110,0,0,4,0,0,0,0,0,0,0,0,0,0,22,7,0,0,0,0,0,0,0,0,0,1,0,0,0,0,0,0,0,0,1,0,0,0,0,0,0,0,0,0,0,0,0,0,0,0,1,0,0,1,0,0,0,0,0,0,1,1,0,0,0,0,0,0,0,0,0,0,0,2.3,0.5,0,0,0,0,0,0,1,0,0,100,1,0,2,106,106,139,112,139,109,0,90030,0,5851,90060,90160,0,5262,-1,0,0.4,0.6,0.6,0.6,1,0.8,0.8,0.8,1,0,0,0,-1,-1,128,2002,-1,10000200,30,112,0,100,-1,-1,-1,-1,-1,-1,-1,-1,-1,-1,-1,-1,-1,-1,-1,-1,-1,0,-1,0,0,0,1,1,1,0,0,-1,-1,0,0,0,0,0,0,-1,-1,-1,0,0,0,180,100,0.1,-1,-1,-1,-1,1.8,0,0,0,0,0,1,0,-1,-1,-1,-1,-1,-1,-1,-1,-1,0.1,0.4,-1,0,0,80,0.29,100,3002,-1,5002,6000,-1,0,0.5,0.6,0,-1,[0|0|0|0]
52501001,Horned Warrior,0,0,[0|0|0],52500,1002,0,120,2.3,0.5,130,0,453,0,0,525000100,-1,10,0,0,-1,0,0.6,-1,5401,5304,5362,7200,0,0,0,0,-1,0,0,0,0,0,-1,-1,-1,-1,-1,-1,110,3000,3001,3002,3003,3004,3005,3006,3007,3008,3009,6001,6000,0,1,1,1,1,1,1,1,1,1.5,0.23076923,0,150,21,100,0,0,0,100,100,100,0,112,112,112,999,-1,-1,0,0,0,0,-1,-1,1,0,0,0,0,63,999,0,0,-1,10,0,12,0,0,6,3,40,110,110,0,0,4,0,0,0,0,0,0,0,0,0,0,22,7,0,0,0,0,0,0,0,0,0,1,0,0,0,0,0,0,0,0,1,0,0,0,0,0,0,0,0,0,0,0,0,0,0,0,1,0,0,1,0,0,0,0,0,0,1,1,0,0,0,0,0,0,0,0,0,0,0,2.3,0.5,0,0,0,0,0,0,1,0,0,100,1,0,2,106,106,139,112,139,109,0,90030,0,5851,90060,90160,0,5262,-1,0,0.4,0.6,0.6,0.6,1,0.8,0.8,0.8,1,0,0,0,-1,-1,128,2002,-1,10000200,30,112,0,100,-1,-1,-1,-1,-1,-1,-1,-1,-1,-1,-1,-1,-1,-1,-1,-1,-1,0,-1,0,0,0,1,1,1,0,0,-1,-1,0,0,0,0,0,0,-1,-1,-1,0,0,0,180,100,0.1,-1,-1,-1,-1,1.8,0,0,0,0,0,1,0,-1,-1,-1,-1,-1,-1,-1,-1,-1,0.1,0.4,-1,0,0,80,0.29,100,3002,-1,5002,6000,-1,0,0.5,0.6,0,-1,[0|0|0|0]
52501086,Horned Warrior,0,0,[0|0|0],52500,1002,0,120,2.3,0.5,130,0,453,0,8778,525000100,-1,10,0,0,-1,0,0.6,-1,5401,5304,5362,20007100,0,0,0,0,20007500,0,0,0,0,0,-1,-1,-1,-1,-1,-1,110,3000,3001,3002,3003,3004,3005,3006,3007,3008,3009,6001,6000,0,1,1,1,1,1,1,1,1,1.5,0.23076923,0,150,21,100,0,0,0,100,100,100,0,112,112,112,999,-1,-1,0,0,0,0,-1,-1,1,0,0,0,0,63,999,0,0,-1,10,0,12,0,0,6,3,40,110,110,0,0,4,0,0,0,0,0,0,0,0,0,0,22,7,0,0,0,0,0,0,0,0,0,1,0,0,0,0,0,0,0,0,1,0,0,0,0,0,0,0,0,0,0,0,0,0,0,0,1,0,0,1,0,0,0,0,0,0,1,1,0,0,0,0,0,0,0,0,0,0,0,2.3,0.5,0,0,0,0,0,0,1,0,0,100,1,0,2,106,106,139,112,139,109,0,90030,0,5851,90060,90160,0,5262,-1,0,0.4,0.6,0.6,0.6,1,0.8,0.8,0.8,1,0,0,0,-1,-1,128,2002,-1,10000200,30,112,0,100,-1,-1,-1,20011865,-1,-1,-1,-1,-1,-1,-1,-1,-1,-1,-1,-1,-1,0,-1,0,0,0,1,1,1,0,0,-1,-1,0,0,0,0,0,0,-1,-1,-1,0,0,0,180,100,0.1,-1,-1,-1,-1,1.8,0,0,0,0,0,1,0,-1,-1,-1,-1,-1,-1,-1,-1,-1,0.1,0.4,-1,0,0,80,0.29,100,3002,-1,5002,6000,-1,0,0.5,0.6,0,20008500,[0|0|0|0]
52501088,Horned Warrior,0,0,[0|0|0],52500,1002,0,120,2.3,0.5,130,0,453,0,5628,525000100,-1,10,0,0,-1,0,0.6,-1,5401,5304,5362,20007010,0,0,0,0,20007410,0,0,0,0,0,-1,-1,-1,-1,-1,-1,110,3000,3001,3002,3003,3004,3005,3006,3007,3008,3009,6001,6000,0,1,1,1,1,1,1,1,1,1.5,0.23076923,0,150,21,100,0,0,0,100,100,100,0,112,112,112,999,-1,-1,0,0,0,0,-1,-1,1,0,0,0,0,63,999,0,0,-1,10,0,12,0,0,6,3,40,110,110,0,0,4,0,0,0,0,0,0,0,0,0,0,22,7,0,0,0,0,0,0,0,0,0,1,0,0,0,0,0,0,0,0,1,0,0,0,0,0,0,0,0,0,0,0,0,0,0,0,1,0,0,1,0,0,0,0,0,0,1,1,0,0,0,0,0,0,0,0,0,0,0,2.3,0.5,0,0,0,0,0,0,1,0,0,100,1,0,2,106,106,139,112,139,109,0,90030,0,5851,90060,90160,0,5262,-1,0,0.4,0.6,0.6,0.6,1,0.8,0.8,0.8,1,0,0,0,-1,-1,128,2002,-1,10000200,30,112,0,100,-1,-1,-1,-1,-1,-1,-1,-1,-1,-1,-1,-1,-1,-1,-1,-1,-1,0,-1,0,0,0,1,1,1,0,0,-1,-1,0,0,0,0,0,0,-1,-1,-1,0,0,0,180,100,0.1,-1,-1,-1,-1,1.8,0,0,0,0,0,1,0,-1,-1,-1,-1,-1,-1,-1,-1,-1,0.1,0.4,-1,0,0,80,0.29,100,3002,-1,5002,6000,-1,0,0.5,0.6,0,20008410,[0|0|0|0]
52501090,Horned Warrior,0,0,[0|0|0],52500,1002,0,120,2.3,0.5,130,0,453,0,0,525000100,-1,10,0,0,-1,0,0.6,-1,5401,5304,5362,20007040,0,0,0,0,20007440,0,0,0,0,0,-1,-1,-1,-1,-1,-1,110,3000,3001,3002,3003,3004,3005,3006,3007,3008,3009,6001,6000,0,1,1,1,1,1,1,1,1,1.5,0.23076923,0,150,21,100,0,0,0,100,100,100,0,112,112,112,999,-1,-1,0,0,0,0,-1,-1,1,0,0,0,0,63,999,0,0,-1,10,0,12,0,0,6,3,40,110,110,0,0,4,0,0,0,0,0,0,0,0,0,0,22,7,0,0,0,0,0,0,0,0,0,1,0,0,0,0,0,0,0,0,1,0,0,0,0,0,0,0,0,0,0,0,0,0,0,0,1,0,0,1,0,0,0,0,0,0,1,1,0,0,0,0,0,0,0,0,0,0,0,2.3,0.5,0,0,0,0,0,0,1,0,0,100,1,0,2,106,106,139,112,139,109,0,90030,0,5851,90060,90160,0,5262,-1,0,0.4,0.6,0.6,0.6,1,0.8,0.8,0.8,1,0,0,0,-1,-1,128,2002,-1,10000200,30,112,0,100,-1,-1,-1,-1,-1,-1,-1,-1,-1,-1,-1,-1,-1,-1,-1,-1,-1,0,-1,0,0,0,1,1,1,0,0,-1,-1,0,0,0,0,0,0,-1,-1,-1,0,0,0,180,100,0.1,-1,-1,-1,-1,1.8,0,0,0,0,0,1,0,-1,-1,-1,-1,-1,-1,-1,-1,-1,0.1,0.4,-1,0,0,80,0.29,100,3002,-1,5002,6000,-1,0,0.5,0.6,0,20008440,[0|0|0|0]
52501094,Horned Warrior,0,0,[0|0|0],52500,1002,0,120,2.3,0.5,130,0,453,0,8516,525000100,-1,10,0,0,-1,0,0.6,-1,5401,5304,5362,20007090,0,0,0,0,20007490,0,0,0,0,0,-1,-1,-1,-1,-1,-1,110,3000,3001,3002,3003,3004,3005,3006,3007,3008,3009,6001,6000,0,1,1,1,1,1,1,1,1,1.5,0.23076923,0,150,21,100,0,0,0,100,100,100,0,112,112,112,999,-1,-1,0,0,0,0,-1,-1,1,0,0,0,0,63,999,0,0,-1,10,0,12,0,0,6,3,40,110,110,0,0,4,0,0,0,0,0,0,0,0,0,0,22,7,0,0,0,0,0,0,0,0,0,1,0,0,0,0,0,0,0,0,1,0,0,0,0,0,0,0,0,0,0,0,0,0,0,0,1,0,0,1,0,0,0,0,0,0,1,1,0,0,0,0,0,0,0,0,0,0,0,2.3,0.5,0,0,0,0,0,0,1,0,0,100,1,0,2,106,106,139,112,139,109,0,90030,0,5851,90060,90160,0,5262,-1,0,0.4,0.6,0.6,0.6,1,0.8,0.8,0.8,1,0,0,0,-1,-1,128,2002,-1,10000200,30,112,0,100,-1,-1,-1,-1,-1,-1,-1,-1,-1,-1,-1,-1,-1,-1,-1,-1,-1,0,-1,0,0,0,1,1,1,0,0,-1,-1,0,0,0,0,0,0,-1,-1,-1,0,0,0,180,100,0.1,-1,-1,-1,-1,1.8,0,0,0,0,0,1,0,-1,-1,-1,-1,-1,-1,-1,-1,-1,0.1,0.4,-1,0,0,80,0.29,100,3002,-1,5002,6000,-1,0,0.5,0.6,0,20008490,[0|0|0|0]
52501095,Horned Warrior,0,0,[0|0|0],52500,1002,0,120,2.3,0.5,130,0,453,0,6115,525000100,-1,10,0,0,-1,0,0.6,-1,5401,5304,5362,20007050,0,0,0,0,20007450,0,0,0,0,0,-1,-1,-1,-1,-1,-1,110,3000,3001,3002,3003,3004,3005,3006,3007,3008,3009,6001,6000,0,1,1,1,1,1,1,1,1,1.5,0.23076923,0,150,21,100,0,0,0,100,100,100,0,112,112,112,999,-1,-1,0,0,0,0,-1,-1,1,0,0,0,0,63,999,0,0,-1,10,0,12,0,0,6,3,40,110,110,0,0,4,0,0,0,0,0,0,0,0,0,0,22,7,0,0,0,0,0,0,0,0,0,1,0,0,0,0,0,0,0,0,1,0,0,0,0,0,0,0,0,0,0,0,0,0,0,0,1,0,0,1,0,0,0,0,0,0,1,1,0,0,0,0,0,0,0,0,0,0,0,2.3,0.5,0,0,0,0,0,0,1,0,0,100,1,0,2,106,106,139,112,139,109,0,90030,0,5851,90060,90160,0,5262,-1,0,0.4,0.6,0.6,0.6,1,0.8,0.8,0.8,1,0,0,0,-1,-1,128,2002,-1,10000200,30,112,0,100,-1,-1,-1,-1,-1,-1,-1,-1,-1,-1,-1,-1,-1,-1,-1,-1,-1,0,-1,0,0,0,1,1,1,0,0,-1,-1,0,0,0,0,0,0,-1,-1,-1,0,0,0,180,100,0.1,-1,-1,-1,-1,1.8,0,0,0,0,0,1,0,-1,-1,-1,-1,-1,-1,-1,-1,-1,0.1,0.4,-1,0,0,80,0.29,100,3002,-1,5002,6000,-1,0,0.5,0.6,0,20008450,[0|0|0|0]
52501100,Horned Warrior,0,0,[0|0|0],52500,1002,0,120,2.3,0.5,130,0,453,0,0,525000110,-1,10,0,0,-1,0,0.6,-1,5401,5304,5362,0,0,0,0,0,-1,0,0,0,0,0,-1,-1,-1,-1,-1,-1,110,3000,3001,3002,3003,3004,3005,3006,3007,3008,3009,6001,6000,0,1,1,1,1,1,1,1,1,1.5,0.23076923,0,150,21,100,0,0,0,100,100,100,0,112,112,112,999,-1,-1,0,0,0,0,-1,-1,1,0,0,0,0,63,999,0,0,-1,10,0,12,0,0,6,3,40,110,110,0,0,4,0,0,0,0,0,0,0,0,0,0,22,7,0,0,0,0,0,0,0,0,0,1,0,0,0,0,0,0,0,0,1,0,0,0,0,0,0,0,0,0,0,0,0,0,0,0,1,0,0,1,0,0,0,0,0,0,1,0,0,1,0,0,0,0,0,0,0,0,0,2.3,0.5,0,0,0,0,0,0,1,0,0,100,1,0,2,106,106,139,112,139,109,0,90030,0,5851,90060,90160,0,5262,-1,0,0.4,0.6,0.6,0.6,1,0.8,0.8,0.8,1,0,0,0,-1,-1,128,2002,-1,10000200,30,112,0,100,-1,20011871,-1,-1,5272,-1,-1,-1,-1,-1,-1,-1,-1,-1,-1,-1,-1,0,-1,0,0,0,1,1,1,0,0,-1,-1,0,0,0,0,0,0,-1,-1,-1,0,0,0,180,100,0.1,-1,-1,-1,-1,1.8,0,0,0,0,0,1,0,-1,-1,-1,-1,-1,-1,-1,-1,-1,0.1,0.4,-1,0,0,80,0.29,100,3002,-1,5002,6000,-1,0,0.5,0.6,0,-1,[0|0|0|0]
52501101,Horned Warrior,0,0,[0|0|0],52500,1002,0,120,2.3,0.5,130,0,453,0,0,525000110,-1,10,0,0,-1,0,0.6,-1,5401,5304,5362,7200,0,0,0,0,-1,0,0,0,0,0,-1,-1,-1,-1,-1,-1,110,3000,3001,3002,3003,3004,3005,3006,3007,3008,3009,6001,6000,0,1,1,1,1,1,1,1,1,1.5,0.23076923,0,150,21,100,0,0,0,100,100,100,0,112,112,112,999,-1,-1,0,0,0,0,-1,-1,1,0,0,0,0,63,999,0,0,-1,10,0,12,0,0,6,3,40,110,110,0,0,4,0,0,0,0,0,0,0,0,0,0,22,7,0,0,0,0,0,0,0,0,0,1,0,0,0,0,0,0,0,0,1,0,0,0,0,0,0,0,0,0,0,0,0,0,0,0,1,0,0,1,0,0,0,0,0,0,1,0,0,1,0,0,0,0,0,0,0,0,0,2.3,0.5,0,0,0,0,0,0,1,0,0,100,1,0,2,106,106,139,112,139,109,0,90030,0,5851,90060,90160,0,5262,-1,0,0.4,0.6,0.6,0.6,1,0.8,0.8,0.8,1,0,0,0,-1,-1,128,2002,-1,10000200,30,112,0,100,-1,20011871,-1,-1,5272,-1,-1,-1,-1,-1,-1,-1,-1,-1,-1,-1,-1,0,-1,0,0,0,1,1,1,0,0,-1,-1,0,0,0,0,0,0,-1,-1,-1,0,0,0,180,100,0.1,-1,-1,-1,-1,1.8,0,0,0,0,0,1,0,-1,-1,-1,-1,-1,-1,-1,-1,-1,0.1,0.4,-1,0,0,80,0.29,100,3002,-1,5002,6000,-1,0,0.5,0.6,0,-1,[0|0|0|0]
52501189,Horned Warrior,0,0,[0|0|0],52500,1002,0,120,2.3,0.5,130,0,453,0,8843,525000110,-1,10,0,0,-1,0,0.6,-1,5401,5304,5362,20007110,0,0,0,0,20007510,0,0,0,0,0,-1,-1,-1,-1,-1,-1,110,3000,3001,3002,3003,3004,3005,3006,3007,3008,3009,6001,6000,0,1,1,1,1,1,1,1,1,1.5,0.23076923,0,150,21,100,0,0,0,100,100,100,0,112,112,112,999,-1,-1,0,0,0,0,-1,-1,1,0,0,0,0,63,999,0,0,-1,10,0,12,0,0,6,3,40,110,110,0,0,4,0,0,0,0,0,0,0,0,0,0,22,7,0,0,0,0,0,0,0,0,0,1,0,0,0,0,0,0,0,0,1,0,0,0,0,0,0,0,0,0,0,0,0,0,0,0,1,0,0,1,0,0,0,0,0,0,1,0,0,1,0,0,0,0,0,0,0,0,0,2.3,0.5,0,0,0,0,0,0,1,0,0,100,1,0,2,106,106,139,112,139,109,0,90030,0,5851,90060,90160,0,5262,-1,0,0.4,0.6,0.6,0.6,1,0.8,0.8,0.8,1,0,0,0,-1,-1,128,2002,-1,10000200,30,112,0,100,-1,20011871,-1,-1,5272,-1,-1,-1,-1,-1,-1,-1,-1,-1,-1,-1,-1,0,-1,0,0,0,1,1,1,0,0,-1,-1,0,0,0,0,0,0,-1,-1,-1,0,0,0,180,100,0.1,-1,-1,-1,-1,1.8,0,0,0,0,0,1,0,-1,-1,-1,-1,-1,-1,-1,-1,-1,0.1,0.4,-1,0,0,80,0.29,100,3002,-1,5002,6000,-1,0,0.5,0.6,0,20008510,[0|0|0|0]
52501200,Horned Warrior,0,0,[0|0|0],52500,1002,0,120,2.3,0.5,130,0,607,0,0,525000120,-1,10,0,0,-1,0,0.6,-1,5401,5304,5362,0,0,0,0,0,-1,0,0,0,0,0,-1,-1,-1,-1,-1,-1,110,3000,3001,3002,3003,3004,3005,3006,3007,3008,3009,6001,6000,0,1,1,1,1,1,1,1,1,1.5,0.23076923,0,150,21,100,0,0,0,100,100,100,0,112,112,112,999,-1,-1,0,0,0,0,-1,-1,1,0,0,0,0,63,999,0,0,-1,10,0,12,0,0,6,3,40,110,110,0,0,4,0,0,0,0,0,0,0,0,0,0,22,7,0,0,0,0,0,0,0,0,0,1,0,0,0,0,0,0,0,0,1,0,0,0,0,0,0,0,0,0,0,0,0,0,0,0,1,0,0,1,0,0,0,0,0,0,1,0,0,1,0,0,0,0,0,0,0,0,0,2.3,0.5,0,0,0,0,0,0,1,0,0,100,1,0,2,106,106,139,112,139,109,0,90030,0,5851,90060,90160,0,5262,-1,0,0.4,0.6,0.6,0.6,1,0.8,0.8,0.8,1,0,0,0,-1,-1,128,2002,-1,10000200,30,112,0,100,-1,20011871,20011880,-1,5272,-1,-1,-1,-1,-1,-1,-1,-1,-1,-1,-1,-1,0,-1,0,0,0,1,1,1,0,0,-1,-1,0,0,0,0,0,0,-1,-1,-1,0,0,0,180,100,0.1,-1,-1,-1,-1,1.8,0,0,0,0,0,1,0,-1,-1,-1,-1,-1,-1,-1,-1,-1,0.1,0.4,-1,0,0,80,0.29,100,3002,-1,5002,6000,-1,0,0.5,0.6,0,-1,[0|0|0|0]
52501201,Horned Warrior,0,0,[0|0|0],52500,1002,0,120,2.3,0.5,130,0,607,0,0,525000120,-1,10,0,0,-1,0,0.6,-1,5401,5304,5362,7200,0,0,0,0,-1,0,0,0,0,0,-1,-1,-1,-1,-1,-1,110,3000,3001,3002,3003,3004,3005,3006,3007,3008,3009,6001,6000,0,1,1,1,1,1,1,1,1,1.5,0.23076923,0,150,21,100,0,0,0,100,100,100,0,112,112,112,999,-1,-1,0,0,0,0,-1,-1,1,0,0,0,0,63,999,0,0,-1,10,0,12,0,0,6,3,40,110,110,0,0,4,0,0,0,0,0,0,0,0,0,0,22,7,0,0,0,0,0,0,0,0,0,1,0,0,0,0,0,0,0,0,1,0,0,0,0,0,0,0,0,0,0,0,0,0,0,0,1,0,0,1,0,0,0,0,0,0,1,0,0,1,0,0,0,0,0,0,0,0,0,2.3,0.5,0,0,0,0,0,0,1,0,0,100,1,0,2,106,106,139,112,139,109,0,90030,0,5851,90060,90160,0,5262,-1,0,0.4,0.6,0.6,0.6,1,0.8,0.8,0.8,1,0,0,0,-1,-1,128,2002,-1,10000200,30,112,0,100,-1,20011871,20011880,-1,5272,-1,-1,-1,-1,-1,-1,-1,-1,-1,-1,-1,-1,0,-1,0,0,0,1,1,1,0,0,-1,-1,0,0,0,0,0,0,-1,-1,-1,0,0,0,180,100,0.1,-1,-1,-1,-1,1.8,0,0,0,0,0,1,0,-1,-1,-1,-1,-1,-1,-1,-1,-1,0.1,0.4,-1,0,0,80,0.29,100,3002,-1,5002,6000,-1,0,0.5,0.6,0,-1,[0|0|0|0]
52501289,Horned Warrior,0,0,[0|0|0],52500,1002,0,120,2.3,0.5,130,0,607,0,8843,525000120,-1,10,0,0,-1,0,0.6,-1,5401,5304,5362,20007110,0,0,0,0,20007510,0,0,0,0,0,-1,-1,-1,-1,-1,-1,110,3000,3001,3002,3003,3004,3005,3006,3007,3008,3009,6001,6000,0,1,1,1,1,1,1,1,1,1.5,0.23076923,0,150,21,100,0,0,0,100,100,100,0,112,112,112,999,-1,-1,0,0,0,0,-1,-1,1,0,0,0,0,63,999,0,0,-1,10,0,12,0,0,6,3,40,110,110,0,0,4,0,0,0,0,0,0,0,0,0,0,22,7,0,0,0,0,0,0,0,0,0,1,0,0,0,0,0,0,0,0,1,0,0,0,0,0,0,0,0,0,0,0,0,0,0,0,1,0,0,1,0,0,0,0,0,0,1,0,0,1,0,0,0,0,0,0,0,0,0,2.3,0.5,0,0,0,0,0,0,1,0,0,100,1,0,2,106,106,139,112,139,109,0,90030,0,5851,90060,90160,0,5262,-1,0,0.4,0.6,0.6,0.6,1,0.8,0.8,0.8,1,0,0,0,-1,-1,128,2002,-1,10000200,30,112,0,100,-1,20011871,20011880,-1,5272,-1,-1,-1,-1,-1,-1,-1,-1,-1,-1,-1,-1,0,-1,0,0,0,1,1,1,0,0,-1,-1,0,0,0,0,0,0,-1,-1,-1,0,0,0,180,100,0.1,-1,-1,-1,-1,1.8,0,0,0,0,0,1,0,-1,-1,-1,-1,-1,-1,-1,-1,-1,0.1,0.4,-1,0,0,80,0.29,100,3002,-1,5002,6000,-1,0,0.5,0.6,0,20008510,[0|0|0|0]
52501300,Horned Warrior,0,0,[0|0|0],52500,1002,0,120,2.3,0.5,130,0,607,0,0,525000130,-1,10,0,0,-1,0,0.6,-1,5401,5304,5362,0,0,0,0,0,-1,0,0,0,0,0,-1,-1,-1,-1,-1,-1,110,3000,3001,3002,3003,3004,3005,3006,3007,3008,3009,6001,6000,0,1,1,1,1,1,1,1,1,1.5,0.23076923,0,150,21,100,0,0,0,100,100,100,0,112,112,112,999,-1,-1,0,0,0,0,-1,-1,1,0,0,0,0,63,999,0,0,-1,10,0,12,0,0,6,3,40,110,110,0,0,4,0,0,0,0,0,0,0,0,0,0,22,7,0,0,0,0,0,0,0,0,0,1,0,0,0,0,0,0,0,0,1,0,0,0,0,0,0,0,0,0,0,0,0,0,0,0,1,0,0,1,0,0,0,0,0,0,1,0,0,1,0,0,0,0,0,0,0,0,0,2.3,0.5,0,0,0,0,0,0,1,0,0,100,1,0,2,106,106,139,112,139,109,0,90030,0,5851,90060,90160,0,5262,-1,0,0.4,0.6,0.6,0.6,1,0.8,0.8,0.8,1,0,0,0,-1,-1,128,2002,-1,10000200,30,112,0,100,-1,20011871,20011881,-1,5272,-1,-1,-1,-1,-1,-1,-1,-1,-1,-1,-1,-1,0,-1,0,0,0,1,1,1,0,0,-1,-1,0,0,0,0,0,0,-1,-1,-1,0,0,0,180,100,0.1,-1,-1,-1,-1,1.8,0,0,0,0,0,1,0,-1,-1,-1,-1,-1,-1,-1,-1,-1,0.1,0.4,-1,0,0,80,0.29,100,3002,-1,5002,6000,-1,0,0.5,0.6,0,-1,[0|0|0|0]
52501301,Horned Warrior,0,0,[0|0|0],52500,1002,0,120,2.3,0.5,130,0,607,0,0,525000130,-1,10,0,0,-1,0,0.6,-1,5401,5304,5362,7200,0,0,0,0,-1,0,0,0,0,0,-1,-1,-1,-1,-1,-1,110,3000,3001,3002,3003,3004,3005,3006,3007,3008,3009,6001,6000,0,1,1,1,1,1,1,1,1,1.5,0.23076923,0,150,21,100,0,0,0,100,100,100,0,112,112,112,999,-1,-1,0,0,0,0,-1,-1,1,0,0,0,0,63,999,0,0,-1,10,0,12,0,0,6,3,40,110,110,0,0,4,0,0,0,0,0,0,0,0,0,0,22,7,0,0,0,0,0,0,0,0,0,1,0,0,0,0,0,0,0,0,1,0,0,0,0,0,0,0,0,0,0,0,0,0,0,0,1,0,0,1,0,0,0,0,0,0,1,0,0,1,0,0,0,0,0,0,0,0,0,2.3,0.5,0,0,0,0,0,0,1,0,0,100,1,0,2,106,106,139,112,139,109,0,90030,0,5851,90060,90160,0,5262,-1,0,0.4,0.6,0.6,0.6,1,0.8,0.8,0.8,1,0,0,0,-1,-1,128,2002,-1,10000200,30,112,0,100,-1,20011871,20011881,-1,5272,-1,-1,-1,-1,-1,-1,-1,-1,-1,-1,-1,-1,0,-1,0,0,0,1,1,1,0,0,-1,-1,0,0,0,0,0,0,-1,-1,-1,0,0,0,180,100,0.1,-1,-1,-1,-1,1.8,0,0,0,0,0,1,0,-1,-1,-1,-1,-1,-1,-1,-1,-1,0.1,0.4,-1,0,0,80,0.29,100,3002,-1,5002,6000,-1,0,0.5,0.6,0,-1,[0|0|0|0]
52501389,Horned Warrior,0,0,[0|0|0],52500,1002,0,120,2.3,0.5,130,0,607,0,8843,525000130,-1,10,0,0,-1,0,0.6,-1,5401,5304,5362,20007110,0,0,0,0,20007510,0,0,0,0,0,-1,-1,-1,-1,-1,-1,110,3000,3001,3002,3003,3004,3005,3006,3007,3008,3009,6001,6000,0,1,1,1,1,1,1,1,1,1.5,0.23076923,0,150,21,100,0,0,0,100,100,100,0,112,112,112,999,-1,-1,0,0,0,0,-1,-1,1,0,0,0,0,63,999,0,0,-1,10,0,12,0,0,6,3,40,110,110,0,0,4,0,0,0,0,0,0,0,0,0,0,22,7,0,0,0,0,0,0,0,0,0,1,0,0,0,0,0,0,0,0,1,0,0,0,0,0,0,0,0,0,0,0,0,0,0,0,1,0,0,1,0,0,0,0,0,0,1,0,0,1,0,0,0,0,0,0,0,0,0,2.3,0.5,0,0,0,0,0,0,1,0,0,100,1,0,2,106,106,139,112,139,109,0,90030,0,5851,90060,90160,0,5262,-1,0,0.4,0.6,0.6,0.6,1,0.8,0.8,0.8,1,0,0,0,-1,-1,128,2002,-1,10000200,30,112,0,100,-1,20011871,20011881,-1,5272,-1,-1,-1,-1,-1,-1,-1,-1,-1,-1,-1,-1,0,-1,0,0,0,1,1,1,0,0,-1,-1,0,0,0,0,0,0,-1,-1,-1,0,0,0,180,100,0.1,-1,-1,-1,-1,1.8,0,0,0,0,0,1,0,-1,-1,-1,-1,-1,-1,-1,-1,-1,0.1,0.4,-1,0,0,80,0.29,100,3002,-1,5002,6000,-1,0,0.5,0.6,0,20008510,[0|0|0|0]
52501400,Horned Warrior,0,0,[0|0|0],52500,1002,0,120,2.3,0.5,130,0,753,0,0,525000140,-1,10,0,0,-1,0,0.6,-1,5401,5304,5362,0,0,0,0,0,-1,0,0,0,0,0,-1,-1,-1,-1,-1,-1,110,3000,3001,3002,3003,3004,3005,3006,3007,3008,3009,6001,6000,0,1,1,1,1,1,1,1,1,1.5,0.23076923,0,150,21,100,0,0,0,100,100,100,0,112,112,112,999,-1,-1,0,0,0,0,-1,-1,1,0,0,0,0,63,999,0,0,-1,10,0,12,0,0,6,3,40,110,110,0,0,4,0,0,0,0,0,0,0,0,0,0,22,7,0,0,0,0,0,0,0,0,0,1,0,0,0,0,0,0,0,0,1,0,0,0,0,0,0,0,0,0,0,0,0,0,0,0,1,0,0,1,0,0,0,0,0,0,1,0,0,1,0,0,0,0,0,0,0,0,0,2.3,0.5,0,0,0,0,0,0,1,0,0,100,1,0,2,106,106,139,112,139,109,0,90030,0,5851,90060,90160,0,5262,-1,0,0.4,0.6,0.6,0.6,1,0.8,0.8,0.8,1,0,0,0,-1,-1,128,2002,-1,10000200,30,112,0,100,-1,20011871,20011882,-1,5272,-1,-1,-1,-1,-1,-1,-1,-1,-1,-1,-1,-1,0,-1,0,0,0,1,1,1,0,0,-1,-1,0,0,0,0,0,0,-1,-1,-1,0,0,0,180,100,0.1,-1,-1,-1,-1,1.8,0,0,0,0,0,1,0,-1,-1,-1,-1,-1,-1,-1,-1,-1,0.1,0.4,-1,0,0,80,0.29,100,3002,-1,5002,6000,-1,0,0.5,0.6,0,-1,[0|0|0|0]
52501401,Horned Warrior,0,0,[0|0|0],52500,1002,0,120,2.3,0.5,130,0,753,0,0,525000140,-1,10,0,0,-1,0,0.6,-1,5401,5304,5362,7200,0,0,0,0,-1,0,0,0,0,0,-1,-1,-1,-1,-1,-1,110,3000,3001,3002,3003,3004,3005,3006,3007,3008,3009,6001,6000,0,1,1,1,1,1,1,1,1,1.5,0.23076923,0,150,21,100,0,0,0,100,100,100,0,112,112,112,999,-1,-1,0,0,0,0,-1,-1,1,0,0,0,0,63,999,0,0,-1,10,0,12,0,0,6,3,40,110,110,0,0,4,0,0,0,0,0,0,0,0,0,0,22,7,0,0,0,0,0,0,0,0,0,1,0,0,0,0,0,0,0,0,1,0,0,0,0,0,0,0,0,0,0,0,0,0,0,0,1,0,0,1,0,0,0,0,0,0,1,0,0,1,0,0,0,0,0,0,0,0,0,2.3,0.5,0,0,0,0,0,0,1,0,0,100,1,0,2,106,106,139,112,139,109,0,90030,0,5851,90060,90160,0,5262,-1,0,0.4,0.6,0.6,0.6,1,0.8,0.8,0.8,1,0,0,0,-1,-1,128,2002,-1,10000200,30,112,0,100,-1,20011871,20011882,-1,5272,-1,-1,-1,-1,-1,-1,-1,-1,-1,-1,-1,-1,0,-1,0,0,0,1,1,1,0,0,-1,-1,0,0,0,0,0,0,-1,-1,-1,0,0,0,180,100,0.1,-1,-1,-1,-1,1.8,0,0,0,0,0,1,0,-1,-1,-1,-1,-1,-1,-1,-1,-1,0.1,0.4,-1,0,0,80,0.29,100,3002,-1,5002,6000,-1,0,0.5,0.6,0,-1,[0|0|0|0]
52501489,Horned Warrior,0,0,[0|0|0],52500,1002,0,120,2.3,0.5,130,0,753,0,9439,525000140,-1,10,0,0,-1,0,0.6,-1,5401,5304,5362,20007110,0,0,0,0,20007510,0,0,0,0,0,-1,-1,-1,-1,-1,-1,110,3000,3001,3002,3003,3004,3005,3006,3007,3008,3009,6001,6000,0,1,1,1,1,1,1,1,1,1.5,0.23076923,0,150,21,100,0,0,0,100,100,100,0,112,112,112,999,-1,-1,0,0,0,0,-1,-1,1,0,0,0,0,63,999,0,0,-1,10,0,12,0,0,6,3,70,110,110,0,0,4,0,0,0,0,0,0,0,0,0,0,22,7,0,0,0,0,0,0,0,0,0,1,0,0,0,0,0,0,0,0,1,0,0,0,0,0,0,0,0,0,0,0,0,0,0,0,1,0,0,1,0,0,0,0,0,0,1,0,0,1,0,0,0,0,0,0,0,0,0,2.3,0.5,0,0,0,0,0,0,1,0,0,100,1,0,2,106,106,139,112,139,109,0,90030,0,5851,90060,90160,0,5262,-1,0,0.4,0.6,0.6,0.6,1,0.8,0.8,0.8,1,0,0,0,-1,-1,128,2002,-1,10000200,30,112,0,100,-1,20011871,20011882,-1,5272,-1,-1,-1,-1,-1,-1,-1,-1,-1,-1,-1,-1,0,-1,0,0,0,1,1,1,0,0,-1,-1,0,0,0,0,0,0,-1,-1,-1,0,0,0,180,100,0.1,-1,-1,-1,-1,1.8,0,0,0,0,0,1,0,-1,-1,-1,-1,-1,-1,-1,-1,-1,0.1,0.4,-1,0,0,80,0.29,100,3002,-1,5002,6000,-1,0,0.5,0.6,0,20008510,[0|0|0|0]
52501989,Horned Warrior,0,0,[0|0|0],52500,1002,0,120,2.3,0.5,130,0,753,0,0,525000140,-1,10,0,0,-1,0,0.6,-1,5401,5304,5362,20007110,0,0,0,0,20007510,0,0,0,0,0,-1,-1,-1,-1,-1,-1,110,3000,3001,3002,3003,3004,3005,3006,3007,3008,3009,6001,6000,0,1,1,1,1,1,1,1,1,1.5,0.23076923,0,150,21,100,0,0,0,100,100,100,0,112,112,112,999,-1,-1,0,0,0,0,-1,-1,1,0,0,0,0,63,999,0,0,-1,10,0,12,0,0,6,3,70,110,110,0,0,4,0,0,0,0,0,0,0,0,0,0,22,7,0,0,0,0,0,0,0,0,0,1,0,0,0,0,0,0,0,0,1,0,0,0,0,0,0,0,0,0,0,0,0,0,0,0,1,0,0,1,0,0,0,0,0,0,1,0,0,1,0,0,0,0,0,0,0,0,0,2.3,0.5,0,0,0,0,0,0,1,0,0,100,1,0,2,106,106,139,112,139,109,0,90030,0,5851,90060,90160,0,5262,-1,0,0.4,0.6,0.6,0.6,1,0.8,0.8,0.8,1,0,0,0,-1,-1,128,2002,-1,10000200,30,112,0,100,-1,20011871,20011882,-1,5272,-1,-1,-1,-1,-1,-1,-1,-1,-1,-1,-1,-1,0,-1,0,0,0,1,1,1,0,0,-1,-1,0,0,0,0,0,0,-1,-1,-1,0,0,0,180,100,0.1,-1,-1,-1,-1,1.8,0,0,0,0,0,1,0,-1,-1,-1,-1,-1,-1,-1,-1,-1,0.1,0.4,-1,0,0,80,0.29,100,3002,-1,5002,6000,-1,0,0.5,0.6,0,20008510,[0|0|0|0]
52502000,Horned Warrior,0,0,[0|0|0],52500,1002,0,120,2.3,0.5,130,0,141,0,0,525000200,-1,10,0,0,-1,0,0.6,-1,5402,5304,5362,0,0,0,0,0,-1,0,0,0,0,0,-1,-1,-1,-1,-1,-1,110,3000,3001,3002,3003,3004,3005,3006,3007,3008,3009,6001,6000,0,1,1,1,1,1,1,1,1,1.5,-0.53846157,0,150,21,100,0,0,0,100,100,100,0,112,112,112,999,-1,-1,0,0,0,0,-1,-1,1,0,0,0,0,63,999,0,0,-1,10,0,12,0,0,6,3,40,110,110,0,0,4,0,0,0,0,0,0,0,0,0,0,22,7,0,0,0,0,0,0,1,0,0,0,0,0,0,0,0,0,0,0,1,0,0,0,0,0,0,0,0,0,0,0,0,0,0,0,1,0,0,1,0,0,0,0,0,0,1,0,0,0,1,0,0,0,0,0,0,0,0,2.3,0.5,0,0,0,0,0,0,1,0,0,100,1,0,2,106,106,139,112,139,109,0,90030,0,5851,90060,90160,0,5262,-1,0,0.4,1,1,1,1,1,1,1,1,0,0,0,-1,-1,128,2002,-1,10000200,30,112,0,100,-1,-1,-1,-1,-1,-1,-1,-1,-1,-1,-1,-1,-1,-1,-1,-1,-1,0,-1,1,0,0,1,1,1,0,0,-1,-1,0,0,0,0,0,0,-1,-1,-1,30,0,0,180,100,0.1,-1,-1,-1,-1,1.8,0,0,0,0,0,1,0,-1,-1,-1,-1,-1,-1,-1,-1,-1,0.1,0.4,-1,0,0,30,0.29,100,3002,-1,5002,6000,-1,0,0.5,0.6,0,-1,[0|0|0|0]
52502001,Horned Warrior,0,0,[0|0|0],52500,1002,0,120,2.3,0.5,130,0,141,0,0,525000200,-1,10,0,0,-1,0,0.6,-1,5402,5304,5362,7200,0,0,0,0,-1,0,0,0,0,0,-1,-1,-1,-1,-1,-1,110,3000,3001,3002,3003,3004,3005,3006,3007,3008,3009,6001,6000,0,1,1,1,1,1,1,1,1,1.5,-0.53846157,0,150,21,100,0,0,0,100,100,100,0,112,112,112,999,-1,-1,0,0,0,0,-1,-1,1,0,0,0,0,63,999,0,0,-1,10,0,12,0,0,6,3,40,110,110,0,0,4,0,0,0,0,0,0,0,0,0,0,22,7,0,0,0,0,0,0,1,0,0,0,0,0,0,0,0,0,0,0,1,0,0,0,0,0,0,0,0,0,0,0,0,0,0,0,1,0,0,1,0,0,0,0,0,0,1,0,0,0,1,0,0,0,0,0,0,0,0,2.3,0.5,0,0,0,0,0,0,1,0,0,100,1,0,2,106,106,139,112,139,109,0,90030,0,5851,90060,90160,0,5262,-1,0,0.4,1,1,1,1,1,1,1,1,0,0,0,-1,-1,128,2002,-1,10000200,30,112,0,100,-1,-1,-1,-1,-1,-1,-1,-1,-1,-1,-1,-1,-1,-1,-1,-1,-1,0,-1,1,0,0,1,1,1,0,0,-1,-1,0,0,0,0,0,0,-1,-1,-1,30,0,0,180,100,0.1,-1,-1,-1,-1,1.8,0,0,0,0,0,1,0,-1,-1,-1,-1,-1,-1,-1,-1,-1,0.1,0.4,-1,0,0,30,0.29,100,3002,-1,5002,6000,-1,0,0.5,0.6,0,-1,[0|0|0|0]
52502089,Horned Warrior,0,0,[0|0|0],52500,1002,0,120,2.3,0.5,130,0,141,0,0,525000200,-1,10,0,0,-1,0,0.6,-1,5402,5304,5362,20007110,0,0,0,0,20007510,0,0,0,0,0,-1,-1,-1,-1,-1,-1,110,3000,3001,3002,3003,3004,3005,3006,3007,3008,3009,6001,6000,0,1,1,1,1,1,1,1,1,1.5,-0.53846157,0,150,21,100,0,0,0,100,100,100,0,112,112,112,999,-1,-1,0,0,0,0,-1,-1,1,0,0,0,0,63,999,0,0,-1,10,0,12,0,0,6,3,40,110,110,0,0,4,0,0,0,0,0,0,0,0,0,0,22,7,0,0,0,0,0,0,1,0,0,0,0,0,0,0,0,0,0,0,1,0,0,0,0,0,0,0,0,0,0,0,0,0,0,0,1,0,0,1,0,0,0,0,0,0,1,0,0,0,1,0,0,0,0,0,0,0,0,2.3,0.5,0,0,0,0,0,0,1,0,0,100,1,0,2,106,106,139,112,139,109,0,90030,0,5851,90060,90160,0,5262,-1,0,0.4,1,1,1,1,1,1,1,1,0,0,0,-1,-1,128,2002,-1,10000200,30,112,0,100,-1,-1,-1,-1,-1,-1,-1,-1,-1,-1,-1,-1,-1,-1,-1,-1,-1,0,-1,1,0,0,1,1,1,0,0,-1,-1,0,0,0,0,0,0,-1,-1,-1,30,0,0,180,100,0.1,-1,-1,-1,-1,1.8,0,0,0,0,0,1,0,-1,-1,-1,-1,-1,-1,-1,-1,-1,0.1,0.4,-1,0,0,30,0.29,100,3002,-1,5002,6000,-1,0,0.5,0.6,0,20008510,[0|0|0|0]
55110000,Shade,0,0,[0|0|0],55110,1000,0,30,1.8,0.3,130,0,376,0,0,551100000,-1,10,0,0,-1,0,0.4,-1,5402,0,0,0,0,0,0,0,-1,100,0,0,0,0,-1,-1,-1,-1,-1,-1,16,3000,3001,3002,3003,3004,3005,3006,3007,3008,3009,6001,6000,0,1,1,1,1,1,1,1,1,1.5,-0.23076923,0,50,21,100,0,0,0,100,100,100,0,63,63,63,999,-1,-1,0,0,0,0,-1,-1,0,0,0,0,0,63,999,0,0,-1,10,0,11,0,0,6,11,40,148,148,0,0,2,0,0,0,0,0,0,0,0,0,0,22,7,0,0,0,0,0,0,0,0,1,0,0,0,0,0,0,0,0,0,0,1,0,0,0,0,0,0,0,0,0,0,0,0,0,0,1,0,0,1,0,0,0,0,0,0,0,0,0,0,0,0,0,0,0,0,0,0,0,1.8,0.3,0,0,0,0,0,0,0,0,0,100,1,0,1,147,147,139,139,139,139,0,90030,0,0,90060,90161,90200,5261,-1,35,0.4,1.4,1.4,1.4,1.4,1.4,0.6,1.4,1.4,0,0,0,-1,-1,128,2000,-1,10000100,30,63,0,100,-1,5800,6000,17000,-1,20012950,5841,-1,-1,17008,-1,-1,-1,-1,-1,-1,-1,0,2,0,0,0,1,1,1,0,0,-1,-1,0,0,0,0,0,0,-1,-1,3661,0,0,0,180,50,0.1,-1,-1,5510,5511,1.8,0,0,0,0,0,1,0,-1,-1,-1,-1,-1,-1,-1,-1,-1,0.1,0.4,-1,0,0,50,0.29,100,3000,-1,5000,6000,-1,0,0.5,0.6,0,-1,[0|0|0|0]
55110098,Shade,0,0,[0|0|0],55110,1000,0,30,1.8,0.3,130,0,376,0,1556,551100000,-1,10,0,0,-1,0,0.4,-1,5402,0,0,20007060,0,0,0,0,20007460,100,0,0,0,0,-1,-1,-1,-1,-1,-1,16,3000,3001,3002,3003,3004,3005,3006,3007,3008,3009,6001,6000,0,1,1,1,1,1,1,1,1,1.5,-0.23076923,0,50,21,100,0,0,0,100,100,100,0,63,63,63,999,-1,-1,0,0,0,0,-1,-1,0,0,0,0,0,63,999,0,0,-1,10,0,11,0,0,6,11,40,148,148,0,0,2,0,0,0,0,0,0,0,0,0,0,22,7,0,0,0,0,0,0,0,0,1,0,0,0,0,0,0,0,0,0,0,1,0,0,0,0,0,0,0,0,0,0,0,0,0,0,1,0,0,1,0,0,0,0,0,0,0,0,0,0,0,0,0,0,0,0,0,0,0,1.8,0.3,0,0,0,0,0,0,0,0,0,100,1,0,1,147,147,139,139,139,139,0,90030,0,0,90060,90161,90200,5261,-1,35,0.4,1.4,1.4,1.4,1.4,1.4,0.6,1.4,1.4,0,0,0,-1,-1,128,2000,-1,10000100,30,63,0,100,-1,5800,6000,17000,-1,20012950,5841,-1,-1,17008,-1,-1,-1,-1,-1,-1,-1,0,2,0,0,0,1,1,1,0,0,-1,-1,0,0,0,0,0,0,-1,-1,3661,0,0,0,180,50,0.1,-1,-1,5510,5511,1.8,0,0,0,0,0,1,0,-1,-1,-1,-1,-1,-1,-1,-1,-1,0.1,0.4,-1,0,0,50,0.29,100,3000,-1,5000,6000,-1,0,0.5,0.6,0,20008460,[0|0|0|0]
55110100,Shade,0,0,[0|0|0],55110,1000,0,30,1.8,0.3,130,0,376,0,0,551100100,-1,10,0,0,-1,0,0.4,-1,5402,0,0,0,0,0,0,0,-1,100,0,0,0,0,-1,-1,-1,-1,-1,-1,16,3000,3001,3002,3003,3004,3005,3006,3007,3008,3009,6001,6000,0,1,1,1,1,1,1,1,1,1.5,-0.23076923,0,50,21,100,0,0,0,100,100,100,0,63,63,63,999,-1,-1,0,0,0,0,-1,-1,0,0,0,0,0,63,999,0,0,-1,10,0,11,0,0,6,11,40,148,148,0,0,2,0,0,0,0,0,0,0,0,0,0,22,7,0,0,0,0,0,0,0,0,1,0,0,0,0,0,0,0,0,0,0,1,0,0,0,0,0,0,0,0,0,0,0,0,0,0,1,0,0,1,0,0,0,0,0,0,0,0,0,0,0,0,0,0,0,0,0,0,0,1.8,0.3,0,0,0,0,0,0,0,0,0,100,1,0,1,147,147,139,139,139,139,0,90030,0,0,90060,90161,90200,5261,-1,35,0.4,1.4,1.4,1.4,1.4,1.4,0.6,1.4,1.4,0,0,0,-1,-1,128,2000,-1,10000100,30,63,0,100,-1,5800,6000,17002,-1,20012950,5841,-1,-1,17008,-1,-1,-1,-1,-1,-1,-1,0,2,0,0,0,1,1,1,0,0,-1,-1,0,0,0,0,0,0,-1,-1,3661,0,0,0,180,50,0.1,-1,-1,5510,5511,1.8,0,0,0,0,0,1,0,-1,-1,-1,-1,-1,-1,-1,-1,-1,0.1,0.4,-1,0,0,50,0.29,100,3000,-1,5000,6000,-1,0,0.5,0.6,0,-1,[0|0|0|0]
55110198,Shade,0,0,[0|0|0],55110,1000,0,30,1.8,0.3,130,0,376,0,1556,551100100,-1,10,0,0,-1,0,0.4,-1,5402,0,0,20007060,0,0,0,0,20007460,100,0,0,0,0,-1,-1,-1,-1,-1,-1,16,3000,3001,3002,3003,3004,3005,3006,3007,3008,3009,6001,6000,0,1,1,1,1,1,1,1,1,1.5,-0.23076923,0,50,21,100,0,0,0,100,100,100,0,63,63,63,999,-1,-1,0,0,0,0,-1,-1,0,0,0,0,0,63,999,0,0,-1,10,0,11,0,0,6,11,40,148,148,0,0,2,0,0,0,0,0,0,0,0,0,0,22,7,0,0,0,0,0,0,0,0,1,0,0,0,0,0,0,0,0,0,0,1,0,0,0,0,0,0,0,0,0,0,0,0,0,0,1,0,0,1,0,0,0,0,0,0,0,0,0,0,0,0,0,0,0,0,0,0,0,1.8,0.3,0,0,0,0,0,0,0,0,0,100,1,0,1,147,147,139,139,139,139,0,90030,0,0,90060,90161,90200,5261,-1,35,0.4,1.4,1.4,1.4,1.4,1.4,0.6,1.4,1.4,0,0,0,-1,-1,128,2000,-1,10000100,30,63,0,100,-1,5800,6000,17002,-1,20012950,5841,-1,-1,17008,-1,-1,-1,-1,-1,-1,-1,0,2,0,0,0,1,1,1,0,0,-1,-1,0,0,0,0,0,0,-1,-1,3661,0,0,0,180,50,0.1,-1,-1,5510,5511,1.8,0,0,0,0,0,1,0,-1,-1,-1,-1,-1,-1,-1,-1,-1,0.1,0.4,-1,0,0,50,0.29,100,3000,-1,5000,6000,-1,0,0.5,0.6,0,20008460,[0|0|0|0]
55120000,Shade,0,0,[0|0|0],55120,1000,0,30,1.8,0.3,130,0,626,0,0,551200000,-1,10,0,0,-1,0,0.55,-1,5403,0,0,0,0,0,0,0,-1,100,0,0,0,0,-1,-1,-1,-1,-1,-1,16,3000,3001,3002,3003,3004,3005,3006,3007,3008,3009,6001,6000,0,1,1,1,1,1,1,1,1,1.5,-0.15384616,0,50,21,100,0,0,0,100,100,100,0,63,63,63,999,-1,-1,0,0,0,0,-1,5510,0,0,0,0,0,63,999,0,0,-1,10,0,11,0,0,6,11,40,148,148,0,0,2,0,0,0,0,0,0,0,0,0,0,27,7,0,0,0,0,0,0,0,0,1,0,0,0,0,0,0,0,0,0,0,1,0,0,0,0,0,0,0,0,0,0,0,0,0,0,1,0,0,1,0,0,0,0,0,0,0,0,0,0,0,0,0,0,0,0,0,0,0,1.8,0.3,0,0,0,0,0,0,0,0,0,100,1,0,1,147,147,139,139,139,139,0,90030,0,0,90060,90161,90200,5261,-1,35,0.4,1.4,1.4,1.4,1.4,1.4,0.6,1.4,1.4,0,0,0,-1,-1,128,2000,-1,10000100,30,63,0,100,-1,5800,6000,17000,17009,20012951,5841,-1,-1,17008,-1,-1,-1,-1,-1,-1,-1,0,2,0,0,0,1,1,1,0,0,-1,-1,0,0,0,0,0,0,-1,-1,3661,0,0,0,180,50,0.1,-1,-1,5510,5511,1.8,0,0,0,0,0,1.3,-0.2,-1,-1,-1,-1,-1,-1,-1,-1,-1,0.1,0.4,-1,0,0,55,0.29,100,3000,-1,5000,6000,-1,0,0.5,0.6,0,-1,[0|0|0|0]
55120098,Shade,0,0,[0|0|0],55120,1000,0,30,1.8,0.3,130,0,626,0,0,551200000,-1,10,0,0,-1,0,0.55,-1,5403,0,0,20007060,0,0,0,0,20007460,100,0,0,0,0,-1,-1,-1,-1,-1,-1,16,3000,3001,3002,3003,3004,3005,3006,3007,3008,3009,6001,6000,0,1,1,1,1,1,1,1,1,1.5,-0.15384616,0,50,21,100,0,0,0,100,100,100,0,63,63,63,999,-1,-1,0,0,0,0,-1,5510,0,0,0,0,0,63,999,0,0,-1,10,0,11,0,0,6,11,40,148,148,0,0,2,0,0,0,0,0,0,0,0,0,0,27,7,0,0,0,0,0,0,0,0,1,0,0,0,0,0,0,0,0,0,0,1,0,0,0,0,0,0,0,0,0,0,0,0,0,0,1,0,0,1,0,0,0,0,0,0,0,0,0,0,0,0,0,0,0,0,0,0,0,1.8,0.3,0,0,0,0,0,0,0,0,0,100,1,0,1,147,147,139,139,139,139,0,90030,0,0,90060,90161,90200,5261,-1,35,0.4,1.4,1.4,1.4,1.4,1.4,0.6,1.4,1.4,0,0,0,-1,-1,128,2000,-1,10000100,30,63,0,100,-1,5800,6000,17000,17009,20012951,5841,-1,-1,17008,-1,-1,-1,-1,-1,-1,-1,0,2,0,0,0,1,1,1,0,0,-1,-1,0,0,0,0,0,0,-1,-1,3661,0,0,0,180,50,0.1,-1,-1,5510,5511,1.8,0,0,0,0,0,1.3,-0.2,-1,-1,-1,-1,-1,-1,-1,-1,-1,0.1,0.4,-1,0,0,55,0.29,100,3000,-1,5000,6000,-1,0,0.5,0.6,0,20008460,[0|0|0|0]
55120100,Shade,0,0,[0|0|0],55120,1000,0,30,1.8,0.3,130,0,626,0,0,551200100,-1,10,0,0,-1,0,0.55,-1,5403,0,0,0,0,0,0,0,-1,100,0,0,0,0,-1,-1,-1,-1,-1,-1,16,3000,3001,3002,3003,3004,3005,3006,3007,3008,3009,6001,6000,0,1,1,1,1,1,1,1,1,1.5,-0.15384616,0,50,21,100,0,0,0,100,100,100,0,63,63,63,999,-1,-1,0,0,0,0,-1,5510,0,0,0,0,0,63,999,0,0,-1,10,0,11,0,0,6,11,40,148,148,0,0,2,0,0,0,0,0,0,0,0,0,0,27,7,0,0,0,0,0,0,0,0,1,0,0,0,0,0,0,0,0,0,0,1,0,0,0,0,0,0,0,0,0,0,0,0,0,0,1,0,0,1,0,0,0,0,0,0,0,0,0,0,0,0,0,0,0,0,0,0,0,1.8,0.3,0,0,0,0,0,0,0,0,0,100,1,0,1,147,147,139,139,139,139,0,90030,0,0,90060,90161,90200,5261,-1,35,0.4,1.4,1.4,1.4,1.4,1.4,0.6,1.4,1.4,0,0,0,-1,-1,128,2000,-1,10000100,30,63,0,100,-1,5800,6000,17002,17009,20012951,5841,-1,-1,17008,-1,-1,-1,-1,-1,-1,-1,0,2,0,0,0,1,1,1,0,0,-1,-1,0,0,0,0,0,0,-1,-1,3661,0,0,0,180,50,0.1,-1,-1,5510,5511,1.8,0,0,0,0,0,1.3,-0.2,-1,-1,-1,-1,-1,-1,-1,-1,-1,0.1,0.4,-1,0,0,55,0.29,100,3000,-1,5000,6000,-1,0,0.5,0.6,0,-1,[0|0|0|0]
55120198,Shade,0,0,[0|0|0],55120,1000,0,30,1.8,0.3,130,0,626,0,0,551200100,-1,10,0,0,-1,0,0.55,-1,5403,0,0,20007060,0,0,0,0,20007460,100,0,0,0,0,-1,-1,-1,-1,-1,-1,16,3000,3001,3002,3003,3004,3005,3006,3007,3008,3009,6001,6000,0,1,1,1,1,1,1,1,1,1.5,-0.15384616,0,50,21,100,0,0,0,100,100,100,0,63,63,63,999,-1,-1,0,0,0,0,-1,5510,0,0,0,0,0,63,999,0,0,-1,10,0,11,0,0,6,11,40,148,148,0,0,2,0,0,0,0,0,0,0,0,0,0,27,7,0,0,0,0,0,0,0,0,1,0,0,0,0,0,0,0,0,0,0,1,0,0,0,0,0,0,0,0,0,0,0,0,0,0,1,0,0,1,0,0,0,0,0,0,0,0,0,0,0,0,0,0,0,0,0,0,0,1.8,0.3,0,0,0,0,0,0,0,0,0,100,1,0,1,147,147,139,139,139,139,0,90030,0,0,90060,90161,90200,5261,-1,35,0.4,1.4,1.4,1.4,1.4,1.4,0.6,1.4,1.4,0,0,0,-1,-1,128,2000,-1,10000100,30,63,0,100,-1,5800,6000,17002,17009,20012951,5841,-1,-1,17008,-1,-1,-1,-1,-1,-1,-1,0,2,0,0,0,1,1,1,0,0,-1,-1,0,0,0,0,0,0,-1,-1,3661,0,0,0,180,50,0.1,-1,-1,5510,5511,1.8,0,0,0,0,0,1.3,-0.2,-1,-1,-1,-1,-1,-1,-1,-1,-1,0.1,0.4,-1,0,0,55,0.29,100,3000,-1,5000,6000,-1,0,0.5,0.6,0,20008460,[0|0|0|0]
56800081,Wheeled Ballista,0,0,[0|0|0],56800,-1,0,0,2,0.6,100,0,679,0,0,568000000,-1,-1,3,0,-1,0,0.6,-1,0,0,5300,20007020,0,0,90000,90010,20007420,0,0,0,0,0,-1,-1,-1,-1,-1,-1,16,3000,3001,3002,3003,3004,3005,3006,3007,3008,3009,6001,6000,0,1,1,1,1,1,1,1,1,1.5,99.99,0,50,21,100,0,0,0,100,100,100,0,999,999,999,999,-1,-1,0,0,0,0,-1,8000,1,100,0,0,0,999,999,0,0,-1,10,0,11,0,0,30,0,40,139,139,0,0,0,0,0,0,0,0,0,0,2,0,0,17,7,0,0,0,0,0,0,1,0,1,0,0,0,0,0,0,0,0,0,0,0,0,0,0,0,0,0,0,0,0,0,0,0,0,0,0,0,0,1,0,0,0,0,0,0,0,0,0,0,0,0,0,0,0,0,0,0,0,2,0.6,0,0,0,0,0,0,0,1,0,100,0,4,1,128,128,139,139,139,139,90020,90030,90040,90300,90060,90100,0,-1,-1,0,0,1,0.9,1.1,0.9,1,1.2,1,1,0,0,0,-1,-1,256,-1,-1,10000100,-1,999,0,100,-1,-1,5212,-1,-1,-1,-1,-1,-1,-1,-1,-1,-1,-1,-1,-1,-1,0,2,0,0,0,1,1,1,0,0,-1,-1,0,0,0,0,0,0,-1,-1,8100,0,0,0,180,200,0.1,-1,-1,-1,8100,1.8,3,2,0,0,0,1,0,-1,-1,-1,-1,-1,-1,-1,-1,-1,0.1,0.4,-1,0,0,-1,0.29,100,-1,-1,-1,-1,-1,0,0.5,0.6,0,20008420,[0|0|0|0]
58200095,Rugalea the Great Red Bear (Boss),0,0,[0|0|0],58200,1003,0,30,5,2.6,150,0,2585,0,0,-1,-1,10,5,0,-1,0,1.4,-1,0,0,5360,20007070,0,90400,0,0,20007470,0,0,0,0,0,-1,-1,-1,-1,-1,-1,105,3000,3001,3002,3003,3004,3005,3006,3007,3008,3009,6001,6000,0,1,1,1,1,1,1,1,1,1.5,0.84615386,0,50,21,100,0,0,0,100,100,100,0,154,154,252,999,-1,-1,0,0,0,0,-1,-1,1,0,0,0,0,84,999,0,0,-1,10,0,13,0,0,9,13,40,111,111,0,0,2,0,0,0,0,0,0,0,1,0,2,17,7,0,0,0,0,0,0,1,0,0,1,0,0,0,0,0,0,0,0,0,0,0,0,0,0,0,0,0,0,0,0,0,1,0,1,1,1,0,1,0,0,0,0,0,0,0,0,0,0,0,0,0,0,0,0,0,0,0,5,2.3,2,1,0,1,0,1,0,0,0,100,16,0,3,109,109,139,139,139,139,95001,90030,95011,95020,90060,90160,0,5262,-1,0,0.4,1,1.1,1,1,1,1.2,1,1,0,0,0,-1,-1,256,2003,-1,10000400,30,252,0,50,5240,-1,13052,-1,5890,102304,102309,-1,-1,-1,-1,-1,-1,-1,-1,469,-1,0,2,1,0,0,1,1,1,0,0,-1,-1,0,0,0,0,0,0,-1,-1,-1,40,10,0,180,100,0.1,-1,-1,-1,-1,10,0,0,0,0,0,1,0,-1,-1,-1,-1,-1,-1,-1,-1,2910,0.1,0.4,-1,0,0,120,0.29,100,3004,-1,5004,6001,-1,0,0.5,1,0,20008470,[0|0|0|0]
58400690,Black Knight Edredd (Boss),0,0,[0|0|0],58400,1002,0,120,2,0.5,150,0,855,0,0,-1,-1,10,0,0,-1,0,0.6,-1,5401,0,14461,20007060,0,90400,0,0,20007460,90,70,70,50,0,-1,-1,-1,-1,-1,-1,38,3000,3001,3002,3003,3004,3005,3006,3007,3008,3009,6001,6000,0,1,1,1,1,1,1,1,1,1.5,0,0,120,21,100,0,0,0,100,100,100,0,112,112,154,999,-1,-1,0,0,0,0,-1,4350,0,0,0,0,70,112,999,70,70,-1,10,0,12,0,0,48,3,40,110,110,0,0,2,0,70,70,70,70,0,0,0,0,0,22,7,0,0,0,0,0,0,0,0,0,0,1,0,0,0,0,0,0,0,0,1,0,0,0,0,0,0,0,0,0,0,0,0,0,0,1,1,0,1,0,0,0,0,0,0,0,0,0,0,0,0,0,0,0,0,0,0,0,2,0.5,0,1,0,0,0,1,0,0,0,100,12,0,1,106,109,139,106,139,106,95001,90030,95011,5851,90060,90161,0,5262,-1,35,0.4,0.8,0.6,0.8,1,0.8,0.8,1.4,0.8,80,0,0,-1,-1,256,2002,-1,10000400,30,154,70,50,-1,5800,-1,-1,14480,-1,-1,-1,20010384,14494,-1,-1,-1,4410,-1,-1,4301,0,-1,0,0,0,1,1,1,0,0,-1,-1,0,0,0,0,0,0,-1,-1,-1,0,0,0,180,50,0.1,-1,-1,-1,-1,2.5,0,0,0,0,0,1,0,-1,-1,-1,-1,-1,-1,-1,-1,-1,0.1,0.4,-1,0,0,65,0.29,100,3003,-1,5003,6002,-1,0,0.5,0.6,0,20008460,[0|0|0|0]
100000010,[Spirit Summon] Mimic Tear,0,0,[0|0|0],10000,-1,0,110,2.2,0.5,130,0,1037,0,0,-1,-1,-1,0,0,-1,0,0.5,-1,5400,0,0,0,298010,0,90000,90010,0,100,0,0,0,0,-1,-1,-1,-1,-1,-1,16,3000,3001,3002,3003,3004,3005,3006,3007,3008,3009,6001,6000,0,1,1,1,1,1,1,1,1,1.5,0.53846157,0,100,30,100,0,0,0,100,100,100,0,999,999,999,112,-1,-1,0,0,0,0,-1,-1,0,0,0,0,0,112,112,0,0,-1,10,0,11,0,0,47,3,40,143,143,0,0,2,0,0,0,0,0,0,0,0,0,0,17,7,0,0,0,0,0,0,0,0,1,0,0,0,0,0,0,0,0,0,1,1,0,0,0,0,1,0,0,0,0,0,0,0,0,0,1,0,0,1,0,0,0,0,0,0,1,0,0,0,0,0,0,0,0,0,0,0,0,2.2,0.5,0,0,0,0,1,0,0,0,0,100,1,4,1,142,142,139,139,139,139,90020,0,90040,0,0,90100,0,-1,-1,35,0.4,1,1,1,1,1,1,1,1,0,0,0,-1,-1,256,-1,-1,-1,10,999,0,100,-1,-1,-1,5600,-1,-1,18699,-1,-1,16316,4302,295000,296000,297000,-1,-1,-1,0,2,0,0,0,1,1,1,0,0,-1,-1,0,0,0,0,0,0,-1,-1,-1,0,0,0,180,48,0.1,-1,-1,-1,-1,2.5,0,0,0,0,0,1,0,-1,-1,-1,-1,-1,-1,-1,-1,-1,0.1,0.4,-1,0,0,100,0.29,100,-1,4002,-1,6002,7002,0,0.5,0.6,0,-1,[0|0|0|0]
100000020,[Spirit Summon] Nepheli Loux Puppet,0,0,[0|0|0],10000,-1,0,110,2.2,0.5,130,0,1037,0,0,-1,-1,-1,0,0,-1,0,0.5,-1,5400,0,0,0,296010,0,90000,90010,0,100,0,0,0,0,-1,-1,-1,-1,-1,-1,16,3000,3001,3002,3003,3004,3005,3006,3007,3008,3009,6001,6000,0,1,1,1,1,1,1,1,1,1.5,0.53846157,0,100,30,100,0,0,0,100,100,100,0,999,999,999,112,-1,-1,0,0,0,0,-1,-1,0,0,0,0,0,112,999,0,0,-1,10,0,11,0,0,47,3,40,143,143,0,0,2,0,0,0,0,0,0,0,0,0,0,17,7,0,0,0,0,0,0,0,0,1,0,0,0,0,0,0,0,0,0,1,1,0,0,0,0,1,0,0,0,0,0,0,0,0,0,1,0,0,1,0,0,0,0,0,0,1,0,0,0,0,0,0,0,0,0,0,0,0,2.2,0.5,0,0,0,0,1,0,0,0,0,100,1,4,1,142,142,139,139,139,139,90020,0,90040,0,90060,90100,0,-1,-1,35,0.4,1,1,1,1,1,1,1,1,0,0,2,-1,-1,256,-1,-1,-1,10,999,0,100,-1,-1,-1,5600,-1,9853,18699,5020,-1,295201,4302,295200,296000,297000,-1,-1,-1,0,2,0,0,0,1,1,1,0,0,-1,-1,0,0,0,0,0,0,-1,-1,-1,0,0,0,180,48,0.1,-1,-1,-1,-1,2.5,0,0,0,0,0,1,0,-1,-1,-1,-1,-1,-1,-1,-1,-1,0.1,0.4,-1,0,0,100,0.29,100,-1,4002,-1,6002,-1,0,0.5,0.6,0,-1,[0|0|0|0]
100000030,[Spirit Summon] Dung Eater Puppet,0,0,[0|0|0],10000,-1,0,110,2.2,0.5,130,0,1037,0,0,-1,-1,-1,0,0,-1,0,0.5,-1,5400,0,0,0,0,0,90000,90010,0,100,0,0,0,0,-1,-1,-1,-1,-1,-1,16,3000,3001,3002,3003,3004,3005,3006,3007,3008,3009,6001,6000,0,1,1,1,1,1,1,1,1,1.5,0.53846157,0,100,30,100,0,0,0,100,100,100,0,999,999,999,112,-1,-1,0,0,0,0,-1,-1,0,0,0,0,0,112,999,0,0,-1,10,0,9,0,0,47,3,40,143,143,0,0,2,0,0,0,0,0,0,0,0,0,0,17,7,0,0,0,0,0,0,0,0,1,0,0,0,0,0,0,0,0,0,1,1,0,0,0,0,1,0,0,0,0,0,0,0,0,0,1,0,0,1,0,0,0,0,0,0,1,0,0,0,0,0,0,0,0,0,0,0,0,2.2,0.5,0,0,0,0,1,0,0,0,0,100,1,4,1,142,142,139,139,139,139,90020,0,90040,0,90060,90100,0,-1,-1,35,0.4,1,1,1,1,1,1,1,1,0,0,2,-1,-1,256,-1,-1,-1,10,999,0,100,-1,-1,-1,5600,-1,9842,18699,5020,-1,295201,4302,295200,296000,297000,-1,-1,-1,0,2,0,0,0,1,1,1,0,0,-1,-1,0,0,0,0,0,0,-1,-1,-1,0,0,0,180,48,0.1,-1,-1,-1,-1,2.5,0,0,0,0,0,1,0,-1,-1,-1,-1,-1,-1,-1,-1,-1,0.1,0.4,-1,0,0,100,0.29,100,-1,4002,-1,6002,-1,0,0.5,0.6,0,-1,[0|0|0|0]
100000040,[Spirit Summon] Finger Maiden Therolina Puppet,0,0,[0|0|0],10000,-1,0,110,2.2,0.5,130,0,1037,0,0,-1,-1,-1,0,0,-1,0,0.5,-1,5400,0,0,0,296011,0,90000,90010,0,100,0,0,0,0,-1,-1,-1,-1,-1,-1,16,3000,3001,3002,3003,3004,3005,3006,3007,3008,3009,6001,6000,0,1,1,1,1,1,1,1,1,1.5,0.53846157,0,100,30,100,0,0,0,100,100,100,0,999,999,999,112,-1,-1,0,0,0,0,-1,-1,0,0,0,0,0,112,999,0,0,-1,10,0,11,0,0,47,3,40,143,143,0,0,2,0,0,0,0,0,0,0,0,0,0,17,7,0,0,0,0,0,0,0,0,1,0,0,0,0,0,0,0,0,0,1,1,0,0,0,0,1,0,0,0,0,0,0,0,0,0,1,0,0,1,0,0,0,0,0,0,1,0,0,0,0,0,0,0,0,0,0,0,0,2.2,0.5,0,0,0,0,1,0,0,0,0,100,1,4,1,142,142,139,139,139,139,90020,0,90040,0,90060,90100,0,-1,-1,35,0.4,1,1,1,1,1,1,1,1,0,0,2,-1,-1,256,-1,-1,-1,10,999,0,100,-1,-1,-1,5600,-1,-1,18699,5022,18650,295201,4302,295200,296000,297000,297101,-1,-1,0,2,0,0,0,1,1,1,0,0,-1,-1,0,0,0,0,0,0,-1,-1,-1,0,0,0,180,48,0.1,-1,-1,-1,-1,2.5,0,0,0,0,0,1,0,-1,-1,-1,-1,-1,-1,-1,-1,-1,0.1,0.4,-1,0,0,100,0.29,100,-1,4002,-1,6002,-1,0,0.5,0.6,0,-1,[0|0|0|0]
100000050,[Spirit Summon] Dolores the Sleeping Arrow,0,0,[0|0|0],10000,-1,0,110,2.2,0.5,130,0,1037,0,0,-1,-1,-1,0,0,-1,0,0.5,-1,5400,0,0,0,296011,0,90000,90010,0,100,0,0,0,0,-1,-1,-1,-1,-1,-1,16,3000,3001,3002,3003,3004,3005,3006,3007,3008,3009,6001,6000,0,1,1,1,1,1,1,1,1,1.5,0.53846157,0,100,30,100,0,0,0,100,100,100,0,999,999,999,112,-1,-1,0,0,0,0,-1,-1,0,0,0,0,0,112,999,0,0,-1,10,0,11,0,0,47,3,40,143,143,0,0,2,0,0,0,0,0,0,0,0,0,0,17,7,0,0,0,0,0,0,0,0,1,0,0,0,0,0,0,0,0,0,1,1,0,0,0,0,1,0,0,0,0,0,0,0,0,0,1,0,0,1,0,0,0,0,0,0,1,0,0,0,0,0,0,0,0,0,0,0,0,2.2,0.5,0,0,0,0,1,0,0,0,0,100,1,4,1,142,142,139,139,139,139,90020,0,90040,0,90060,90100,0,-1,-1,35,0.4,1,1,1,1,1,1,1,1,0,0,2,-1,-1,256,-1,-1,-1,10,999,0,100,-1,-1,-1,5600,-1,-1,18699,5022,-1,295201,4302,295200,296000,297000,297101,297200,-1,0,2,0,0,0,1,1,1,0,0,-1,-1,0,0,0,0,0,0,-1,-1,-1,0,0,0,180,48,0.1,-1,-1,-1,-1,2.5,0,0,0,0,0,1,0,-1,-1,-1,-1,-1,-1,-1,-1,-1,0.1,0.4,-1,0,0,100,0.29,100,-1,4002,-1,6002,-1,0,0.5,0.6,0,-1,[0|0|0|0]
100000060,[Spirit Summon] Jarwight Puppet,0,0,[0|0|0],10000,-1,0,110,2.2,0.5,130,0,1037,0,0,-1,-1,-1,0,0,-1,0,0.5,-1,5400,0,0,0,296011,0,90000,90010,0,100,0,0,0,0,-1,-1,-1,-1,-1,-1,16,3000,3001,3002,3003,3004,3005,3006,3007,3008,3009,6001,6000,0,1,1,1,1,1,1,1,1,1.5,0.53846157,0,100,30,100,0,0,0,100,100,100,0,999,999,999,112,-1,-1,0,0,0,0,-1,-1,0,0,0,0,0,112,999,0,0,-1,10,0,11,0,0,47,3,40,143,143,0,0,2,0,0,0,0,0,0,0,0,0,0,17,7,0,0,0,0,0,0,0,0,1,0,0,0,0,0,0,0,0,0,1,1,0,0,0,0,1,0,0,0,0,0,0,0,0,0,1,0,0,1,0,0,0,0,0,0,1,0,0,0,0,0,0,0,0,0,0,0,0,2.2,0.5,0,0,0,0,1,0,0,0,0,100,1,4,1,142,142,139,139,139,139,90020,0,90040,0,90060,90100,0,-1,-1,35,0.4,1,1,1,1,1,1,1,1,0,0,2,-1,-1,256,-1,-1,-1,10,999,0,100,-1,-1,-1,5600,-1,-1,18699,5022,18651,295201,4302,295200,296000,297000,297101,-1,-1,0,2,0,0,0,1,1,1,0,0,-1,-1,0,0,0,0,0,0,-1,-1,-1,0,0,0,180,48,0.1,-1,-1,-1,-1,2.5,0,0,0,0,0,1,0,-1,-1,-1,-1,-1,-1,-1,-1,-1,0.1,0.4,-1,0,0,100,0.29,100,-1,4002,-1,6002,-1,0,0.5,0.6,0,-1,[0|0|0|0]
121000000,[Spirit Summon] Black Knife Tiche,0,0,[0|0|0],21000,-1,0,120,2.2,0.4,130,0,876,0,0,-1,-1,10,0,0,-1,0,0.5,-1,5400,0,0,0,296010,0,90000,90010,0,0,0,0,0,0,-1,-1,-1,-1,-1,-1,72,3000,3001,3002,3003,3004,3005,3006,3007,3008,3009,6001,6000,0,1,1,1,1,1,1,1,1,1.5,0.23076923,0,50,21,100,0,0,0,100,100,100,0,999,999,999,999,-1,-1,0,0,0,0,-1,-1,0,0,0,0,0,999,999,0,0,-1,10,0,12,0,0,47,3,40,143,143,0,0,2,0,0,0,0,0,0,0,0,0,0,22,7,0,0,0,0,0,0,0,0,1,0,0,0,0,0,0,0,0,0,0,0,0,0,0,0,0,0,0,0,0,0,0,0,0,0,1,0,0,1,0,0,0,0,0,0,0,0,0,0,0,0,0,0,0,0,0,0,0,2.2,0.4,0,0,0,0,1,0,0,0,0,100,1,0,1,142,142,139,139,139,139,90020,90030,90040,90300,90060,90100,0,-1,-1,0,0.4,0.9,0.9,0.9,0.65,0.8,0.8,0.8,0.6,0,0,0,-1,-1,128,-1,-1,-1,30,999,0,100,-1,5800,-1,-1,-1,-1,-1,-1,-1,-1,4302,295000,296000,297000,297200,-1,-1,0,-1,0,0,0,1,1,1,0,0,-1,-1,0,0,0,0,0,0,-1,-1,2100,0,0,0,180,100,0.1,-1,-1,-1,-1,1.8,0,0,0,0,0,1,-0.25,-1,-1,-1,-1,-1,-1,-1,-1,-1,0.1,0.4,-1,0,0,80,0.29,100,-1,-1,-1,-1,-1,0,0.5,0.6,0,-1,[0|0|0|0]
130101000,[Spirit Summon] Banished Knight Oleg,0,0,[0|0|0],30100,-1,0,120,2.4,0.5,170,0,1238,0,0,-1,-1,10,0,0,-1,0,0.5,-1,5401,5333,10865,0,296010,0,90000,90010,0,0,0,0,0,0,-1,-1,-1,-1,-1,-1,50,3000,3001,3002,3003,3004,3005,3006,3007,3008,3009,6001,6000,0,1,1,1,1,1,1,1,1,1.5,0,0,100,15,100,0,0,0,100,100,100,0,999,999,999,999,-1,-1,0,0,0,0,-1,-1,0,0,0,0,0,112,999,0,0,-1,10,0,11,0,0,47,3,40,143,143,0,0,3,0,0,0,0,0,0,0,0,0,0,22,7,0,0,0,0,0,0,0,0,0,0,0,0,0,0,0,0,0,0,1,1,1,1,0,0,0,0,0,0,0,0,0,0,0,0,1,0,0,1,0,0,0,0,0,0,0,0,0,1,1,1,0,0,0,0,0,0,0,2.4,0.5,0,0,0,0,1,0,0,0,0,100,1,0,1,142,142,139,139,139,139,90020,90030,90040,5851,90060,90161,90200,-1,-1,35,0.4,0.9,0.65,0.9,1,0.8,0.8,1,0.8,0,0,0,-1,-1,256,-1,-1,-1,30,999,0,100,-1,5800,10890,10891,-1,10885,10887,-1,5815,-1,4302,295000,296000,297000,-1,-1,-1,0,-1,0,0,0,1,1,1,0,0,-1,-1,0,0,0,0,0,0,-1,-1,3010,0,0,0,180,50,0.1,-1,-1,-1,3010,2.5,0,0,0,0,0,1,0,-1,-1,-1,-1,-1,-1,-1,-1,-1,0.1,0.4,-1,0,0,65,0.29,100,-1,-1,-1,6002,-1,0,0.5,0.6,0,-1,[0|0|0|0]
130102000,[Spirit Summon] Banished Knight Engvall,0,0,[0|0|0],30100,-1,0,120,2.4,0.5,170,0,1238,0,0,-1,-1,10,0,0,-1,0,0.5,-1,5402,5333,10865,0,296010,0,90000,90010,0,0,0,0,0,0,-1,-1,-1,-1,-1,-1,38,3000,3001,3002,3003,3004,3005,3006,3007,3008,3009,6001,6000,0,1,1,1,1,1,1,1,1,1.5,0,0,100,15,100,0,0,0,100,100,100,0,999,999,999,999,-1,-1,0,0,0,0,-1,-1,0,0,0,0,0,112,999,0,0,-1,10,0,11,0,0,47,3,40,143,143,0,0,3,0,0,0,0,0,0,0,0,0,0,22,7,0,0,0,0,0,0,0,0,0,0,0,1,0,0,0,0,0,0,0,0,0,0,0,0,0,0,0,0,0,0,0,0,0,0,1,0,0,1,0,0,0,0,0,0,0,0,0,1,1,1,0,0,0,0,0,0,0,2.4,0.5,0,0,0,0,1,0,0,0,0,100,1,0,1,142,142,139,139,139,139,90020,90030,90040,5851,90060,90161,90200,-1,-1,35,0.4,0.9,0.65,0.9,1,0.8,0.8,1,0.8,0,0,0,-1,-1,256,-1,-1,-1,30,999,0,100,-1,5800,0,0,-1,10885,10887,-1,-1,-1,4302,295000,296000,297000,-1,-1,-1,0,-1,0,0,0,1,1,1,0,0,-1,-1,0,0,0,0,0,0,-1,-1,3010,0,0,0,180,50,0.1,-1,-1,-1,3010,2.5,0,0,0,0,0,1,0,-1,-1,-1,-1,-1,-1,-1,-1,-1,0.1,0.4,-1,0,0,65,0.29,100,-1,-1,-1,6002,-1,0,0.5,0.6,0,-1,[0|0|0|0]
130801100,[Spirit Summon] Fanged Imps,0,0,[0|0|0],30800,-1,0,180,2.2,0.5,100,0,449,0,0,-1,-1,10,0,0,-1,0,0.7,-1,5400,0,0,0,296010,0,90000,90010,0,0,0,0,0,0,-1,-1,-1,-1,-1,-1,16,3000,3001,3002,3003,3004,3005,3006,3007,702,703,701,-1,0,1,1,1,1,1,1,1,1,1.5,-0.46153846,0,50,21,100,0,0,0,100,100,100,0,999,999,999,999,-1,-1,0,0,0,0,-1,-1,0,0,0,0,0,999,999,0,0,-1,10,0,11,0,0,47,3,40,143,143,0,0,0,0,0,0,0,0,0,0,0,0,0,17,7,0,1,0,0,0,0,0,0,0,1,0,0,0,0,0,0,0,0,0,0,1,0,0,0,0,0,0,0,0,0,0,0,0,0,1,0,1,1,0,0,0,0,0,0,0,0,0,0,0,0,0,0,0,0,0,0,0,2.2,0.5,0,0,0,0,1,0,0,0,0,100,1,999,1,142,142,139,139,139,139,90020,90030,90040,90300,90060,90100,90200,-1,-1,0,0.4,0.9,0.65,1,0.65,0.8,0.6,0.6,0.6,0,0,0,-1,-1,128,-1,-1,-1,30,999,0,100,-1,17157,-1,-1,-1,17170,-1,-1,-1,-1,4302,295000,296000,297000,152,6920,-1,0,2,0,0,0,1,1,1,0,0,-1,-1,0,0,0,0,0,0,-1,-1,3080,0,0,0,180,50,0.1,-1,-1,-1,-1,1.8,0,0,0,0,0,1,0,-1,-1,-1,-1,-1,-1,-1,-1,-1,0.1,0.4,-1,0,0,35,0.29,100,-1,-1,-1,-1,-1,0,0.5,0.6,0,-1,[0|0|0|0]
131700000,[Spirit Summon] Latenna the Albinauric,0,0,[0|0|0],31700,-1,0,0.1,2.2,0.5,130,0,390,0,0,-1,-1,-1,0,0,-1,0,0.5,-1,5400,0,0,0,296011,0,90000,90010,0,0,0,0,0,0,-1,-1,-1,-1,-1,-1,16,3000,3001,3002,3003,3004,3005,3006,3007,3008,3009,6001,6000,0,1,1,1,1,1,1,1,1,1.5,-0.23076923,0,50,21,100,0,0,0,100,100,100,0,999,999,999,999,-1,-1,0,0,0,0,-1,-1,0,0,0,0,0,112,999,0,0,-1,0,0,11,0,0,47,3,40,143,143,0,0,0,0,0,0,0,0,0,0,0,0,0,17,7,0,0,0,0,0,0,0,0,1,0,0,0,0,0,0,0,0,0,0,0,0,0,0,0,0,0,0,0,0,0,0,0,1,0,1,0,0,1,0,0,0,0,0,0,0,0,0,0,0,0,0,0,0,0,0,0,0,2.2,0.5,0,0,0,0,1,0,0,0,0,100,1,0,1,142,142,139,139,139,139,90020,90030,90040,0,90060,90100,0,102304,-1,0,0,1,1,0.9,1,0.8,1,1,1.4,0,0,0,-1,-1,128,-1,-1,-1,10,999,0,100,-1,5010,5800,-1,-1,-1,-1,-1,11860,-1,4302,295000,296000,297000,297103,-1,-1,0,-1,0,0,0,1,1,1,0,0,-1,-1,0,0,0,0,0,0,-1,-1,3170,0,0,0,180,50,0.1,-1,-1,-1,-1,1.8,0,0,0,0,0,1,0,-1,-1,-1,-1,-1,-1,-1,-1,-1,0.1,0.4,-1,0,0,50,0.29,100,-1,-1,-1,6002,-1,0,0.5,0.6,0,-1,[0|0|0|0]
132010000,[Spirit Summon] Nomad,0,0,[0|0|0],32000,-1,0,140,2.2,0.4,130,0,359,50,0,-1,-1,10,0,0,-1,0,0.4,-1,5400,0,0,0,296010,0,90000,90010,0,0,0,0,0,0,-1,-1,-1,-1,-1,-1,16,3000,3001,3002,3003,3004,3005,3006,3007,3008,3009,6001,6000,0,1,1,1,1,1,1,1,1,1.5,-0.46153846,0,50,21,100,0,0,0,100,100,100,0,999,999,999,999,-1,-1,0,0,0,0,-1,-1,0,0,0,0,0,999,999,0,0,-1,0,0,11,0,0,47,3,40,143,143,0,1,2,0,0,0,0,0,0,0,0,0,0,22,7,0,0,0,0,0,0,0,0,1,1,0,0,0,0,0,0,0,0,1,0,0,0,0,0,1,0,0,0,0,0,0,0,0,0,1,0,0,1,0,0,0,0,0,0,0,0,0,0,0,0,0,0,0,0,0,0,0,2.2,0.4,0,0,0,0,1,0,0,0,0,100,1,0,1,142,142,139,139,139,139,90020,90030,90040,90300,90060,90100,0,-1,-1,0,0,1.1,1.1,1,1.1,1,1,1,1,0,0,0,-1,3200,128,-1,-1,-1,30,999,0,100,-1,5800,-1,10959,-1,-1,11087,11035,297100,296106,4302,295000,296000,297000,297101,-1,-1,0,2,0,0,0,1,1,1,0,0,-1,-1,0,0,0,0,0,0,-1,-1,3200,0,0,0,180,50,0.1,-1,-1,-1,-1,1.8,0,0,0,0,0,1,0,-1,-1,-1,-1,-1,-1,-1,-1,-1,0.1,0.4,3207,0,0,35,0.29,100,-1,-1,-1,-1,-1,0,0.5,0.6,0,-1,[0|0|0|0]
133001000,[Spirit Summon] Nightmaiden,0,0,[0|0|0],33100,-1,0,120,2.3,0.4,120,0,838,0,0,-1,-1,10,0,0,-1,0,0.6,-1,5401,0,0,0,296010,0,90000,90010,0,50,30,30,30,0,-1,-1,-1,-1,-1,-1,16,3000,3001,3002,3003,3004,3005,3006,3007,3008,3009,6001,6000,0,1,1,1,1,1,1,1,1,1.5,0,0,200,21,100,0,0,0,100,100,100,0,999,999,999,999,-1,-1,0,0,0,0,-1,-1,0,0,0,0,30,112,999,30,0,-1,10,0,11,0,0,47,3,40,143,143,0,0,2,0,30,30,30,30,0,0,0,0,0,22,7,0,0,0,0,0,0,0,0,0,0,0,0,0,1,0,0,0,0,0,0,1,0,0,0,0,0,0,0,0,0,0,0,1,0,1,0,0,1,0,0,0,0,0,0,0,0,0,0,0,0,0,1,1,0,0,0,0,2.3,0.4,0,0,0,0,1,0,0,0,0,100,1,0,1,142,142,139,139,139,139,90020,90030,90040,5851,90060,90161,0,-1,-1,35,0.4,1,1.1,1,1,0.8,1,1,1.2,30,0,0,-1,-1,256,-1,-1,-1,30,999,30,100,-1,5800,-1,-1,-1,-1,-1,-1,-1,-1,4302,295200,296000,297000,-1,-1,-1,0,-1,0,0,0,1,1,1,0,0,-1,-1,0,0,0,0,0,0,-1,-1,3300,0,0,0,180,50,0.1,-1,-1,-1,-1,2.5,0,0,0,0,0,1,-0.15,-1,-1,-1,-1,-1,-1,-1,-1,-1,0.1,0.4,-1,0,0,65,0.29,100,-1,-1,-1,6002,-1,0,0.5,0.6,0,-1,[0|0|0|0]
133002000,[Spirit Summon] Swordstress,0,0,[0|0|0],33100,-1,0,120,2.3,0.4,120,0,838,0,0,-1,-1,10,0,0,-1,0,0.6,-1,5402,0,0,0,296010,0,90000,90010,0,50,30,30,30,0,-1,-1,-1,-1,-1,-1,16,3000,3001,3002,3003,3004,3005,3006,3007,3008,3009,6001,6000,0,1,1,1,1,1,1,1,1,1.5,0,0,200,21,100,0,0,0,100,100,100,0,999,999,999,999,-1,-1,0,0,0,0,-1,-1,0,0,0,0,30,112,999,30,0,-1,10,0,11,0,0,47,3,40,143,143,0,0,2,0,30,30,30,30,0,0,0,0,0,22,7,0,0,0,0,0,0,0,0,0,0,0,0,0,1,0,0,0,0,0,0,0,0,0,0,0,0,0,0,0,0,0,0,0,0,1,0,0,1,0,0,0,0,0,0,1,0,0,0,0,0,1,0,1,0,0,0,0,2.3,0.4,0,0,0,0,1,0,0,0,0,100,1,0,1,142,142,139,139,139,139,90020,90030,90040,5851,90060,90161,0,-1,-1,35,0.4,1,1.1,1,1,0.8,1,1,1.2,30,0,0,-1,-1,256,-1,-1,-1,30,999,30,100,-1,5800,-1,-1,-1,-1,-1,-1,-1,-1,4302,295200,296000,297000,-1,-1,-1,0,-1,0,0,0,1,1,1,0,0,-1,-1,0,0,0,0,0,0,-1,-1,3300,0,0,0,180,50,0.1,-1,-1,-1,-1,2.5,0,0,0,0,0,1,-0.15,-1,-1,-1,-1,-1,-1,-1,-1,-1,0.1,0.4,-1,0,0,65,0.29,100,-1,-1,-1,6002,-1,0,0.5,0.6,0,-1,[0|0|0|0]
133201000,[Spirit Summon] Mimic Tear - Blob,0,0,[0|0|0],33200,-1,0,60,2.2,0.5,130,0,1052,0,0,-1,-1,-1,0,0,-1,0,0.75,-1,5401,0,0,0,296010,0,90000,90010,0,75,90,90,0,0,-1,-1,-1,-1,-1,-1,16,3000,3001,3002,3003,3004,3005,3006,3007,3008,3009,6001,6000,0,1,1,1,1,1,1,1,1,1.5,0,0,300,21,100,0,0,0,100,100,100,0,999,999,999,999,-1,-1,60,0,0,0,-1,-1,1,0,0,100,30,999,999,0,0,-1,10,0,11,0,0,47,3,40,143,143,0,0,2,0,0,0,0,0,0,0,0,0,0,17,7,0,0,0,0,0,0,1,0,0,0,0,0,0,0,0,0,0,0,0,0,0,0,0,0,0,0,0,0,0,0,0,0,0,0,1,0,0,1,0,0,0,0,0,0,0,0,0,0,0,0,0,0,0,0,0,0,0,2.2,0.5,0,0,0,0,1,0,0,0,0,100,1,0,1,142,142,139,139,139,139,90020,90030,90040,90300,90060,90100,0,-1,-1,35,0.4,0.65,0.65,0.65,0.65,0.8,0.6,1,0.8,0,0,0,-1,-1,128,-1,-1,-1,10,999,0,100,-1,-1,-1,16301,-1,-1,-1,-1,-1,-1,4302,295000,296000,297000,-1,-1,-1,0,2,0,0,0,1,1,1,0,0,-1,-1,0,0,0,0,0,0,-1,-1,3320,50,50,0,180,50,0.1,-1,-1,-1,3320,2.5,0,0,0,0,0,1,0,-1,-1,-1,-1,-1,-1,-1,-1,-1,0.1,0.4,-1,0,0,65,0.29,100,-1,-1,-1,-1,-1,0,0.5,0.6,0,-1,[0|0|0|0]
133500000,[Spirit Summon] Crystalian,0,0,[0|0|0],33500,-1,0,120,2.4,0.4,130,0,933,0,0,-1,-1,10,0,0,-1,0,0.8,-1,5400,0,5368,0,296011,0,90000,90010,0,100,0,0,0,0,-1,-1,-1,-1,-1,-1,20,3000,3001,3002,3003,3004,3005,3006,3007,3008,3009,6001,6000,0,1,1,1,1,1,1,1,1,1.5,4.3846154,0,50,21,100,0,0,0,100,100,100,0,999,999,999,999,-1,-1,0,0,0,0,-1,-1,1,0,0,0,0,999,999,0,0,-1,10,0,11,0,0,47,3,40,143,143,0,0,2,0,0,0,0,0,0,0,0,0,0,17,7,0,0,0,0,0,0,0,0,1,1,0,0,0,0,0,0,0,0,1,0,0,0,0,0,0,0,0,0,0,0,0,0,0,0,1,0,0,1,0,0,0,0,0,0,0,0,0,0,0,0,0,0,0,0,0,0,0,2.4,0.4,0,0,0,0,1,0,0,0,0,100,1,0,1,142,142,139,139,139,139,90020,90030,90040,90300,90060,90100,0,-1,-1,0,0,0.9,0.65,0.9,0.65,0.6,0.6,0.6,0.6,0,0,0,-1,-1,128,-1,-1,-1,30,999,0,100,-1,5800,-1,-1,11550,-1,11595,-1,-1,-1,4302,295000,296000,297000,297200,-1,-1,0,2,0,0,0,1,1,1,0,0,-1,-1,0,0,0,0,0,0,-1,-1,3350,0,0,0,180,50,0.1,-1,-1,-1,3350,2.5,0,0,0,0,0,1,0,-1,-1,-1,-1,-1,-1,-1,-1,-1,0.1,0.4,-1,0,0,350,0,100,-1,-1,-1,-1,-1,0,0.5,0.6,0,-1,[0|0|0|0]
133600500,[Spirit Summon] Ancestral Follower,0,0,[0|0|0],33600,-1,0,90,2.4,0.7,130,0,1070,0,0,-1,-1,10,0,0,-1,0,0.7,-1,5401,0,0,0,296011,0,90000,90010,0,0,0,0,0,0,-1,-1,-1,-1,-1,-1,16,3000,3001,3002,3003,3004,3005,3006,3007,3008,3009,6001,6000,0,1,1,1,1,1,1,1,1,1.5,-0.30769232,0,50,21,100,0,0,0,100,100,100,0,999,999,999,999,-1,-1,0,0,0,0,-1,-1,0,0,0,0,0,252,999,0,0,-1,10,0,11,0,0,47,3,40,143,143,0,0,2,0,0,0,0,0,0,0,0,0,0,32,7,0,0,0,0,0,0,0,0,0,0,0,1,0,1,0,0,0,0,0,0,0,0,0,0,0,0,0,0,0,0,0,0,0,0,1,0,0,1,0,0,0,0,0,0,0,0,0,0,0,0,0,0,0,0,0,0,0,2.4,0.7,0,0,0,0,1,0,0,0,0,100,1,0,2,142,142,139,139,139,139,90020,90030,90040,0,90060,90161,90200,102304,-1,0,0,1.1,1.1,1,1.1,1,1,1,1,0,0,0,-1,-1,128,-1,-1,-1,30,999,0,100,-1,13151,-1,-1,5800,-1,-1,13196,-1,-1,4302,295000,296000,297000,297101,297200,-1,0,2,0,0,0,1,1,1,0,0,-1,-1,0,0,0,0,0,0,-1,-1,3360,0,0,0,180,200,0.1,-1,-1,-1,-1,2.5,0,0,0,0,0,1,-0.25,-1,-1,-1,-1,-1,-1,-1,-1,-1,0.1,0.4,-1,0,0,45,0.29,100,-1,-1,-1,6004,-1,0,0.5,0.6,0,-1,[0|0|0|0]
134502000,[Spirit Summon] Winged Misbegotten,0,0,[0|0|0],34500,-1,0,120,2.2,0.8,130,1.2,646,0,0,-1,-1,10,2,0,-1,0,0.5,-1,5401,0,0,0,296011,0,90000,90010,0,100,0,0,0,0,-1,-1,-1,-1,-1,-1,16,3000,3001,3002,3003,3004,3005,3006,3007,3008,3009,6001,6000,0,1,1,1,1,1,1,1,1,1.5,-0.46153846,0,50,21,100,0,0,0,100,100,100,0,999,999,999,999,-1,-1,0,0,0,0,-1,-1,0,0,0,0,30,112,999,0,0,-1,10,0,12,0,0,47,3,40,143,143,0,0,2,0,0,0,0,0,0,0,0,0,0,17,7,0,0,0,0,0,0,0,0,0,1,1,0,0,0,0,0,0,0,1,0,0,0,0,0,0,0,0,0,0,0,0,0,0,0,1,0,0,1,0,0,0,0,0,0,0,0,0,0,0,0,0,0,0,0,0,0,0,2.2,0.6,0,0,0,0,1,0,0,0,0,100,1,0,1,142,142,139,139,139,139,90020,90030,90040,5851,90060,90161,90200,-1,-1,35,0.4,1,1,1,1,1,1.2,1,1,0,0,0,-1,-1,128,-1,-1,-1,30,999,0,100,-1,5800,-1,-1,13070,-1,-1,-1,-1,-1,4302,295000,296000,297000,297102,297200,-1,0,2,0,0,0,1,1,1,0,0,-1,-1,0,0,0,0,0,0,-1,-1,3450,0,0,0,180,50,0.1,-1,-1,-1,-1,1.8,0,0,0,0,0,1,-0.2,-1,-1,-1,-1,-1,-1,-1,-1,-1,0.1,0.4,-1,0,0,35,0.29,100,-1,-1,-1,6002,-1,0,0.5,0.6,0,-1,[0|0|0|0]
134701300,[Spirit Summon] Albinauric Ashes,0,0,[0|0|0],34700,-1,0,130,2.2,0.5,100,0,922,0,0,-1,-1,10,0,0,-1,0,0.5,-1,5400,0,0,0,296010,0,90000,90010,0,0,0,0,0,0,-1,-1,-1,-1,-1,-1,16,3000,3001,3002,3003,3004,3005,3006,3007,702,703,701,-1,0,1,1,1,1,1,1,1,1,1.5,-0.46153846,0,90,21,100,0,0,0,100,100,100,0,999,999,999,999,-1,-1,0,0,0,0,-1,-1,0,0,0,0,0,84,999,0,0,-1,10,0,11,0,0,47,3,40,143,143,0,0,2,0,0,0,0,0,0,0,0,0,0,22,7,0,0,0,0,0,0,0,0,0,0,1,0,0,0,0,0,0,0,0,0,1,0,0,1,1,0,0,0,0,0,0,0,0,0,1,0,0,1,0,0,0,0,0,0,0,0,0,0,0,0,0,0,0,0,0,0,0,2.2,0.5,0,0,0,0,1,0,0,0,0,100,1,999,1,142,142,139,139,139,139,90020,90030,90040,0,90060,90161,90200,102304,-1,0,0.4,1.1,1.1,0.9,1.1,1,0.8,1.2,1.4,0,0,0,-1,-1,128,-1,-1,-1,30,999,0,100,-1,-1,-1,-1,-1,15600,15603,15604,15611,-1,4302,295000,296000,297000,-1,-1,-1,0,2,0,0,0,1,1,1,0,0,-1,-1,0,0,0,0,0,0,-1,-1,3470,0,0,0,180,50,0.1,-1,-1,-1,-1,1.8,0,0,0,0,0,1,-0.245,-1,-1,-1,-1,-1,-1,-1,-1,-1,0.1,0.4,-1,0,0,35,0.29,100,-1,-1,-1,6001,-1,0,0.5,0.6,0,-1,[0|0|0|0]
135000000,[Spirit Summon] Skeletal Militiaman,0,0,[0|0|0],35000,-1,0,130,2.2,0.3,100,0,365,0,0,-1,-1,10,0,0,-1,0,0.5,-1,5400,12501,0,0,0,0,90000,90010,0,0,0,0,0,0,-1,-1,-1,-1,-1,-1,16,3000,3001,3002,3003,3004,3005,3006,3007,702,703,701,-1,0,0,1,1,1,1,1,1,1,1.5,-0.46153846,0,50,21,100,0,0,0,100,100,100,0,999,999,999,999,-1,-1,0,0,0,0,-1,-1,1,0,0,0,0,999,999,0,0,-1,10,0,11,0,0,47,3,40,143,143,0,0,4,0,0,0,0,0,0,0,0,0,0,27,7,0,0,0,0,0,0,0,0,1,0,0,0,0,0,0,0,0,0,1,0,0,0,0,1,1,0,0,0,1,0,0,0,0,0,1,0,0,1,0,0,0,0,0,0,0,0,0,0,0,0,0,0,0,0,0,0,0,2.2,0.3,0,0,0,0,1,0,0,0,0,100,1,999,1,142,142,139,139,139,139,90020,90030,90040,90300,90060,90161,0,-1,-1,0,0,1,0.9,1.4,0.65,1,0.8,0.6,1.4,0,0,0,-1,-1,128,-1,-1,-1,30,999,0,100,-1,5832,5800,5723,-1,-1,-1,-1,-1,-1,4302,295000,296000,297000,-1,-1,-1,0,2,0,0,0,1,1,1,0,0,-1,-1,0,0,0,0,0,0,-1,-1,3500,0,0,0,180,150,0.1,-1,-1,-1,-1,1.8,0,0,1,0,0,1,0,-1,-1,-1,-1,-1,-1,-1,-1,-1,0.1,0.4,-1,0,0,35,0.29,100,-1,-1,-1,-1,-1,0,0.5,0.6,0,-1,[0|0|0|0]
135004000,[Spirit Summon] Skeletal Bandit,0,0,[0|0|0],35000,-1,0,130,2.2,0.3,100,0,563,0,0,-1,-1,10,0,0,-1,0,0.5,-1,5401,12501,0,0,0,0,90000,90010,0,0,0,0,0,0,-1,-1,-1,-1,-1,-1,16,3000,3001,3002,3003,3004,3005,3006,3007,702,703,701,-1,0,0,1,1,1,1,1,1,1,1.5,-0.3846154,0,50,21,100,0,0,0,100,100,100,0,999,999,999,999,-1,-1,0,0,0,0,-1,-1,1,0,0,0,0,999,999,0,0,-1,10,0,11,0,0,47,3,40,143,143,0,0,4,0,0,0,0,0,0,0,0,0,0,27,7,0,0,0,0,0,0,0,0,0,0,0,0,0,1,0,0,0,0,0,0,0,0,1,1,1,0,0,0,1,0,0,0,0,0,1,0,0,1,0,0,0,0,0,0,0,0,0,0,0,0,0,0,0,0,0,0,0,2.2,0.3,0,0,0,0,1,0,0,0,0,100,1,999,1,142,142,139,139,139,139,90020,90030,90040,90300,90060,90161,0,-1,-1,0,0,1,0.9,1.4,0.65,1,0.8,0.6,1.4,0,0,0,-1,-1,128,-1,-1,-1,30,999,0,100,-1,5832,5800,5723,-1,-1,-1,-1,-1,-1,4302,295000,296000,297000,-1,-1,-1,0,2,0,0,0,1,1,1,0,0,-1,-1,0,0,0,0,0,0,-1,-1,3500,0,0,0,180,150,0.1,-1,-1,-1,-1,1.8,0,0,1,0,0,1,0,-1,-1,-1,-1,-1,-1,-1,-1,-1,0.1,0.4,-1,0,0,40,0.29,100,-1,-1,-1,-1,-1,0,0.5,0.6,0,-1,[0|0|0|0]
136100000,[Spirit Summon] Oracle Envoy,0,0,[0|0|0],36100,-1,0,120,2.2,0.5,50,0,570,0,0,-1,-1,-1,0,0,-1,0,0.5,-1,5400,0,0,0,296011,0,90000,90010,0,0,0,0,0,0,-1,-1,-1,-1,-1,-1,16,3000,3001,3002,3003,3004,3005,3006,3007,3008,3009,6001,6000,0,1,1,1,1,1,1,1,1,1.5,-0.46153846,0,50,21,100,0,0,0,100,100,100,0,999,999,999,999,-1,-1,0,0,0,0,-1,-1,0,0,0,0,0,112,999,0,0,-1,10,0,11,0,0,47,3,40,143,143,0,0,2,0,0,0,0,0,0,0,0,0,0,22,7,0,0,0,0,0,0,0,0,1,0,0,0,0,0,0,0,0,0,0,0,0,0,0,0,0,0,0,0,0,0,0,0,0,0,1,0,0,1,0,0,0,0,0,0,0,0,0,0,0,0,0,0,0,0,0,0,0,2.2,0.5,0,0,0,0,1,0,0,0,0,100,1,0,1,142,142,139,139,139,139,90020,90030,90040,0,90060,90100,90200,102304,-1,35,0.4,1.1,1.1,0.9,1.1,1,0.8,0.8,0.8,0,0,0,-1,-1,128,-1,-1,-1,10,999,0,100,-1,5800,-1,-1,-1,-1,-1,-1,-1,-1,4302,295000,296000,297000,297101,297200,-1,0,2,0,0,0,1,1,1,0,0,-1,-1,0,0,0,0,0,0,-1,-1,3610,0,0,0,180,100,0.1,-1,-1,-1,-1,2.5,0,0,0,0,0,1,0,-1,-1,-1,-1,-1,-1,-1,-1,-1,0.1,0.4,-1,0,0,35,0.29,100,-1,-1,-1,6002,-1,0,0.5,0.6,0,-1,[0|0|0|0]
136610000,[Spirit Summon] Putrid Corpse,0,0,[0|0|0],36610,-1,0,30,2.2,0.3,130,0,1631,0,0,-1,-1,10,0,0,-1,0,0.4,-1,5402,0,0,0,0,0,90000,90010,0,100,0,0,0,0,-1,-1,-1,-1,-1,-1,16,3000,3001,3002,3003,3004,3005,3006,3007,3008,3009,6001,6000,0,1,1,1,1,1,1,1,1,1.5,-0.23076923,0,50,21,100,0,0,0,100,100,100,0,999,999,999,999,-1,-1,0,0,0,0,-1,-1,0,0,0,0,0,63,999,0,0,-1,10,0,11,0,0,47,11,40,143,143,0,0,2,0,0,0,0,0,0,0,0,0,0,22,7,0,0,0,0,0,0,0,0,1,0,0,0,0,0,0,0,0,0,0,1,0,0,0,0,0,0,0,0,0,0,0,0,0,0,1,0,0,1,0,0,0,0,0,0,0,0,0,0,0,0,0,0,0,0,0,0,0,2.2,0.3,0,0,0,0,1,0,0,0,0,100,1,0,1,142,142,139,139,139,139,90020,90030,90040,0,90060,90161,90200,102304,-1,35,0.4,1.4,1.4,1.4,1.4,1.4,1.4,1.4,1.4,0,0,0,-1,-1,128,-1,-1,-1,30,999,0,100,-1,5800,6000,17000,-1,-1,5841,-1,-1,17008,4302,295000,296000,297000,297100,-1,-1,0,2,0,0,0,1,1,1,0,0,-1,-1,0,0,0,0,0,0,-1,-1,3661,0,0,0,180,50,0.1,-1,-1,3660,-1,1.8,0,0,0,0,0,1,0,-1,-1,-1,-1,-1,-1,-1,-1,-1,0.1,0.4,-1,0,0,50,0.29,100,-1,-1,-1,6000,-1,0,0.5,0.6,0,-1,[0|0|0|0]
137000000,[Spirit Summon] Depraved Perfumer,0,0,[0|0|0],37000,-1,0,140,2.2,0.4,130,0,973,0,0,-1,-1,10,0,0,-1,0,0.5,-1,5400,0,0,0,296011,0,90000,90010,0,80,40,40,40,0,-1,-1,-1,-1,-1,-1,16,3000,3001,3002,3003,3004,3005,3006,3007,3008,3009,6001,6000,0,1,1,1,1,1,1,1,1,1.5,0,0,50,21,100,0,0,0,100,100,100,0,999,999,999,999,-1,-1,0,0,0,0,-1,-1,0,0,0,0,30,112,999,0,0,-1,10,0,12,0,0,47,3,40,143,143,0,0,2,0,0,0,0,0,0,0,0,0,0,22,7,0,0,0,0,0,0,0,0,1,1,0,0,0,0,0,0,0,0,0,0,0,0,0,0,0,0,0,0,0,0,0,1,0,0,1,0,0,1,0,0,0,0,0,0,0,0,0,0,0,0,0,0,0,0,0,0,0,2.2,0.4,0,0,0,0,1,0,0,0,0,100,1,0,0,142,142,139,139,139,139,90020,90030,90040,5851,90060,90161,90200,-1,-1,0,0.4,1,1,0.9,1,0.8,0.8,0.8,0.8,40,0,0,-1,-1,128,-1,-1,-1,30,999,0,100,-1,-1,5020,14410,14430,-1,5800,14448,14438,296117,4302,295000,296000,297000,-1,-1,-1,0,-1,0,0,0,1,1,1,0,0,-1,-1,0,0,0,0,0,0,-1,-1,3700,0,0,0,180,50,0.1,-1,-1,-1,-1,1.8,0,0,0,0,0,1,0,-1,-1,-1,-1,-1,-1,-1,-1,-1,0.1,0.4,-1,0,0,65,0.29,100,-1,-1,-1,6002,-1,0,0.5,0.6,0,-1,[0|0|0|0]
137011000,[Spirit Summon] Perfumer Tricia,0,0,[0|0|0],37000,-1,0,140,2.2,0.4,130,0,518,0,0,-1,-1,10,0,0,-1,0,0.5,-1,5400,0,0,0,296011,0,90000,90010,0,80,40,40,40,0,-1,-1,-1,-1,-1,-1,16,3000,3001,3002,3003,3004,3005,3006,3007,3008,3009,6001,6000,0,1,1,1,1,1,1,1,1,1.5,0,0,90,21,100,0,0,0,100,100,100,0,999,999,999,999,-1,-1,0,0,0,0,-1,-1,0,0,0,0,30,84,999,0,0,-1,10,0,12,0,0,47,3,40,143,143,0,0,2,0,0,0,0,0,0,0,0,0,0,22,7,0,0,0,0,0,0,0,0,1,0,1,0,0,0,0,0,0,0,0,0,0,0,0,0,0,0,0,0,0,0,0,1,0,0,1,0,0,1,0,0,0,0,0,0,0,0,0,0,0,0,0,0,0,0,0,0,0,2.2,0.4,0,0,0,0,1,0,0,0,0,100,1,0,1,142,142,139,139,139,139,90020,90030,90040,5851,90060,90161,90200,-1,-1,0,0.4,1,1,0.9,1,0.6,0.6,0.6,1,40,0,0,-1,-1,128,-1,-1,-1,30,999,0,100,-1,-1,5021,14411,14430,-1,5800,14448,14438,-1,4302,295000,296000,297000,297101,-1,-1,0,-1,0,0,0,1,1,1,0,0,-1,-1,0,0,0,0,0,0,-1,-1,3700,0,0,0,180,50,0.1,-1,-1,3700,-1,1.8,0,0,0,0,0,1,0,-1,-1,-1,-1,-1,-1,-1,-1,-1,0.1,0.4,-1,0,0,65,0.29,100,-1,-1,-1,6001,-1,0,0.5,0.6,0,-1,[0|0|0|0]
137021000,[Spirit Summon] Glintstone Sorcerer Scholar,0,0,[0|0|0],37020,-1,0,140,2.2,0.4,130,0,781,0,0,-1,-1,10,0,0,-1,0,0.5,-1,5401,0,0,0,296011,0,90000,90010,0,80,40,40,40,0,-1,-1,-1,-1,-1,-1,16,3000,3001,3002,3003,3004,3005,3006,3007,3008,3009,6001,6000,0,1,1,1,1,1,1,1,1,1.5,-0.46153846,0,50,21,100,0,0,0,100,100,100,0,999,999,999,999,-1,-1,0,0,0,0,-1,-1,0,0,0,0,30,112,999,0,0,-1,10,0,12,0,0,47,3,40,143,143,0,0,2,0,0,0,0,0,0,0,0,0,0,22,7,0,0,0,0,0,0,0,0,1,1,0,0,0,0,0,0,0,0,0,1,0,0,0,0,0,0,0,0,0,0,0,1,0,0,1,0,0,1,0,0,0,0,0,0,0,0,0,0,0,0,0,0,0,0,0,0,0,2.2,0.4,0,0,0,0,1,0,0,0,0,100,1,0,0,142,142,139,139,139,139,90020,90030,90040,5851,90060,90161,90200,-1,-1,0,0.4,1.1,1.1,1,1.1,0.6,0.8,0.8,1,40,0,0,-1,-1,128,-1,-1,-1,30,999,0,100,-1,-1,14801,-1,-1,-1,5800,14448,-1,-1,4302,295000,296000,297000,297101,297200,-1,0,-1,0,0,0,1,1,1,0,0,-1,-1,0,0,0,0,0,0,-1,-1,3700,0,0,0,180,50,0.1,-1,-1,3700,3702,1.8,0,0,0,0,0,1,0,-1,-1,-1,-1,-1,-1,-1,-1,-1,0.1,0.4,-1,0,0,35,0.29,100,-1,-1,-1,6002,-1,0,0.5,0.6,0,-1,[0|0|0|0]
137023000,[Spirit Summon] Twinsage Sorcerer,0,0,[0|0|0],37020,-1,0,140,2.2,0.4,130,0,852,0,0,-1,-1,10,0,0,-1,0,0.5,-1,5401,0,0,0,296011,0,90000,90010,0,80,40,40,40,0,-1,-1,-1,-1,-1,-1,16,3000,3001,3002,3003,3004,3005,3006,3007,3008,3009,6001,6000,0,1,1,1,1,1,1,1,1,1.5,-0.46153846,0,50,21,100,0,0,0,100,100,100,0,999,999,999,999,-1,-1,0,0,0,0,-1,-1,0,0,0,0,30,112,999,0,0,-1,10,0,12,0,0,47,3,40,143,143,0,0,2,0,0,0,0,0,0,0,0,0,0,22,7,0,0,0,0,0,0,0,0,1,1,0,0,0,0,0,0,0,0,0,0,0,1,0,0,0,0,0,0,0,0,0,1,0,0,1,0,0,1,0,0,0,0,0,0,0,0,0,0,0,0,0,0,0,0,0,0,0,2.2,0.4,0,0,0,0,1,0,0,0,0,100,1,0,0,142,142,139,139,139,139,90020,90030,90040,5851,90060,90161,90200,-1,-1,0,0.4,1.1,1.1,1,1.1,0.6,0.8,0.8,1,40,0,0,-1,-1,128,-1,-1,-1,30,999,0,100,-1,-1,14803,-1,-1,-1,5800,14448,-1,-1,4302,295000,296000,297000,297101,297200,-1,0,-1,0,0,0,1,1,1,0,0,-1,-1,0,0,0,0,0,0,-1,-1,3700,0,0,0,180,50,0.1,-1,-1,3700,3702,1.8,0,0,0,0,0,1,0,-1,-1,-1,-1,-1,-1,-1,-1,-1,0.1,0.4,-1,0,0,35,0.29,100,-1,-1,-1,6002,-1,0,0.5,0.6,0,-1,[0|0|0|0]
137030000,[Spirit Summon] Page,0,0,[0|0|0],37030,-1,0,140,2.2,0.4,130,0,973,0,0,-1,-1,10,0,0,-1,0,0.4,-1,5402,0,0,0,296011,0,90000,90010,0,80,0,0,0,0,-1,-1,-1,-1,-1,-1,16,3000,3001,3002,3003,3004,3005,3006,3007,3008,3009,6001,6000,0,1,1,1,1,1,1,1,1,1.5,0,0,50,21,100,0,0,0,100,100,100,0,999,999,999,999,-1,-1,0,0,0,0,-1,-1,0,0,0,0,30,112,999,0,0,-1,10,0,11,0,0,47,3,40,143,143,0,0,2,0,0,0,0,0,0,0,0,0,0,17,7,0,0,0,0,0,0,0,0,1,1,0,0,0,0,0,0,0,0,1,0,0,0,0,0,0,0,0,0,0,0,0,1,0,0,1,0,0,1,0,0,0,0,0,0,0,0,0,0,0,0,0,0,0,0,0,0,0,2.2,0.4,0,0,0,0,1,0,0,0,0,100,1,0,0,142,142,139,139,139,139,90020,90030,90040,5851,90060,90161,90200,-1,-1,0,0.4,1,1,0.9,1,1,1,1,1,0,0,0,-1,-1,128,-1,-1,-1,30,999,0,100,-1,-1,-1,-1,-1,-1,5800,14449,-1,-1,4302,295000,296000,297000,297200,-1,-1,0,-1,0,0,0,1,1,1,0,0,-1,-1,0,0,0,0,0,0,-1,-1,3700,0,0,0,180,50,0.1,-1,-1,3700,-1,1.8,0,0,0,0,0,0.85,-0.1,-1,-1,-1,-1,-1,-1,-1,-1,-1,0.1,0.4,-1,0,0,65,0.29,100,-1,-1,-1,6002,-1,0,0.5,0.6,0,-1,[0|0|0|0]
137040000,[Spirit Summon] Battlemage Hugues,0,0,[0|0|0],37040,-1,0,120,2.4,0.6,100,0,1165,0,0,-1,-1,10,0,0,-1,0,0.8,-1,5403,5304,17450,0,296011,0,90000,90010,0,0,0,0,0,0,-1,-1,-1,-1,-1,-1,30,3000,3001,3002,3003,3004,3005,3006,3007,3008,3009,6001,6000,0,1,1,1,1,1,1,1,1,0.5,-0.46153846,0,50,21,100,0,0,0,100,100,100,0,999,999,999,999,-1,-1,0,0,0,0,-1,-1,0,0,0,0,0,112,999,0,0,-1,10,0,12,0,0,47,3,40,143,143,0,0,0,0,0,0,0,0,0,0,0,0,0,17,7,0,0,0,0,0,0,0,0,1,1,0,0,0,0,0,0,0,0,0,0,0,0,0,0,0,0,0,0,0,0,0,0,0,0,1,0,0,1,0,0,0,0,0,0,0,0,0,0,0,0,0,0,0,0,0,0,0,2.4,0.6,0,0,0,1,1,0,0,0,0,100,1,0,2,142,142,139,139,139,139,90020,90030,90040,0,90060,90161,90200,102304,-1,0,0.4,1,1,0.9,1,0.6,0.8,0.8,1,0,0,0,-1,-1,128,-1,-1,-1,30,999,0,100,3704,5800,17451,-1,-1,-1,-1,-1,-1,296122,4302,295000,296000,297000,297101,297200,-1,0,-1,0,0,0,1,1,1,0,0,-1,-1,0,0,0,0,0,0,-1,-1,3700,0,0,0,180,50,0.1,-1,-1,3700,-1,2.5,0,0,0,0,0,1.3,0,-1,-1,-1,-1,-1,-1,-1,-1,-1,0.1,0.4,-1,0,0,35,0.29,100,-1,-1,-1,6002,-1,0,0.5,0.6,0,-1,[0|0|0|0]
137502000,[Spirit Summon] Clayman,0,0,[0|0|0],37500,-1,0,40,2.2,0.4,200,0,501,0,0,-1,-1,10,0,0,-1,0,0.45,-1,5401,14152,14150,0,296011,0,90000,90010,0,0,0,0,0,0,-1,-1,-1,-1,-1,-1,16,3000,3001,3002,3003,3004,3005,3006,3007,702,703,701,-1,0,1,1,1,1,1,1,1,1,1.5,0,0,50,21,100,0,0,0,100,100,100,0,999,999,999,999,-1,-1,0,0,0,0,-1,-1,0,0,0,0,0,84,999,0,0,-1,10,0,11,0,0,47,3,40,143,143,0,0,4,0,0,0,0,0,0,0,0,0,0,27,7,0,0,0,0,0,0,0,0,0,0,0,0,0,0,0,0,0,0,0,0,0,0,0,0,1,0,0,0,0,0,0,0,0,0,1,0,0,1,0,0,0,0,0,0,0,0,0,0,0,0,0,0,0,0,0,0,0,2.2,0.4,0,0,0,0,1,0,0,0,0,100,1,999,1,142,142,139,139,139,139,90020,90030,90040,0,90060,90161,90200,102304,-1,35,0.4,0.9,0.65,1,0.65,0.6,0.8,0.8,0.8,0,0,0,-1,-1,128,-1,-1,-1,30,999,0,100,-1,-1,-1,-1,-1,-1,-1,-1,-1,295900,4302,295000,296000,297000,297101,-1,-1,0,2,0,0,0,1,1,1,0,0,-1,-1,0,0,0,0,0,0,-1,-1,3750,0,0,0,180,50,0.1,-1,-1,-1,3750,1.8,0,0,0,0,0,1,0,-1,-1,-1,-1,-1,-1,-1,-1,-1,0.1,0.4,-1,0,0,65,0.29,100,-1,-1,-1,6001,-1,0,0.5,0.6,0,-1,[0|0|0|0]
138001000,[Spirit Summon] Cleanrot Knight Finlay,0,0,[0|0|0],38000,-1,0,120,2.4,0.5,170,0,876,0,0,-1,-1,10,0,0,-1,0,0.6,-1,5401,5304,0,0,296010,0,90000,90010,0,0,0,0,0,0,-1,-1,-1,-1,-1,-1,30,3000,3001,3002,3003,3004,3005,3006,3007,3008,3009,6001,6000,0,1,1,1,1,1,1,1,1,1.5,0,0,200,21,100,0,0,0,100,100,100,0,999,999,999,999,-1,-1,0,0,0,0,-1,-1,0,0,0,0,0,112,999,0,0,-1,10,0,11,0,0,47,3,40,143,143,0,0,2,0,0,0,0,0,0,0,0,0,0,27,7,0,0,0,0,0,0,0,0,0,1,0,1,0,0,0,0,0,0,0,0,0,0,0,0,0,0,0,0,0,0,0,0,0,0,1,0,0,1,0,0,0,0,0,0,0,0,0,0,0,0,0,0,0,0,0,0,0,2.4,0.5,0,0,0,0,1,0,0,0,0,100,1,0,1,142,142,139,139,139,139,90020,90030,90040,5851,90060,90161,90200,-1,-1,35,0.4,0.9,0.65,0.9,1,0.8,1.2,1,0.6,0,0,0,-1,-1,256,-1,-1,-1,30,999,0,100,-1,-1,-1,-1,13865,13866,13867,13868,-1,-1,4302,295000,296000,297000,297200,-1,-1,0,-1,0,0,0,1,1,1,0,0,-1,-1,0,0,0,0,0,0,-1,-1,3800,0,0,0,180,50,0.1,-1,-1,-1,-1,2.5,0,0,0,0,0,1,-0.25,-1,-1,-1,-1,-1,-1,-1,-1,-1,0.1,0.4,-1,0,0,65,0.29,100,-1,-1,-1,6002,-1,0,0.5,0.6,0,-1,[0|0|0|0]
138100000,[Spirit Summon] Kindred of Rot,0,0,[0|0|0],38100,-1,0,120,2.4,0.9,130,0,1133,0,0,-1,-1,10,0,0,-1,0,0.7,-1,5400,0,0,0,296010,0,90000,90010,0,100,0,0,0,0,-1,-1,-1,-1,-1,-1,25,3000,3001,3002,3003,3004,3005,3006,3007,3008,3009,6001,6000,0,1,1,1,1,1,1,1,1,1.5,-0.46153846,0,50,21,100,0,0,0,100,100,100,0,999,999,999,999,-1,-1,0,0,0,0,-1,-1,0,0,0,0,0,84,999,0,0,-1,10,0,11,0,0,47,3,40,143,143,0,0,2,0,0,0,0,0,0,0,0,0,0,32,7,0,0,0,0,0,0,0,0,1,0,0,0,0,0,0,0,0,0,0,1,0,0,0,0,0,0,0,0,0,0,0,0,0,0,1,0,0,1,0,0,0,0,0,0,0,0,0,0,0,0,0,0,0,0,0,0,0,2.4,0.8,0,0,0,0,1,0,0,0,0,100,1,0,1,142,142,139,139,139,139,90020,90030,90040,5851,90060,90100,90200,-1,-1,35,0.4,1,0.9,1,1,1,1.2,1,1,0,0,0,-1,-1,256,-1,-1,-1,30,999,0,100,3810,5800,-1,-1,-1,-1,17354,-1,-1,-1,4302,295000,296000,297000,-1,-1,-1,0,2,0,0,0,1,1,1,0,0,-1,-1,0,0,0,0,0,0,-1,-1,3810,0,0,0,180,50,0.1,-1,-1,-1,-1,2.5,0,0,0,0,0,1,-0.4,-1,-1,-1,-1,-1,-1,-1,-1,-1,0.1,0.4,-1,0,0,35,0.29,100,-1,-1,-1,6001,-1,0,0.5,0.6,0,-1,[0|0|0|0]
138500000,[Spirit Summon] Marionette Soldier,0,0,[0|0|0],38500,-1,0,130,2.2,0.3,100,0,563,0,0,-1,-1,10,0,0,-1,0,0.5,-1,5400,0,0,0,296011,0,90000,90010,0,70,65,45,65,0,-1,-1,-1,-1,-1,-1,16,3000,3001,3002,3003,3004,3005,3006,3007,702,703,701,-1,0,1,1,1,1,1,1,1,1,1,-0.46153846,0,50,21,100,0,0,0,100,100,100,0,999,999,999,999,-1,-1,0,0,0,0,-1,-1,0,0,0,0,55,999,999,0,0,-1,10,0,11,0,0,47,3,40,143,143,0,0,4,0,60,60,60,60,0,0,0,0,0,22,7,0,0,0,0,0,0,0,0,1,0,0,0,0,0,0,0,0,0,0,0,0,0,0,0,1,0,0,0,0,0,0,0,0,0,1,0,1,1,0,0,0,0,0,0,0,0,0,0,0,0,0,0,0,0,0,0,0,2.2,0.3,0,0,0,0,1,0,0,0,0,100,1,999,1,142,142,139,139,139,139,90020,90030,90040,90300,90060,90100,0,-1,-1,0,0.4,1,0.9,1.1,0.9,1,1.2,1,1,60,0,0,-1,-1,128,-1,-1,-1,30,999,60,100,-1,-1,-1,-1,-1,-1,-1,-1,-1,295010,4302,295000,296000,297000,297101,297200,-1,0,2,0,0,0,1,1,1,0,0,-1,-1,0,0,0,0,0,0,-1,-1,3850,0,0,0,180,50,0.1,-1,-1,-1,3850,1.8,0,0,0,0,0,1,0,-1,-1,-1,-1,-1,-1,-1,-1,-1,0.1,0.4,-1,0,0,35,0.29,100,-1,-1,-1,-1,-1,0,0.5,0.6,0,-1,[0|0|0|0]
138601100,[Spirit Summon] Avionette Soldier,0,0,[0|0|0],38600,-1,0,130,2.2,0.3,100,0,646,0,0,-1,-1,10,0,0,-1,0,0.3,-1,5401,0,0,0,296010,0,90000,90010,0,70,65,45,65,0,-1,-1,-1,-1,-1,-1,16,3000,3001,3002,3003,3004,3005,3006,3007,702,703,701,-1,0,1,1,1,1,1,1,1,1,1,-0.46153846,0,50,21,100,0,0,0,100,100,100,0,999,999,999,999,-1,-1,0,0,0,0,-1,-1,0,0,0,0,55,999,999,0,0,-1,10,0,11,0,0,47,3,40,143,143,0,0,4,0,60,60,60,60,0,0,0,0,0,17,7,0,0,0,0,0,0,0,0,0,1,0,0,0,0,0,0,0,0,0,0,0,0,0,0,1,0,0,0,0,0,0,0,0,0,1,0,1,1,0,0,0,0,0,0,0,0,0,0,0,0,0,0,0,0,0,0,0,2.2,0.3,0,0,0,0,1,0,0,0,0,100,1,999,1,142,142,139,139,139,139,90020,90030,90040,90300,90060,90100,0,-1,-1,0,0.4,1,0.9,1.1,0.9,1,1.2,1,1,60,0,0,-1,-1,64,-1,-1,-1,30,999,60,100,-1,-1,-1,14085,-1,-1,-1,-1,-1,-1,4302,295000,296000,297000,-1,151,-1,0,2,0,0,0,1,1,1,0,0,-1,-1,0,0,0,0,0,0,-1,-1,3860,0,0,0,180,50,0.1,-1,-1,-1,-1,1.8,0,0,0,0,0,1,0,-1,-1,-1,-1,-1,-1,-1,-1,-1,0.1,0.4,-1,0,0,35,0.29,100,-1,-1,-1,-1,-1,0,0.5,0.6,0,-1,[0|0|0|0]
139000000,[Spirit Summon] Fire Monk,0,0,[0|0|0],39000,-1,0,110,2.2,0.5,300,0,1306,0,0,-1,-1,10,0,0,-1,0,0.55,-1,5400,0,0,0,296010,0,90000,90010,0,0,0,100,0,0,-1,-1,-1,-1,-1,-1,16,3000,3001,3002,3003,3004,3005,3006,3007,3008,3009,6001,6000,0,1,1,1,1,1,1,1,1,1.5,0,0,50,21,100,0,0,0,100,100,100,0,999,999,999,999,-1,-1,0,0,0,0,-1,-1,0,0,0,0,0,112,999,0,0,-1,10,0,11,0,0,47,3,40,143,143,0,0,2,0,0,0,0,0,0,0,0,0,0,27,7,0,0,0,0,0,0,0,0,1,0,0,0,0,0,0,0,0,0,1,0,0,0,0,0,0,0,0,0,0,0,0,0,0,0,1,0,0,1,0,0,0,0,0,0,0,0,0,0,0,0,0,0,0,0,0,0,0,2.2,0.5,0,0,0,0,1,0,0,0,0,100,1,0,2,142,142,139,139,139,139,90020,90030,90040,5851,90060,90161,90200,-1,-1,35,0.4,1,0.9,1,1,1,0.6,0.8,1.2,0,0,0,-1,-1,256,-1,-1,-1,30,999,0,100,-1,5800,14276,14277,-1,-1,-1,-1,-1,-1,4302,295000,296000,297000,-1,-1,-1,0,-1,0,0,0,1,1,1,0,0,-1,-1,0,0,0,0,0,0,-1,-1,3900,0,0,0,180,50,0.1,-1,-1,-1,-1,2.5,0,0,0,0,0,1,-0.145,-1,-1,-1,-1,-1,-1,-1,-1,-1,0.1,0.4,-1,0,0,65,0.29,100,-1,-1,-1,6002,-1,0,0.5,0.6,0,-1,[0|0|0|0]
139011000,[Spirit Summon] Blackflame Monk,0,0,[0|0|0],39010,-1,0,110,2.2,0.5,300,0,1158,0,0,-1,-1,10,0,0,-1,0,0.55,-1,5403,0,0,0,296010,0,90000,90010,0,0,0,100,0,0,-1,-1,-1,-1,-1,-1,16,3000,3001,3002,3003,3004,3005,3006,3007,3008,3009,6001,6000,0,1,1,1,1,1,1,1,1,1.5,0,0,50,21,100,0,0,0,100,100,100,0,999,999,999,999,-1,-1,0,0,0,0,-1,-1,0,0,0,0,0,112,999,0,0,-1,10,0,11,0,0,47,3,40,143,143,0,0,2,0,0,0,0,0,0,0,0,0,0,27,7,0,0,0,0,0,0,0,0,0,1,0,0,0,0,0,0,0,0,1,0,0,0,0,0,0,0,0,0,0,0,0,0,0,0,1,0,0,1,0,0,0,0,0,0,0,0,0,0,0,0,0,0,0,0,0,0,0,2.2,0.5,0,0,0,0,1,0,0,0,0,100,1,0,2,142,142,139,139,139,139,90020,90030,90040,5851,90060,90161,90200,-1,-1,35,0.4,1,0.9,1,1,1,0.6,0.8,0.8,0,0,0,-1,-1,256,-1,-1,-1,30,999,0,100,-1,5800,14276,14277,14279,-1,-1,-1,-1,-1,4302,295000,296000,297000,-1,-1,-1,0,2,0,0,0,1,1,1,0,0,-1,-1,0,0,0,0,0,0,-1,-1,3900,0,0,0,180,50,0.1,-1,-1,3900,-1,2.5,0,0,0,0,0,1,-0.145,-1,-1,-1,-1,-1,-1,-1,-1,-1,0.1,0.4,-1,0,0,65,0.29,100,-1,-1,-1,6002,-1,0,0.5,0.6,0,-1,[0|0|0|0]
139501000,[Spirit Summon] Man-Serpent,0,0,[0|0|0],39500,-1,0,120,2.2,0.6,120,0,1037,0,0,-1,-1,10,0,0,-1,0,0.6,-1,5401,0,0,0,296011,0,90000,90010,0,0,0,100,0,0,-1,-1,-1,-1,-1,-1,16,3000,3001,3002,3003,3004,3005,3006,3007,3008,3009,6001,6000,0,1,1,1,1,1,1,1,1,1.5,0,0,50,21,100,0,0,0,100,100,100,0,999,999,999,999,-1,-1,0,0,0,0,-1,-1,1,0,0,0,0,63,999,0,0,-1,10,0,12,0,0,47,3,40,143,143,0,0,2,0,0,0,0,0,0,0,0,0,0,27,7,0,0,0,0,0,0,0,0,0,1,0,0,0,0,0,0,0,0,0,0,0,1,0,0,0,0,0,0,0,0,0,0,0,0,1,0,0,1,0,0,0,1,0,0,0,0,0,0,0,0,0,0,0,0,0,0,0,2.2,0.6,0,0,0,0,1,0,0,0,0,100,1,0,1,142,142,139,139,139,139,90020,90030,90040,0,90060,90100,90200,102304,-1,0,1,1,1.1,0.9,1.1,1,0.8,1,1,0,0,0,-1,-1,128,-1,-1,-1,30,999,0,100,-1,-1,13550,-1,-1,5800,13556,-1,-1,-1,4302,295000,296000,297000,297101,-1,-1,0,-1,0,0,0,1,1,1,0,0,-1,-1,0,0,0,0,0,0,-1,-1,3950,0,0,0,180,100,0.1,-1,-1,-1,-1,1.8,0,0,0,0,0,1,0,-1,-1,-1,-1,-1,-1,-1,-1,-1,0.1,0.4,-1,0,0,65,0.29,100,-1,-1,-1,6000,-1,0,0.5,0.6,0,-1,[0|0|0|0]
139701100,[Spirit Summon] Azula Beastman,0,0,[0|0|0],39700,-1,0,120,2.2,0.65,50,0,646,0,0,-1,-1,10,0,0,-1,0,0.6,-1,5401,5304,0,0,296010,0,90000,90010,0,0,0,0,0,0,-1,-1,-1,-1,-1,-1,35,3000,3001,3002,3003,3004,3005,3006,3007,3008,3009,6001,6000,0,1,1,1,1,1,1,1,1,1.5,0,0,100,21,100,0,0,0,100,100,100,0,999,999,999,999,-1,-1,0,0,0,0,-1,-1,0,0,0,0,0,84,999,0,0,-1,10,0,11,0,0,47,3,40,143,143,0,0,2,0,0,0,0,0,0,0,0,0,0,27,7,0,0,0,0,0,0,0,0,0,0,1,0,0,0,0,0,0,0,1,0,0,0,0,0,0,0,0,0,0,0,0,0,0,0,1,0,0,1,0,0,0,0,0,0,0,0,0,0,0,0,0,0,0,0,0,0,0,2.2,0.65,0,0,0,0,1,0,0,0,0,100,1,0,1,142,142,139,139,139,139,90020,90030,90040,0,90060,90140,90200,102304,-1,35,0.4,1,1.1,1,1,1,1.2,0.8,1,0,0,0,-1,-1,128,-1,-1,-1,30,999,0,100,-1,5800,-1,-1,-1,-1,-1,-1,-1,-1,4302,295000,296000,297000,-1,-1,-1,0,-1,0,0,0,1,1,1,0,0,-1,-1,0,0,0,0,0,0,-1,-1,3970,0,0,0,180,50,0.1,-1,-1,-1,3970,2.5,0,0,0,0,0,1,0.36,-1,-1,-1,-1,-1,-1,-1,-1,-1,0.1,0.4,-1,0,0,65,0.29,100,-1,-1,-1,6001,-1,0,0.5,0.6,0,-1,[0|0|0|0]
140500000,[Spirit Summon] Kaiden Sellsword,0,0,[0|0|0],40500,-1,0,110,2.2,0.5,130,0,1037,0,0,-1,-1,10,0,0,-1,0,0.4,-1,5400,0,0,0,296010,0,90000,90010,0,55,50,35,35,0,-1,-1,-1,-1,-1,-1,25,3000,3001,3002,3003,3004,3005,3006,3007,3008,3009,6001,6000,0,1,1,1,1,1,1,1,1,1.5,0,0,55,21,100,0,0,0,100,100,100,0,999,999,999,999,-1,-1,0,0,0,0,-1,-1,0,0,0,0,30,112,999,0,0,-1,10,0,11,0,0,47,3,40,143,143,0,0,2,0,0,0,0,0,0,0,0,0,0,22,7,0,0,0,0,0,0,0,0,1,0,0,0,0,0,0,0,0,0,0,1,0,0,0,0,0,0,0,0,0,0,0,0,1,0,1,0,0,1,0,0,0,0,0,0,0,0,0,0,0,0,0,0,0,0,0,0,0,2.2,0.5,0,0,0,0,1,0,0,0,0,100,1,0,1,142,142,139,139,139,139,90020,90030,90040,5851,90060,90161,0,-1,-1,0,0,1,1,1,1,1,1,1.2,1,35,0,0,-1,-1,256,-1,-1,-1,30,999,0,100,-1,-1,-1,-1,8710,-1,-1,-1,-1,-1,4302,295000,296000,297000,-1,-1,-1,0,2,0,0,0,1,1,1,0,0,-1,-1,0,0,0,0,0,0,-1,-1,4050,0,0,0,180,100,0.1,-1,-1,-1,-1,2.5,0,0,0,0,0,1,-0.17,-1,-1,-1,-1,-1,-1,-1,-1,-1,0.1,0.4,-1,0,0,65,0.29,100,-1,-1,-1,6002,-1,0,0.5,0.6,0,-1,[0|0|0|0]
140700000,[Spirit Summon] Lone Wolf,0,0,[0|0|0],40700,-1,0,120,2.2,0.6,100,0,500,0,0,-1,-1,10,0,0,-1,0,0.8,-1,5400,0,0,0,296010,0,90000,90010,0,0,0,0,0,0,-1,-1,-1,-1,-1,-1,28,3000,3001,3002,3003,3004,3005,3006,3007,3008,3009,6001,6000,0,1,1,1,1,1,1,1,1,1.5,-0.46153846,0,50,21,100,0,0,0,100,100,100,0,999,999,999,999,-1,-1,0,0,0,0,-1,-1,0,0,0,0,0,84,999,0,0,-1,10,0,11,0,0,47,11,40,143,143,0,0,0,0,0,0,0,0,0,0,0,0,0,17,7,0,0,0,0,0,0,1,0,0,0,0,0,0,0,0,0,0,0,0,1,0,0,0,0,0,0,0,0,0,0,0,0,0,0,1,0,0,1,0,0,0,0,0,0,0,0,0,0,0,0,0,0,0,0,0,0,0,2.2,0.6,0,0,0,0,1,0,0,0,0,100,1,4,1,142,142,139,139,139,139,90020,90030,90040,0,90060,90160,90200,102304,-1,0,0,1.1,1.4,1.1,1.1,1.2,1.4,1.2,1.2,0,0,0,-1,-1,128,-1,-1,-1,30,999,0,100,-1,0,0,-1,-1,-1,-1,-1,-1,-1,4302,295000,296000,297000,-1,461,-1,0,2,1,0,0,1,1,1,0,0,-1,-1,0,0,0,0,0,0,-1,-1,4070,30,5,0,180,200,0.2,-1,-1,-1,-1,1.8,0,0,0,0,0,1,0,-1,-1,-1,-1,-1,-1,-1,-1,-1,0.1,0.4,-1,0,0,35,0.29,100,-1,-1,-1,6001,-1,0,0.5,0.6,0,-1,[0|0|0|0]
140800000,[Spirit Summon] Giant Rat,0,0,[0|0|0],40800,-1,0,130,2.2,0.5,100,0,429,0,0,-1,-1,-1,0,0,-1,0,0.5,-1,5400,0,0,0,296010,0,90000,90010,0,0,0,0,0,0,-1,-1,-1,-1,-1,-1,75,3000,3001,3002,3003,3004,3005,3006,3007,702,703,701,700,0,1,1,1,1,1,1,1,1,1.5,-0.46153846,0,50,21,100,0,0,0,100,100,100,0,999,999,999,999,-1,-1,0,0,0,0,-1,-1,0,0,0,0,0,84,999,0,0,-1,10,0,10,0,0,47,4,40,143,143,0,0,0,0,0,0,0,0,0,0,0,0,0,17,7,0,0,0,0,0,0,1,0,0,0,0,0,0,0,0,0,0,0,0,0,0,0,0,0,0,0,0,0,0,0,0,0,0,0,1,0,1,1,0,0,0,0,0,0,0,0,0,0,0,0,0,0,0,0,0,0,0,2.2,0.5,0,0,0,0,1,0,1,0,0,100,1,999,1,142,142,139,139,139,139,90020,90030,90040,0,90060,90160,90200,102304,-1,0,0.4,1.1,1.4,1.1,1.1,1.2,1.4,1.2,1.2,0,0,0,-1,-1,128,-1,-1,-1,10,999,0,100,4080,-1,5800,10430,-1,10434,-1,-1,5130,-1,4302,295000,296000,297000,152,461,-1,0,2,1,0,0,1,1,1,0,0,-1,-1,0,0,0,0,0,0,-1,-1,4090,30,30,0,180,100,0.1,-1,-1,-1,-1,1,0,0,0,0,0,1,0,-1,-1,-1,-1,-1,-1,-1,-1,-1,0.1,0.4,-1,0,0,35,0.29,100,-1,-1,-1,6001,-1,0,0.5,0.6,0,-1,[0|0|0|0]
141000000,[Spirit Summon] Demi-Human 1,0,0,[0|0|0],41000,-1,0,180,2.2,0.4,100,0,500,0,0,-1,-1,10,0,0,-1,0,0.3,-1,5400,0,0,0,296010,0,90000,90010,0,35,24,18,22,0,-1,-1,-1,-1,-1,-1,21,3000,3001,3002,3003,3004,3005,3006,3007,3008,3009,6001,6000,0,1,1,1,1,1,1,1,1,1.5,-0.46153846,0,10,21,100,0,0,0,100,100,100,0,999,999,999,999,-1,-1,0,0,0,0,-1,-1,0,0,0,0,30,84,999,0,0,-1,10,0,11,0,0,47,3,40,143,143,0,0,2,0,0,0,0,0,0,0,0,0,0,17,7,0,0,0,0,0,0,0,0,1,0,1,0,0,0,0,0,0,0,1,0,0,0,0,0,0,0,0,0,0,0,0,0,0,0,1,0,0,1,0,0,0,0,0,0,0,0,0,0,0,0,0,0,0,0,0,0,0,2.2,0.4,0,0,0,0,1,0,0,0,0,100,1,0,1,142,142,139,139,139,139,90020,90030,90040,0,90060,90162,90200,102304,-1,0,0.4,1.1,1.4,1.1,1.1,1.2,1.2,1.2,1.2,25,0,0,-1,-1,128,-1,-1,-1,30,999,0,100,-1,10590,-1,10550,5800,-1,-1,-1,-1,-1,4302,295000,296000,297000,-1,-1,-1,0,2,0,0,0,1,1,1,0,0,-1,-1,0,0,0,0,0,0,-1,-1,4100,0,0,0,180,100,0.1,-1,-1,-1,-1,1.8,0,0,0,0,0,1,0,-1,-1,-1,-1,-1,-1,-1,-1,-1,0.1,0.4,-1,0,0,35,0.29,100,-1,-1,-1,6001,-1,0,0.5,0.6,0,-1,[0|0|0|0]
141001000,[Spirit Summon] Demi-Human 2,0,0,[0|0|0],41000,-1,0,180,2.2,0.4,100,0,500,0,0,-1,-1,10,0,0,-1,0,0.3,-1,5400,0,0,0,296010,0,90000,90010,0,0,0,0,0,0,-1,-1,-1,-1,-1,-1,21,3000,3001,3002,3003,3004,3005,3006,3007,3008,3009,6001,6000,0,1,1,1,1,1,1,1,1,1.5,-0.46153846,0,50,21,100,0,0,0,100,100,100,0,999,999,999,999,-1,-1,0,0,0,0,-1,-1,0,0,0,0,0,84,999,0,0,-1,10,0,11,0,0,47,3,40,143,143,0,0,2,0,0,0,0,0,0,0,0,0,0,17,7,0,0,0,0,0,0,0,0,1,0,0,0,0,0,0,0,0,0,1,0,0,0,0,0,0,0,0,0,0,0,0,0,0,0,1,0,0,1,0,0,0,0,0,0,0,0,0,0,0,0,0,0,0,0,0,0,0,2.2,0.4,0,0,0,0,1,0,0,0,0,100,1,0,1,142,142,139,139,139,139,90020,90030,90040,0,90060,90162,90200,102304,-1,0,0.4,1.1,1.4,1.1,1.1,1.2,1.2,1.2,1.2,0,0,0,-1,-1,128,-1,-1,-1,30,999,0,100,-1,10590,-1,10550,5800,-1,-1,-1,-1,-1,4302,295000,296000,297000,-1,-1,-1,0,2,0,0,0,1,1,1,0,0,-1,-1,0,0,0,0,0,0,-1,-1,4100,0,0,0,180,100,0.1,-1,-1,-1,-1,1.8,0,0,0,0,0,1,0,-1,-1,-1,-1,-1,-1,-1,-1,-1,0.1,0.4,-1,0,0,35,0.29,100,-1,-1,-1,6001,-1,0,0.5,0.6,0,-1,[0|0|0|0]
141002000,[Spirit Summon] Demi-Human 3,0,0,[0|0|0],41000,-1,0,150,2.2,0.4,100,0,500,0,0,-1,-1,10,0,0,-1,0,0.3,-1,5401,0,0,0,296010,0,90000,90010,0,0,0,0,0,0,-1,-1,-1,-1,-1,-1,25,3000,3001,3002,3003,3004,3005,3006,3007,3008,3009,6001,6000,0,1,1,1,1,1,1,1,1,1.5,-0.46153846,0,50,21,100,0,0,0,100,100,100,0,999,999,999,999,-1,-1,0,0,0,0,-1,-1,0,0,0,0,0,84,999,0,0,-1,10,0,11,0,0,47,3,40,143,143,0,0,2,0,0,0,0,0,0,0,0,0,0,17,7,0,0,0,0,0,0,0,0,0,1,0,0,0,0,0,0,0,0,0,1,0,0,0,0,0,0,0,0,0,0,0,0,0,0,1,0,0,1,0,0,0,0,0,0,0,0,0,0,0,0,0,0,0,0,0,0,0,2.2,0.4,0,0,0,0,1,0,0,0,0,100,1,0,1,142,142,139,139,139,139,90020,90030,90040,0,90060,90162,90200,102304,-1,0,0.4,1.1,1.4,1.1,1.1,1.2,1.2,1.2,1.2,0,0,0,-1,-1,128,-1,-1,-1,30,999,0,100,-1,10590,-1,10550,5800,-1,-1,-1,-1,-1,4302,295000,296000,297000,-1,-1,-1,0,2,0,0,0,1,1,1,0,0,-1,-1,0,0,0,0,0,0,-1,-1,4100,0,0,0,180,100,0.1,-1,-1,-1,-1,1.8,0,0,0,0,0,1,0,-1,-1,-1,-1,-1,-1,-1,-1,-1,0.1,0.4,-1,0,0,35,0.29,100,-1,-1,-1,6001,-1,0,0.5,0.6,0,-1,[0|0|0|0]
141010000,[Spirit Summon] Demi-Human 4,0,0,[0|0|0],41010,-1,0,150,2.2,0.5,100,0,711,0,0,-1,-1,10,0,0,-1,0,0.35,-1,5402,0,0,0,296010,0,90000,90010,0,0,0,0,0,0,-1,-1,-1,-1,-1,-1,32,3000,3001,3002,3003,3004,3005,3006,3007,3008,3009,6001,6000,0,1,1,1,1,1,1,1,1,1.5,-0.46153846,0,50,21,100,0,0,0,100,100,100,0,999,999,999,999,-1,-1,0,0,0,0,-1,4100,0,0,0,0,0,84,999,0,0,-1,10,0,11,0,0,47,3,40,143,143,0,0,2,0,0,0,0,0,0,0,0,0,0,17,7,0,0,0,0,0,0,0,0,0,1,0,0,0,0,0,0,0,0,0,1,0,0,0,0,0,0,0,0,0,0,0,0,0,0,1,0,0,1,0,0,0,0,0,0,0,0,0,0,0,0,0,0,0,0,0,0,0,2.2,0.5,0,0,0,0,1,0,0,0,0,100,1,0,1,142,142,139,139,139,139,90020,90030,90040,0,90060,90162,90200,102304,-1,0,0.4,1.1,1.4,1.1,1.1,1.2,1.2,1.2,1.2,0,0,0,-1,-1,128,-1,-1,-1,30,999,0,100,-1,10590,-1,10550,5800,-1,-1,-1,-1,-1,4302,295000,296000,297000,-1,-1,-1,0,2,0,0,0,1,1,1,0,0,-1,-1,0,0,0,0,0,0,-1,-1,4100,0,0,0,180,100,0.1,-1,-1,4100,-1,1.8,0,0,0,0,0,1.27,0,-1,-1,-1,-1,-1,-1,-1,-1,-1,0.1,0.4,-1,0,0,35,0.29,100,-1,-1,-1,6001,-1,0,0.5,0.6,0,-1,[0|0|0|0]
141100000,[Spirit Summon] Demi-Human 5,0,0,[0|0|0],41100,-1,0,180,2.2,0.4,60,0,429,0,0,-1,-1,10,0,0,-1,0,0.4,-1,5400,0,0,0,296010,0,90000,90010,0,0,0,0,0,0,-1,-1,-1,-1,-1,-1,21,3000,3001,3002,3003,3004,3005,3006,3007,3008,3009,6001,6000,0,1,1,1,1,1,1,1,1,1.5,-0.46153846,0,50,21,100,0,0,0,100,100,100,0,999,999,999,999,-1,-1,0,0,0,0,-1,-1,0,0,0,0,0,84,999,0,0,-1,10,0,10,0,0,47,3,40,143,143,0,0,2,0,0,0,0,0,0,0,0,0,0,17,7,0,0,0,0,0,0,1,0,1,0,0,0,0,0,0,0,0,0,1,0,0,0,0,0,0,0,0,0,0,0,0,0,0,0,1,0,0,1,0,0,0,0,0,0,0,0,0,0,0,0,0,0,0,0,0,0,0,2.2,0.4,0,0,0,0,1,0,0,0,0,100,1,0,1,142,142,139,139,139,139,90020,90030,90040,0,90060,90162,90200,102304,-1,0,0.4,1.1,1.4,1.1,1.1,1.2,1.2,1.2,1.2,0,0,0,-1,-1,64,-1,-1,-1,30,999,0,100,-1,10590,-1,10570,5800,-1,-1,-1,-1,-1,4302,295000,296000,297000,-1,152,-1,0,2,0,0,0,1,1,1,0,0,-1,-1,0,0,0,0,0,0,-1,-1,4100,20,0,0,180,100,0.1,-1,-1,-1,-1,1,0,0,0,0,0,1,0,-1,-1,-1,-1,-1,-1,-1,-1,-1,0.1,0.4,-1,0,0,35,0.29,100,-1,-1,-1,6001,-1,0,0.5,0.6,0,-1,[0|0|0|0]
141660000,[Spirit Summon] Rotten Dog,0,0,[0|0|0],41600,-1,0,30,2.2,0.5,100,0,781,0,0,-1,-1,10,0,0,-1,0,0.7,-1,5400,5330,12404,0,296010,0,90000,90010,0,0,0,0,0,0,-1,-1,-1,-1,-1,-1,25,3000,3001,3002,3003,3004,3005,3006,3007,702,703,701,-1,0,1,1,1,1,1,1,1,1,1.5,-0.46153846,0,50,21,100,0,0,0,100,100,100,0,999,999,999,999,-1,-1,0,0,0,0,-1,-1,0,0,0,0,0,84,999,0,0,-1,10,0,11,0,0,47,4,40,143,143,0,0,0,0,0,0,0,0,0,0,0,0,0,17,7,0,0,0,0,0,0,1,0,1,0,0,0,0,0,0,0,0,0,0,0,0,0,0,0,0,0,0,0,0,0,0,0,0,0,1,0,1,1,0,0,0,0,0,0,0,0,0,0,0,0,0,0,0,0,0,0,0,2.2,0.5,0,0,0,0,1,0,1,0,0,100,1,999,1,142,142,139,139,139,139,90020,90030,90040,0,90060,90160,90200,102304,-1,0,0.4,1.1,1.4,1.1,1.1,1.2,2,1.2,1.2,0,0,0,-1,-1,128,-1,-1,-1,30,999,0,100,-1,-1,-1,5800,12405,-1,-1,-1,-1,5130,4302,295000,296000,297000,-1,461,-1,0,2,1,0,0,1,1,1,0,0,-1,-1,0,0,0,0,0,0,-1,-1,4160,30,5,0,180,50,0.3,-1,-1,4160,-1,1.8,0,0,0,0,0,1,0,-1,-1,-1,-1,-1,-1,-1,-1,-1,0.1,0.4,-1,0,0,35,0.29,100,-1,-1,-1,6001,-1,0,0.5,0.6,0,-1,[0|0|0|0]
141800000,[Spirit Summon] Spirit Jellyfish,0,0,[0|0|0],41800,-1,0,60,2.4,0.7,100,0,909,0,0,-1,-1,-1,0,0,-1,0,0.7,-1,5400,0,0,0,296011,0,90000,90010,0,0,0,0,0,0,-1,-1,-1,-1,-1,-1,20,3000,3001,3002,3003,3004,3005,3006,3007,6003,6002,6003,6002,0,1,1,1,1,1,1,1,1,1.5,-0.46153846,0,50,21,100,0,0,0,100,100,100,0,999,999,999,999,-1,-1,0,0,0,0,-1,-1,1,0,0,0,0,999,999,0,0,-1,10,0,11,0,0,47,1,40,143,143,0,0,0,0,0,0,0,0,0,0,0,0,0,0,0,0,0,0,0,0,0,0,0,0,0,0,0,0,0,0,0,0,0,0,0,1,0,0,0,0,0,0,0,0,0,0,0,0,0,1,0,0,1,0,0,0,0,0,0,0,0,0,0,0,0,0,0,0,0,0,0,0,2.4,0.7,0,0,0,0,1,0,0,0,0,100,1,999,1,142,142,139,139,139,139,90020,90030,90040,90300,90060,90100,0,-1,-1,0,0.4,1,1,0.65,1,0.8,0.8,1.2,1,0,0,0,-1,-1,128,-1,-1,-1,10,999,0,100,-1,14201,-1,-1,14207,-1,-1,-1,-1,-1,4302,295000,296000,297000,297102,297200,-1,0,2,0,0,0,1,1,1,0,0,-1,-1,0,0,0,0,0,0,-1,-1,4180,20,20,0,180,50,0.1,-1,-1,-1,-1,1.8,0,0,0,0,0,1,0,-1,-1,-1,-1,-1,-1,-1,-1,-1,0.1,0.4,-1,0,0,35,0.29,100,-1,-1,-1,-1,-1,0,0.5,0.6,0,-1,[0|0|0|0]
142100100,[Spirit Summon] Warhawk,0,0,[0|0|0],42100,-1,0,45,2.4,0.4,130,0,993,0,0,-1,-1,-1,2,0,-1,0,0.4,-1,5401,0,5365,0,296010,0,90000,90010,0,0,0,0,0,0,-1,-1,-1,-1,-1,-1,32,3000,3001,3002,3003,3004,3005,3006,3007,3008,3009,6001,6000,0,1,1,1,1,1,1,1,1,1.5,-0.23076923,0,50,21,100,0,0,0,100,100,100,0,999,999,999,999,-1,-1,0,0,0,0,-1,-1,0,0,0,0,0,84,999,0,0,-1,10,0,11,0,0,47,13,40,143,143,0,0,0,0,0,0,0,0,0,0,0,0,0,17,7,0,0,0,0,0,0,0,0,1,0,0,0,0,0,0,0,0,0,1,0,0,1,0,0,0,0,0,0,0,0,0,0,0,0,1,0,0,1,0,0,0,0,0,0,0,0,0,0,0,0,0,0,0,0,0,0,0,2.4,0.4,0,0,0,0,1,0,0,0,0,100,1,0,1,142,142,139,139,139,139,90020,90030,90040,5851,90060,90160,90200,102304,-1,0,0.4,1.1,1.1,1.1,1.1,1.2,1.2,1.2,1.2,0,0,0,-1,-1,128,-1,-1,-1,-1,999,0,100,-1,10900,10910,-1,-1,10915,-1,-1,-1,-1,4302,295000,296000,297000,297102,471,-1,0,2,0,0,0,1,1,1,0,0,-1,-1,0,0,0,0,0,0,-1,-1,4210,0,0,0,180,50,0.1,-1,-1,-1,-1,2.5,0,0,0,0,0,1,0,-1,-1,-1,-1,-1,-1,-1,-1,-1,0.1,0.4,-1,0,0,50,0.29,100,-1,-1,-1,6001,-1,0,0.5,0.6,0,-1,[0|0|0|0]
142102000,[Spirit Summon] Stormhawk,0,0,[0|0|0],42100,-1,0,45,2.4,0.4,130,0,711,0,0,-1,-1,-1,2,0,-1,0,0.4,-1,5402,0,5365,0,296010,0,90000,90010,0,0,0,0,0,0,-1,-1,-1,-1,-1,-1,32,3000,3001,3002,3003,3004,3005,3006,3007,3008,3009,6001,6000,0,1,1,1,1,1,1,1,1,1.5,-0.46153846,0,50,21,100,0,0,0,100,100,100,0,999,999,999,999,-1,-1,0,0,0,0,-1,-1,0,0,0,0,0,84,999,0,0,-1,10,0,11,0,0,47,13,40,143,143,0,0,0,0,0,0,0,0,0,0,0,0,0,17,7,0,0,0,0,0,0,0,0,0,1,0,0,0,0,0,0,0,0,0,1,0,0,0,0,0,0,0,0,0,0,0,0,0,0,1,0,0,1,0,0,0,0,0,0,0,0,0,0,0,0,0,0,0,0,0,0,0,2.4,0.4,0,0,0,0,1,0,0,0,0,100,1,0,1,142,142,139,139,139,139,90020,90030,90040,5851,90060,90160,90200,-1,-1,0,0.4,1.1,1.4,1.1,1.1,1.2,1.4,1.2,1.2,0,0,0,-1,-1,128,-1,-1,-1,-1,999,0,100,-1,10900,0,-1,5020,10915,-1,-1,-1,-1,4302,295000,296000,297000,297102,471,-1,0,2,0,0,0,1,1,1,0,0,-1,-1,0,0,0,0,0,0,-1,-1,4210,0,0,0,180,50,0.1,-1,-1,-1,-1,2.5,0,0,0,0,0,1,0,-1,-1,-1,-1,-1,-1,-1,-1,-1,0.1,0.4,-1,0,0,35,0.29,100,-1,-1,-1,6001,-1,0,0.5,0.6,0,-1,[0|0|0|0]
142900000,[Spirit Summon] Bloodhound Knight Floh,0,0,[0|0|0],42900,-1,0,90,2.2,0.8,90,0,657,0,0,-1,-1,10,0,0,-1,0,0.8,-1,5400,0,13502,0,296010,0,90000,90010,0,0,0,0,0,0,-1,-1,-1,-1,-1,-1,38,3000,3001,3002,3003,3004,3005,3006,3007,3008,3009,6001,6000,0,1,1,1,1,1,1,1,1,1.5,0,0,50,21,100,0,0,0,100,100,100,0,999,999,999,999,-1,-1,0,0,0,0,-1,-1,0,0,0,0,30,112,999,0,0,-1,10,0,11,0,0,47,4,40,143,143,0,0,2,0,0,0,0,0,0,0,0,0,0,17,7,0,0,0,0,0,0,1,0,1,0,0,0,0,0,0,0,0,0,1,0,0,0,0,0,0,0,0,0,0,0,0,0,0,0,1,0,0,1,0,0,0,0,0,0,0,0,0,0,0,0,0,0,0,0,0,0,0,2.2,0.8,0,0,0,0,1,0,0,0,0,100,1,0,2,142,142,139,139,139,139,90020,90030,90040,5851,90060,90161,90200,-1,-1,0,0.1,0.9,0.9,0.9,1,1,1,1.2,1,0,0,0,-1,-1,256,-1,-1,-1,30,999,0,100,-1,5800,-1,-1,-1,-1,-1,-1,-1,295010,4302,295000,296000,297000,-1,-1,-1,0,-1,1,0,0,1,1,1,0,0,-1,-1,0,0,0,0,0,0,-1,-1,4290,40,30,0,180,50,0.2,-1,-1,-1,-1,1.8,0,0,0,0,0,1,0,-1,-1,-1,-1,-1,-1,-1,-1,-1,0.1,0.4,-1,0,0,65,0.29,100,-1,-1,-1,6002,-1,0,0.5,0.6,0,-1,[0|0|0|0]
143000000,[Spirit Summon] Wandering Noble 1,0,0,[0|0|0],43000,-1,0,60,2.2,0.4,130,0,429,0,0,-1,-1,10,0,0,-1,0,0.4,-1,5400,0,0,0,296010,0,90000,90010,0,0,0,0,0,0,-1,-1,-1,-1,-1,-1,18,3000,3001,3002,3003,3004,3005,3006,3007,3008,3009,6001,6000,0,1,1,1,1,1,1,1,1,1.5,-0.46153846,0,50,21,100,0,0,0,100,100,100,0,999,999,999,999,-1,-1,0,0,0,0,-1,-1,0,0,0,0,0,84,999,0,0,-1,10,0,11,0,0,47,3,40,143,143,0,0,2,0,0,0,0,0,0,0,0,0,0,22,7,0,0,0,0,0,0,0,0,1,0,0,0,0,0,0,0,0,0,0,0,1,0,0,0,0,0,0,0,0,0,0,0,0,0,1,0,0,1,0,0,0,0,0,0,0,0,0,0,0,0,0,0,0,0,0,0,0,2.2,0.4,0,0,0,0,1,0,0,0,0,100,1,0,1,142,142,139,139,139,139,90020,90030,90040,0,90060,90161,90200,102304,-1,0,0.4,1.1,1.1,1.1,1.1,1.2,1.2,1.2,1,0,10,0,-1,-1,128,-1,-1,-1,30,999,0,100,-1,-1,-1,-1,-1,5800,-1,6000,10103,-1,4302,295000,296000,297000,-1,-1,-1,0,2,0,0,0,1,1,1,0,0,-1,-1,0,0,0,0,0,0,-1,-1,4300,0,0,0,180,50,0.1,-1,-1,-1,-1,1.8,0,0,0,0,0,1,0,-1,-1,-1,-1,-1,-1,-1,-1,-1,0.1,0.4,-1,0,0,35,0.29,100,-1,-1,-1,6001,-1,0,0.5,0.6,0,-1,[0|0|0|0]
143000200,[Spirit Summon] Wandering Noble 2,0,0,[0|0|0],43000,-1,0,60,2.2,0.4,130,0,429,0,0,-1,-1,10,0,0,-1,0,0.4,-1,5400,0,0,0,296010,0,90000,90010,0,0,0,0,0,0,-1,-1,-1,-1,-1,-1,18,3000,3001,3002,3003,3004,3005,3006,3007,3008,3009,6001,6000,0,1,1,1,1,1,1,1,1,1.5,-0.46153846,0,50,21,100,0,0,0,100,100,100,0,999,999,999,999,-1,-1,0,0,0,0,-1,-1,0,0,0,0,0,84,999,0,0,-1,10,0,11,0,0,47,3,40,143,143,0,0,2,0,0,0,0,0,0,0,0,0,0,22,7,0,0,0,0,0,0,0,0,1,0,0,0,0,0,0,0,0,0,0,0,0,0,0,0,0,0,0,0,0,0,0,0,0,0,1,0,0,1,0,0,0,1,0,0,0,0,0,0,0,0,0,0,0,0,0,0,0,2.2,0.4,0,0,0,0,1,0,0,0,0,100,1,0,1,142,142,139,139,139,139,90020,90030,90040,0,90060,90161,90200,102304,-1,0,0.4,1.1,1.1,1.1,1.1,1.2,1.2,1.2,1,0,10,0,-1,-1,128,-1,-1,-1,30,999,0,100,-1,-1,-1,-1,-1,5800,-1,6000,10103,-1,4302,295000,296000,297000,-1,-1,-1,0,2,0,0,0,1,1,1,0,0,-1,-1,0,0,0,0,0,0,-1,-1,4300,0,0,0,180,50,0.1,-1,-1,-1,-1,1.8,0,0,0,0,0,1,0,-1,-1,-1,-1,-1,-1,-1,-1,-1,0.1,0.4,-1,0,0,35,0.29,100,-1,-1,-1,6001,-1,0,0.5,0.6,0,-1,[0|0|0|0]
143001000,[Spirit Summon] Wandering Noble 3,0,0,[0|0|0],43000,-1,0,60,2.2,0.4,130,0,429,0,0,-1,-1,10,0,0,-1,0,0.4,-1,5400,0,0,0,296010,0,90000,90010,0,0,0,0,0,0,-1,-1,-1,-1,-1,-1,18,3000,3001,3002,3003,3004,3005,3006,3007,3008,3009,6001,6000,0,1,1,1,1,1,1,1,1,1.5,-0.46153846,0,50,21,100,0,0,0,100,100,100,0,999,999,999,999,-1,-1,0,0,0,0,-1,-1,0,0,0,0,0,84,999,0,0,-1,10,0,11,0,0,47,3,40,143,143,0,0,2,0,0,0,0,0,0,0,0,0,0,22,7,0,0,0,0,0,0,0,0,0,1,0,0,0,0,0,1,1,1,0,0,0,1,0,0,0,0,0,0,0,0,0,0,0,0,1,0,0,1,0,0,0,0,0,0,0,0,0,0,0,0,0,0,0,0,0,0,0,2.2,0.4,0,0,0,0,1,0,0,0,0,100,1,0,1,142,142,139,139,139,139,90020,90030,90040,0,90060,90161,90200,102304,-1,0,0.4,1.1,1.1,1.1,1.1,1.2,1.2,1.2,1,0,10,0,-1,-1,128,-1,-1,-1,30,999,0,100,-1,0,-1,-1,-1,5800,-1,6000,10103,-1,4302,295000,296000,297000,-1,-1,-1,0,2,0,0,0,1,1,1,0,0,-1,-1,0,0,0,0,0,0,-1,-1,4300,0,0,0,180,50,0.1,-1,-1,-1,-1,1.8,0,0,0,0,0,1,0,-1,-1,-1,-1,-1,-1,-1,-1,-1,0.1,0.4,-1,0,0,35,0.29,100,-1,-1,-1,6001,-1,0,0.5,0.6,0,-1,[0|0|0|0]
143002000,[Spirit Summon] Noble Sorcerer,0,0,[0|0|0],43000,-1,0,60,2.2,0.4,130,0,711,0,0,-1,-1,10,0,0,-1,0,0.4,-1,5402,0,0,0,296011,0,90000,90010,0,0,0,0,0,0,-1,-1,-1,-1,-1,-1,18,3000,3001,3002,3003,3004,3005,3006,3007,3008,3009,6001,6000,0,1,1,1,1,1,1,1,1,1.5,-0.46153846,0,50,21,100,0,0,0,100,100,100,0,999,999,999,999,-1,-1,0,0,0,0,-1,-1,0,0,0,0,0,84,999,0,0,-1,10,0,11,0,0,47,3,40,143,143,0,0,2,0,0,0,0,0,0,0,0,0,0,22,7,0,0,0,0,0,0,0,0,0,0,1,0,0,0,0,1,1,1,1,1,1,0,0,0,0,0,0,0,0,0,0,0,0,0,1,0,0,1,0,0,0,0,0,0,0,0,0,0,0,0,0,0,0,0,0,0,0,2.2,0.4,0,0,0,0,1,0,0,0,0,100,1,0,1,142,142,139,139,139,139,90020,90030,90040,0,90060,90161,90200,102304,-1,0,0.4,1.1,1.1,1.1,1.1,1.2,1.2,1.2,1,0,-20,0,-1,-1,128,-1,-1,-1,30,999,0,100,-1,0,-1,-1,-1,5800,-1,6000,10103,-1,4302,295000,296000,297000,297101,297200,-1,0,-1,0,0,0,1,1,1,0,0,-1,-1,0,0,0,0,0,0,-1,-1,4300,0,0,0,180,50,0.1,-1,-1,-1,-1,1.8,0,0,0,0,0,1,0,-1,-1,-1,-1,-1,-1,-1,-1,-1,0.1,0.4,-1,0,0,35,0.29,100,-1,-1,-1,6001,-1,0,0.5,0.6,0,-1,[0|0|0|0]
143005000,[Spirit Summon] Wandering Noble 4,0,0,[0|0|0],43000,-1,0,60,2.2,0.4,130,0,429,0,0,-1,-1,10,0,0,-1,0,0.4,-1,5405,0,0,0,296010,0,90000,90010,0,0,0,0,0,0,-1,-1,-1,-1,-1,-1,18,3000,3001,3002,3003,3004,3005,3006,3007,3008,3009,6001,6000,0,1,1,1,1,1,1,1,1,1.5,-0.46153846,0,50,21,100,0,0,0,100,100,100,0,999,999,999,999,-1,-1,0,0,0,0,-1,-1,0,0,0,0,0,84,999,0,0,-1,10,0,11,0,0,47,3,40,143,143,0,0,2,0,0,0,0,0,0,0,0,0,0,22,7,0,0,0,0,0,0,0,0,0,0,0,0,0,0,1,0,0,0,0,0,1,0,0,0,0,0,0,0,0,0,0,0,0,0,1,0,0,1,0,0,0,0,0,0,0,0,0,0,0,0,0,0,0,0,0,0,0,2.2,0.4,0,0,0,0,1,0,0,0,0,100,1,0,1,142,142,139,139,139,139,90020,90030,90040,0,90060,90161,90200,102304,-1,0,0.4,1.1,1.1,1.1,1.1,1.2,1.2,1.2,1,0,10,0,-1,-1,128,-1,-1,-1,30,999,0,100,-1,0,-1,-1,-1,5800,10100,6000,10103,-1,4302,295000,296000,297000,-1,-1,-1,0,2,0,0,0,1,1,1,0,0,-1,-1,0,0,0,0,0,0,-1,-1,4300,0,0,0,180,50,0.1,-1,-1,-1,-1,1.8,0,0,0,0,0,1,0,-1,-1,-1,-1,-1,-1,-1,-1,-1,0.1,0.4,-1,0,0,35,0.29,100,-1,-1,-1,6001,-1,0,0.5,0.6,0,-1,[0|0|0|0]
143005100,[Spirit Summon] Wandering Noble 5,0,0,[0|0|0],43000,-1,0,60,2.2,0.4,130,0,429,0,0,-1,-1,10,0,0,-1,0,0.4,-1,5405,0,0,0,296010,0,90000,90010,0,0,0,0,0,0,-1,-1,-1,-1,-1,-1,18,3000,3001,3002,3003,3004,3005,3006,3007,3008,3009,6001,6000,0,1,1,1,1,1,1,1,1,1.5,-0.46153846,0,50,21,100,0,0,0,100,100,100,0,999,999,999,999,-1,-1,0,0,0,0,-1,-1,0,0,0,0,0,84,999,0,0,-1,10,0,11,0,0,47,3,40,143,143,0,0,2,0,0,0,0,0,0,0,0,0,0,22,7,0,0,0,0,0,0,0,0,0,0,0,0,0,0,1,0,0,0,0,0,0,0,0,0,0,0,0,0,0,0,0,0,0,0,1,0,0,1,0,0,1,0,0,0,0,0,0,0,0,0,0,0,0,0,0,0,0,2.2,0.4,0,0,0,0,1,0,0,0,0,100,1,0,1,142,142,139,139,139,139,90020,90030,90040,0,90060,90161,90200,102304,-1,0,0.4,1.1,1.1,1.1,1.1,1.2,1.2,1.2,1,0,10,0,-1,-1,128,-1,-1,-1,30,999,0,100,-1,0,-1,-1,-1,5800,10100,6000,10103,-1,4302,295000,296000,297000,-1,-1,-1,0,2,0,0,0,1,1,1,0,0,-1,-1,0,0,0,0,0,0,-1,-1,4300,0,0,0,180,50,0.1,-1,-1,-1,-1,1.8,0,0,0,0,0,1,0,-1,-1,-1,-1,-1,-1,-1,-1,-1,0.1,0.4,-1,0,0,35,0.29,100,-1,-1,-1,6001,-1,0,0.5,0.6,0,-1,[0|0|0|0]
143111300,[Spirit Summon] Godrick Soldier 1,0,0,[0|0|0],43100,-1,0,140,2.2,0.4,130,0,710,0,0,-1,-1,10,0,0,-1,0,0.4,-1,5400,0,0,0,296011,0,90000,90010,0,80,40,40,40,0,-1,-1,-1,-1,-1,-1,30,3000,3001,3002,3003,3004,3005,3006,3007,3008,3009,6001,6000,0,1,1,1,1,1,1,1,1,1.5,-0.46153846,0,90,21,100,0,0,0,100,100,100,0,999,999,999,999,-1,-1,0,0,0,0,-1,4310,0,0,0,0,30,112,999,0,0,-1,10,0,11,0,0,47,3,40,143,143,0,0,2,0,0,0,0,0,0,0,0,0,0,22,7,0,0,0,0,0,0,0,0,0,0,0,0,0,0,0,0,0,0,1,0,0,0,0,0,0,0,0,0,0,0,0,1,0,0,1,0,0,1,0,0,0,0,0,0,0,0,0,0,0,1,1,0,0,0,0,0,0,2.2,0.4,0,0,0,0,1,0,0,0,0,100,1,0,1,142,142,139,139,139,139,90020,90030,90040,0,90060,90161,90200,102304,-1,0,0.4,1,0.9,1,1.1,1,1,1.2,1,40,0,0,-1,-1,128,-1,-1,-1,30,999,0,100,-1,0,13054,13065,5815,-1,5800,-1,13277,13292,4302,295000,296000,297000,297101,-1,19401,0,2,0,0,0,1,1,1,0,0,-1,-1,0,0,0,0,0,0,-1,-1,4310,0,0,0,180,100,0.1,-1,-1,4310,-1,1.8,0,0,0,0,0,1,0,-1,-1,-1,-1,-1,-1,-1,-1,-1,0.1,0.4,-1,0,0,35,0.29,100,-1,-1,-1,6002,-1,0,0.5,0.6,0,-1,[0|0|0|0]
143112000,[Spirit Summon] Godrick Soldier 2,0,0,[0|0|0],43100,-1,0,140,2.2,0.4,130,0,710,0,0,-1,-1,10,0,0,-1,0,0.4,-1,5401,0,0,0,296010,0,90000,90010,0,80,40,40,40,0,-1,-1,-1,-1,-1,-1,30,3000,3001,3002,3003,3004,3005,3006,3007,3008,3009,6001,6000,0,1,1,1,1,1,1,1,1,1.5,-0.46153846,0,90,21,100,0,0,0,100,100,100,0,999,999,999,999,-1,-1,0,0,0,0,-1,4310,0,0,0,0,30,112,999,0,0,-1,10,0,11,0,0,47,3,40,143,143,0,0,2,0,0,0,0,0,0,0,0,0,0,22,7,0,0,0,0,0,0,0,0,0,0,0,0,0,0,0,0,0,0,1,0,0,0,0,0,0,0,0,0,0,0,0,1,0,0,1,0,0,1,0,0,0,0,0,0,0,0,0,0,0,0,0,0,0,1,0,0,0,2.2,0.4,0,0,0,0,1,0,0,0,0,100,1,0,1,142,142,139,139,139,139,90020,90030,90040,0,90060,90161,90200,102304,-1,0,0.4,1,0.9,1,1.1,1,1,1.2,1,40,0,0,-1,-1,128,-1,-1,-1,30,999,0,100,-1,0,-1,13065,5815,13069,5800,-1,13277,13292,4302,295000,296000,297000,-1,-1,19401,0,2,0,0,0,1,1,1,0,0,-1,-1,0,0,0,0,0,0,-1,-1,4310,0,0,0,180,100,0.1,-1,-1,4310,-1,1.8,0,0,0,0,0,1,0,-1,-1,-1,-1,-1,-1,-1,-1,-1,0.1,0.4,-1,0,0,35,0.29,100,-1,-1,-1,6002,-1,0,0.5,0.6,0,-1,[0|0|0|0]
143122000,[Spirit Summon] Raya Lucaria Soldier 1,0,0,[0|0|0],43100,-1,0,140,2.2,0.4,130,0,582,0,0,-1,-1,10,0,0,-1,0,0.4,-1,5402,0,0,0,296011,0,90000,90010,0,80,40,40,40,0,-1,-1,-1,-1,-1,-1,30,3000,3001,3002,3003,3004,3005,3006,3007,3008,3009,6001,6000,0,1,1,1,1,1,1,1,1,1.5,-0.46153846,0,90,21,100,0,0,0,100,100,100,0,999,999,999,999,-1,-1,0,0,0,0,-1,4310,0,0,0,0,30,112,999,0,0,-1,10,0,11,0,0,47,3,40,143,143,0,0,2,0,0,0,0,0,0,0,0,0,0,22,7,0,0,0,0,0,0,0,0,0,0,0,0,0,0,0,0,0,0,0,0,0,0,0,0,0,0,0,0,0,0,0,1,0,0,1,0,0,1,0,0,0,0,0,0,0,0,1,0,0,0,0,1,1,0,0,0,0,2.2,0.4,0,0,0,0,1,0,0,0,0,100,1,0,1,142,142,139,139,139,139,90020,90030,90040,0,90060,90161,90200,102304,-1,0,0.4,1,0.9,1,1.1,0.8,1,1.2,1,40,0,0,-1,-1,128,-1,-1,-1,30,999,0,100,-1,0,-1,13065,5815,-1,5800,-1,13280,13292,4302,295000,296000,297000,297101,297200,19401,0,2,0,0,0,1,1,1,0,0,-1,-1,0,0,0,0,0,0,-1,-1,4310,0,0,0,180,100,0.1,-1,-1,4310,-1,1.8,0,0,0,0,0,1,0,-1,-1,-1,-1,-1,-1,-1,-1,-1,0.1,0.4,-1,0,0,35,0.29,100,-1,-1,-1,6002,-1,0,0.5,0.6,0,-1,[0|0|0|0]
143133000,[Spirit Summon] Leyndell Soldier,0,0,[0|0|0],43100,-1,0,140,2.2,0.4,130,0,774,0,0,-1,-1,10,0,0,-1,0,0.4,-1,5404,0,0,0,296011,0,90000,90010,0,80,40,40,40,0,-1,-1,-1,-1,-1,-1,30,3000,3001,3002,3003,3004,3005,3006,3007,3008,3009,6001,6000,0,1,1,1,1,1,1,1,1,1.5,-0.46153846,0,90,21,100,0,0,0,100,100,100,0,999,999,999,999,-1,-1,0,0,0,0,-1,4310,0,0,0,0,55,112,999,0,0,-1,10,0,11,0,0,47,3,40,143,143,0,0,2,0,0,0,0,0,0,0,0,0,0,22,7,0,0,0,0,0,0,0,0,0,0,0,0,1,0,0,0,0,0,0,1,0,0,0,0,0,0,0,0,0,0,0,1,0,0,1,0,0,1,0,0,0,0,0,0,0,0,1,0,0,0,0,0,0,0,0,0,0,2.2,0.4,0,0,0,0,1,0,0,0,0,100,1,0,1,142,142,139,139,139,139,90020,90030,90040,0,90060,90161,90200,102304,-1,0,0.4,1,0.9,1,1.1,1,1,1,0.8,40,0,0,-1,-1,128,-1,-1,-1,30,999,0,100,-1,0,-1,-1,5815,-1,5800,-1,13281,13292,4302,295000,296000,297000,-1,-1,19401,0,2,0,0,0,1,1,1,0,0,-1,-1,0,0,0,0,0,0,-1,-1,4310,0,0,0,180,100,0.1,-1,-1,4310,-1,1.8,0,0,0,0,0,1,0,-1,-1,-1,-1,-1,-1,-1,-1,-1,0.1,0.4,-1,0,0,35,0.29,100,-1,-1,-1,6002,-1,0,0.5,0.6,0,-1,[0|0|0|0]
143140100,[Spirit Summon] Radahn Soldier 1,0,0,[0|0|0],43100,-1,0,140,2.2,0.4,130,0,646,0,0,-1,-1,10,0,0,-1,0,0.4,-1,5403,0,0,0,296010,0,90000,90010,0,80,40,40,40,0,-1,-1,-1,-1,-1,-1,30,3000,3001,3002,3003,3004,3005,3006,3007,3008,3009,6001,6000,0,1,1,1,1,1,1,1,1,1.5,-0.46153846,0,90,21,100,0,0,0,100,100,100,0,999,999,999,999,-1,-1,0,0,0,0,-1,4310,0,0,0,0,30,112,999,0,0,-1,10,0,11,0,0,47,3,40,143,143,0,0,2,0,0,0,0,0,0,0,0,0,0,22,7,0,0,0,0,0,0,0,0,0,0,0,0,0,0,0,0,0,0,0,0,1,0,0,0,0,0,0,0,0,0,0,1,0,0,1,0,0,1,0,0,0,0,0,0,0,0,1,0,0,1,1,0,0,0,0,0,0,2.2,0.4,0,0,0,0,1,0,0,0,0,100,1,0,1,142,142,139,139,139,139,90020,90030,90040,0,90060,90161,90200,102304,-1,0,0.4,1,0.9,1,1.1,1,0.8,1.2,1,40,0,0,-1,-1,128,-1,-1,-1,30,999,0,100,-1,0,13061,13065,5815,-1,5800,13055,13285,13292,4302,295000,296000,297000,295010,13270,19402,0,2,0,0,0,1,1,1,0,0,-1,-1,0,0,0,0,0,0,-1,-1,4310,0,0,0,180,100,0.1,-1,-1,4310,-1,1.8,0,0,0,0,0,1,0,-1,-1,-1,-1,-1,-1,-1,-1,-1,0.1,0.4,-1,0,0,35,0.29,100,-1,-1,-1,6002,-1,0,0.5,0.6,0,-1,[0|0|0|0]
143142000,[Spirit Summon] Radahn Soldier 2,0,0,[0|0|0],43100,-1,0,140,2.2,0.4,130,0,646,0,0,-1,-1,10,0,0,-1,0,0.4,-1,5402,0,0,0,296010,0,90000,90010,0,80,40,40,40,0,-1,-1,-1,-1,-1,-1,30,3000,3001,3002,3003,3004,3005,3006,3007,3008,3009,6001,6000,0,1,1,1,1,1,1,1,1,1.5,-0.46153846,0,90,21,100,0,0,0,100,100,100,0,999,999,999,999,-1,-1,0,0,0,0,-1,4310,0,0,0,0,30,112,999,0,0,-1,10,0,11,0,0,47,3,40,143,143,0,0,2,0,0,0,0,0,0,0,0,0,0,22,7,0,0,0,0,0,0,0,0,0,0,0,0,0,0,0,0,0,0,0,0,0,0,0,0,0,0,0,0,0,0,0,1,0,0,1,0,0,1,0,0,0,0,0,0,0,0,1,0,0,0,0,1,1,0,0,0,0,2.2,0.4,0,0,0,0,1,0,0,0,0,100,1,0,1,142,142,139,139,139,139,90020,90030,90040,0,90060,90161,90200,102304,-1,0,0.4,1,0.9,1,1.1,1,0.8,1.2,1,40,0,0,-1,-1,128,-1,-1,-1,30,999,0,100,-1,0,-1,13065,5815,-1,5800,-1,13285,13292,4302,295000,296000,297000,295010,13270,19402,0,2,0,0,0,1,1,1,0,0,-1,-1,0,0,0,0,0,0,-1,-1,4310,0,0,0,180,100,0.1,-1,-1,4310,-1,1.8,0,0,0,0,0,1,0,-1,-1,-1,-1,-1,-1,-1,-1,-1,0.1,0.4,-1,0,0,35,0.29,100,-1,-1,-1,6002,-1,0,0.5,0.6,0,-1,[0|0|0|0]
143150000,[Spirit Summon] Mausoleum Soldier 1,0,0,[0|0|0],43100,-1,0,140,2.2,0.4,130,0,326,0,0,-1,-1,10,0,0,-1,0,0.4,-1,5400,0,0,0,296010,0,90000,90010,0,80,40,40,40,0,-1,-1,-1,-1,-1,-1,30,3000,3001,3002,3003,3004,3005,3006,3007,3008,3009,6001,6000,0,1,1,1,1,1,1,1,1,1.5,-0.46153846,0,90,21,100,0,0,0,100,100,100,0,999,999,999,999,-1,-1,0,0,0,0,-1,4310,1,0,0,0,30,999,999,0,0,-1,10,0,11,0,0,47,3,40,143,143,0,0,2,0,0,0,0,0,0,0,0,0,0,22,7,0,0,0,0,0,0,0,0,0,0,0,0,0,0,0,0,0,0,1,0,0,0,0,0,0,0,0,0,0,0,0,1,0,0,1,0,0,1,0,0,0,0,0,0,0,0,1,0,0,1,1,0,0,0,0,0,0,2.2,0.4,0,0,0,0,1,0,0,0,0,100,1,0,1,142,142,139,139,139,139,90020,90030,90040,90300,90060,90100,0,102304,-1,0,0.4,1,0.9,1,1.1,1,1,1.2,1.2,40,0,0,-1,-1,128,-1,-1,-1,30,999,0,100,-1,0,-1,13065,5815,-1,5800,-1,13282,13293,4302,295000,296000,297000,-1,-1,19401,0,2,0,0,0,1,1,1,0,0,-1,-1,0,0,0,0,0,0,-1,-1,4310,0,0,0,180,100,0.1,-1,-1,4310,-1,1.8,0,0,0,0,0,1,0,-1,-1,-1,-1,-1,-1,-1,-1,-1,0.1,0.4,-1,0,0,35,0.29,100,-1,-1,-1,-1,-1,0,0.5,0.6,0,-1,[0|0|0|0]
143151000,[Spirit Summon] Mausoleum Soldier 2,0,0,[0|0|0],43100,-1,0,140,2.2,0.4,130,0,326,0,0,-1,-1,10,0,0,-1,0,0.4,-1,5401,0,0,0,296010,0,90000,90010,0,80,40,40,40,0,-1,-1,-1,-1,-1,-1,30,3000,3001,3002,3003,3004,3005,3006,3007,3008,3009,6001,6000,0,1,1,1,1,1,1,1,1,1.5,-0.46153846,0,90,21,100,0,0,0,100,100,100,0,999,999,999,999,-1,-1,0,0,0,0,-1,4310,1,0,0,0,30,999,999,0,0,-1,10,0,11,0,0,47,3,40,143,143,0,0,2,0,0,0,0,0,0,0,0,0,0,22,7,0,0,0,0,0,0,0,0,0,0,0,0,0,0,0,0,0,0,1,0,0,0,0,0,0,0,0,0,0,0,0,1,0,0,1,0,0,1,0,0,0,0,0,0,0,0,1,0,0,0,0,0,0,1,0,0,0,2.2,0.4,0,0,0,0,1,0,0,0,0,100,1,0,1,142,142,139,139,139,139,90020,90030,90040,90300,90060,90100,0,102304,-1,0,0.4,1,0.9,1,1.1,1,1,1.2,1.2,40,0,0,-1,-1,128,-1,-1,-1,30,999,0,100,-1,0,-1,13065,5815,13069,5800,-1,13282,13293,4302,295000,296000,297000,-1,-1,19401,0,2,0,0,0,1,1,1,0,0,-1,-1,0,0,0,0,0,0,-1,-1,4310,0,0,0,180,100,0.1,-1,-1,4310,-1,1.8,0,0,0,0,0,1,0,-1,-1,-1,-1,-1,-1,-1,-1,-1,0.1,0.4,-1,0,0,35,0.29,100,-1,-1,-1,-1,-1,0,0.5,0.6,0,-1,[0|0|0|0]
143152000,[Spirit Summon] Mausoleum Soldier 3,0,0,[0|0|0],43100,-1,0,140,2.2,0.4,130,0,326,0,0,-1,-1,10,0,0,-1,0,0.4,-1,5402,0,0,0,296010,0,90000,90010,0,80,40,40,40,0,-1,-1,-1,-1,-1,-1,30,3000,3001,3002,3003,3004,3005,3006,3007,3008,3009,6001,6000,0,1,1,1,1,1,1,1,1,1.5,-0.46153846,0,90,21,100,0,0,0,100,100,100,0,999,999,999,999,-1,-1,0,0,0,0,-1,4310,1,0,0,0,30,999,999,0,0,-1,10,0,11,0,0,47,3,40,143,143,0,0,2,0,0,0,0,0,0,0,0,0,0,22,7,0,0,0,0,0,0,0,0,0,0,0,0,0,0,0,0,0,0,0,0,0,0,0,0,0,0,0,0,0,0,0,1,0,0,1,0,0,1,0,0,0,0,0,0,0,0,1,0,0,0,0,1,1,0,0,0,0,2.2,0.4,0,0,0,0,1,0,0,0,0,100,1,0,1,142,142,139,139,139,139,90020,90030,90040,90300,90060,90100,0,102304,-1,0,0.4,1,0.9,1,1.1,1,1,1.2,1.2,40,0,0,-1,-1,128,-1,-1,-1,30,999,0,100,-1,0,-1,13065,5815,-1,5800,-1,13282,13293,4302,295000,296000,297000,-1,-1,19401,0,2,0,0,0,1,1,1,0,0,-1,-1,0,0,0,0,0,0,-1,-1,4310,0,0,0,180,100,0.1,-1,-1,4310,-1,1.8,0,0,0,0,0,1,0,-1,-1,-1,-1,-1,-1,-1,-1,-1,0.1,0.4,-1,0,0,35,0.29,100,-1,-1,-1,-1,-1,0,0.5,0.6,0,-1,[0|0|0|0]
143210000,[Spirit Summon] Vulgar Militia,0,0,[0|0|0],43210,-1,0,90,2.2,0.3,130,0,518,0,0,-1,-1,10,0,0,-1,0,0.3,-1,5400,11965,0,0,296010,0,90000,90010,0,100,0,0,0,0,-1,-1,-1,-1,-1,-1,16,3000,3001,3002,3003,3004,3005,3006,3007,3008,3009,6001,6000,0,1,1,1,1,1,1,1,1,1.5,-0.46153846,0,50,21,100,0,0,0,100,100,100,0,999,999,999,999,-1,-1,0,0,0,0,-1,-1,0,0,0,0,0,112,999,0,0,-1,10,0,11,0,0,47,3,40,143,143,0,0,2,0,0,0,0,0,0,0,0,0,0,17,7,0,0,0,0,0,0,0,0,1,0,0,0,0,0,0,0,0,0,0,0,0,0,0,0,0,0,0,0,0,0,0,0,0,0,1,0,0,1,0,0,0,0,0,0,0,0,0,0,0,0,0,0,0,0,0,0,0,2.2,0.3,0,0,0,0,1,0,0,0,0,100,1,0,1,142,142,139,139,139,139,90020,90030,90040,0,90060,90161,90200,102304,-1,0,0,1,1,1,1.1,1,1,1.2,1,0,0,0,-1,-1,64,-1,-1,-1,30,999,0,100,4320,5800,-1,-1,-1,-1,-1,-1,-1,-1,4302,295000,296000,297000,-1,152,-1,0,2,0,0,0,1,1,1,0,0,-1,-1,0,0,0,0,0,0,-1,-1,4320,0,0,0,180,50,0.1,-1,-1,4320,-1,1.8,0,0,0,0,0,0.6,0,-1,-1,-1,-1,-1,-1,-1,-1,-1,0.1,0.4,-1,0,0,35,0.29,100,-1,-1,-1,6002,-1,0,0.5,0.6,0,-1,[0|0|0|0]
143410000,[Spirit Summon] Mad Pumpkin Head,0,0,[0|0|0],43410,-1,0,35,2.4,1,130,0,1229,0,0,-1,-1,10,0,0,-1,0,0.7,-1,5400,0,5360,0,296010,0,90000,90010,0,100,0,0,0,0,-1,-1,-1,-1,-1,-1,16,3000,3001,3002,3003,3004,3005,3006,3007,3008,3009,6001,6000,0,1,1,1,1,1,1,1,1,0.2,0,0,50,21,100,0,0,0,100,100,100,0,999,999,999,999,-1,-1,0,0,0,0,-1,4340,1,0,0,0,0,84,999,0,0,-1,10,0,13,0,0,47,3,40,143,143,1,0,2,0,0,0,0,0,0,0,2,0,0,17,7,0,0,0,0,0,0,0,0,1,0,0,0,0,0,0,0,0,0,0,0,0,0,0,0,0,0,0,0,0,0,0,0,0,0,1,0,0,1,0,0,0,0,0,0,0,0,0,0,0,0,0,0,0,0,0,0,0,2.4,1,0,0,0,0,1,0,1,0,0,100,1,0,2,142,142,139,139,139,139,90020,90030,90040,0,90060,90161,90200,102304,-1,0,0.4,1,1.1,0.9,1,1,1,1.2,1,0,0,0,-1,-1,256,-1,-1,-1,30,999,0,100,-1,0,13251,13247,13245,5731,-1,-1,-1,-1,4302,295000,296000,297000,-1,4301,472,0,-1,0,0,0,1,1,1,0,0,-1,-1,0,0,0,0,0,0,-1,-1,4340,0,0,0,180,150,0.1,-1,-1,4340,4340,2.5,0,0,0,0,0,0.75,0,-1,-1,-1,-1,-1,-1,-1,-1,-1,0.1,0.4,-1,0,0,65,0.29,100,-1,-1,-1,6001,-1,0,0.5,0.6,0,-1,[0|0|0|0]
143531000,[Spirit Summon] Ancient Dragon Knight Kristoff,0,0,[0|0|0],43500,-1,0,120,2.2,0.5,150,0,1440,0,0,-1,-1,10,0,0,-1,0,0.6,-1,5401,0,14461,0,296010,0,90000,90010,0,90,70,70,50,0,-1,-1,-1,-1,-1,-1,38,3000,3001,3002,3003,3004,3005,3006,3007,3008,3009,6001,6000,0,1,1,1,1,1,1,1,1,1.5,0,0,120,21,100,0,0,0,100,100,100,0,999,999,999,999,-1,-1,0,0,0,0,-1,4350,0,0,0,0,70,112,999,70,70,-1,10,0,12,0,0,47,3,40,143,143,0,0,2,0,70,70,70,70,0,0,0,0,0,22,7,0,0,0,0,0,0,0,0,0,1,1,0,0,0,0,0,0,0,0,0,0,0,0,0,0,0,0,0,0,0,0,0,1,0,1,0,0,1,0,0,0,0,0,0,0,0,0,0,0,0,0,0,0,0,0,0,0,2.2,0.5,0,0,0,0,1,0,0,0,0,100,1,0,1,142,142,139,139,139,139,90020,90030,90040,5851,90060,90161,0,-1,-1,35,0.4,0.9,0.65,0.9,1,0.8,0.8,0.6,0.8,80,0,0,-1,-1,256,-1,-1,-1,30,999,70,100,-1,5800,-1,-1,14480,14498,-1,-1,-1,-1,4302,295000,296000,297000,297200,-1,-1,0,-1,0,0,0,1,1,1,0,0,-1,-1,0,0,0,0,0,0,-1,-1,4350,0,0,0,180,50,0.1,-1,-1,4350,4350,2.5,0,0,0,0,0,1,0,-1,-1,-1,-1,-1,-1,-1,-1,-1,0.1,0.4,-1,0,0,65,0.29,100,-1,-1,-1,6002,-1,0,0.5,0.6,0,-1,[0|0|0|0]
143542000,[Spirit Summon] Redmane Knight Ogha,0,0,[0|0|0],43500,-1,0,120,2.2,0.5,150,0,1187,0,0,-1,-1,10,0,0,-1,0,0.6,-1,5402,0,14461,0,296011,0,90000,90010,0,90,70,80,50,0,-1,-1,-1,-1,-1,-1,38,3000,3001,3002,3003,3004,3005,3006,3007,3008,3009,6001,6000,0,1,1,1,1,1,1,1,1,1.5,0,0,120,21,100,0,0,0,100,100,100,0,999,999,999,999,-1,-1,0,0,0,0,-1,4350,0,0,0,0,70,112,999,70,70,-1,10,0,12,0,0,47,3,40,143,143,0,0,2,0,70,75,70,70,0,0,0,0,0,22,7,0,0,0,0,0,0,0,0,0,0,0,1,0,0,0,0,0,0,0,0,0,0,0,0,0,0,0,0,0,0,0,0,0,0,1,0,0,1,0,0,0,0,0,0,0,0,0,0,0,0,0,0,0,0,0,0,0,2.2,0.5,0,0,0,0,1,0,0,0,0,100,1,0,1,142,142,139,139,139,139,90020,90030,90040,5851,90060,90161,0,-1,-1,35,0.4,0.9,0.65,0.9,1,0.8,0.6,1,0.8,70,0,0,-1,-1,256,-1,-1,-1,30,999,70,100,-1,5800,-1,-1,14480,14473,14476,-1,-1,295010,4302,295000,296000,297000,297101,297200,-1,0,-1,0,0,0,1,1,1,0,0,-1,-1,0,0,0,0,0,0,-1,-1,4350,0,0,0,180,50,0.1,-1,-1,4350,4350,2.5,0,0,0,0,0,1,0,-1,-1,-1,-1,-1,-1,-1,-1,-1,0.1,0.4,-1,0,0,65,0.29,100,-1,-1,-1,6002,-1,0,0.5,0.6,0,-1,[0|0|0|0]
143551000,[Spirit Summon] Lhutel the Headless,0,0,[0|0|0],43500,-1,0,120,2.2,0.5,150,0,829,0,0,-1,-1,10,0,0,-1,0,0.6,-1,5401,0,14461,0,296010,0,90000,90010,0,90,80,70,70,0,-1,-1,-1,-1,-1,-1,38,3000,3001,3002,3003,3004,3005,3006,3007,3008,3009,6001,6000,0,1,1,1,1,1,1,1,1,1.5,0,0,120,21,100,0,0,0,100,100,100,0,999,999,999,999,-1,-1,0,0,0,0,-1,4350,0,0,0,0,70,999,999,70,70,-1,10,0,12,0,0,47,3,40,143,143,0,0,2,0,70,70,70,70,0,0,0,0,0,22,7,0,0,0,0,0,0,0,0,0,1,1,0,0,0,0,0,0,0,0,0,0,0,0,0,0,0,0,0,0,0,0,0,1,0,1,0,0,1,0,0,0,0,0,0,0,0,0,0,0,0,0,0,0,0,0,0,0,2.2,0.5,0,0,0,0,1,0,0,0,0,100,1,0,1,142,142,139,139,139,139,90020,90030,90040,90300,90060,90100,0,-1,-1,35,0.4,0.9,0.65,0.9,1,0.8,0.8,1,1,50,0,0,-1,-1,256,-1,-1,-1,30,999,70,100,-1,5800,-1,-1,14480,-1,14493,14479,14495,296159,4302,295000,296000,297000,297200,-1,-1,0,-1,0,0,0,1,1,1,0,0,-1,-1,0,0,0,0,0,0,-1,-1,4350,0,0,0,180,50,0.1,-1,-1,4350,4350,2.5,0,0,0,0,0,1,0,-1,-1,-1,-1,-1,-1,-1,-1,-1,0.1,0.4,-1,0,0,65,0.29,100,-1,-1,-1,-1,-1,0,0.5,0.6,0,-1,[0|0|0|0]
143720500,[Spirit Summon] Raya Lucaria Foot Soldier 2,0,0,[0|0|0],43700,-1,0,120,2.2,0.4,100,0,582,0,0,-1,-1,10,0,0,-1,0,0.35,-1,5400,0,0,0,296010,0,90000,90010,0,0,0,0,0,0,-1,-1,-1,-1,-1,-1,16,3000,3001,3002,3003,3004,3005,3006,3007,3008,3009,6001,6000,0,1,1,1,1,1,1,1,1,1.5,-0.46153846,0,50,21,100,0,0,0,100,100,100,0,999,999,999,999,-1,-1,0,0,0,0,-1,4370,0,0,0,0,0,84,999,0,0,-1,10,0,11,0,0,47,3,40,143,143,0,0,2,0,0,0,0,0,0,0,0,0,0,17,7,0,0,0,0,0,0,0,0,1,0,0,0,0,0,0,0,0,0,0,0,0,0,0,0,0,0,0,0,0,0,0,1,0,0,1,0,0,1,0,0,0,0,0,0,0,0,0,0,0,0,0,0,0,0,0,0,0,2.2,0.4,0,0,0,0,1,0,0,0,0,100,1,0,1,142,142,139,139,139,139,90020,90030,90040,0,90060,90161,90200,102304,-1,0,0.4,1,1,1,1.1,0.8,1,1.2,1,0,0,0,-1,-1,128,-1,-1,-1,30,999,0,100,-1,-1,13651,13659,5800,-1,-1,-1,-1,13692,4302,295000,296000,297000,-1,-1,-1,0,2,0,0,0,1,1,1,0,0,-1,-1,0,0,0,0,0,0,-1,-1,4370,0,0,0,180,50,0.1,-1,-1,4370,-1,1.8,0,0,0,0,0,1,0,-1,-1,-1,-1,-1,-1,-1,-1,-1,0.1,0.4,-1,0,0,35,0.29,100,-1,-1,-1,6001,-1,0,0.5,0.6,0,-1,[0|0|0|0]
143722500,[Spirit Summon] Raya Lucaria Foot Soldier 3,0,0,[0|0|0],43700,-1,0,120,2.2,0.4,100,0,582,0,0,-1,-1,10,0,0,-1,0,0.35,-1,5400,0,0,0,296010,0,90000,90010,0,0,0,0,0,0,-1,-1,-1,-1,-1,-1,16,3000,3001,3002,3003,3004,3005,3006,3007,3008,3009,6001,6000,0,1,1,1,1,1,1,1,1,1.5,-0.46153846,0,50,21,100,0,0,0,100,100,100,0,999,999,999,999,-1,-1,0,0,0,0,-1,4370,0,0,0,0,0,84,999,0,0,-1,10,0,11,0,0,47,3,40,143,143,0,0,2,0,0,0,0,0,0,0,0,0,0,17,7,0,0,0,0,0,0,0,0,0,1,0,0,0,0,0,0,0,0,0,0,0,0,0,0,0,0,0,0,0,0,0,1,0,0,1,0,0,1,0,0,0,0,0,0,0,0,0,0,0,0,0,0,0,0,0,0,0,2.2,0.4,0,0,0,0,1,0,0,0,0,100,1,0,1,142,142,139,139,139,139,90020,90030,90040,0,90060,90161,90200,102304,-1,0,0.4,1,1,1,1.1,0.8,1,1.2,1,0,0,0,-1,-1,128,-1,-1,-1,30,999,0,100,-1,-1,13652,13659,5800,-1,-1,-1,-1,13692,4302,295000,296000,297000,-1,-1,-1,0,2,0,0,0,1,1,1,0,0,-1,-1,0,0,0,0,0,0,-1,-1,4370,0,0,0,180,50,0.1,-1,-1,4370,-1,1.8,0,0,0,0,0,1,0,-1,-1,-1,-1,-1,-1,-1,-1,-1,0.1,0.4,-1,0,0,35,0.29,100,-1,-1,-1,6001,-1,0,0.5,0.6,0,-1,[0|0|0|0]
143760500,[Spirit Summon] Haligtree Foot Soldier,0,0,[0|0|0],43700,-1,0,120,2.2,0.4,100,0,646,0,0,-1,-1,10,0,0,-1,0,0.35,-1,5400,0,0,0,296010,0,90000,90010,0,0,0,0,0,0,-1,-1,-1,-1,-1,-1,16,3000,3001,3002,3003,3004,3005,3006,3007,3008,3009,6001,6000,0,1,1,1,1,1,1,1,1,1.5,-0.46153846,0,50,21,100,0,0,0,100,100,100,0,999,999,999,999,-1,-1,0,0,0,0,-1,4370,0,0,0,0,0,84,999,0,0,-1,10,0,11,0,0,47,3,40,143,143,0,0,2,0,0,0,0,0,0,0,0,0,0,17,7,0,0,0,0,0,0,0,0,1,0,0,0,0,0,0,0,0,0,0,0,0,0,0,0,0,0,0,0,0,0,0,1,0,0,1,0,0,1,0,0,0,0,0,0,0,0,0,0,0,0,0,0,0,0,0,0,0,2.2,0.4,0,0,0,0,1,0,0,0,0,100,1,0,1,142,142,139,139,139,139,90020,90030,90040,0,90060,90161,90200,102304,-1,0,0.4,1,1,1,1.1,1,1,1.2,0.8,0,0,0,-1,-1,128,-1,-1,-1,30,999,0,100,-1,-1,13651,13659,5800,-1,-1,-1,295910,13696,4302,295000,296000,297000,-1,-1,-1,0,2,0,0,0,1,1,1,0,0,-1,-1,0,0,0,0,0,0,-1,-1,4370,0,0,0,180,50,0.1,-1,-1,4370,-1,1.8,0,0,0,0,0,1,0,-1,-1,-1,-1,-1,-1,-1,-1,-1,0.1,0.4,-1,0,0,35,0.29,100,-1,-1,-1,6001,-1,0,0.5,0.6,0,-1,[0|0|0|0]
143762500,[Spirit Summon] Haligtree Foot Soldier,0,0,[0|0|0],43700,-1,0,120,2.2,0.4,100,0,646,0,0,-1,-1,10,0,0,-1,0,0.35,-1,5400,0,0,0,296010,0,90000,90010,0,0,0,0,0,0,-1,-1,-1,-1,-1,-1,16,3000,3001,3002,3003,3004,3005,3006,3007,3008,3009,6001,6000,0,1,1,1,1,1,1,1,1,1.5,-0.46153846,0,50,21,100,0,0,0,100,100,100,0,999,999,999,999,-1,-1,0,0,0,0,-1,4370,0,0,0,0,0,84,999,0,0,-1,10,0,11,0,0,47,3,40,143,143,0,0,2,0,0,0,0,0,0,0,0,0,0,17,7,0,0,0,0,0,0,0,0,0,1,0,0,0,0,0,0,0,0,0,0,0,0,0,0,0,0,0,0,0,0,0,1,0,0,1,0,0,1,0,0,0,0,0,0,0,0,0,0,0,0,0,0,0,0,0,0,0,2.2,0.4,0,0,0,0,1,0,0,0,0,100,1,0,1,142,142,139,139,139,139,90020,90030,90040,0,90060,90161,90200,102304,-1,0,0.4,1,1,1,1.1,1,1,1.2,0.8,0,0,0,-1,-1,128,-1,-1,-1,30,999,0,100,-1,-1,13652,13659,5800,-1,-1,-1,295910,13696,4302,295000,296000,297000,-1,-1,-1,0,2,0,0,0,1,1,1,0,0,-1,-1,0,0,0,0,0,0,-1,-1,4370,0,0,0,180,50,0.1,-1,-1,4370,-1,1.8,0,0,0,0,0,1,0,-1,-1,-1,-1,-1,-1,-1,-1,-1,0.1,0.4,-1,0,0,35,0.29,100,-1,-1,-1,6001,-1,0,0.5,0.6,0,-1,[0|0|0|0]
144400000,[Spirit Summon] Land Squirt,0,0,[0|0|0],44400,1001,0,15,2.2,0.8,100,0,1070,0,0,-1,-1,-1,0,0,-1,0,0.8,-1,5400,0,15100,0,296010,0,0,0,0,0,0,0,0,0,-1,-1,-1,-1,-1,-1,16,3000,3001,3002,3003,3004,3005,3006,3007,6003,6002,6003,6002,0,1,1,1,1,1,1,1,1,1.5,-0.46153846,0,50,21,100,0,0,0,100,100,100,0,84,84,999,999,-1,-1,0,0,0,0,-1,-1,0,0,0,0,0,999,999,0,0,-1,10,0,11,0,0,47,1,40,143,143,1,0,0,0,0,0,0,0,0,0,0,0,0,17,7,0,0,0,0,0,0,1,0,0,0,0,0,0,0,0,0,0,0,0,0,0,0,0,0,1,0,0,0,0,0,0,0,0,0,1,0,0,1,0,0,0,0,0,0,0,0,0,0,0,0,0,0,0,0,0,0,0,2.2,0.8,0,0,0,0,1,0,1,0,0,100,1,999,3,142,142,139,139,139,139,90020,90030,90040,90300,90060,90100,0,-1,-1,0,0.4,1.1,1.1,1,1,1.2,1.2,1.2,1.2,0,0,0,-1,-1,128,2001,-1,-1,10,999,0,100,-1,-1,5800,15111,-1,-1,-1,-1,-1,-1,4302,295000,296000,297000,-1,-1,-1,0,2,0,0,0,1,1,1,0,0,-1,-1,0,0,0,0,0,0,-1,-1,4400,30,30,0,180,50,0.1,-1,-1,-1,-1,2.5,0,0,0,0,0,1,0,-1,-1,-1,-1,-1,-1,-1,-1,-1,0.1,0.4,-1,0,0,35,0.29,100,-1,-1,-1,-1,-1,0,0.5,0.6,0,-1,[0|0|0|0]
144810000,[Spirit Summon] Miranda Sprout,0,0,[0|0|0],44810,-1,0,5,2.2,0.65,100,0,500,0,0,-1,-1,-1,0,0,-1,0,0.65,-1,5400,0,0,0,296010,0,90000,90010,0,0,0,0,0,0,-1,-1,-1,-1,-1,-1,16,3000,3001,3002,3003,3004,3005,3006,3007,6003,6002,6003,6002,0,1,1,1,1,1,1,1,1,1.5,-0.46153846,0,50,21,100,0,0,0,100,100,100,0,999,999,999,999,-1,-1,0,0,0,0,-1,4480,1,0,0,0,0,112,999,0,0,-1,10,0,11,0,0,47,3,40,143,143,1,0,0,0,0,0,0,0,0,0,0,0,0,17,7,0,0,0,0,0,0,1,0,0,0,0,0,0,0,0,0,0,0,0,0,0,0,1,0,1,0,0,0,0,0,0,0,0,0,1,0,0,1,0,0,0,0,0,0,0,0,0,0,0,0,0,0,0,0,0,0,0,2.2,0.65,0,0,0,1,1,0,0,0,0,100,1,999,1,142,142,139,139,139,139,90020,90030,90040,0,90060,90100,90200,102304,-1,0,0.4,1.1,1.4,0.9,1.1,1.2,1.4,0.8,0.8,0,0,0,-1,-1,64,-1,-1,-1,10,999,0,100,-1,-1,14952,5724,-1,-1,14930,-1,14940,-1,4302,295000,296000,297000,-1,152,-1,0,2,0,0,0,1,1,1,0,0,-1,-1,0,0,0,0,0,0,-1,-1,4480,50,50,0,180,50,0.1,-1,-1,-1,-1,2.5,0,0,0,0,0,1,0,-1,-1,-1,-1,-1,-1,-1,-1,-1,0.1,0.4,-1,0,0,35,0.29,100,-1,-1,-1,6002,-1,0,0.5,0.6,0,-1,[0|0|0|0]
144910200,[Spirit Summon] Soldjars of Fortune,0,0,[0|0|0],44910,-1,0,110,2.2,0.5,100,0,507,0,0,-1,-1,10,0,0,-1,0,0.5,-1,5404,16151,16150,0,296010,0,90000,90010,0,0,0,0,0,0,-1,-1,-1,-1,-1,-1,16,3000,3001,3002,3003,3004,3005,3006,3007,6003,6002,6003,6002,0,1,1,1,1,1,1,1,1,1.5,-0.46153846,0,50,21,100,0,0,0,100,100,100,30,999,999,999,999,-1,-1,0,0,0,0,-1,4490,1,0,0,0,0,84,999,0,0,-1,10,0,11,0,0,47,3,40,143,143,1,0,0,0,0,0,0,0,0,0,0,0,0,17,7,0,0,0,0,0,0,0,0,0,0,0,1,0,1,0,0,0,0,0,0,0,0,0,0,1,0,0,0,0,0,0,0,0,0,1,0,0,1,0,0,0,0,0,0,0,0,0,0,0,0,0,0,0,0,0,0,0,2.2,0.5,0,0,0,0,1,0,0,0,0,100,1,999,1,142,142,139,139,139,139,90020,90030,90040,0,90060,90100,90200,102304,-1,0,0.4,0.9,0.65,1.4,0.65,1,0.8,0.8,0.8,0,0,0,-1,-1,128,-1,-1,-1,30,999,0,100,-1,-1,5800,16152,-1,16155,15203,-1,-1,-1,4302,295000,296000,297000,152,-1,-1,0,2,0,0,0,1,1,1,0,0,-1,-1,0,0,0,0,0,0,-1,-1,4490,0,0,0,180,100,0.1,-1,-1,4490,-1,2.5,0,0,0,0,0,0.33,0,-1,-1,-1,-1,-1,-1,-1,-1,-1,0.1,0.4,-1,0,0,35,0.29,100,-1,-1,-1,6001,-1,0,0.5,0.6,0,-1,[0|0|0|0]
148200000,[Spirit Summon] Omenkiller,0,0,[0|0|0],48200,-1,0,80,2.4,0.6,130,0,1037,0,0,-1,-1,10,0,0,-1,0,0.6,-1,5400,17425,17426,0,296010,0,90000,90010,0,0,0,0,0,0,-1,-1,-1,-1,-1,-1,23,3000,3001,3002,3003,3004,3005,3006,3007,3008,3009,6001,6000,0,1,1,1,1,1,1,1,1,1.5,0.15384616,0,50,21,100,0,0,0,100,100,100,0,999,999,999,999,-1,-1,0,0,0,0,-1,-1,1,50,0,0,0,112,999,0,0,-1,10,0,13,0,0,47,3,40,143,143,0,0,0,0,0,0,0,0,0,0,0,0,0,27,7,0,0,0,0,0,0,0,0,1,0,0,0,0,0,0,0,0,0,0,0,0,0,0,0,0,0,0,0,0,0,0,0,0,0,1,0,0,1,0,0,0,0,0,0,0,0,0,0,0,0,0,0,0,0,0,0,0,2.4,0.6,0,0,0,0,1,0,0,0,0,100,1,0,1,142,142,139,139,139,139,90020,90030,90040,5851,90060,90161,90200,-1,-1,0,0.4,1,1,1,1,0.8,0.6,0.8,0.8,0,0,0,-1,-1,256,-1,-1,-1,30,999,0,100,4820,-1,-1,-1,-1,-1,-1,-1,-1,-1,4302,295000,296000,297000,-1,-1,-1,0,-1,0,0,0,1,1,1,0,0,-1,-1,0,0,0,0,0,0,-1,-1,4820,0,0,0,180,100,0.1,-1,-1,-1,-1,2.5,0,0,0,0,0,1,-0.25,-1,-1,-1,-1,-1,-1,-1,-1,-1,0.1,0.4,-1,0,0,75,0.29,100,-1,-1,-1,6002,-1,0,0.5,0.6,0,-1,[0|0|0|0]
150000000,[Spirit Summon] Ancient Dragon Florissax,0,0,[0|0|0],10000,-1,0,110,2.2,0.5,130,0,1037,0,0,-1,-1,-1,0,0,-1,0,0.5,-1,5400,0,0,-1,296010,0,90000,90010,0,100,0,0,0,0,-1,-1,-1,-1,-1,-1,16,3000,3001,3002,3003,3004,3005,3006,3007,3008,3009,6001,6000,0,1,1,1,1,1,1,1,1,1.5,0.53846157,0,100,30,100,0,0,0,100,100,100,0,999,999,999,112,-1,-1,0,0,0,0,-1,-1,1,0,0,0,0,112,999,0,0,-1,10,0,9,0,0,47,3,40,143,143,0,0,2,0,0,0,0,0,0,0,0,0,0,17,7,0,0,0,0,0,0,0,0,1,0,0,0,0,0,0,0,0,0,1,1,0,0,0,0,1,0,0,0,0,0,0,0,0,0,1,1,0,1,0,0,0,0,0,0,1,0,0,0,0,0,0,0,0,0,0,0,0,2.2,0.5,0,0,0,0,0,0,0,0,0,100,1,4,1,142,142,139,139,139,139,90020,0,90040,0,90060,90100,0,-1,-1,35,0.4,1,1,1,1,1,1,1.25,1,0,0,2,-1,-1,256,-1,-1,-1,10,999,0,100,-1,-1,-1,5600,-1,20009871,18699,9630,20018724,-1,4302,295000,296000,297000,20502022,20502025,-1,0,-1,0,0,0,1,1,1,0,0,-1,-1,0,0,0,0,0,0,900,-1,-1,0,0,0,180,48,0.1,-1,-1,-1,-1,2.5,0,0,0,0,0,1,0,-1,-1,-1,-1,-1,-1,-1,-1,-1,0.1,0.4,-1,0,0,100,0.29,100,-1,4002,-1,6002,-1,0,0.5,0.6,0,-1,[0|0|0|0]
150000001,,0,0,[0|0|0],10000,-1,0,110,2.2,0.5,130,0,1037,0,0,-1,-1,-1,0,0,-1,0,0.5,-1,5400,0,0,-1,296010,0,90000,90010,0,100,0,0,0,0,-1,-1,-1,-1,-1,-1,16,3000,3001,3002,3003,3004,3005,3006,3007,3008,3009,6001,6000,0,1,1,1,1,1,1,1,1,1.5,0.53846157,0,100,30,100,0,0,0,100,100,100,0,999,999,999,112,-1,-1,0,0,0,0,-1,-1,1,0,0,0,0,112,999,0,0,-1,10,0,9,0,0,47,3,40,143,143,0,0,2,0,0,0,0,0,0,0,0,0,0,17,7,0,0,0,0,0,0,0,0,1,0,0,0,0,0,0,0,0,0,1,1,0,0,0,0,1,0,0,0,0,0,0,0,0,0,1,1,0,1,0,0,0,0,0,0,1,0,0,0,0,0,0,0,0,0,0,0,0,2.2,0.5,0,0,0,0,0,0,0,0,0,100,1,4,1,142,142,139,139,139,139,90020,0,90040,0,90060,90100,0,-1,-1,35,0.4,1,1,1,1,1,1,1.25,1,0,0,2,-1,-1,256,-1,-1,-1,10,999,0,100,-1,-1,-1,5600,-1,20009871,18699,9630,-1,-1,4302,295000,296000,297000,-1,-1,-1,0,-1,0,0,0,1,1,1,0,0,-1,-1,0,0,0,0,0,0,900,-1,-1,0,0,0,180,48,0.1,-1,-1,-1,-1,2.5,0,0,0,0,0,1,0,-1,-1,-1,-1,-1,-1,-1,-1,-1,0.1,0.4,-1,0,0,100,0.29,100,-1,4002,-1,6002,-1,0,0.5,0.6,0,-1,[0|0|0|0]
150000002,[Spirit Summon] Fire Knight Queelign,0,0,[0|0|0],10000,-1,0,110,2.2,0.5,130,0,1376,0,0,-1,-1,-1,0,0,-1,0,0.5,-1,5400,0,0,-1,296010,0,90000,90010,0,100,0,0,0,0,-1,-1,-1,-1,-1,-1,16,3000,3001,3002,3003,3004,3005,3006,3007,3008,3009,6001,6000,0,1,1,1,1,1,1,1,1,1.5,0.53846157,0,100,30,100,0,0,0,100,100,100,0,999,999,999,112,-1,-1,0,0,0,0,-1,-1,1,0,0,0,0,112,999,0,0,-1,10,0,9,0,0,47,3,40,143,143,0,0,2,0,0,0,0,0,0,0,0,0,0,17,7,0,0,0,0,0,0,0,0,1,0,0,0,0,0,0,0,0,0,1,1,0,0,0,0,1,0,0,0,0,0,0,0,0,0,1,1,0,1,0,0,0,0,0,0,1,0,0,0,0,0,0,0,0,0,0,0,0,2.2,0.5,0,0,0,0,0,0,0,0,0,100,1,4,1,142,142,139,139,139,139,90020,0,90040,0,90060,90100,0,-1,-1,35,0.4,1,1,1,1,1,1,1.25,1,0,0,2,-1,-1,256,-1,-1,10000200,10,999,0,100,-1,-1,-1,5600,-1,9873,18699,9630,20018699,-1,4302,295000,296000,297000,20018100,20018101,-1,0,-1,0,0,0,1,1,1,0,0,-1,-1,0,0,0,0,0,0,900,-1,-1,0,0,0,180,48,0.1,-1,-1,-1,-1,2.5,0,0,0,0,0,1,0,-1,-1,-1,-1,-1,-1,-1,-1,-1,0.1,0.4,-1,0,0,100,0.29,100,-1,4002,-1,6002,-1,0,0.5,0.6,0,-1,[0|0|0|0]
150000003,[Spirit Summon] Swordhand of Night Jolan,0,0,[0|0|0],10000,-1,0,110,2.2,0.5,130,0,1037,0,0,-1,-1,-1,0,0,-1,0,0.5,-1,5400,0,0,-1,296010,0,90000,90010,0,100,0,0,0,0,-1,-1,-1,-1,-1,-1,16,3000,3001,3002,3003,3004,3005,3006,3007,3008,3009,6001,6000,0,1,1,1,1,1,1,1,1,1.5,0.53846157,0,100,30,100,0,0,0,100,100,100,0,999,999,999,112,-1,-1,0,0,0,0,-1,-1,1,0,0,0,0,112,999,0,0,-1,10,0,9,0,0,47,3,40,143,143,0,0,2,0,0,0,0,0,0,0,0,0,0,17,7,0,0,0,0,0,0,0,0,1,0,0,0,0,0,0,0,0,0,1,1,0,0,0,0,1,0,0,0,0,0,0,0,0,0,1,1,0,1,0,0,0,0,0,0,1,0,0,0,0,0,0,0,0,0,0,0,0,2.2,0.5,0,0,0,0,0,0,0,0,0,100,1,4,1,142,142,139,139,139,139,90020,0,90040,0,90060,90100,0,-1,-1,35,0.4,1,1,1,1,1,1,1.25,1,0,0,2,-1,-1,256,-1,-1,10000200,10,999,0,100,-1,-1,-1,5600,-1,9872,18699,-1,20018692,-1,4302,295000,296000,297000,20018008,-1,-1,0,-1,0,0,0,1,1,1,0,0,-1,-1,0,0,0,0,0,0,900,-1,-1,0,0,0,180,48,0.1,-1,-1,-1,-1,2.5,0,0,0,0,0,1,0,-1,-1,-1,-1,-1,-1,-1,-1,-1,0.1,0.4,-1,0,0,100,0.29,100,-1,4002,-1,6002,-1,0,0.5,0.6,0,-1,[0|0|0|0]
150000004,[Spirit Summon] Jolan and Anna,0,0,[0|0|0],10000,-1,0,110,2.2,0.5,130,0,1037,0,0,-1,-1,-1,0,0,-1,0,0.5,-1,5400,0,0,-1,296010,0,90000,90010,0,100,0,0,0,0,-1,-1,-1,-1,-1,-1,16,3000,3001,3002,3003,3004,3005,3006,3007,3008,3009,6001,6000,0,1,1,1,1,1,1,1,1,1.5,0.53846157,0,100,30,100,0,0,0,100,100,100,0,999,999,999,112,-1,-1,0,0,0,0,-1,-1,1,0,0,0,0,112,999,0,0,-1,10,0,9,0,0,47,3,40,143,143,0,0,2,0,0,0,0,0,0,0,0,0,0,17,7,0,0,0,0,0,0,0,0,1,0,0,0,0,0,0,0,0,0,1,1,0,0,0,0,1,0,0,0,0,0,0,0,0,0,1,1,0,1,0,0,0,0,0,0,1,0,0,0,0,0,0,0,0,0,0,0,0,2.2,0.5,0,0,0,0,0,0,0,0,0,100,1,4,1,142,142,139,139,139,139,90020,0,90040,0,90060,90100,0,-1,-1,35,0.4,1,1,1,1,1,1,1.25,1,0,0,2,-1,-1,256,-1,-1,10000200,10,999,0,100,-1,-1,-1,5600,-1,9872,18699,-1,20018692,-1,4302,295000,296000,297000,20018008,-1,-1,0,-1,0,0,0,1,1,1,0,0,-1,-1,0,0,0,0,0,0,900,-1,-1,0,0,0,180,48,0.1,-1,-1,-1,-1,2.5,0,0,0,0,0,1,0,-1,-1,-1,-1,-1,-1,-1,-1,-1,0.1,0.4,-1,0,0,100,0.29,100,-1,4002,-1,6002,-1,0,0.5,0.6,0,-1,[0|0|0|0]
150000005,[Spirit Summon] Jolan and Anna,0,0,[0|0|0],10000,-1,0,110,2.2,0.5,130,0,1037,0,0,-1,-1,-1,0,0,-1,0,0.5,-1,5400,0,0,-1,296010,0,90000,90010,0,100,0,0,0,0,-1,-1,-1,-1,-1,-1,16,3000,3001,3002,3003,3004,3005,3006,3007,3008,3009,6001,6000,0,1,1,1,1,1,1,1,1,1.5,0.53846157,0,100,30,100,0,0,0,100,100,100,0,999,999,999,112,-1,-1,0,0,0,0,-1,-1,1,0,0,0,0,112,999,0,0,-1,10,0,9,0,0,47,3,40,143,143,0,0,2,0,0,0,0,0,0,0,0,0,0,17,7,0,0,0,0,0,0,0,0,1,0,0,0,0,0,0,0,0,0,1,1,0,0,0,0,1,0,0,0,0,0,0,0,0,0,1,1,0,1,0,0,0,0,0,0,1,0,0,0,0,0,0,0,0,0,0,0,0,2.2,0.5,0,0,0,0,0,0,0,0,0,100,1,4,1,142,142,139,139,139,139,90020,0,90040,0,90060,90100,0,-1,-1,35,0.4,1,1,1,1,1,1,1.25,1,0,0,2,-1,-1,256,-1,-1,10000200,10,999,0,100,-1,-1,-1,5600,-1,9872,18699,-1,20018698,-1,4302,295000,296000,297000,20018008,-1,-1,0,-1,0,0,0,1,1,1,0,0,-1,-1,0,0,0,0,0,0,900,-1,-1,0,0,0,180,48,0.1,-1,-1,-1,-1,2.5,0,0,0,0,0,1,0,-1,-1,-1,-1,-1,-1,-1,-1,-1,0.1,0.4,-1,0,0,100,0.29,100,-1,4002,-1,6002,-1,0,0.5,0.6,0,-1,[0|0|0|0]
150000006,,0,0,[0|0|0],35000,-1,0,130,2.2,0.3,100,0,710,0,0,-1,-1,10,0,0,-1,0,0.5,-1,5400,0,0,-1,296010,0,90000,90010,0,0,0,0,0,0,-1,-1,-1,-1,-1,-1,16,3000,3001,3002,3003,3004,3005,3006,3007,702,703,701,-1,0,1,1,1,1,1,1,1,1,1.5,-0.46153846,0,50,21,100,0,0,0,100,100,100,0,999,999,999,999,-1,-1,0,0,0,0,-1,-1,0,0,0,0,0,999,999,0,0,-1,10,0,11,0,0,47,3,40,143,143,0,0,2,0,0,0,0,0,0,0,0,0,0,27,7,0,0,0,0,0,0,0,0,0,0,0,0,0,0,0,0,0,0,0,0,0,0,0,0,1,0,0,0,0,0,0,0,0,0,1,0,0,1,0,0,0,0,0,0,0,0,0,0,0,0,0,0,0,0,0,0,0,2.2,0.3,0,0,0,0,1,0,0,0,0,100,1,0,1,142,142,139,139,139,139,90020,90030,90040,90300,90060,90161,0,-1,-1,0,0,1,0.9,1.4,0.65,1,0.8,0.6,1.4,0,0,0,-1,-1,128,-1,-1,-1,30,999,0,100,-1,-1,-1,-1,-1,-1,-1,-1,-1,-1,4302,295000,296000,297000,-1,-1,-1,0,2,0,0,0,1,1,1,0,0,-1,-1,0,0,0,0,0,0,-1,-1,-1,0,0,0,180,50,0.1,-1,-1,-1,-1,1.8,0,0,0,0,0,1,0,-1,-1,-1,-1,-1,-1,-1,-1,-1,0.1,0.4,-1,0,0,35,0.29,100,-1,-1,-1,-1,-1,0,0.5,0.6,0,-1,[0|0|0|0]
150000007,,0,0,[0|0|0],35000,-1,0,130,2.2,0.3,100,0,774,0,0,-1,-1,10,0,0,-1,0,0.5,-1,5400,0,0,-1,296010,0,90000,90010,0,0,0,0,0,0,-1,-1,-1,-1,-1,-1,16,3000,3001,3002,3003,3004,3005,3006,3007,702,703,701,-1,0,1,1,1,1,1,1,1,1,1.5,-0.46153846,0,50,21,100,0,0,0,100,100,100,0,999,999,999,999,-1,-1,0,0,0,0,-1,-1,0,0,0,0,0,999,999,0,0,-1,10,0,11,0,0,47,3,40,143,143,0,0,2,0,0,0,0,0,0,0,0,0,0,27,7,0,0,0,0,0,0,0,0,0,0,0,0,0,0,0,0,0,0,0,0,0,0,0,0,1,0,0,0,0,0,0,0,0,0,1,0,0,1,0,0,0,0,0,0,0,0,0,0,0,0,0,0,0,0,0,0,0,2.2,0.3,0,0,0,0,1,0,0,0,0,100,1,0,1,142,142,139,139,139,139,90020,90030,90040,90300,90060,90161,0,-1,-1,0,0,1,0.9,1.4,0.65,1,0.8,0.6,1.4,0,0,0,-1,-1,128,-1,-1,-1,30,999,0,100,-1,-1,-1,-1,-1,-1,-1,-1,-1,-1,4302,295000,296000,297000,-1,-1,-1,0,2,0,0,0,1,1,1,0,0,-1,-1,0,0,0,0,0,0,-1,-1,-1,0,0,0,180,50,0.1,-1,-1,-1,-1,1.8,0,0,0,0,0,1,0,-1,-1,-1,-1,-1,-1,-1,-1,-1,0.1,0.4,-1,0,0,35,0.29,100,-1,-1,-1,-1,-1,0,0.5,0.6,0,-1,[0|0|0|0]
150000008,,0,0,[0|0|0],35000,-1,0,130,2.2,0.3,100,0,973,0,0,-1,-1,10,0,0,-1,0,0.5,-1,5400,0,0,-1,296010,0,90000,90010,0,0,0,0,0,0,-1,-1,-1,-1,-1,-1,16,3000,3001,3002,3003,3004,3005,3006,3007,702,703,701,-1,0,1,1,1,1,1,1,1,1,1.5,-0.46153846,0,50,21,100,0,0,0,100,100,100,0,999,999,999,999,-1,-1,0,0,0,0,-1,-1,0,0,0,0,0,999,999,0,0,-1,10,0,11,0,0,47,3,40,143,143,0,0,2,0,0,0,0,0,0,0,0,0,0,27,7,0,0,0,0,0,0,0,0,0,0,0,0,0,0,0,0,0,0,0,0,0,0,0,0,1,0,0,0,0,0,0,0,0,0,1,0,0,1,0,0,0,0,0,0,0,0,0,0,0,0,0,0,0,0,0,0,0,2.2,0.3,0,0,0,0,1,0,0,0,0,100,1,0,1,142,142,139,139,139,139,90020,90030,90040,90300,90060,90161,0,-1,-1,0,0,1,0.9,1.4,0.65,1,0.8,0.6,1.4,0,0,0,-1,-1,128,-1,-1,-1,30,999,0,100,-1,-1,-1,-1,-1,-1,-1,-1,-1,-1,4302,295000,296000,297000,-1,-1,-1,0,2,0,0,0,1,1,1,0,0,-1,-1,0,0,0,0,0,0,-1,-1,-1,0,0,0,180,50,0.1,-1,-1,-1,-1,1.8,0,0,0,0,0,1,0,-1,-1,-1,-1,-1,-1,-1,-1,-1,0.1,0.4,-1,0,0,35,0.29,100,-1,-1,-1,-1,-1,0,0.5,0.6,0,-1,[0|0|0|0]
150000009,,0,0,[0|0|0],35000,-1,0,130,2.2,0.3,100,0,1165,0,0,-1,-1,10,0,0,-1,0,0.5,-1,5400,0,0,-1,296010,0,90000,90010,0,0,0,0,0,0,-1,-1,-1,-1,-1,-1,16,3000,3001,3002,3003,3004,3005,3006,3007,702,703,701,-1,0,1,1,1,1,1,1,1,1,1.5,-0.46153846,0,50,21,100,0,0,0,100,100,100,0,999,999,999,999,-1,-1,0,0,0,0,-1,-1,0,0,0,0,0,999,999,0,0,-1,10,0,11,0,0,47,3,40,143,143,0,0,2,0,0,0,0,0,0,0,0,0,0,27,7,0,0,0,0,0,0,0,0,0,0,0,0,0,0,0,0,0,0,0,0,0,0,0,0,1,0,0,0,0,0,0,0,0,0,1,0,0,1,0,0,0,0,0,0,0,0,0,0,0,0,0,0,0,0,0,0,0,2.2,0.3,0,0,0,0,1,0,0,0,0,100,1,0,1,142,142,139,139,139,139,90020,90030,90040,90300,90060,90161,0,-1,-1,0,0,1,0.9,1.4,0.65,1,0.8,0.6,1.4,0,0,0,-1,-1,128,-1,-1,-1,30,999,0,100,-1,-1,-1,-1,-1,-1,-1,-1,-1,-1,4302,295000,296000,297000,-1,-1,-1,0,2,0,0,0,1,1,1,0,0,-1,-1,0,0,0,0,0,0,-1,-1,-1,0,0,0,180,50,0.1,-1,-1,-1,-1,1.8,0,0,0,0,0,1,0,-1,-1,-1,-1,-1,-1,-1,-1,-1,0.1,0.4,-1,0,0,35,0.29,100,-1,-1,-1,-1,-1,0,0.5,0.6,0,-1,[0|0|0|0]
150000010,,0,0,[0|0|0],35000,-1,0,130,2.2,0.3,100,0,557,0,0,-1,-1,10,0,0,-1,0,0.5,-1,5400,0,0,-1,296010,0,90000,90010,0,0,0,0,0,0,-1,-1,-1,-1,-1,-1,16,3000,3001,3002,3003,3004,3005,3006,3007,702,703,701,-1,0,1,1,1,1,1,1,1,1,1.5,-0.46153846,0,50,21,100,0,0,0,100,100,100,0,999,999,999,999,-1,-1,0,0,0,0,-1,-1,0,0,0,0,0,999,999,0,0,-1,10,0,11,0,0,47,3,40,143,143,0,0,2,0,0,0,0,0,0,0,0,0,0,27,7,0,0,0,0,0,0,0,0,0,0,0,0,0,0,0,0,0,0,0,0,0,0,0,0,1,0,0,0,0,0,0,0,0,0,1,0,0,1,0,0,0,0,0,0,0,0,0,0,0,0,0,0,0,0,0,0,0,2.2,0.3,0,0,0,0,1,0,0,0,0,100,1,0,1,142,142,139,139,139,139,90020,90030,90040,90300,90060,90161,0,-1,-1,0,0,1,0.9,1.4,0.65,1,0.8,0.6,1.4,0,0,0,-1,-1,128,-1,-1,-1,30,999,0,100,-1,-1,-1,-1,-1,-1,-1,-1,-1,-1,4302,295000,296000,297000,-1,-1,-1,0,2,0,0,0,1,1,1,0,0,-1,-1,0,0,0,0,0,0,-1,-1,-1,0,0,0,180,50,0.1,-1,-1,-1,-1,1.8,0,0,0,0,0,1,0,-1,-1,-1,-1,-1,-1,-1,-1,-1,0.1,0.4,-1,0,0,35,0.29,100,-1,-1,-1,-1,-1,0,0.5,0.6,0,-1,[0|0|0|0]
150000011,,0,0,[0|0|0],35000,-1,0,130,2.2,0.3,100,0,973,0,0,-1,-1,10,0,0,-1,0,0.5,-1,5400,0,0,-1,296010,0,90000,90010,0,0,0,0,0,0,-1,-1,-1,-1,-1,-1,16,3000,3001,3002,3003,3004,3005,3006,3007,702,703,701,-1,0,1,1,1,1,1,1,1,1,1.5,-0.46153846,0,50,21,100,0,0,0,100,100,100,0,999,999,999,999,-1,-1,0,0,0,0,-1,-1,0,0,0,0,0,999,999,0,0,-1,10,0,11,0,0,47,3,40,143,143,0,0,2,0,0,0,0,0,0,0,0,0,0,27,7,0,0,0,0,0,0,0,0,0,0,0,0,0,0,0,0,0,0,0,0,0,0,0,0,1,0,0,0,0,0,0,0,0,0,1,0,0,1,0,0,0,0,0,0,0,0,0,0,0,0,0,0,0,0,0,0,0,2.2,0.3,0,0,0,0,1,0,0,0,0,100,1,0,1,142,142,139,139,139,139,90020,90030,90040,90300,90060,90161,0,-1,-1,0,0,1,0.9,1.4,0.65,1,0.8,0.6,1.4,0,0,0,-1,-1,128,-1,-1,-1,30,999,0,100,-1,-1,-1,-1,-1,-1,-1,-1,-1,-1,4302,295000,296000,297000,-1,-1,-1,0,2,0,0,0,1,1,1,0,0,-1,-1,0,0,0,0,0,0,-1,-1,-1,0,0,0,180,50,0.1,-1,-1,-1,-1,1.8,0,0,0,0,0,1,0,-1,-1,-1,-1,-1,-1,-1,-1,-1,0.1,0.4,-1,0,0,35,0.29,100,-1,-1,-1,-1,-1,0,0.5,0.6,0,-1,[0|0|0|0]
150000012,,0,0,[0|0|0],35000,-1,0,130,2.2,0.3,100,0,973,0,0,-1,-1,10,0,0,-1,0,0.5,-1,5400,0,0,-1,296010,0,90000,90010,0,0,0,0,0,0,-1,-1,-1,-1,-1,-1,16,3000,3001,3002,3003,3004,3005,3006,3007,702,703,701,-1,0,1,1,1,1,1,1,1,1,1.5,-0.46153846,0,50,21,100,0,0,0,100,100,100,0,999,999,999,999,-1,-1,0,0,0,0,-1,-1,0,0,0,0,0,999,999,0,0,-1,10,0,11,0,0,47,3,40,143,143,0,0,2,0,0,0,0,0,0,0,0,0,0,27,7,0,0,0,0,0,0,0,0,0,0,0,0,0,0,0,0,0,0,0,0,0,0,0,0,1,0,0,0,0,0,0,0,0,0,1,0,0,1,0,0,0,0,0,0,0,0,0,0,0,0,0,0,0,0,0,0,0,2.2,0.3,0,0,0,0,1,0,0,0,0,100,1,0,1,142,142,139,139,139,139,90020,90030,90040,90300,90060,90161,0,-1,-1,0,0,1,0.9,1.4,0.65,1,0.8,0.6,1.4,0,0,0,-1,-1,128,-1,-1,-1,30,999,0,100,-1,-1,-1,-1,-1,-1,-1,-1,-1,-1,4302,295000,296000,297000,-1,-1,-1,0,2,0,0,0,1,1,1,0,0,-1,-1,0,0,0,0,0,0,-1,-1,-1,0,0,0,180,50,0.1,-1,-1,-1,-1,1.8,0,0,0,0,0,1,0,-1,-1,-1,-1,-1,-1,-1,-1,-1,0.1,0.4,-1,0,0,35,0.29,100,-1,-1,-1,-1,-1,0,0.5,0.6,0,-1,[0|0|0|0]
150400000,[Spirit Summon] Curseblade Meera,0,0,[0|0|0],50400,-1,0,120,2.4,0.5,100,0,1037,0,0,-1,-1,10,0,0,-1,0,0.6,-1,5400,0,0,-1,296010,0,90000,90010,0,0,0,0,0,0,290,-1,-1,-1,-1,-1,110,3000,3001,3002,3003,3004,3005,3006,3007,3008,3009,6001,6000,0,1,1,1,1,1,1,1,1,1.5,0.23076923,0,150,21,100,0,0,0,100,100,100,0,999,999,999,999,-1,-1,0,0,0,0,-1,-1,1,0,0,0,0,252,999,0,0,-1,10,0,12,0,0,47,3,40,143,143,0,0,2,0,0,0,0,0,0,0,0,0,0,22,7,0,0,0,0,0,0,1,0,0,0,0,0,0,0,0,0,0,0,0,0,0,0,0,0,0,0,0,0,0,0,0,0,0,0,1,0,0,1,0,0,0,0,0,0,0,0,0,0,0,0,0,0,0,0,0,0,0,2.4,0.5,0,0,0,0,0,0,0,0,0,100,1,0,1,142,142,139,139,139,139,90020,90030,90040,5851,90060,90100,0,-1,-1,0,0.4,1,1,1,1,1,1,1,1,0,0,0,-1,-1,128,-1,-1,-1,30,999,0,100,-1,-1,5800,-1,-1,-1,-1,-1,-1,-1,4302,295000,296000,297000,295010,-1,-1,0,2,1,0,0,1,1,1,0,0,-1,-1,0,0,0,0,0,0,-1,-1,5040,30,0,0,180,100,0.1,-1,-1,-1,-1,1.8,0,0,0,0,0,1,0,-1,-1,-1,-1,-1,-1,-1,-1,-1,0.1,0.4,-1,0,0,65,0.29,100,-1,-1,-1,6004,-1,0,0.5,0.6,0,-1,[0|0|0|0]
150800000,[Spirit Summon] Bloodfiend Hexer,0,0,[0|0|0],50800,-1,0,35,2.4,1,130,0,973,0,0,-1,-1,10,0,0,-1,0,0.7,-1,5400,5304,0,-1,296010,0,90000,90010,-1,0,0,0,0,0,-1,-1,-1,-1,-1,-1,16,3000,3001,3002,3003,3004,3005,3006,3007,3008,3009,6001,6000,0,1,1,1,1,1,1,1,1,1.5,-0.3846154,0,50,21,100,0,0,0,100,100,100,0,999,999,999,999,-1,-1,0,0,0,0,-1,-1,1,0,0,0,0,154,999,0,0,-1,10,0,12,0,0,47,3,40,143,143,0,0,2,0,0,0,0,0,0,0,2,0,0,17,7,0,0,0,0,0,0,0,0,0,0,1,0,0,0,0,0,0,0,1,0,0,0,0,0,0,0,0,0,0,0,0,0,0,0,1,0,0,1,0,0,0,0,0,0,0,0,0,0,0,0,0,0,0,0,0,0,0,2.4,1,0,0,0,0,0,0,1,0,0,100,1,0,2,142,142,139,139,139,139,90020,90030,90040,0,90060,90161,90200,102304,-1,0,0.4,1,1.1,0.9,1,1,1.2,1,1,0,0,0,-1,-1,256,-1,-1,-1,30,999,0,100,-1,5890,5800,20010772,-1,20010787,-1,-1,-1,-1,4302,295000,296000,297000,297101,297200,-1,0,-1,0,0,0,1,1,1,0,0,-1,-1,0,0,0,0,0,0,-1,-1,5080,0,0,0,180,150,0.1,-1,-1,-1,-1,2.5,0,0,0,0,0,1,0,300001,-1,-1,-1,-1,-1,-1,-1,-1,0.1,0.4,-1,0,0,65,0.29,100,-1,-1,-1,6003,-1,0,0.5,0.6,0,-1,[0|0|0|0]
150900000,[Spirit Summon] Gravebird,0,0,[0|0|0],50900,-1,0,120,2.2,1,130,0,812,0,0,-1,-1,10,0,0,-1,0,0.6,-1,5400,0,0,0,296010,0,90000,90010,-1,90,70,70,50,0,-1,-1,-1,-1,-1,-1,110,3000,3001,3002,3003,3004,3005,3006,3007,3008,3009,6001,6000,0,1,1,1,1,1,1,1,1,1.5,0.23076923,0,150,21,100,0,0,0,100,100,100,0,999,999,999,999,-1,-1,0,0,0,0,-1,-1,1,0,0,0,70,999,999,70,70,-1,10,0,12,0,0,47,3,40,143,143,0,0,2,0,70,70,70,70,0,0,0,0,0,22,7,0,0,0,0,0,0,0,0,1,0,0,0,0,0,0,0,0,0,0,0,0,0,0,0,0,0,0,0,0,0,0,0,0,0,1,0,0,1,0,0,0,0,0,0,0,0,0,0,0,0,0,0,0,0,0,0,0,2.1,1,0,0,0,0,0,0,1,0,0,100,1,0,1,142,142,139,139,139,139,90020,90030,90040,90300,90060,90100,0,-1,-1,0,0.4,0.9,0.65,1,0.65,0.8,0.6,0.6,0.6,80,0,0,-1,-1,128,-1,-1,-1,30,999,70,100,5090,20010520,5800,20010523,-1,-1,-1,-1,-1,-1,4302,295000,296000,297000,297101,297200,-1,0,-1,0,0,0,1,1,1,0,0,-1,-1,0,0,0,0,0,0,-1,-1,5090,0,0,0,180,100,0.1,-1,-1,-1,-1,1.8,0,0,0,0,0,1,0,-1,-1,-1,-1,-1,-1,-1,-1,-1,0.1,0.4,-1,0,0,50,0.29,100,-1,-1,-1,-1,-1,0,0.5,0.6,0,-1,[0|0|0|0]
151600000,[Spirit Summon] Fire Knight Hilde,0,0,[0|0|0],51600,-1,0,120,2.4,0.5,130,0,1238,0,0,-1,-1,10,0,0,-1,0,0.6,-1,5400,5304,0,-1,296010,0,90000,90010,-1,90,0,0,0,0,-1,-1,-1,-1,-1,-1,110,3000,3001,3002,3003,3004,3005,3006,3007,3008,3009,6001,6000,0,1,1,1,1,1,1,1,1,1.5,0.23076923,0,150,21,100,0,0,0,100,100,100,0,999,999,999,999,-1,-1,0,0,0,0,-1,-1,1,0,0,0,0,252,999,0,0,-1,10,0,11,0,0,47,3,40,143,143,0,0,2,0,0,0,0,0,0,0,0,0,0,22,7,0,0,0,0,0,0,0,0,1,0,0,0,0,1,1,0,0,0,0,0,0,0,0,0,0,0,0,0,0,0,0,0,0,0,1,0,0,1,0,0,0,0,0,0,0,0,0,0,0,0,0,0,0,0,0,0,0,2.4,0.5,0,0,0,0,0,0,1,0,0,100,1,0,1,142,142,139,139,139,139,90020,90030,90040,5851,90060,90100,0,-1,-1,0,0.4,0.9,0.65,1,0.65,0.8,0.6,0.6,0.6,0,0,0,-1,-1,128,-1,-1,-1,30,999,0,100,-1,-1,-1,-1,-1,-1,-1,-1,-1,-1,4302,295000,296000,297000,-1,-1,-1,0,-1,0,0,0,1,1,1,0,0,-1,-1,0,0,0,0,0,0,-1,-1,5160,0,0,0,180,100,0.1,-1,-1,-1,-1,1.8,0,0,0,0,0,1,0,-1,-1,-1,-1,-1,-1,-1,-1,-1,0.1,0.4,-1,0,0,65,0.29,100,-1,-1,-1,6004,-1,0,0.5,0.6,0,-1,[0|0|0|0]
151940000,[Spirit Summon] Spider Scorpion,0,0,[0|0|0],51900,-1,0,90,2.2,1,70,0,991,0,0,-1,-1,0,0,0,-1,0,0.9,-1,5400,5304,0,-1,296010,0,90000,90010,-1,0,0,0,0,0,-1,-1,-1,-1,-1,-1,16,3000,3001,3002,3003,3004,3005,3006,3007,3008,3009,6001,6000,0,1,1,1,1,1,1,1,1,1.5,-0.3846154,0,50,21,100,0,0,0,100,100,100,0,999,999,999,999,-1,-1,0,0,0,0,-1,-1,1,0,0,0,0,63,999,0,0,-1,10,0,12,0,0,47,4,40,143,143,0,0,2,0,0,0,0,0,0,0,2,0,0,17,7,0,0,0,0,0,0,1,0,0,1,0,1,0,0,0,0,0,0,0,0,0,0,0,0,0,0,0,0,0,0,0,0,0,0,1,0,0,1,0,0,0,0,0,0,0,0,0,0,0,0,0,0,0,0,0,0,0,2.2,1,0,0,0,0,0,0,0,0,0,100,1,0,1,142,142,139,139,139,139,90020,90030,90040,0,90060,0,0,102304,-1,0,0.1,0.9,0.65,0.9,0.9,1,1.2,1,1,0,0,0,-1,-1,256,-1,-1,-1,30,999,0,100,-1,5800,-1,20011000,-1,-1,-1,-1,-1,-1,4302,295000,296000,297000,-1,-1,-1,0,-1,1,0,0,1,1,1,0,0,-1,-1,0,0,0,0,0,0,-1,-1,5190,40,20,0,180,50,0.1,-1,-1,5190,-1,2.5,0,0,0,0,0,1,0,-1,-1,-1,-1,-1,-1,-1,-1,-1,0.1,0.4,-1,0,0,40,0.29,100,-1,-1,-1,6000,-1,0,0.5,0.6,0,-1,[0|0|0|0]
152500000,[Spirit Summon] Divine Bird Warrior Ornis,0,0,[0|0|0],52500,-1,0,120,2.3,0.5,130,0,894,0,0,-1,-1,10,0,0,-1,0,0.6,-1,5400,5304,5362,-1,296010,0,90000,90010,-1,0,0,0,0,0,-1,-1,-1,-1,-1,-1,110,3000,3001,3002,3003,3004,3005,3006,3007,3008,3009,6001,6000,0,1,1,1,1,1,1,1,1,1.5,0.23076923,0,150,21,100,0,0,0,100,100,100,0,999,999,999,999,-1,-1,0,0,0,0,-1,-1,1,0,0,0,0,252,999,0,0,-1,10,0,12,0,0,47,3,40,143,143,0,0,4,0,0,0,0,0,0,0,0,0,0,22,7,0,0,0,0,0,0,0,0,1,0,0,0,0,0,0,0,0,0,0,1,1,0,0,0,0,0,0,0,0,0,0,0,0,0,1,0,0,1,0,0,0,0,0,0,1,0,1,0,0,0,0,0,0,0,0,0,0,2.3,0.5,0,0,0,0,0,0,1,0,0,100,1,0,2,142,142,139,139,139,139,90020,90030,90040,5851,90060,90100,0,-1,-1,0,0.4,0.65,0.65,0.65,0.65,0.6,0.8,0.8,0.6,0,0,0,-1,-1,128,-1,-1,-1,30,999,0,100,-1,20011870,-1,-1,-1,-1,-1,-1,-1,-1,4302,295000,296000,297000,-1,-1,-1,0,-1,0,0,0,1,1,1,0,0,-1,-1,0,0,0,0,0,0,-1,-1,5250,0,0,0,180,100,0.1,-1,-1,-1,-1,1.8,0,0,0,0,0,1,0,-1,-1,-1,-1,-1,-1,-1,-1,-1,0.1,0.4,-1,0,0,70,0.29,100,-1,-1,-1,6004,-1,0,0.5,0.6,0,-1,[0|0|0|0]
152501000,[Spirit Summon] Horned Warrior,0,0,[0|0|0],52500,-1,0,120,2.3,0.5,130,0,857,0,0,-1,-1,10,0,0,-1,0,0.6,-1,5401,5304,5362,-1,296010,0,90000,90010,-1,0,0,0,0,0,-1,-1,-1,-1,-1,-1,110,3000,3001,3002,3003,3004,3005,3006,3007,3008,3009,6001,6000,0,1,1,1,1,1,1,1,1,1.5,0.23076923,0,150,21,100,0,0,0,100,100,100,0,999,999,999,999,-1,-1,0,0,0,0,-1,-1,1,0,0,0,0,252,999,0,0,-1,10,0,12,0,0,47,3,40,143,143,0,0,4,0,0,0,0,0,0,0,0,0,0,22,7,0,0,0,0,0,0,0,0,0,1,0,0,0,0,0,0,0,0,1,0,0,0,0,0,0,0,0,0,0,0,0,0,0,0,1,0,0,1,0,0,0,0,0,0,1,1,0,0,0,0,0,0,0,0,0,0,0,2.3,0.5,0,0,0,0,0,0,1,0,0,100,1,0,2,142,142,139,139,139,139,90020,90030,90040,5851,90060,90100,0,-1,-1,0,0.4,0.65,0.65,0.65,0.65,0.6,0.8,0.8,0.6,0,0,0,-1,-1,128,-1,-1,-1,30,999,0,100,-1,-1,-1,-1,-1,-1,-1,-1,-1,-1,4302,295000,296000,297000,-1,-1,-1,0,-1,0,0,0,1,1,1,0,0,-1,-1,0,0,0,0,0,0,-1,-1,5250,0,0,0,180,100,0.1,-1,-1,-1,-1,1.8,0,0,0,0,0,1,0,-1,-1,-1,-1,-1,-1,-1,-1,-1,0.1,0.4,-1,0,0,65,0.29,100,-1,-1,-1,6004,-1,0,0.5,0.6,0,-1,[0|0|0|0]
152610000,[Spirit Summon] Golem Smith,0,0,[0|0|0],52600,-1,0,30,2.4,0.88,130,0,392,0,0,-1,-1,10,0,0,-1,0,0.7,-1,5400,5300,5360,-1,0,0,90000,90010,-1,0,0,0,0,0,-1,-1,-1,-1,-1,-1,16,3000,3001,3002,3003,3004,3005,3006,3007,702,703,701,-1,0,1,1,1,1,1,1,1,1,5,3.6153846,0,50,21,100,0,0,0,100,100,100,0,999,999,999,999,-1,-1,0,0,0,0,-1,-1,0,0,0,0,0,252,999,0,0,-1,10,80,12,0,0,47,3,40,143,143,1,0,0,0,0,0,0,0,0,0,0,0,0,22,7,0,1,0,0,0,0,0,0,0,0,1,1,0,0,0,0,0,0,0,0,0,0,0,0,0,0,0,0,0,0,0,0,0,0,1,0,1,1,0,0,0,1,0,0,0,0,0,0,0,0,0,0,0,0,0,0,0,2.4,0.88,0,0,0,0,0,0,0,0,0,100,1,999,1,142,142,139,139,139,139,90020,90030,90040,90300,90060,90161,90200,-1,-1,0,0.4,0.2,0.18,0.22,0.18,0.2,0.1,0.18,0.2,0,0,0,-1,-1,128,-1,-1,-1,30,999,0,100,-1,20012601,20012614,20012622,-1,-1,-1,-1,-1,-1,4302,295000,296000,297000,-1,-1,-1,0,2,0,0,0,1,1,1,0,0,-1,-1,0,0,0,0,0,0,-1,-1,5260,0,0,0,180,100,0.1,-1,-1,5260,5260,1.8,0,0,0,0,0,1,0,-1,-1,-1,-1,-1,-1,-1,-1,-1,0.1,0.4,-1,0,2,170,0.29,100,-1,-1,-1,6004,-1,0,0.5,0.6,0,-1,[0|0|0|0]
153110000,[Spirit Summon] Inquisitor 1,0,0,[0|0|0],53100,-1,0,120,2.2,0.5,130,0,639,0,0,-1,-1,10,0,0,-1,0,0.6,-1,5400,0,0,-1,296010,0,90000,90010,-1,0,0,0,0,0,-1,-1,-1,-1,-1,-1,25,3000,3001,3002,3003,3004,3005,3006,3007,3008,3009,6001,6000,0,1,1,1,1,1,1,1,1,1.5,-0.53846157,0,120,21,100,0,0,0,100,100,100,0,999,999,999,999,-1,-1,0,0,0,0,-1,5310,1,0,0,0,0,112,999,0,0,-1,10,0,12,0,0,47,3,40,143,143,0,0,2,0,0,0,0,0,0,0,0,0,0,22,7,0,0,0,0,0,0,0,0,1,0,0,0,0,0,0,0,0,0,0,0,0,0,0,0,0,0,0,0,0,0,0,0,0,0,1,0,0,1,0,0,0,0,0,0,0,0,0,0,0,0,0,0,0,0,0,0,0,2.2,0.5,0,0,0,0,0,0,0,0,0,100,1,0,1,142,142,139,139,139,139,90020,90030,90040,5851,90060,90100,0,-1,-1,35,0.4,0.9,0.65,0.9,1,0.8,0.8,0.6,0.8,0,0,0,-1,-1,256,-1,-1,-1,30,999,0,100,-1,-1,5800,20011836,-1,-1,-1,-1,20011820,20011830,4302,295000,296000,297000,-1,-1,-1,0,-1,0,0,0,1,1,1,0,0,-1,-1,0,0,0,0,0,0,-1,-1,5310,0,0,0,180,50,0.1,-1,-1,5310,5310,2.5,0,0,0,0,0,1,0,-1,-1,-1,-1,-1,-1,-1,-1,-1,0.1,0.4,-1,0,0,50,0.29,100,-1,-1,-1,6002,-1,0,0.5,0.6,0,-1,[0|0|0|0]
153110100,[Spirit Summon] Inquisitor 2,0,0,[0|0|0],53100,-1,0,120,2.2,0.5,130,0,582,0,0,-1,-1,10,0,0,-1,0,0.6,-1,5400,0,0,-1,296011,0,90000,90010,-1,0,0,0,0,0,-1,-1,-1,-1,-1,-1,25,3000,3001,3002,3003,3004,3005,3006,3007,3008,3009,6001,6000,0,1,1,1,1,1,1,1,1,1.5,-0.53846157,0,120,21,100,0,0,0,100,100,100,0,999,999,999,999,-1,-1,0,0,0,0,-1,5310,1,0,0,0,0,112,999,0,0,-1,10,0,12,0,0,47,3,40,143,143,0,0,2,0,0,0,0,0,0,0,0,0,0,22,7,0,0,0,0,0,0,0,0,1,0,0,0,0,0,0,0,0,0,0,0,0,0,0,0,0,0,0,0,0,0,0,0,0,0,1,0,0,1,0,0,0,0,0,0,0,0,0,0,0,0,0,0,0,0,0,0,0,2.2,0.5,0,0,0,0,0,0,0,0,0,100,1,0,1,142,142,139,139,139,139,90020,90030,90040,5851,90060,90100,0,-1,-1,35,0.4,0.9,0.65,0.9,1,0.8,0.8,0.6,0.8,0,0,0,-1,-1,256,-1,-1,-1,30,999,0,100,-1,-1,5800,20011836,-1,-1,-1,20011844,20011821,20011830,4302,295000,296000,297000,297101,-1,-1,0,-1,0,0,0,1,1,1,0,0,-1,-1,0,0,0,0,0,0,-1,-1,5310,0,0,0,180,50,0.1,-1,-1,5310,5310,2.5,0,0,0,0,0,1,0,-1,-1,-1,-1,-1,-1,-1,-1,-1,0.1,0.4,-1,0,0,50,0.29,100,-1,-1,-1,6002,-1,0,0.5,0.6,0,-1,[0|0|0|0]
155600000,[Spirit Summon] Fingercreeper,0,0,[0|0|0],55600,-1,0,75,2.2,0.7,40,0,687,0,0,-1,-1,-1,0,0,-1,0,0.7,-1,5401,0,0,-1,296011,0,90000,90010,-1,0,0,0,0,0,-1,-1,-1,-1,-1,-1,16,3000,3001,3002,3003,3004,3005,3006,3007,3008,3009,6001,6000,0,1,1,1,1,1,1,1,1,1.5,-0.53846157,0,50,21,100,0,0,0,100,100,100,0,999,999,999,999,-1,-1,0,0,0,0,-1,5550,1,0,0,0,0,999,999,0,0,-1,10,0,11,0,0,47,1,40,143,143,0,0,2,0,0,0,0,0,0,0,0,0,0,17,7,0,0,0,0,0,0,1,0,1,0,0,0,0,0,0,0,0,0,0,0,0,0,0,0,0,0,0,0,0,0,0,1,0,0,1,0,0,1,0,0,0,0,0,0,0,0,0,0,0,0,0,0,0,0,0,0,0,2.2,0.7,2,0,0,1,0,0,0,0,0,100,1,0,1,142,142,139,139,139,139,90020,90030,90040,90300,90060,90100,0,-1,-1,0,0.4,1.1,1.4,1.1,1.1,1,1,1,1,0,0,0,-1,-1,64,-1,-1,-1,-1,999,0,100,5560,-1,-1,5721,-1,-1,-1,-1,-1,-1,4302,295000,296000,297000,297101,152,-1,0,2,0,0,0,1,1,1,0,0,-1,-1,0,0,0,0,0,0,-1,-1,4240,30,30,0,180,60,0.1,-1,-1,5550,-1,1,0,0,0,0,0,0.35,0,-1,-1,-1,-1,-1,-1,-1,-1,-1,0.1,0.4,-1,0,0,65,0.29,100,-1,-1,-1,-1,-1,0,0.5,0.6,0,-1,[0|0|0|0]
158100000,[Spirit Summon] Demi-Human Swordsman Yosh,0,0,[0|0|0],58100,-1,0,180,2.2,0.4,60,0,1070,0,0,-1,-1,10,0,0,-1,0,0.4,-1,5400,5305,0,-1,296010,0,90000,90010,-1,0,0,0,0,0,-1,-1,-1,-1,-1,-1,21,3000,3001,3002,3003,3004,3005,3006,3007,3008,3009,6001,6000,0,1,1,1,1,1,1,1,1,1.5,0,0,50,21,100,0,0,0,100,100,100,0,999,999,999,999,-1,-1,0,0,0,0,-1,-1,0,0,0,0,0,84,999,0,0,-1,10,0,12,0,0,47,3,40,143,143,0,0,2,0,0,0,0,0,0,0,0,0,0,17,7,0,0,0,0,0,0,1,0,1,1,0,0,0,0,0,0,0,0,1,0,0,0,0,0,0,0,0,0,0,0,0,0,0,0,1,0,0,1,0,0,0,0,0,0,0,0,0,0,0,0,0,0,0,0,0,0,0,2.2,0.4,0,0,0,0,0,0,0,0,0,100,1,0,1,142,142,139,139,139,139,90020,90030,90040,5851,90060,90162,90200,-1,-1,0,0.4,1.1,1.4,1.1,1.1,1.2,1.2,1.2,1.2,0,0,0,-1,-1,64,-1,-1,-1,30,999,0,100,-1,10590,-1,10570,5800,20010197,-1,-1,-1,-1,4302,295000,296000,297000,-1,152,-1,0,2,0,0,0,1,1,1,0,0,-1,-1,0,0,0,0,0,0,-1,-1,5810,20,0,0,180,100,0.1,-1,-1,-1,-1,1,0,0,0,0,0,1,0,-1,-1,-1,-1,-1,-1,-1,-1,-1,0.1,0.4,-1,0,0,80,0.29,100,-1,-1,-1,6001,-1,0,0.5,0.6,0,-1,[0|0|0|0]
158300000,[Spirit Summon] Messmer Soldier 1,0,0,[0|0|0],58300,-1,0,140,2.2,0.4,130,0,902,0,0,-1,-1,10,0,0,-1,0,0.4,-1,5400,0,0,-1,296010,0,90000,90010,-1,80,40,40,40,0,-1,-1,-1,-1,-1,-1,30,3000,3001,3002,3003,3004,3005,3006,3007,3008,3009,6001,6000,0,1,1,1,1,1,1,1,1,1.5,-0.53846157,0,90,21,100,0,0,0,100,100,100,0,999,999,999,999,-1,-1,0,0,0,0,-1,-1,0,0,0,0,30,112,999,0,0,-1,10,0,11,0,0,47,3,40,143,143,0,0,2,0,0,0,0,0,0,0,0,0,0,22,7,0,0,0,0,0,0,0,0,0,0,0,0,0,0,0,0,0,0,1,0,0,0,0,0,0,0,0,0,0,0,0,1,0,0,1,0,0,1,0,0,0,0,0,0,0,0,0,0,0,1,0,0,0,0,0,0,0,2.2,0.4,0,0,0,0,0,0,0,0,0,100,1,0,1,142,142,139,139,139,139,90020,90030,90040,0,90060,90161,90200,102304,-1,0,0.4,1,0.9,1,1.1,1,1,1.2,1,40,0,0,-1,-1,128,-1,-1,-1,30,999,0,100,-1,0,-1,13065,5815,13069,5800,-1,20010335,13292,4302,295000,296000,297000,20010315,-1,-1,0,-1,0,0,0,1,1,1,0,0,-1,-1,0,0,0,0,0,0,-1,-1,5830,0,0,0,180,100,0.1,-1,-1,-1,-1,1.8,0,0,0,0,0,1,0,-1,-1,-1,-1,-1,-1,-1,-1,-1,0.1,0.4,-1,0,0,65,0.29,100,-1,-1,-1,6002,-1,0,0.5,0.6,0,-1,[0|0|0|0]
158301000,[Spirit Summon] Messmer Soldier 2,0,0,[0|0|0],58300,-1,0,140,2.2,0.4,130,0,902,0,0,-1,-1,10,0,0,-1,0,0.4,-1,5402,0,0,-1,296010,0,90000,90010,-1,80,40,40,40,0,-1,-1,-1,-1,-1,-1,30,3000,3001,3002,3003,3004,3005,3006,3007,3008,3009,6001,6000,0,1,1,1,1,1,1,1,1,1.5,-0.53846157,0,90,21,100,0,0,0,100,100,100,0,999,999,999,999,-1,-1,0,0,0,0,-1,-1,0,0,0,0,30,112,999,0,0,-1,10,0,11,0,0,47,3,40,143,143,0,0,2,0,0,0,0,0,0,0,0,0,0,22,7,0,0,0,0,0,0,0,0,0,1,0,0,0,0,0,0,0,0,1,0,0,0,0,0,0,0,0,0,0,0,0,1,0,0,1,0,0,1,0,0,0,0,0,0,0,0,0,0,0,0,0,0,0,0,0,0,0,2.2,0.4,0,0,0,0,0,0,0,0,0,100,1,0,1,142,142,139,139,139,139,90020,90030,90040,0,90060,90161,90200,102304,-1,0,0.4,1,0.9,1,1.1,1,1,1.2,1,40,0,0,-1,-1,128,-1,-1,-1,30,999,0,100,-1,0,-1,13065,5815,13069,5800,-1,20010335,13292,4302,295000,296000,297000,20010315,-1,-1,0,-1,0,0,0,1,1,1,0,0,-1,-1,0,0,0,0,0,0,-1,-1,5830,0,0,0,180,100,0.1,-1,-1,-1,-1,1.8,0,0,0,0,0,1,0,-1,-1,-1,-1,-1,-1,-1,-1,-1,0.1,0.4,-1,0,0,65,0.29,100,-1,-1,-1,6002,-1,0,0.5,0.6,0,-1,[0|0|0|0]
158400000,[Spirit Summon] Black Knight Commander,0,0,[0|0|0],58400,-1,0,120,2.2,0.5,150,0,1238,0,0,-1,-1,10,0,0,-1,0,0.6,-1,5400,0,14461,-1,0,0,90000,90010,-1,90,70,70,50,0,-1,-1,-1,-1,-1,-1,25,3000,3001,3002,3003,3004,3005,3006,3007,3008,3009,6001,6000,0,1,1,1,1,1,1,1,1,1.5,0,0,120,21,100,0,0,0,100,100,100,0,999,999,999,999,-1,-1,0,0,0,0,-1,4350,0,0,0,0,70,112,999,70,70,-1,10,0,12,0,0,47,3,40,143,143,0,0,2,0,70,70,70,70,0,0,0,0,0,22,7,0,0,0,0,0,0,0,0,1,1,0,0,0,0,0,0,0,0,1,0,0,0,0,0,0,0,0,0,0,0,0,0,0,0,1,0,0,1,0,0,0,0,0,0,0,0,0,0,0,0,0,0,0,0,0,0,0,2.2,0.5,0,0,0,0,0,0,0,0,0,100,1,0,1,142,142,139,139,139,139,90020,90030,90040,5851,90060,90161,0,-1,-1,35,0.4,0.9,0.65,0.9,1,0.8,0.8,1,0.8,70,0,0,-1,-1,256,-1,-1,-1,30,999,70,100,-1,5800,-1,-1,14480,-1,-1,20010383,-1,14494,4302,295000,296000,297000,20010384,-1,-1,0,-1,0,0,0,1,1,1,0,0,-1,-1,0,0,0,0,0,0,-1,-1,5840,0,0,0,180,50,0.1,-1,-1,-1,-1,2.5,0,0,0,0,0,1,0,-1,-1,-1,-1,-1,-1,-1,-1,-1,0.1,0.4,-1,0,0,80,0.29,100,-1,-1,-1,6002,-1,0,0.5,0.6,0,-1,[0|0|0|0]
158400500,[Spirit Summon] Black Knight Captain Huw,0,0,[0|0|0],58400,-1,0,120,2.2,0.5,150,0,1238,0,0,-1,-1,10,0,0,-1,0,0.6,-1,5401,0,14461,-1,296010,0,90000,90010,-1,90,70,70,50,0,-1,-1,-1,-1,-1,-1,38,3000,3001,3002,3003,3004,3005,3006,3007,3008,3009,6001,6000,0,1,1,1,1,1,1,1,1,1.5,0,0,120,21,100,0,0,0,100,100,100,0,999,999,999,999,-1,-1,0,0,0,0,-1,4350,0,0,0,0,70,112,999,70,70,-1,10,0,12,0,0,47,3,40,143,143,0,0,2,0,70,70,70,70,0,0,0,0,0,22,7,0,0,0,0,0,0,0,0,0,0,1,0,0,0,0,0,0,0,0,1,0,0,0,0,0,0,0,0,0,0,0,0,0,0,1,0,0,1,0,0,0,0,0,0,0,0,0,0,0,0,0,0,0,0,0,0,0,2.2,0.5,0,0,0,0,0,0,0,0,0,100,1,0,1,142,142,139,139,139,139,90020,90030,90040,5851,90060,90161,0,-1,-1,35,0.4,0.9,0.65,0.9,1,0.8,0.8,1,0.8,70,0,0,-1,-1,256,-1,-1,-1,30,999,70,100,-1,5800,-1,-1,14480,-1,-1,-1,-1,14494,4302,295000,296000,297000,20010384,-1,-1,0,-1,0,0,0,1,1,1,0,0,-1,-1,0,0,0,0,0,0,-1,-1,5840,0,0,0,180,50,0.1,-1,-1,-1,-1,2.5,0,0,0,0,0,1,0,-1,-1,-1,-1,-1,-1,-1,-1,-1,0.1,0.4,-1,0,0,65,0.29,100,-1,-1,-1,6002,-1,0,0.5,0.6,0,-1,[0|0|0|0]
158700000,[Spirit Summon] Bigmouth Imp,0,0,[0|0|0],58700,-1,0,180,2.2,0.5,100,0,582,0,0,-1,-1,10,3,0,-1,0,0.7,-1,5400,0,0,-1,296011,0,90000,90010,-1,0,0,0,0,0,-1,-1,-1,-1,-1,-1,16,3000,3001,3002,3003,3004,3005,3006,3007,702,703,701,-1,0,1,1,1,1,1,1,1,1,1.5,-0.53846157,0,50,21,100,0,0,0,100,100,100,0,999,999,999,999,-1,-1,0,0,0,0,-1,-1,0,0,0,0,0,999,999,0,0,-1,10,0,11,0,0,47,3,40,143,143,0,0,0,0,0,0,0,0,0,0,0,0,0,17,7,0,1,0,0,0,0,0,0,0,0,0,0,0,0,0,0,0,0,0,1,0,0,0,0,0,0,0,0,0,0,0,0,0,0,1,0,1,1,0,0,0,1,0,0,0,0,0,0,0,0,0,0,0,0,0,0,0,2.2,0.5,0,0,0,0,0,0,0,0,0,100,1,999,1,142,142,139,139,139,139,90020,90030,90040,90300,90060,90100,90200,-1,-1,0,0.4,0.9,0.65,1,0.65,0.8,0.6,0.6,0.6,0,0,0,-1,-1,128,-1,-1,-1,30,999,0,100,-1,20011371,-1,-1,-1,17170,-1,20296100,-1,-1,4302,295000,296000,297000,152,6920,297101,0,2,0,0,0,1,1,1,0,0,-1,-1,0,0,0,0,0,0,-1,-1,3080,0,0,0,180,50,0.1,-1,-1,-1,-1,1.8,0,0,0,0,0,1,0,-1,-1,-1,-1,-1,-1,-1,-1,-1,0.1,0.4,5870,0,0,50,0.29,100,-1,-1,-1,-1,-1,0,0.5,0.6,0,-1,[0|0|0|0]
159000000,[Spirit Summon] Man-Fly 1/2,0,0,[0|0|0],59000,-1,0,120,2.2,0.5,150,0,409,0,0,-1,-1,10,0,0,-1,0,0.7,-1,5400,0,0,-1,296010,0,90000,90010,-1,0,0,0,0,0,-1,-1,-1,-1,-1,-1,16,3000,3001,3002,3003,3004,3005,3006,3007,3008,3009,6001,6000,0,1,1,1,1,1,1,1,1,1.5,-0.53846157,0,120,21,100,0,0,0,100,100,100,0,999,999,999,999,-1,-1,0,0,0,0,-1,-1,0,0,0,0,0,112,999,0,0,-1,10,0,11,0,0,47,4,40,143,143,0,0,2,0,0,0,0,0,0,0,0,0,0,22,7,0,0,0,0,0,0,1,0,0,0,1,1,0,0,0,0,0,0,0,0,0,0,0,0,0,0,0,0,0,0,0,0,0,0,1,0,0,1,0,0,0,0,0,0,0,0,0,0,0,0,0,0,0,0,0,0,0,2.2,0.5,0,0,0,0,0,0,0,0,0,100,0,0,1,142,142,139,139,139,139,90020,90030,90040,5851,90060,90161,0,-1,-1,35,0.4,0.9,0.65,0.9,1,0.8,0.8,1,0.8,0,0,0,-1,-1,256,-1,-1,-1,30,999,0,100,-1,5800,-1,20011253,-1,-1,-1,-1,-1,-1,4302,295000,296000,297000,-1,-1,-1,0,-1,1,0,0,1,1,1,0,0,-1,-1,0,0,0,0,0,0,-1,-1,5900,30,0,0,180,50,0.1,-1,-1,-1,-1,2.5,0,0,0,0,0,1,0,-1,-1,-1,-1,-1,-1,-1,-1,-1,0.1,0.4,-1,0,0,35,0.29,100,-1,-1,-1,6002,-1,0,0.5,0.6,-40,-1,[0|0|0|0]
159000100,[Spirit Summon] Man-Fly 3,0,0,[0|0|0],59000,-1,0,120,2.2,0.5,150,0,409,0,0,-1,-1,10,0,0,-1,0,0.7,-1,5400,0,0,-1,296011,0,90000,90010,-1,0,0,0,0,0,-1,-1,-1,-1,-1,-1,16,3000,3001,3002,3003,3004,3005,3006,3007,3008,3009,6001,6000,0,1,1,1,1,1,1,1,1,1.5,-0.53846157,0,120,21,100,0,0,0,100,100,100,0,999,999,999,999,-1,-1,0,0,0,0,-1,-1,0,0,0,0,0,112,999,0,0,-1,10,0,11,0,0,47,4,40,143,143,0,0,2,0,0,0,0,0,0,0,0,0,0,22,7,0,0,0,0,0,0,1,0,1,0,0,1,0,0,0,0,0,0,0,0,0,0,0,0,0,0,0,0,0,0,0,0,0,0,1,0,0,1,0,0,0,0,0,0,0,0,0,0,0,0,0,0,0,0,0,0,0,2.2,0.5,0,0,0,0,0,0,0,0,0,100,0,0,1,142,142,139,139,139,139,90020,90030,90040,5851,90060,90161,0,-1,-1,35,0.4,0.9,0.65,0.9,1,0.8,0.8,1,0.8,0,0,0,-1,-1,256,-1,-1,-1,30,999,0,100,-1,5800,20011251,20011253,-1,-1,-1,-1,-1,-1,4302,295000,296000,297000,297101,-1,-1,0,-1,1,0,0,1,1,1,0,0,-1,-1,0,0,0,0,0,0,-1,-1,5900,30,0,0,180,50,0.1,-1,-1,-1,-1,2.5,0,0,0,0,0,1,0,-1,-1,-1,-1,-1,-1,-1,-1,-1,0.1,0.4,-1,0,0,35,0.29,100,-1,-1,-1,6002,-1,0,0.5,0.6,-40,-1,[0|0|0|0]
170001000,[Spirit Summon] Fallen Hawks Greatshield Soldier,0,0,[0|0|0],70000,-1,0,80,2.2,0.4,30,0,390,0,0,-1,-1,10,0,0,-1,0,0.4,-1,5402,0,0,0,296011,0,90000,90010,0,90,0,0,0,0,-1,-1,-1,-1,-1,-1,16,3000,3001,3002,3003,3004,3005,3006,3007,3008,3009,6001,6000,0,1,1,1,1,1,1,1,1,1.5,-0.46153846,0,160,21,100,0,0,0,100,100,100,0,999,999,999,999,-1,-1,0,0,0,0,-1,-1,0,0,0,0,90,20,999,0,0,-1,10,0,11,0,0,47,3,40,143,143,0,0,2,0,0,0,0,0,0,0,0,0,0,17,7,0,0,0,0,0,0,0,0,0,0,0,0,0,1,0,0,0,0,0,0,0,0,0,0,0,0,0,0,0,0,0,0,0,0,1,0,0,1,0,0,0,0,0,0,1,0,0,0,0,0,0,0,0,0,0,0,0,2.2,0.4,0,0,0,0,1,0,0,0,0,100,1,0,1,142,142,139,139,139,139,90020,90030,90040,0,90060,90161,90200,102304,-1,0,0.4,1,1.1,1,1,1,1,1,1,0,0,0,-1,-1,256,-1,-1,-1,30,999,0,100,-1,-1,-1,-1,-1,10312,-1,-1,-1,-1,4302,295000,296000,297000,-1,-1,-1,0,2,0,0,0,1,1,1,0,0,-1,-1,0,0,0,0,0,0,-1,-1,7000,0,0,0,180,50,0.1,-1,-1,-1,-1,1.8,0,0,0,0,0,1,0,-1,-1,-1,-1,-1,-1,-1,-1,-1,0.1,0.4,-1,0,0,35,0.29,100,-1,-1,-1,6010,-1,0,0.5,0.6,0,-1,[0|0|0|0]
170002000,[Spirit Summon] Fallen Hawks Archer,0,0,[0|0|0],70000,-1,0,80,2.2,0.4,30,0,454,0,0,-1,-1,10,0,0,-1,0,0.4,-1,5401,0,0,0,296011,0,90000,90010,0,0,0,0,0,0,-1,-1,-1,-1,-1,-1,16,3000,3001,3002,3003,3004,3005,3006,3007,3008,3009,6001,6000,0,1,1,1,1,1,1,1,1,1.5,-0.46153846,0,50,21,100,0,0,0,100,100,100,0,999,999,999,999,-1,-1,0,0,0,0,-1,-1,0,0,0,0,0,20,999,0,0,-1,10,0,11,0,0,47,3,40,143,143,0,0,2,0,0,0,0,0,0,0,0,0,0,17,7,0,0,0,0,0,0,0,0,0,0,0,1,0,0,0,0,0,0,0,0,0,0,0,0,0,0,0,0,0,0,0,0,0,0,1,0,0,1,0,0,0,0,0,0,0,0,0,0,0,0,0,0,0,0,0,0,0,2.2,0.4,0,0,0,0,1,0,0,0,0,100,1,0,1,142,142,139,139,139,139,90020,90030,90040,0,90060,90161,90200,102304,-1,0,0.4,1,1.1,1,1,1,1,1,1,0,0,0,-1,-1,256,-1,-1,-1,30,999,0,100,-1,-1,-1,-1,-1,10312,-1,-1,-1,-1,4302,295000,296000,297000,297101,297200,-1,0,2,0,0,0,1,1,1,0,0,-1,-1,0,0,0,0,0,0,-1,-1,7000,0,0,0,180,50,0.1,-1,-1,-1,-1,1.8,0,0,0,0,0,1,0,-1,-1,-1,-1,-1,-1,-1,-1,-1,0.1,0.4,-1,0,0,35,0.29,100,-1,-1,-1,6010,-1,0,0.5,0.6,0,-1,[0|0|0|0]
524070081,Ancient Dragon-Man (Boss) (Dragon's Pit),0,0,[0|0|0],10000,100,140700,110,2.2,0.5,130,0,1551,0,0,-1,-1,-1,0,0,-1,0,0.5,-1,5400,0,0,20007310,0,0,0,0,20007710,100,0,0,0,0,-1,-1,-1,-1,-1,-1,16,3000,3001,3002,3003,3004,3005,3006,3007,3008,3009,6001,6000,0,1,1,1,1,1,1,1,1,1.5,0.53846157,0,100,30,100,0,0,0,100,100,100,0,100,100,100,999,-1,-1,0,0,0,0,-1,-1,1,0,0,0,0,999,0,0,0,-1,10,0,9,0,0,27,3,40,110,110,0,0,2,0,0,0,0,0,0,0,0,0,0,17,7,0,0,0,0,0,0,0,0,1,0,0,0,0,0,0,0,0,0,1,1,0,0,0,0,1,0,0,0,0,0,0,0,0,0,1,1,0,1,0,0,0,0,0,0,1,0,0,0,0,0,0,0,0,0,0,0,0,2.2,0.5,0,1,0,0,0,0,0,0,0,100,1,4,1,109,109,139,139,106,106,95001,19390,95011,0,0,90100,0,-1,-1,35,0.4,1,1,1,1,1,1,1.25,1,0,0,2,-1,-1,256,100,-1,10000300,10,100,0,100,-1,-1,-1,5600,-1,-1,-1,-1,-1,20502012,20502015,-1,-1,-1,-1,20018032,-1,0,-1,0,0,0,1,1,1,0,0,-1,-1,0,0,0,0,0,0,-1,-1,-1,0,0,0,180,48,0.1,-1,-1,-1,-1,2.5,0,0,0,0,0,1,0,-1,-1,-1,-1,-1,-1,-1,-1,-1,0.1,0.4,-1,0,0,100,0.29,100,100,100,100,100,100,0,0.5,0.6,0,20008710,[0|0|0|0]
524230000,Rakshasa,0,0,[0|0|0],10000,100,142300,110,2.2,0.5,130,0,1551,0,3000,-1,-1,-1,0,0,-1,0,0.5,-1,5400,0,0,19370,0,0,0,0,19520,100,0,0,0,0,-1,-1,-1,-1,-1,-1,16,3000,3001,3002,3003,3004,3005,3006,3007,3008,3009,6001,6000,0,1,1,1,1,1,1,1,1,1.5,0.53846157,0,100,30,100,0,0,0,100,100,100,0,100,100,100,999,-1,-1,0,0,0,0,-1,-1,1,0,0,0,0,999,0,0,0,-1,10,0,9,0,0,6,3,40,110,110,0,0,2,0,0,0,0,0,0,0,0,0,0,17,7,0,0,0,0,0,0,0,0,1,0,0,0,0,0,0,0,0,0,1,1,0,0,0,0,1,0,0,0,0,0,0,0,0,0,1,1,0,1,0,0,0,0,0,0,1,0,0,0,0,0,0,0,0,0,0,0,0,2.2,0.5,0,0,0,0,0,0,0,0,0,100,1,4,1,109,109,139,139,106,106,0,9634,0,0,0,90100,0,-1,-1,35,0.4,1,1,1,1,1,1,1.25,1,0,0,2,-1,-1,256,100,-1,10000200,10,100,0,100,-1,9642,-1,5600,-1,9881,18699,-1,-1,-1,295000,-1,440,-1,-1,20018032,-1,0,-1,0,0,0,1,1,1,0,0,-1,-1,0,0,0,0,0,0,-1,-1,-1,0,0,0,180,48,0.1,-1,-1,-1,-1,2.5,0,0,0,0,0,1,0,-1,-1,-1,-1,-1,-1,-1,-1,-1,0.1,0.4,-1,0,0,100,0.29,100,100,100,100,100,100,0,0.5,0.6,0,20008600,[0|0|0|0]
524230090,Rakshasa,0,0,[0|0|0],10000,100,142300,110,2.2,0.5,130,0,1551,0,0,-1,-1,-1,0,0,-1,0,0.5,-1,5400,0,0,20007340,0,0,0,0,20007740,100,0,0,0,0,-1,-1,-1,-1,-1,-1,16,3000,3001,3002,3003,3004,3005,3006,3007,3008,3009,6001,6000,0,1,1,1,1,1,1,1,1,1.5,0.53846157,0,100,30,100,0,0,0,100,100,100,0,100,100,100,999,-1,-1,0,0,0,0,-1,-1,1,0,0,0,0,999,0,0,0,-1,10,0,9,0,0,6,3,40,110,110,0,0,2,0,0,0,0,0,0,0,0,0,0,17,7,0,0,0,0,0,0,0,0,1,0,0,0,0,0,0,0,0,0,1,1,0,0,0,0,1,0,0,0,0,0,0,0,0,0,1,1,0,1,0,0,0,0,0,0,1,0,0,0,0,0,0,0,0,0,0,0,0,2.2,0.5,0,1,0,0,0,0,0,0,0,100,1,4,1,109,109,139,139,106,106,95001,9634,95011,0,0,90100,0,-1,-1,35,0.4,1,1,1,1,1,1,1.25,1,0,0,2,-1,-1,256,100,-1,10000300,10,100,0,100,-1,9642,-1,5600,-1,9881,18699,-1,-1,-1,295000,-1,440,-1,-1,20018032,-1,0,-1,0,0,0,1,1,1,0,0,-1,-1,0,0,0,0,0,0,-1,-1,-1,0,0,0,180,48,0.1,-1,-1,-1,-1,2.5,0,0,0,0,0,1,0,-1,-1,-1,-1,-1,-1,-1,-1,-1,0.1,0.4,-1,0,0,100,0.29,100,100,100,100,100,100,0,0.5,0.6,0,20008740,[0|0|0|0]
524230091,Rakshasa (Boss) (Scadu Altus - Western Nameless Mausoleum),0,0,[0|0|0],10000,100,142300,110,2.2,0.5,130,0,1551,0,0,-1,-1,-1,0,0,-1,0,0.5,-1,5400,0,0,20007350,0,0,0,0,20007750,100,0,0,0,0,-1,-1,-1,-1,-1,-1,16,3000,3001,3002,3003,3004,3005,3006,3007,3008,3009,6001,6000,0,1,1,1,1,1,1,1,1,1.5,0.53846157,0,100,30,100,0,0,0,100,100,100,0,100,100,100,999,-1,-1,0,0,0,0,-1,-1,1,0,0,0,0,999,0,0,0,-1,10,0,9,0,0,6,3,40,110,110,0,0,2,0,0,0,0,0,0,0,0,0,0,17,7,0,0,0,0,0,0,0,0,1,0,0,0,0,0,0,0,0,0,1,1,0,0,0,0,1,0,0,0,0,0,0,0,0,0,1,1,0,1,0,0,0,0,0,0,1,0,0,0,0,0,0,0,0,0,0,0,0,2.2,0.5,0,1,0,0,0,0,0,0,0,100,1,4,1,109,109,139,139,106,106,95001,9634,95011,0,0,90100,0,-1,-1,35,0.4,1,1,1,1,1,1,1.25,1,0,0,2,-1,-1,256,100,-1,10000300,10,100,0,100,-1,9642,-1,5600,-1,9881,18699,-1,-1,-1,295000,-1,440,-1,-1,20018032,-1,0,-1,0,0,0,1,1,1,0,0,-1,-1,0,0,0,0,0,0,-1,-1,-1,0,0,0,180,48,0.1,-1,-1,-1,-1,2.5,0,0,0,0,0,1,0,-1,-1,-1,-1,-1,-1,-1,-1,-1,0.1,0.4,-1,0,0,100,0.29,100,100,100,100,100,100,0,0.5,0.6,0,20008750,[0|0|0|0]
534031000,Igon,0,0,[0|0|0],10000,100,140300,110,2.2,0.5,130,0,1551,0,0,-1,-1,-1,0,0,-1,0,0.5,-1,5400,0,0,19370,0,0,0,0,19560,100,0,0,0,0,-1,-1,-1,-1,-1,-1,16,3000,3001,3002,3003,3004,3005,3006,3007,3008,3009,6001,6000,0,1,1,1,1,1,1,1,1,1.5,0.53846157,0,100,30,100,0,0,0,100,100,100,0,100,100,100,999,-1,-1,0,0,0,0,-1,-1,1,0,0,0,0,0,0,0,0,-1,10,0,9,0,0,2,3,40,110,110,0,0,2,0,0,0,0,0,0,0,0,0,0,17,7,0,0,0,0,0,0,0,0,1,0,0,0,0,0,0,0,0,0,1,1,0,0,0,0,1,1,0,0,0,0,0,0,0,0,1,1,0,1,0,0,0,0,0,0,1,0,0,0,0,0,0,0,0,0,0,0,0,2.2,0.5,0,0,0,0,0,0,0,0,0,100,1,4,1,109,109,139,139,106,106,0,0,0,0,0,90100,0,-1,-1,35,0.4,1,1,1,1,1,1,1.25,1,0,0,2,-1,-1,256,100,-1,-1,10,100,0,100,-1,-1,-1,5600,-1,9870,-1,9631,20018697,20018027,20018007,-1,440,-1,-1,-1,-1,0,-1,0,0,0,1,1,1,0,0,-1,-1,0,0,0,0,0,0,-1,-1,-1,0,0,0,180,48,0.1,-1,-1,-1,-1,2.5,0,0,0,0,0,1,0,-1,-1,-1,-1,-1,-1,-1,-1,-1,0.1,0.4,-1,0,0,100,0.29,100,100,100,100,100,100,0,0.5,0.6,0,20008600,[0|0|0|0]
534031085,Drake Warrior Igon (Co-op) (Jagged Peak),0,0,[0|0|0],10000,100,140301,110,2.2,0.5,130,0,1551,0,0,-1,-1,-1,0,0,-1,0,0.5,-1,5400,0,0,20007270,0,0,0,0,20007670,100,0,0,0,0,-1,-1,-1,-1,-1,-1,16,3000,3001,3002,3003,3004,3005,3006,3007,3008,3009,6001,6000,0,1,1,1,1,1,1,1,1,1.5,0.53846157,0,100,30,100,0,0,0,100,100,100,0,100,100,100,999,-1,-1,0,0,0,0,-1,-1,1,0,0,0,0,0,0,0,0,-1,10,0,9,0,0,2,3,40,110,110,0,0,2,0,0,0,0,0,0,0,0,0,0,17,7,0,0,0,0,0,0,0,0,1,0,0,0,0,0,0,0,0,0,1,1,0,0,0,0,1,1,0,0,0,0,0,0,0,0,1,1,0,1,0,0,0,0,0,0,1,0,0,0,0,0,0,0,0,0,0,0,0,2.2,0.5,0,0,0,0,0,0,0,0,0,100,1,4,1,109,109,139,139,106,106,0,0,0,0,0,90100,0,-1,-1,35,0.4,1,1,1,1,1,1,1.25,1,0,0,2,-1,-1,256,100,-1,-1,10,100,0,100,-1,-1,-1,5600,18697,9870,-1,9631,20018697,20018027,20018007,-1,440,-1,-1,-1,-1,0,-1,0,0,0,1,1,1,0,0,-1,-1,0,0,0,0,0,0,-1,-1,-1,0,0,0,180,48,0.1,-1,-1,-1,-1,2.5,0,0,0,0,0,1,0,-1,-1,-1,-1,-1,-1,-1,-1,-1,0.1,0.4,-1,0,0,100,0.29,100,100,100,100,100,100,0,0.5,0.6,0,20008670,[0|0|0|0]
534090000,Swordhand of Night Jolan,0,0,[0|0|0],10000,100,140901,110,2.2,0.5,130,0,1551,0,0,-1,-1,-1,0,0,-1,0,0.5,-1,5400,0,0,19370,0,0,0,0,19560,100,0,0,0,0,-1,-1,-1,-1,-1,-1,16,3000,3001,3002,3003,3004,3005,3006,3007,3008,3009,6001,6000,0,1,1,1,1,1,1,1,1,1.5,0.53846157,0,100,30,100,0,0,0,100,100,100,0,100,100,100,999,-1,-1,0,0,0,0,-1,-1,1,0,0,0,0,0,0,0,0,-1,10,0,9,0,0,2,3,40,110,110,0,0,2,0,0,0,0,0,0,0,0,0,0,17,7,0,0,0,0,0,0,0,0,1,0,0,0,0,0,0,0,0,0,1,1,0,0,0,0,1,1,0,0,0,0,0,0,0,0,1,1,0,1,0,0,0,0,0,0,1,0,0,0,0,0,0,0,0,0,0,0,0,2.2,0.5,0,0,0,0,0,0,0,0,0,100,1,4,1,109,109,139,139,106,106,0,0,0,0,0,90100,0,-1,-1,35,0.4,1,1,1,1,1,1,1.25,1,0,0,2,-1,-1,256,100,-1,-1,10,100,0,100,-1,-1,-1,5600,18697,9874,-1,-1,20018692,20018027,20018007,-1,440,-1,-1,-1,-1,0,-1,0,0,0,1,1,1,0,0,-1,-1,0,0,0,0,0,0,-1,-1,-1,0,0,0,180,48,0.1,-1,-1,-1,-1,2.5,0,0,0,0,0,1,0,-1,-1,-1,-1,-1,-1,-1,-1,-1,0.1,0.4,-1,0,0,100,0.29,100,100,100,100,100,100,0,0.5,0.6,0,20008600,[0|0|0|0]
534090083,Swordhand of Night Jolan (Co-op) (Cerulean Coast - Dragon Area),0,0,[0|0|0],10000,100,140901,110,2.2,0.5,130,0,1551,0,0,-1,-1,-1,0,0,-1,0,0.5,-1,5400,0,0,20007210,0,0,0,0,20007610,100,0,0,0,0,-1,-1,-1,-1,-1,-1,16,3000,3001,3002,3003,3004,3005,3006,3007,3008,3009,6001,6000,0,1,1,1,1,1,1,1,1,1.5,0.53846157,0,100,30,100,0,0,0,100,100,100,0,100,100,100,999,-1,-1,0,0,0,0,-1,-1,1,0,0,0,0,0,0,0,0,-1,10,0,9,0,0,2,3,40,110,110,0,0,2,0,0,0,0,0,0,0,0,0,0,17,7,0,0,0,0,0,0,0,0,1,0,0,0,0,0,0,0,0,0,1,1,0,0,0,0,1,1,0,0,0,0,0,0,0,0,1,1,0,1,0,0,0,0,0,0,1,0,0,0,0,0,0,0,0,0,0,0,0,2.2,0.5,0,0,0,0,0,0,0,0,0,100,1,4,1,109,109,139,139,106,106,0,0,0,0,0,90100,0,-1,-1,35,0.4,1,1,1,1,1,1,1.25,1,0,0,2,-1,-1,256,100,-1,-1,10,100,0,100,-1,-1,-1,5600,18697,9874,-1,-1,20018692,20018027,20018007,-1,440,-1,-1,-1,-1,0,-1,0,0,0,1,1,1,0,0,-1,-1,0,0,0,0,0,0,-1,-1,-1,0,0,0,180,48,0.1,-1,-1,-1,-1,2.5,0,0,0,0,0,1,0,-1,-1,-1,-1,-1,-1,-1,-1,-1,0.1,0.4,-1,0,0,100,0.29,100,100,100,100,100,100,0,0.5,0.6,0,20008610,[0|0|0|0]
534090093,Swordhand of Night Jolan (Co-op) (Scadu Altus - Hinterlands),0,0,[0|0|0],10000,100,140901,110,2.2,0.5,130,0,1551,0,0,-1,-1,-1,0,0,-1,0,0.5,-1,5400,0,0,20007270,0,0,0,0,20007670,100,0,0,0,0,-1,-1,-1,-1,-1,-1,16,3000,3001,3002,3003,3004,3005,3006,3007,3008,3009,6001,6000,0,1,1,1,1,1,1,1,1,1.5,0.53846157,0,100,30,100,0,0,0,100,100,100,0,100,100,100,999,-1,-1,0,0,0,0,-1,-1,1,0,0,0,0,0,0,0,0,-1,10,0,9,0,0,2,3,40,110,110,0,0,2,0,0,0,0,0,0,0,0,0,0,17,7,0,0,0,0,0,0,0,0,1,0,0,0,0,0,0,0,0,0,1,1,0,0,0,0,1,1,0,0,0,0,0,0,0,0,1,1,0,1,0,0,0,0,0,0,1,0,0,0,0,0,0,0,0,0,0,0,0,2.2,0.5,0,0,0,0,0,0,0,0,0,100,1,4,1,109,109,139,139,106,106,0,0,0,0,0,90100,0,-1,-1,35,0.4,1,1,1,1,1,1,1.25,1,0,0,2,-1,-1,256,100,-1,-1,10,100,0,100,-1,-1,-1,5600,18697,9874,-1,-1,20018692,20018027,20018007,-1,440,-1,-1,-1,-1,0,-1,0,0,0,1,1,1,0,0,-1,-1,0,0,0,0,0,0,-1,-1,-1,0,0,0,180,48,0.1,-1,-1,-1,-1,2.5,0,0,0,0,0,1,0,-1,-1,-1,-1,-1,-1,-1,-1,-1,0.1,0.4,-1,0,0,100,0.29,100,100,100,100,100,100,0,0.5,0.6,0,20008670,[0|0|0|0]
534090099,Swordhand of Night Jolan (Co-op) (Specimen Storehouse),0,0,[0|0|0],10000,100,140901,110,2.2,0.5,130,0,1551,0,0,-1,-1,-1,0,0,-1,0,0.5,-1,5400,0,0,20007230,0,0,0,0,20007630,100,0,0,0,0,-1,-1,-1,-1,-1,-1,16,3000,3001,3002,3003,3004,3005,3006,3007,3008,3009,6001,6000,0,1,1,1,1,1,1,1,1,1.5,0.53846157,0,100,30,100,0,0,0,100,100,100,0,100,100,100,999,-1,-1,0,0,0,0,-1,-1,1,0,0,0,0,0,0,0,0,-1,10,0,9,0,0,2,3,40,110,110,0,0,2,0,0,0,0,0,0,0,0,0,0,17,7,0,0,0,0,0,0,0,0,1,0,0,0,0,0,0,0,0,0,1,1,0,0,0,0,1,1,0,0,0,0,0,0,0,0,1,1,0,1,0,0,0,0,0,0,1,0,0,0,0,0,0,0,0,0,0,0,0,2.2,0.5,0,0,0,0,0,0,0,0,0,100,1,4,1,109,109,139,139,106,106,0,0,0,0,0,90100,0,-1,-1,35,0.4,1,1,1,1,1,1,1.25,1,0,0,2,-1,-1,256,100,-1,-1,10,100,0,100,-1,-1,-1,5600,18697,9874,-1,-1,20018692,20018027,20018007,20018009,440,-1,-1,-1,-1,0,-1,0,0,0,1,1,1,0,0,-1,-1,0,0,0,0,0,0,-1,-1,-1,0,0,0,180,48,0.1,-1,-1,-1,-1,2.5,0,0,0,0,0,1,0,-1,-1,-1,-1,-1,-1,-1,-1,-1,0.1,0.4,-1,0,0,100,0.29,100,100,100,100,100,100,0,0.5,0.6,0,20008630,[0|0|0|0]
534140000,Hornsent,0,0,[0|0|0],10000,100,141400,110,2.2,0.5,130,0,1551,0,0,-1,-1,-1,0,0,-1,0,0.5,-1,5400,0,0,19370,0,0,0,0,19560,100,0,0,0,0,-1,-1,-1,-1,-1,-1,16,3000,3001,3002,3003,3004,3005,3006,3007,3008,3009,6001,6000,0,1,1,1,1,1,1,1,1,1.5,0.53846157,0,100,30,100,0,0,0,100,100,100,0,100,100,100,999,-1,-1,0,0,0,0,-1,-1,1,0,0,0,0,0,0,0,0,-1,10,0,9,0,0,2,3,40,110,110,0,0,2,0,0,0,0,0,0,0,0,0,0,17,7,0,0,0,0,0,0,0,0,1,0,0,0,0,0,0,0,0,0,1,1,0,0,0,0,1,1,0,0,0,0,0,0,0,0,1,1,0,1,0,0,0,0,0,0,1,0,0,0,0,0,0,0,0,0,0,0,0,2.2,0.5,0,0,0,0,0,0,0,0,0,100,1,4,1,109,109,139,139,106,106,0,0,0,0,0,90100,0,-1,-1,35,0.4,1,1,1,1,1,1,1.25,1,0,0,1,-1,-1,256,100,-1,-1,10,100,0,100,-1,-1,-1,5600,-1,9874,-1,-1,20018674,20018027,20018007,-1,440,-1,-1,-1,-1,0,-1,0,0,0,1,1,1,0,0,-1,-1,0,0,0,0,0,0,-1,-1,-1,0,0,0,180,48,0.1,-1,-1,-1,-1,2.5,0,0,0,0,0,1,0,-1,-1,-1,-1,-1,-1,-1,-1,-1,0.1,0.4,-1,0,0,100,0.29,100,100,100,100,100,100,0,0.5,0.6,0,20008600,[0|0|0|0]
534140098,Hornsent (Co-op) (Shadow Keep),0,0,[0|0|0],10000,100,141401,110,2.2,0.5,130,0,1551,0,0,-1,-1,-1,0,0,-1,0,0.5,-1,5400,0,0,20007250,0,0,0,0,20007650,100,0,0,0,0,-1,-1,-1,-1,-1,-1,16,3000,3001,3002,3003,3004,3005,3006,3007,3008,3009,6001,6000,0,1,1,1,1,1,1,1,1,1.5,0.53846157,0,100,30,100,0,0,0,100,100,100,0,100,100,100,999,-1,-1,0,0,0,0,-1,-1,1,0,0,0,0,0,0,0,0,-1,10,0,9,0,0,2,3,40,110,110,0,0,2,0,0,0,0,0,0,0,0,0,0,17,7,0,0,0,0,0,0,0,0,1,0,0,0,0,0,0,0,0,0,1,1,0,0,0,0,1,1,0,0,0,0,0,0,0,0,1,1,0,1,0,0,0,0,0,0,1,0,0,0,0,0,0,0,0,0,0,0,0,2.2,0.5,0,0,0,0,0,0,0,0,0,100,1,4,1,109,109,139,139,106,106,0,0,0,0,0,90100,0,-1,-1,35,0.4,1,1,1,1,1,1,1.25,1,0,0,1,-1,-1,256,100,-1,-1,10,100,0,100,-1,-1,-1,5600,18697,9874,-1,-1,20018674,20018027,20018007,-1,440,-1,-1,-1,-1,0,-1,0,0,0,1,1,1,0,0,-1,-1,0,0,0,0,0,0,-1,-1,-1,0,0,0,180,48,0.1,-1,-1,-1,-1,2.5,0,0,0,0,0,1,0,-1,-1,-1,-1,-1,-1,-1,-1,-1,0.1,0.4,-1,0,0,100,0.29,100,100,100,100,100,100,0,0.5,0.6,0,20008650,[0|0|0|0]
534140099,Hornsent (Co-op) (Specimen Storehouse),0,0,[0|0|0],10000,100,141401,110,2.2,0.5,130,0,1551,0,0,-1,-1,-1,0,0,-1,0,0.5,-1,5400,0,0,20007230,0,0,0,0,20007630,100,0,0,0,0,-1,-1,-1,-1,-1,-1,16,3000,3001,3002,3003,3004,3005,3006,3007,3008,3009,6001,6000,0,1,1,1,1,1,1,1,1,1.5,0.53846157,0,100,30,100,0,0,0,100,100,100,0,100,100,100,999,-1,-1,0,0,0,0,-1,-1,1,0,0,0,0,0,0,0,0,-1,10,0,9,0,0,2,3,40,110,110,0,0,2,0,0,0,0,0,0,0,0,0,0,17,7,0,0,0,0,0,0,0,0,1,0,0,0,0,0,0,0,0,0,1,1,0,0,0,0,1,1,0,0,0,0,0,0,0,0,1,1,0,1,0,0,0,0,0,0,1,0,0,0,0,0,0,0,0,0,0,0,0,2.2,0.5,0,0,0,0,0,0,0,0,0,100,1,4,1,109,109,139,139,106,106,0,0,0,0,0,90100,0,-1,-1,35,0.4,1,1,1,1,1,1,1.25,1,0,0,1,-1,-1,256,100,-1,-1,10,100,0,100,-1,-1,-1,5600,18697,9874,-1,-1,20018674,20018027,20018007,20018009,440,-1,-1,-1,-1,0,-1,0,0,0,1,1,1,0,0,-1,-1,0,0,0,0,0,0,-1,-1,-1,0,0,0,180,48,0.1,-1,-1,-1,-1,2.5,0,0,0,0,0,1,0,-1,-1,-1,-1,-1,-1,-1,-1,-1,0.1,0.4,-1,0,0,100,0.29,100,100,100,100,100,100,0,0.5,0.6,0,20008630,[0|0|0|0]
534140198,Hornsent (Assisted Spirit) (Shadow Keep),0,0,[0|0|0],10000,100,141401,110,2.2,0.5,130,0,1551,0,0,-1,-1,-1,0,0,-1,0,0.5,-1,5400,0,0,20007260,0,0,0,0,20007660,100,0,0,0,0,-1,-1,-1,-1,-1,-1,16,3000,3001,3002,3003,3004,3005,3006,3007,3008,3009,6001,6000,0,1,1,1,1,1,1,1,1,1.5,0.53846157,0,100,30,100,0,0,0,100,100,100,0,100,100,100,999,-1,-1,0,0,0,0,-1,-1,1,0,0,0,0,0,0,0,0,-1,10,0,9,0,0,1,3,40,110,110,0,0,2,0,0,0,0,0,0,0,0,0,0,17,7,0,0,0,0,0,0,0,0,1,0,0,0,0,0,0,0,0,0,1,1,0,0,0,0,1,1,0,0,0,0,0,0,0,0,1,1,0,1,0,0,0,0,0,0,1,0,0,0,0,0,0,0,0,0,0,0,0,2.2,0.5,0,0,0,0,0,0,0,0,0,100,1,4,1,109,109,139,139,106,106,0,0,0,0,0,90100,0,-1,-1,35,0.4,1,1,1,1,1,1,1.25,1,0,0,1,-1,-1,256,100,-1,-1,10,100,0,100,-1,-1,-1,5600,-1,9874,-1,-1,20018674,20018027,-1,-1,440,-1,-1,-1,-1,0,-1,0,0,0,1,1,1,0,0,-1,-1,0,0,0,0,0,0,-1,-1,-1,0,0,0,180,48,0.1,-1,-1,-1,-1,2.5,0,0,0,0,0,1,0,-1,-1,-1,-1,-1,-1,-1,-1,-1,0.1,0.4,-1,0,0,100,0.29,100,100,100,100,100,100,0,0.5,0.6,0,20008660,[0|0|0|0]
534160000,Sir Ansbach,0,0,[0|0|0],10000,100,141600,110,2.2,0.5,130,0,1551,0,0,-1,-1,-1,0,0,-1,0,0.5,-1,5400,0,0,19370,0,0,0,0,19560,100,0,0,0,0,-1,-1,-1,-1,-1,-1,16,3000,3001,3002,3003,3004,3005,3006,3007,3008,3009,6001,6000,0,1,1,1,1,1,1,1,1,1.5,0.53846157,0,100,30,100,0,0,0,100,100,100,0,100,100,100,999,-1,-1,0,0,0,0,-1,-1,1,0,0,0,0,0,0,0,0,-1,10,0,9,0,0,2,3,40,110,110,0,0,2,0,0,0,0,0,0,0,0,0,0,17,7,0,0,0,0,0,0,0,0,1,0,0,0,0,0,0,0,0,0,1,1,0,0,0,0,1,1,0,0,0,0,0,0,0,0,1,1,0,1,0,0,0,0,0,0,1,0,0,0,0,0,0,0,0,0,0,0,0,2.2,0.5,0,0,0,0,0,0,0,0,0,100,1,4,1,109,109,139,139,106,106,0,0,0,0,0,90100,0,-1,-1,35,0.4,1,1,1,1,1,1,1.25,1,0,0,1,-1,-1,256,100,-1,-1,10,100,0,100,-1,-1,-1,5600,-1,9876,-1,-1,20018702,20018027,20018007,-1,440,-1,-1,-1,-1,0,-1,0,0,0,1,1,1,0,0,-1,-1,0,0,0,0,0,0,-1,-1,-1,0,0,0,180,48,0.1,-1,-1,-1,-1,2.5,0,0,0,0,0,1,0,-1,-1,-1,-1,-1,-1,-1,-1,-1,0.1,0.4,-1,0,0,100,0.29,100,100,100,100,100,100,0,0.5,0.6,0,20008600,[0|0|0|0]
534160089,Pureblood Knight Ansbach (Co-op) (Enir-Ilim),0,0,[0|0|0],10000,100,141603,110,2.2,0.5,130,0,1551,0,0,-1,-1,-1,0,0,-1,0,0.5,-1,5400,0,0,20007240,0,0,0,0,20007640,100,0,0,0,0,-1,-1,-1,-1,-1,-1,16,3000,3001,3002,3003,3004,3005,3006,3007,3008,3009,6001,6000,0,1,1,1,1,1,1,1,1,1.5,0.53846157,0,100,30,100,0,0,0,100,100,100,0,100,100,100,999,-1,-1,0,0,0,0,-1,-1,1,0,0,0,0,0,0,0,0,-1,10,0,9,0,0,2,3,40,110,110,0,0,2,0,0,0,0,0,0,0,0,0,0,17,7,0,0,0,0,0,0,0,0,1,0,0,0,0,0,0,0,0,0,1,1,0,0,0,0,1,1,0,0,0,0,0,0,0,0,1,1,0,1,0,0,0,0,0,0,1,0,0,0,0,0,0,0,0,0,0,0,0,2.2,0.5,0,0,0,0,0,0,0,0,0,100,1,4,1,109,109,139,139,106,106,0,0,0,0,0,90100,0,-1,-1,35,0.4,1,1,1,1,1,1,1.25,1,0,0,1,-1,-1,256,100,-1,-1,10,100,0,100,-1,-1,-1,5600,18697,9876,-1,-1,20018675,20018027,20018007,-1,440,-1,-1,-1,-1,0,-1,0,0,0,1,1,1,0,0,-1,-1,0,0,0,0,0,0,-1,-1,-1,0,0,0,180,48,0.1,-1,-1,-1,-1,2.5,0,0,0,0,0,1,0,-1,-1,-1,-1,-1,-1,-1,-1,-1,0.1,0.4,-1,0,0,100,0.29,100,100,100,100,100,100,0,0.5,0.6,0,20008640,[0|0|0|0]
534160099,Sir Ansbach (Assisted Spirit) (Specimen Storehouse),0,0,[0|0|0],10000,100,141600,110,2.2,0.5,130,0,1551,0,0,-1,-1,-1,0,0,-1,0,0.5,-1,5400,0,0,20007280,0,0,0,0,20007680,100,0,0,0,0,-1,-1,-1,-1,-1,-1,16,3000,3001,3002,3003,3004,3005,3006,3007,3008,3009,6001,6000,0,1,1,1,1,1,1,1,1,1.5,0.53846157,0,100,30,100,0,0,0,100,100,100,0,100,100,100,999,-1,-1,0,0,0,0,-1,-1,1,0,0,0,0,0,0,0,0,-1,10,0,9,0,0,1,3,40,110,110,0,0,2,0,0,0,0,0,0,0,0,0,0,17,7,0,0,0,0,0,0,0,0,1,0,0,0,0,0,0,0,0,0,1,1,0,0,0,0,1,1,0,0,0,0,0,0,0,0,1,1,0,1,0,0,0,0,0,0,1,0,0,0,0,0,0,0,0,0,0,0,0,2.2,0.5,0,0,0,0,0,0,0,0,0,100,1,4,1,109,109,139,139,106,106,0,0,0,0,0,90100,0,-1,-1,35,0.4,1,1,1,1,1,1,1.25,1,0,0,1,-1,-1,256,100,-1,-1,10,100,0,100,-1,-1,-1,5600,-1,9876,-1,-1,20018702,20018027,-1,-1,440,-1,-1,-1,-1,0,-1,0,0,0,1,1,1,0,0,-1,-1,0,0,0,0,0,0,-1,-1,-1,0,0,0,180,48,0.1,-1,-1,-1,-1,2.5,0,0,0,0,0,1,0,-1,-1,-1,-1,-1,-1,-1,-1,-1,0.1,0.4,-1,0,0,100,0.29,100,100,100,100,100,100,0,0.5,0.6,0,20008680,[0|0|0|0]
534160189,Pureblood Knight Ansbach (Helpful Spirit) (Enir-Ilim),0,0,[0|0|0],10000,100,141603,110,2.2,0.5,130,0,931,0,0,-1,-1,-1,0,0,-1,0,0.5,-1,5400,0,0,20007310,0,0,0,0,20007710,100,0,0,0,0,-1,-1,-1,-1,-1,-1,16,3000,3001,3002,3003,3004,3005,3006,3007,3008,3009,6001,6000,0,1,1,1,1,1,1,1,1,1.5,0.53846157,0,100,30,100,0,0,0,100,100,100,0,100,100,100,999,-1,-1,0,0,0,0,-1,-1,1,0,0,0,0,0,0,0,0,-1,10,0,9,0,0,6,3,40,110,110,0,0,2,0,0,0,0,0,0,0,0,0,0,17,7,0,0,0,0,0,0,0,0,1,0,0,0,0,0,0,0,0,0,1,1,0,0,0,0,1,1,0,0,0,0,0,0,0,0,1,1,0,1,0,0,0,0,0,0,1,0,0,0,0,0,0,0,0,0,0,0,0,2.2,0.5,0,0,0,0,0,0,0,0,0,100,1,4,1,109,109,139,139,106,106,0,0,0,0,0,90100,0,-1,-1,35,0.4,1,1,1,1,1,1,1.25,1,0,0,1,-1,-1,256,100,-1,-1,10,100,0,100,-1,-1,-1,5600,18697,9876,-1,-1,20018675,20018027,20018007,-1,440,-1,-1,-1,-1,0,-1,0,0,0,1,1,1,0,0,-1,-1,0,0,0,0,0,0,-1,-1,-1,0,0,0,180,48,0.1,-1,-1,-1,-1,2.5,0,0,0,0,0,1,0,-1,-1,-1,-1,-1,-1,-1,-1,-1,0.1,0.4,-1,0,0,100,0.29,100,100,100,100,100,100,0,0.5,0.6,0,20008710,[0|0|0|0]
534160289,Pureblood Knight Ansbach,0,0,[0|0|0],10000,100,141603,110,2.2,0.5,130,0,931,0,0,-1,-1,-1,0,0,-1,0,0.5,-1,5400,0,0,20007310,0,0,0,0,20007710,100,0,0,0,0,-1,-1,-1,-1,-1,-1,16,3000,3001,3002,3003,3004,3005,3006,3007,3008,3009,6001,6000,0,1,1,1,1,1,1,1,1,1.5,0.53846157,0,100,30,100,0,0,0,100,100,100,0,100,100,100,999,-1,-1,0,0,0,0,-1,-1,1,0,0,0,0,0,0,0,0,-1,10,0,9,0,0,1,3,40,110,110,0,0,2,0,0,0,0,0,0,0,0,0,0,17,7,0,0,0,0,0,0,0,0,1,0,0,0,0,0,0,0,0,0,1,1,0,0,0,0,1,1,0,0,0,0,0,0,0,0,1,1,0,1,0,0,0,0,0,0,1,0,0,0,0,0,0,0,0,0,0,0,0,2.2,0.5,0,0,0,0,0,0,0,0,0,100,1,4,1,109,109,139,139,106,106,0,0,0,0,0,90100,0,-1,-1,35,0.4,1,1,1,1,1,1,1.25,1,0,0,1,-1,-1,256,100,-1,-1,10,100,0,100,-1,-1,-1,5600,18697,9876,-1,-1,20018675,20018027,20018007,-1,440,-1,-1,-1,-1,0,-1,0,0,0,1,1,1,0,0,-1,-1,0,0,0,0,0,0,-1,-1,-1,0,0,0,180,48,0.1,-1,-1,-1,-1,2.5,0,0,0,0,0,1,0,-1,-1,-1,-1,-1,-1,-1,-1,-1,0.1,0.4,-1,0,0,100,0.29,100,100,100,100,100,100,0,0.5,0.6,0,20008710,[0|0|0|0]
534170000,Redmane Freyja,0,0,[0|0|0],10000,100,141701,110,2.2,0.5,130,0,1551,0,0,-1,-1,-1,0,0,-1,0,0.5,-1,5400,0,0,19370,0,0,0,0,19560,100,0,0,0,0,-1,-1,-1,-1,-1,-1,16,3000,3001,3002,3003,3004,3005,3006,3007,3008,3009,6001,6000,0,1,1,1,1,1,1,1,1,1.5,0.53846157,0,100,30,100,0,0,0,100,100,100,0,100,100,100,999,-1,-1,0,0,0,0,-1,-1,1,0,0,0,0,0,0,0,0,-1,10,0,9,0,0,2,3,40,110,110,0,0,2,0,0,0,0,0,0,0,0,0,0,17,7,0,0,0,0,0,0,0,0,1,0,0,0,0,0,0,0,0,0,1,1,0,0,0,0,1,1,0,0,0,0,0,0,0,0,1,1,0,1,0,0,0,0,0,0,1,0,0,0,0,0,0,0,0,0,0,0,0,2.2,0.5,0,0,0,0,0,0,0,0,0,100,1,4,1,109,109,139,139,106,106,0,0,0,0,0,90100,0,-1,-1,35,0.4,1,1,1,1,1,1,1.25,1,0,0,2,-1,-1,256,100,-1,-1,10,100,0,100,-1,-1,-1,5600,-1,9877,-1,20018025,20018673,20018027,20018007,-1,440,-1,-1,-1,-1,0,-1,0,0,0,1,1,1,0,0,-1,-1,0,0,0,0,0,0,-1,-1,-1,0,0,0,180,48,0.1,-1,-1,-1,-1,2.5,0,0,0,0,0,1,0,-1,-1,-1,-1,-1,-1,-1,-1,-1,0.1,0.4,-1,0,0,100,0.29,100,100,100,100,100,100,0,0.5,0.6,0,20008600,[0|0|0|0]
534170088,Redmane Freyja (Co-op) (Belurat- Tower Settlement),0,0,[0|0|0],10000,100,141701,110,2.2,0.5,130,0,1551,0,0,-1,-1,-1,0,0,-1,0,0.5,-1,5400,0,0,19365,0,0,0,0,19560,100,0,0,0,0,-1,-1,-1,-1,-1,-1,16,3000,3001,3002,3003,3004,3005,3006,3007,3008,3009,6001,6000,0,1,1,1,1,1,1,1,1,1.5,0.53846157,0,100,30,100,0,0,0,100,100,100,0,100,100,100,999,-1,-1,0,0,0,0,-1,-1,1,0,0,0,0,0,0,0,0,-1,10,0,9,0,0,2,3,40,110,110,0,0,2,0,0,0,0,0,0,0,0,0,0,17,7,0,0,0,0,0,0,0,0,1,0,0,0,0,0,0,0,0,0,1,1,0,0,0,0,1,1,0,0,0,0,0,0,0,0,1,1,0,1,0,0,0,0,0,0,1,0,0,0,0,0,0,0,0,0,0,0,0,2.2,0.5,0,0,0,0,0,0,0,0,0,100,1,4,1,109,109,139,139,106,106,0,0,0,0,0,90100,0,-1,-1,35,0.4,1,1,1,1,1,1,1.25,1,0,0,2,-1,-1,256,100,-1,-1,10,100,0,100,-1,-1,-1,5600,18697,9877,-1,20018025,20018673,20018027,20018007,-1,440,-1,-1,-1,-1,0,-1,0,0,0,1,1,1,0,0,-1,-1,0,0,0,0,0,0,-1,-1,-1,0,0,0,180,48,0.1,-1,-1,-1,-1,2.5,0,0,0,0,0,1,0,-1,-1,-1,-1,-1,-1,-1,-1,-1,0.1,0.4,-1,0,0,100,0.29,100,100,100,100,100,100,0,0.5,0.6,0,20008600,[0|0|0|0]
534170090,Redmane Freyja (Co-op) (Rauh Base - Northwest Great Red Bear),0,0,[0|0|0],10000,100,141701,110,2.2,0.5,130,0,1551,0,0,-1,-1,-1,0,0,-1,0,0.5,-1,5400,0,0,20007250,0,0,0,0,20007650,100,0,0,0,0,-1,-1,-1,-1,-1,-1,16,3000,3001,3002,3003,3004,3005,3006,3007,3008,3009,6001,6000,0,1,1,1,1,1,1,1,1,1.5,0.53846157,0,100,30,100,0,0,0,100,100,100,0,100,100,100,999,-1,-1,0,0,0,0,-1,-1,1,0,0,0,0,0,0,0,0,-1,10,0,9,0,0,2,3,40,110,110,0,0,2,0,0,0,0,0,0,0,0,0,0,17,7,0,0,0,0,0,0,0,0,1,0,0,0,0,0,0,0,0,0,1,1,0,0,0,0,1,1,0,0,0,0,0,0,0,0,1,1,0,1,0,0,0,0,0,0,1,0,0,0,0,0,0,0,0,0,0,0,0,2.2,0.5,0,0,0,0,0,0,0,0,0,100,1,4,1,109,109,139,139,106,106,0,0,0,0,0,90100,0,-1,-1,35,0.4,1,1,1,1,1,1,1.25,1,0,0,2,-1,-1,256,100,-1,-1,10,100,0,100,-1,-1,-1,5600,18697,9877,-1,20018025,20018673,20018027,20018007,-1,440,-1,-1,-1,-1,0,-1,0,0,0,1,1,1,0,0,-1,-1,0,0,0,0,0,0,-1,-1,-1,0,0,0,180,48,0.1,-1,-1,-1,-1,2.5,0,0,0,0,0,1,0,-1,-1,-1,-1,-1,-1,-1,-1,-1,0.1,0.4,-1,0,0,100,0.29,100,100,100,100,100,100,0,0.5,0.6,0,20008650,[0|0|0|0]
534170098,Redmane Freyja (Co-op) (Shadow Keep),0,0,[0|0|0],10000,100,141701,110,2.2,0.5,130,0,1551,0,0,-1,-1,-1,0,0,-1,0,0.5,-1,5400,0,0,20007250,0,0,0,0,20007650,100,0,0,0,0,-1,-1,-1,-1,-1,-1,16,3000,3001,3002,3003,3004,3005,3006,3007,3008,3009,6001,6000,0,1,1,1,1,1,1,1,1,1.5,0.53846157,0,100,30,100,0,0,0,100,100,100,0,100,100,100,999,-1,-1,0,0,0,0,-1,-1,1,0,0,0,0,0,0,0,0,-1,10,0,9,0,0,2,3,40,110,110,0,0,2,0,0,0,0,0,0,0,0,0,0,17,7,0,0,0,0,0,0,0,0,1,0,0,0,0,0,0,0,0,0,1,1,0,0,0,0,1,1,0,0,0,0,0,0,0,0,1,1,0,1,0,0,0,0,0,0,1,0,0,0,0,0,0,0,0,0,0,0,0,2.2,0.5,0,0,0,0,0,0,0,0,0,100,1,4,1,109,109,139,139,106,106,0,0,0,0,0,90100,0,-1,-1,35,0.4,1,1,1,1,1,1,1.25,1,0,0,2,-1,-1,256,100,-1,-1,10,100,0,100,-1,-1,-1,5600,18697,9877,-1,20018025,20018673,20018027,20018007,-1,440,-1,-1,-1,-1,0,-1,0,0,0,1,1,1,0,0,-1,-1,0,0,0,0,0,0,-1,-1,-1,0,0,0,180,48,0.1,-1,-1,-1,-1,2.5,0,0,0,0,0,1,0,-1,-1,-1,-1,-1,-1,-1,-1,-1,0.1,0.4,-1,0,0,100,0.29,100,100,100,100,100,100,0,0.5,0.6,0,20008650,[0|0|0|0]
534180000,Needle Knight Leda,0,0,[0|0|0],10000,100,141801,110,2.2,0.5,130,0,1551,0,0,-1,-1,-1,0,0,-1,0,0.5,-1,5400,0,0,19362,0,0,0,0,19560,100,0,0,0,0,-1,-1,-1,-1,-1,-1,16,3000,3001,3002,3003,3004,3005,3006,3007,3008,3009,6001,6000,0,1,1,1,1,1,1,1,1,1.5,0.53846157,0,100,30,100,0,0,0,100,100,100,0,100,100,100,999,-1,-1,0,0,0,0,-1,-1,1,0,0,0,0,999,0,0,0,-1,10,0,9,0,0,2,3,40,110,110,0,0,2,0,0,0,0,0,0,0,0,0,0,17,7,0,0,0,0,0,0,0,0,1,0,0,0,0,0,0,0,0,0,1,1,0,0,0,0,1,1,0,0,0,0,0,0,0,0,1,1,0,1,0,0,0,0,0,0,1,0,0,0,0,0,0,0,0,0,0,0,0,2.2,0.5,0,0,0,0,0,0,0,0,0,100,1,4,1,109,109,139,139,106,106,0,19390,0,0,0,90100,0,-1,-1,35,0.4,1,1,1,1,1,1,1.25,1,0,0,2,-1,-1,256,100,-1,-1,10,100,0,100,-1,-1,-1,5600,18698,9879,-1,-1,20018672,20018027,20018007,-1,440,-1,-1,-1,-1,0,-1,0,0,0,1,1,1,0,0,-1,-1,0,0,0,0,0,0,-1,-1,-1,0,0,0,180,48,0.1,-1,-1,-1,-1,2.5,0,0,0,0,0,1,0,-1,-1,-1,-1,-1,-1,-1,-1,-1,0.1,0.4,-1,0,0,100,0.29,100,100,100,100,100,100,0,0.5,0.6,0,20008600,[0|0|0|0]
534180082,Needle Knight Leda (Co-op) (Gravesite Plain - East Castle Ensis),0,0,[0|0|0],10000,100,141801,110,2.2,0.5,130,0,1551,0,0,-1,-1,-1,0,0,-1,0,0.5,-1,5400,0,0,20007210,0,0,0,0,20007610,100,0,0,0,0,-1,-1,-1,-1,-1,-1,16,3000,3001,3002,3003,3004,3005,3006,3007,3008,3009,6001,6000,0,1,1,1,1,1,1,1,1,1.5,0.53846157,0,100,30,100,0,0,0,100,100,100,0,100,100,100,999,-1,-1,0,0,0,0,-1,-1,1,0,0,0,0,0,0,0,0,-1,10,0,9,0,0,2,3,40,110,110,0,0,2,0,0,0,0,0,0,0,0,0,0,17,7,0,0,0,0,0,0,0,0,1,0,0,0,0,0,0,0,0,0,1,1,0,0,0,0,1,1,0,0,0,0,0,0,0,0,1,1,0,1,0,0,0,0,0,0,1,0,0,0,0,0,0,0,0,0,0,0,0,2.2,0.5,0,0,0,0,0,0,0,0,0,100,1,4,1,109,109,139,139,106,106,0,0,0,0,0,90100,0,-1,-1,35,0.4,1,1,1,1,1,1,1.25,1,0,0,2,-1,-1,256,100,-1,-1,10,100,0,100,-1,-1,-1,5600,18697,9879,-1,-1,20018672,20018027,20018007,-1,440,-1,-1,-1,-1,0,-1,0,0,0,1,1,1,0,0,-1,-1,0,0,0,0,0,0,-1,-1,-1,0,0,0,180,48,0.1,-1,-1,-1,-1,2.5,0,0,0,0,0,1,0,-1,-1,-1,-1,-1,-1,-1,-1,-1,0.1,0.4,-1,0,0,100,0.29,100,100,100,100,100,100,0,0.5,0.6,0,20008610,[0|0|0|0]
534180094,Needle Knight Leda,0,0,[0|0|0],10000,100,141801,110,2.2,0.5,130,0,1551,0,0,-1,-1,-1,0,0,-1,0,0.5,-1,5400,0,0,20007270,0,0,0,0,20007670,100,0,0,0,0,-1,-1,-1,-1,-1,-1,16,3000,3001,3002,3003,3004,3005,3006,3007,3008,3009,6001,6000,0,1,1,1,1,1,1,1,1,1.5,0.53846157,0,100,30,100,0,0,0,100,100,100,0,100,100,100,999,-1,-1,0,0,0,0,-1,-1,1,0,0,0,0,0,0,0,0,-1,10,0,9,0,0,2,3,40,110,110,0,0,2,0,0,0,0,0,0,0,0,0,0,17,7,0,0,0,0,0,0,0,0,1,0,0,0,0,0,0,0,0,0,1,1,0,0,0,0,1,1,0,0,0,0,0,0,0,0,1,1,0,1,0,0,0,0,0,0,1,0,0,0,0,0,0,0,0,0,0,0,0,2.2,0.5,0,0,0,0,0,0,0,0,0,100,1,4,1,109,109,139,139,106,106,0,0,0,0,0,90100,0,-1,-1,35,0.4,1,1,1,1,1,1,1.25,1,0,0,2,-1,-1,256,100,-1,-1,10,100,0,100,-1,-1,-1,5600,18697,9879,-1,-1,20018672,20018027,20018007,-1,440,-1,-1,-1,-1,0,-1,0,0,0,1,1,1,0,0,-1,-1,0,0,0,0,0,0,-1,-1,-1,0,0,0,180,48,0.1,-1,-1,-1,-1,2.5,0,0,0,0,0,1,0,-1,-1,-1,-1,-1,-1,-1,-1,-1,0.1,0.4,-1,0,0,100,0.29,100,100,100,100,100,100,0,0.5,0.6,0,20008670,[0|0|0|0]
534180098,Needle Knight Leda (Helpful Spirit) (Shadow Keep),0,0,[0|0|0],10000,100,141801,110,2.2,0.5,130,0,1551,0,0,-1,-1,-1,0,0,-1,0,0.5,-1,5400,0,0,20007260,0,0,0,0,20007660,100,0,0,0,0,-1,-1,-1,-1,-1,-1,16,3000,3001,3002,3003,3004,3005,3006,3007,3008,3009,6001,6000,0,1,1,1,1,1,1,1,1,1.5,0.53846157,0,100,30,100,0,0,0,100,100,100,0,100,100,100,999,-1,-1,0,0,0,0,-1,-1,1,0,0,0,0,999,0,0,0,-1,10,0,9,0,0,6,3,40,110,110,0,0,2,0,0,0,0,0,0,0,0,0,0,17,7,0,0,0,0,0,0,0,0,1,0,0,0,0,0,0,0,0,0,1,1,0,0,0,0,1,1,0,0,0,0,0,0,0,0,1,1,0,1,0,0,0,0,0,0,1,0,0,0,0,0,0,0,0,0,0,0,0,2.2,0.5,0,0,0,0,0,0,0,0,0,100,1,4,1,109,109,139,139,106,106,0,19390,0,0,0,90100,0,-1,-1,35,0.4,1,1,1,1,1,1,1.25,1,0,0,2,-1,-1,256,100,-1,-1,10,100,0,100,-1,-1,-1,5600,18698,9879,-1,-1,20018672,20018027,-1,-1,440,-1,-1,-1,-1,0,-1,0,0,0,1,1,1,0,0,-1,-1,0,0,0,0,0,0,-1,-1,-1,0,0,0,180,48,0.1,-1,-1,-1,-1,2.5,0,0,0,0,0,1,0,-1,-1,-1,-1,-1,-1,-1,-1,-1,0.1,0.4,-1,0,0,100,0.29,100,100,100,100,100,100,0,0.5,0.6,0,20008660,[0|0|0|0]
534180099,Needle Knight Leda (Helpful Spirit) (Specimen Storehouse),0,0,[0|0|0],10000,100,141801,110,2.2,0.5,130,0,1551,0,0,-1,-1,-1,0,0,-1,0,0.5,-1,5400,0,0,20007280,0,0,0,0,20007680,100,0,0,0,0,-1,-1,-1,-1,-1,-1,16,3000,3001,3002,3003,3004,3005,3006,3007,3008,3009,6001,6000,0,1,1,1,1,1,1,1,1,1.5,0.53846157,0,100,30,100,0,0,0,100,100,100,0,100,100,100,999,-1,-1,0,0,0,0,-1,-1,1,0,0,0,0,999,0,0,0,-1,10,0,9,0,0,6,3,40,110,110,0,0,2,0,0,0,0,0,0,0,0,0,0,17,7,0,0,0,0,0,0,0,0,1,0,0,0,0,0,0,0,0,0,1,1,0,0,0,0,1,1,0,0,0,0,0,0,0,0,1,1,0,1,0,0,0,0,0,0,1,0,0,0,0,0,0,0,0,0,0,0,0,2.2,0.5,0,0,0,0,0,0,0,0,0,100,1,4,1,109,109,139,139,106,106,0,19390,0,0,0,90100,0,-1,-1,35,0.4,1,1,1,1,1,1,1.25,1,0,0,2,-1,-1,256,100,-1,-1,10,100,0,100,-1,-1,-1,5600,18698,9879,-1,-1,20018718,20018027,-1,-1,440,-1,-1,-1,-1,0,-1,0,0,0,1,1,1,0,0,-1,-1,0,0,0,0,0,0,-1,-1,-1,0,0,0,180,48,0.1,-1,-1,-1,-1,2.5,0,0,0,0,0,1,0,-1,-1,-1,-1,-1,-1,-1,-1,-1,0.1,0.4,-1,0,0,100,0.29,100,100,100,100,100,100,0,0.5,0.6,0,20008680,[0|0|0|0]
534181000,Needle Knight Leda,0,0,[0|0|0],10000,100,141801,110,2.2,0.5,130,0,1551,0,0,-1,-1,-1,0,0,-1,0,0.5,-1,5400,0,0,19370,0,0,0,0,19560,100,0,0,0,0,-1,-1,-1,-1,-1,-1,16,3000,3001,3002,3003,3004,3005,3006,3007,3008,3009,6001,6000,0,1,1,1,1,1,1,1,1,1.5,0.53846157,0,100,30,100,0,0,0,100,100,100,0,100,100,100,999,-1,-1,0,0,0,0,-1,-1,1,0,0,0,0,0,0,0,0,-1,10,0,9,0,0,2,3,40,110,110,0,0,2,0,0,0,0,0,0,0,0,0,0,17,7,0,0,0,0,0,0,0,0,1,0,0,0,0,0,0,0,0,0,1,1,0,0,0,0,1,1,0,0,0,0,0,0,0,0,1,1,0,1,0,0,0,0,0,0,1,0,0,0,0,0,0,0,0,0,0,0,0,2.2,0.5,0,0,0,0,0,0,0,0,0,100,1,4,1,109,109,139,139,106,106,0,0,0,0,0,90100,0,-1,-1,35,0.4,1,1,1,1,1,1,1.25,1,0,0,2,-1,-1,256,100,-1,-1,10,100,0,100,-1,-1,-1,5600,18697,9879,-1,-1,20018672,20018027,20018007,-1,440,-1,-1,-1,-1,0,-1,0,0,0,1,1,1,0,0,-1,-1,0,0,0,0,0,0,-1,-1,-1,0,0,0,180,48,0.1,-1,-1,-1,-1,2.5,0,0,0,0,0,1,0,-1,-1,-1,-1,-1,-1,-1,-1,-1,0.1,0.4,-1,0,0,100,0.29,100,100,100,100,100,100,0,0.5,0.6,0,20008600,[0|0|0|0]
534190000,Thiollier,0,0,[0|0|0],10000,100,141901,110,2.2,0.5,130,0,1551,0,0,-1,-1,-1,0,0,-1,0,0.5,-1,5400,0,0,19370,0,0,90000,0,19560,100,0,0,0,0,-1,-1,-1,-1,-1,-1,16,3000,3001,3002,3003,3004,3005,3006,3007,3008,3009,6001,6000,0,1,1,1,1,1,1,1,1,1.5,0.53846157,0,100,30,100,0,0,0,100,100,100,0,100,100,100,999,-1,-1,0,0,0,0,-1,-1,1,0,0,0,0,0,0,0,0,-1,10,0,9,0,0,2,3,40,110,110,0,0,2,0,0,0,0,0,0,0,0,0,0,17,7,0,0,0,0,0,0,0,0,1,0,0,0,0,0,0,0,0,0,1,1,0,0,0,0,1,1,0,0,0,0,0,0,0,0,1,1,0,1,0,0,0,0,0,0,1,0,0,0,0,0,0,0,0,0,0,0,0,2.2,0.5,0,0,0,0,0,0,0,0,0,100,1,4,1,109,109,139,139,106,106,0,0,0,0,0,90100,0,-1,-1,35,0.4,1,1,1,1,1,1,1.25,1,0,0,2,-1,-1,256,100,-1,-1,10,100,0,100,-1,-1,-1,5600,-1,9878,-1,-1,20018676,20018027,20018007,-1,440,-1,-1,-1,-1,0,-1,0,0,0,1,1,1,0,0,-1,-1,0,0,0,0,0,0,-1,-1,-1,0,0,0,180,48,0.1,-1,-1,-1,-1,2.5,0,0,0,0,0,1,0,-1,-1,-1,-1,-1,-1,-1,-1,-1,0.1,0.4,-1,0,0,100,0.29,100,100,100,100,100,100,0,0.5,0.6,0,20008600,[0|0|0|0]
534190087,Thiollier (Co-op) (Stone Coffin Fissure),0,0,[0|0|0],10000,100,141901,110,2.2,0.5,130,0,1551,0,0,-1,-1,-1,0,0,-1,0,0.5,-1,5400,0,0,20007330,0,0,90000,0,20007730,100,0,0,0,0,-1,-1,-1,-1,-1,-1,16,3000,3001,3002,3003,3004,3005,3006,3007,3008,3009,6001,6000,0,1,1,1,1,1,1,1,1,1.5,0.53846157,0,100,30,100,0,0,0,100,100,100,0,100,100,100,999,-1,-1,0,0,0,0,-1,-1,1,0,0,0,0,0,0,0,0,-1,10,0,9,0,0,2,3,40,110,110,0,0,2,0,0,0,0,0,0,0,0,0,0,17,7,0,0,0,0,0,0,0,0,1,0,0,0,0,0,0,0,0,0,1,1,0,0,0,0,1,1,0,0,0,0,0,0,0,0,1,1,0,1,0,0,0,0,0,0,1,0,0,0,0,0,0,0,0,0,0,0,0,2.2,0.5,0,0,0,0,0,0,0,0,0,100,1,4,1,109,109,139,139,106,106,0,0,0,0,0,90100,0,-1,-1,35,0.4,1,1,1,1,1,1,1.25,1,0,0,2,-1,-1,256,100,-1,-1,10,100,0,100,-1,-1,-1,5600,18697,9878,-1,-1,20018676,20018027,20018007,-1,440,-1,-1,-1,-1,0,-1,0,0,0,1,1,1,0,0,-1,-1,0,0,0,0,0,0,-1,-1,-1,0,0,0,180,48,0.1,-1,-1,-1,-1,2.5,0,0,0,0,0,1,0,-1,-1,-1,-1,-1,-1,-1,-1,-1,0.1,0.4,-1,0,0,100,0.29,100,100,100,100,100,100,0,0.5,0.6,0,20008730,[0|0|0|0]
534190089,Thiollier (Co-op) (Enir-Ilim),0,0,[0|0|0],10000,100,141901,110,2.2,0.5,130,0,1551,0,0,-1,-1,-1,0,0,-1,0,0.5,-1,5400,0,0,20007240,0,0,90000,0,20007640,100,0,0,0,0,-1,-1,-1,-1,-1,-1,16,3000,3001,3002,3003,3004,3005,3006,3007,3008,3009,6001,6000,0,1,1,1,1,1,1,1,1,1.5,0.53846157,0,100,30,100,0,0,0,100,100,100,0,100,100,100,999,-1,-1,0,0,0,0,-1,-1,1,0,0,0,0,0,0,0,0,-1,10,0,9,0,0,2,3,40,110,110,0,0,2,0,0,0,0,0,0,0,0,0,0,17,7,0,0,0,0,0,0,0,0,1,0,0,0,0,0,0,0,0,0,1,1,0,0,0,0,0,1,0,0,0,0,0,0,0,0,1,1,0,1,0,0,0,0,0,0,1,0,0,0,0,0,0,0,0,0,0,0,0,2.2,0.5,0,0,0,0,0,0,0,0,0,100,1,4,1,109,109,139,139,106,106,0,0,0,0,0,90100,0,-1,-1,35,0.4,1,1,1,1,1,1,1.25,1,0,0,2,-1,-1,256,100,-1,-1,10,100,0,100,-1,-1,-1,5600,18697,9878,-1,-1,20018676,20018027,20018007,-1,440,-1,-1,-1,-1,0,-1,0,0,0,1,1,1,0,0,-1,-1,0,0,0,0,0,0,-1,-1,-1,0,0,0,180,48,0.1,-1,-1,-1,-1,2.5,0,0,0,0,0,1,0,-1,-1,-1,-1,-1,-1,-1,-1,-1,0.1,0.4,-1,0,0,100,0.29,100,100,100,100,100,100,0,0.5,0.6,0,20008640,[0|0|0|0]
534190189,Thiollier (Helpful Spirit) (Enir-Ilim),0,0,[0|0|0],10000,100,141903,110,2.2,0.5,130,0,931,0,0,-1,-1,-1,0,0,-1,0,0.5,-1,5400,0,0,20007310,0,0,90000,0,20007710,100,0,0,0,0,-1,-1,-1,-1,-1,-1,16,3000,3001,3002,3003,3004,3005,3006,3007,3008,3009,6001,6000,0,1,1,1,1,1,1,1,1,1.5,0.53846157,0,100,30,100,0,0,0,100,100,100,0,100,100,100,999,-1,-1,0,0,0,0,-1,-1,1,0,0,0,0,0,0,0,0,-1,10,0,9,0,0,6,3,40,110,110,0,0,2,0,0,0,0,0,0,0,0,0,0,17,7,0,0,0,0,0,0,0,0,1,0,0,0,0,0,0,0,0,0,1,1,0,0,0,0,0,1,0,0,0,0,0,0,0,0,1,1,0,1,0,0,0,0,0,0,1,0,0,0,0,0,0,0,0,0,0,0,0,2.2,0.5,0,0,0,0,0,0,0,0,0,100,1,4,1,109,109,139,139,106,106,0,0,0,0,0,90100,0,-1,-1,35,0.4,1,1,1,1,1,1,1.25,1,0,0,2,-1,-1,256,100,-1,-1,10,100,0,100,-1,-1,-1,5600,18697,9878,-1,-1,20018676,20018027,-1,-1,440,-1,-1,-1,-1,0,-1,0,0,0,1,1,1,0,0,-1,-1,0,0,0,0,0,0,-1,-1,-1,0,0,0,180,48,0.1,-1,-1,-1,-1,2.5,0,0,0,0,0,1,0,-1,-1,-1,-1,-1,-1,-1,-1,-1,0.1,0.4,-1,0,0,100,0.29,100,100,100,100,100,100,0,0.5,0.6,0,20008710,[0|0|0|0]
534190289,Thiollier,0,0,[0|0|0],10000,100,141903,110,2.2,0.5,130,0,931,0,0,-1,-1,-1,0,0,-1,0,0.5,-1,5400,0,0,20007310,0,0,90000,0,20007710,100,0,0,0,0,-1,-1,-1,-1,-1,-1,16,3000,3001,3002,3003,3004,3005,3006,3007,3008,3009,6001,6000,0,1,1,1,1,1,1,1,1,1.5,0.53846157,0,100,30,100,0,0,0,100,100,100,0,100,100,100,999,-1,-1,0,0,0,0,-1,-1,1,0,0,0,0,0,0,0,0,-1,10,0,9,0,0,1,3,40,110,110,0,0,2,0,0,0,0,0,0,0,0,0,0,17,7,0,0,0,0,0,0,0,0,1,0,0,0,0,0,0,0,0,0,1,1,0,0,0,0,0,1,0,0,0,0,0,0,0,0,1,1,0,1,0,0,0,0,0,0,1,0,0,0,0,0,0,0,0,0,0,0,0,2.2,0.5,0,0,0,0,0,0,0,0,0,100,1,4,1,109,109,139,139,106,106,0,0,0,0,0,90100,0,-1,-1,35,0.4,1,1,1,1,1,1,1.25,1,0,0,2,-1,-1,256,100,-1,-1,10,100,0,100,-1,-1,-1,5600,18697,9878,-1,-1,20018676,20018027,-1,-1,440,-1,-1,-1,-1,0,-1,0,0,0,1,1,1,0,0,-1,-1,0,0,0,0,0,0,-1,-1,-1,0,0,0,180,48,0.1,-1,-1,-1,-1,2.5,0,0,0,0,0,1,0,-1,-1,-1,-1,-1,-1,-1,-1,-1,0.1,0.4,-1,0,0,100,0.29,100,100,100,100,100,100,0,0.5,0.6,0,20008710,[0|0|0|0]
534250000,Dryleaf Dane,0,0,[0|0|0],10000,100,142500,110,2.2,0.5,130,0,1551,0,0,-1,-1,-1,0,0,-1,0,0.5,-1,5400,0,0,19370,0,0,0,0,19560,100,0,0,0,0,-1,-1,-1,-1,-1,-1,16,3000,3001,3002,3003,3004,3005,3006,3007,3008,3009,6001,6000,0,1,1,1,1,1,1,1,1,1.5,0.53846157,0,100,30,100,0,0,0,100,100,100,0,100,100,100,999,-1,-1,0,0,0,0,-1,-1,1,0,0,0,0,0,0,0,0,-1,10,0,9,0,0,2,3,40,110,110,0,0,2,0,0,0,0,0,0,0,0,0,0,17,7,0,0,0,0,0,0,0,0,1,0,0,0,0,0,0,0,0,0,1,1,0,0,0,0,1,1,0,0,0,0,0,0,0,0,1,1,0,1,0,0,0,0,0,0,1,0,0,0,0,0,0,0,0,0,0,0,0,2.2,0.5,0,0,0,0,0,0,0,0,0,100,1,4,1,109,109,139,139,106,106,0,0,0,0,0,90100,0,-1,-1,35,0.4,1,1,1,1,1,1,1.25,1,0,0,1,-1,-1,256,100,-1,-1,10,100,0,100,-1,-1,-1,5600,18697,9874,-1,-1,20018700,20018027,20018007,-1,440,-1,-1,-1,-1,0,-1,0,0,0,1,1,1,0,0,-1,-1,0,0,0,0,0,0,-1,-1,-1,0,0,0,180,48,0.1,-1,-1,-1,-1,2.5,0,0,0,0,0,1,0,-1,-1,-1,-1,-1,-1,-1,-1,-1,0.1,0.4,-1,0,0,100,0.29,100,100,100,100,100,100,0,0.5,0.6,0,20008600,[0|0|0|0]
534250082,Dryleaf Dane (Co-op) (Gravesite Plain - East Castle Ensis) (REMOVED),0,0,[0|0|0],10000,100,142500,110,2.2,0.5,130,0,1551,0,0,-1,-1,-1,0,0,-1,0,0.5,-1,5400,0,0,20007210,0,0,0,0,20007610,100,0,0,0,0,-1,-1,-1,-1,-1,-1,16,3000,3001,3002,3003,3004,3005,3006,3007,3008,3009,6001,6000,0,1,1,1,1,1,1,1,1,1.5,0.53846157,0,100,30,100,0,0,0,100,100,100,0,100,100,100,999,-1,-1,0,0,0,0,-1,-1,1,0,0,0,0,0,0,0,0,-1,10,0,9,0,0,2,3,40,110,110,0,0,2,0,0,0,0,0,0,0,0,0,0,17,7,0,0,0,0,0,0,0,0,1,0,0,0,0,0,0,0,0,0,1,1,0,0,0,0,1,1,0,0,0,0,0,0,0,0,1,1,0,1,0,0,0,0,0,0,1,0,0,0,0,0,0,0,0,0,0,0,0,2.2,0.5,0,0,0,0,0,0,0,0,0,100,1,4,1,109,109,139,139,106,106,0,0,0,0,0,90100,0,-1,-1,35,0.4,1,1,1,1,1,1,1.25,1,0,0,1,-1,-1,256,100,-1,-1,10,100,0,100,-1,-1,-1,5600,18697,9874,-1,-1,20018700,20018027,20018007,-1,440,-1,-1,-1,-1,0,-1,0,0,0,1,1,1,0,0,-1,-1,0,0,0,0,0,0,-1,-1,-1,0,0,0,180,48,0.1,-1,-1,-1,-1,2.5,0,0,0,0,0,1,0,-1,-1,-1,-1,-1,-1,-1,-1,-1,0.1,0.4,-1,0,0,100,0.29,100,100,100,100,100,100,0,0.5,0.6,0,20008610,[0|0|0|0]
534250094,Dryleaf Dane (Co-op) (Ancient Ruins of Rauh - North Church of the Bud),0,0,[0|0|0],10000,100,142500,110,2.2,0.5,130,0,1551,0,0,-1,-1,-1,0,0,-1,0,0.5,-1,5400,0,0,20007270,0,0,0,0,20007670,100,0,0,0,0,-1,-1,-1,-1,-1,-1,16,3000,3001,3002,3003,3004,3005,3006,3007,3008,3009,6001,6000,0,1,1,1,1,1,1,1,1,1.5,0.53846157,0,100,30,100,0,0,0,100,100,100,0,100,100,100,999,-1,-1,0,0,0,0,-1,-1,1,0,0,0,0,0,0,0,0,-1,10,0,9,0,0,2,3,40,110,110,0,0,2,0,0,0,0,0,0,0,0,0,0,17,7,0,0,0,0,0,0,0,0,1,0,0,0,0,0,0,0,0,0,1,1,0,0,0,0,1,1,0,0,0,0,0,0,0,0,1,1,0,1,0,0,0,0,0,0,1,0,0,0,0,0,0,0,0,0,0,0,0,2.2,0.5,0,0,0,0,0,0,0,0,0,100,1,4,1,109,109,139,139,106,106,0,0,0,0,0,90100,0,-1,-1,35,0.4,1,1,1,1,1,1,1.25,1,0,0,1,-1,-1,256,100,-1,-1,10,100,0,100,-1,-1,-1,5600,18697,9874,-1,-1,20018700,20018027,20018007,-1,440,-1,-1,-1,-1,0,-1,0,0,0,1,1,1,0,0,-1,-1,0,0,0,0,0,0,-1,-1,-1,0,0,0,180,48,0.1,-1,-1,-1,-1,2.5,0,0,0,0,0,1,0,-1,-1,-1,-1,-1,-1,-1,-1,-1,0.1,0.4,-1,0,0,100,0.29,100,100,100,100,100,100,0,0.5,0.6,0,20008670,[0|0|0|0]
534260000,Sanguine Noble Nataan,0,0,[0|0|0],10000,100,142600,110,2.2,0.5,130,0,1551,0,0,-1,-1,-1,0,0,-1,0,0.5,-1,5400,0,0,19370,0,0,0,0,19560,100,0,0,0,0,-1,-1,-1,-1,-1,-1,16,3000,3001,3002,3003,3004,3005,3006,3007,3008,3009,6001,6000,0,1,1,1,1,1,1,1,1,1.5,0.53846157,0,100,30,100,0,0,0,100,100,100,0,100,100,100,999,-1,-1,0,0,0,0,-1,-1,1,0,0,0,0,0,0,0,0,-1,10,0,9,0,0,2,3,40,110,110,0,0,2,0,0,0,0,0,0,0,0,0,0,17,7,0,0,0,0,0,0,0,0,1,0,0,0,0,0,0,0,0,0,1,1,0,0,0,0,1,1,0,0,0,0,0,0,0,0,1,1,0,1,0,0,0,0,0,0,1,0,0,0,0,0,0,0,0,0,0,0,0,2.2,0.5,0,0,0,0,0,0,0,0,0,100,1,4,1,109,109,139,139,106,106,0,0,0,0,0,90100,0,-1,-1,35,0.4,1,1,1,1,1,1,1.25,1,0,0,2,-1,-1,256,100,-1,-1,10,100,0,100,-1,-1,-1,5600,-1,9870,-1,-1,20018701,20018027,-1,-1,440,-1,-1,-1,-1,0,-1,0,0,0,1,1,1,0,0,-1,-1,0,0,0,0,0,0,-1,-1,-1,0,0,0,180,48,0.1,-1,-1,-1,-1,2.5,0,0,0,0,0,1,0,-1,-1,-1,-1,-1,-1,-1,-1,-1,0.1,0.4,-1,0,0,100,0.29,100,100,100,100,100,100,0,0.5,0.6,0,20008600,[0|0|0|0]
534260089,Sanguine Noble Nataan (Helpful Spirit) (Enir-Ilim),0,0,[0|0|0],10000,100,142600,110,2.2,0.5,130,0,931,0,0,-1,-1,-1,0,0,-1,0,0.5,-1,5400,0,0,20007310,0,0,0,0,20007710,100,0,0,0,0,-1,-1,-1,-1,-1,-1,16,3000,3001,3002,3003,3004,3005,3006,3007,3008,3009,6001,6000,0,1,1,1,1,1,1,1,1,1.5,0.53846157,0,100,30,100,0,0,0,100,100,100,0,100,100,100,999,-1,-1,0,0,0,0,-1,-1,1,0,0,0,0,0,0,0,0,-1,10,0,9,0,0,6,3,40,110,110,0,0,2,0,0,0,0,0,0,0,0,0,0,17,7,0,0,0,0,0,0,0,0,1,0,0,0,0,0,0,0,0,0,1,1,0,0,0,0,1,1,0,0,0,0,0,0,0,0,1,1,0,1,0,0,0,0,0,0,1,0,0,0,0,0,0,0,0,0,0,0,0,2.2,0.5,0,0,0,0,0,0,0,0,0,100,1,4,1,109,109,139,139,106,106,0,0,0,0,0,90100,0,-1,-1,35,0.4,1,1,1,1,1,1,1.25,1,0,0,2,-1,-1,256,100,-1,-1,10,100,0,100,-1,-1,-1,5600,18697,9870,-1,-1,20018701,20018027,-1,-1,440,-1,-1,-1,-1,0,-1,0,0,0,1,1,1,0,0,-1,-1,0,0,0,0,0,0,-1,-1,-1,0,0,0,180,48,0.1,-1,-1,-1,-1,2.5,0,0,0,0,0,1,0,-1,-1,-1,-1,-1,-1,-1,-1,-1,0.1,0.4,-1,0,0,100,0.29,100,100,100,100,100,100,0,0.5,0.6,0,20008710,[0|0|0|0]
534260189,Sanguine Noble Nataan,0,0,[0|0|0],10000,100,142600,110,2.2,0.5,130,0,931,0,0,-1,-1,-1,0,0,-1,0,0.5,-1,5400,0,0,20007310,0,0,0,0,20007710,100,0,0,0,0,-1,-1,-1,-1,-1,-1,16,3000,3001,3002,3003,3004,3005,3006,3007,3008,3009,6001,6000,0,1,1,1,1,1,1,1,1,1.5,0.53846157,0,100,30,100,0,0,0,100,100,100,0,100,100,100,999,-1,-1,0,0,0,0,-1,-1,1,0,0,0,0,0,0,0,0,-1,10,0,9,0,0,1,3,40,110,110,0,0,2,0,0,0,0,0,0,0,0,0,0,17,7,0,0,0,0,0,0,0,0,1,0,0,0,0,0,0,0,0,0,1,1,0,0,0,0,1,1,0,0,0,0,0,0,0,0,1,1,0,1,0,0,0,0,0,0,1,0,0,0,0,0,0,0,0,0,0,0,0,2.2,0.5,0,0,0,0,0,0,0,0,0,100,1,4,1,109,109,139,139,106,106,0,0,0,0,0,90100,0,-1,-1,35,0.4,1,1,1,1,1,1,1.25,1,0,0,2,-1,-1,256,100,-1,-1,10,100,0,100,-1,-1,-1,5600,18697,9870,-1,-1,20018701,20018027,-1,-1,440,-1,-1,-1,-1,0,-1,0,0,0,1,1,1,0,0,-1,-1,0,0,0,0,0,0,-1,-1,-1,0,0,0,180,48,0.1,-1,-1,-1,-1,2.5,0,0,0,0,0,1,0,-1,-1,-1,-1,-1,-1,-1,-1,-1,0.1,0.4,-1,0,0,100,0.29,100,100,100,100,100,100,0,0.5,0.6,0,20008710,[0|0|0|0]
