ID,Name,iconId,conditionHp,effectEndurance,motionInterval,maxHpRate,maxMpRate,maxStaminaRate,slashDamageCutRate,blowDamageCutRate,thrustDamageCutRate,neutralDamageCutRate,magicDamageCutRate,fireDamageCutRate,thunderDamageCutRate,physicsAttackRate,magicAttackRate,fireAttackRate,thunderAttackRate,physicsAttackPowerRate,magicAttackPowerRate,fireAttackPowerRate,thunderAttackPowerRate,physicsAttackPower,magicAttackPower,fireAttackPower,thunderAttackPower,physicsDiffenceRate,magicDiffenceRate,fireDiffenceRate,thunderDiffenceRate,physicsDiffence,magicDiffence,fireDiffence,thunderDiffence,NoGuardDamageRate,vitalSpotChangeRate,normalSpotChangeRate,lookAtTargetPosOffset,behaviorId,changeHpRate,changeHpPoint,changeMpRate,changeMpPoint,mpRecoverChangeSpeed,changeStaminaRate,changeStaminaPoint,staminaRecoverChangeSpeed,magicEffectTimeChange,insideDurability,maxDurability,staminaAttackRate,poizonAttackPower,diseaseAttackPower,bloodAttackPower,curseAttackPower,fallDamageRate,soulRate,equipWeightChangeRate,allItemWeightChangeRate,soul,animIdOffset,haveSoulRate,targetPriority,sightSearchEnemyRate,hearingSearchEnemyRate,grabityRate,registPoizonChangeRate,registDiseaseChangeRate,registBloodChangeRate,registCurseChangeRate,soulStealRate,lifeReductionRate,hpRecoverRate,replaceSpEffectId,cycleOccurrenceSpEffectId,atkOccurrenceSpEffectId,guardDefFlickPowerRate,guardStaminaCutRate,rayCastPassedTime,magicSubCategoryChange1,magicSubCategoryChange2,bowDistRate,spCategory,categoryPriority,saveCategory,changeMagicSlot,changeMiracleSlot,heroPointDamage,defFlickPower,flickDamageCutRate,bloodDamageRate,dmgLv_None,dmgLv_S,dmgLv_M,dmgLv_L,dmgLv_BlowM,dmgLv_Push,dmgLv_Strike,dmgLv_BlowS,dmgLv_Min,dmgLv_Uppercut,dmgLv_BlowLL,dmgLv_Breath,atkAttribute,spAttribute,stateInfo,wepParamChange,moveType,lifeReductionType,throwCondition,addBehaviorJudgeId_condition,freezeDamageRate,effectTargetSelf,effectTargetFriend,effectTargetEnemy,effectTargetPlayer,effectTargetAI,effectTargetLive,effectTargetGhost,disableSleep,disableMadness,effectTargetAttacker,dispIconNonactive,regainGaugeDamage,bAdjustMagicAblity,bAdjustFaithAblity,bGameClearBonus,magParamChange,miracleParamChange,clearSoul,requestSOS,requestBlackSOS,requestForceJoinBlackSOS,requestKickSession,requestLeaveSession,requestNpcInveda,noDead,bCurrHPIndependeMaxHP,corrosionIgnore,sightSearchCutIgnore,hearingSearchCutIgnore,antiMagicIgnore,fakeTargetIgnore,fakeTargetIgnoreUndead,fakeTargetIgnoreAnimal,grabityIgnore,disablePoison,disableDisease,disableBlood,disableCurse,enableCharm,enableLifeTime,bAdjustStrengthAblity,bAdjustAgilityAblity,eraseOnBonfireRecover,throwAttackParamChange,requestLeaveColiseumSession,isExtendSpEffectLife,hasTarget,replanningOnFire,vowType0,vowType1,vowType2,vowType3,vowType4,vowType5,vowType6,vowType7,vowType8,vowType9,vowType10,vowType11,vowType12,vowType13,vowType14,vowType15,repAtkDmgLv,sightSearchRate,effectTargetOpposeTarget,effectTargetFriendlyTarget,effectTargetSelfTarget,effectTargetPcHorse,effectTargetPcDeceased,isContractSpEffectLife,isWaitModeDelete,isIgnoreNoDamage,changeTeamType,dmypolyId,vfxId,accumuOverFireId,accumuOverVal,accumuUnderFireId,accumuUnderVal,accumuVal,eye_angX,eye_angY,addDeceasedLv,vfxId1,vfxId2,vfxId3,vfxId4,vfxId5,vfxId6,vfxId7,freezeAttackPower,AppearAiSoundId,addFootEffectSfxId,dexterityCancelSystemOnlyAddDexterity,teamOffenseEffectivity,toughnessDamageCutRate,weakDmgRateA,weakDmgRateB,weakDmgRateC,weakDmgRateD,weakDmgRateE,weakDmgRateF,darkDamageCutRate,darkDiffenceRate,darkDiffence,darkAttackRate,darkAttackPowerRate,darkAttackPower,antiDarkSightRadius,antiDarkSightDmypolyId,conditionHpRate,consumeStaminaRate,itemDropRate,changePoisonResistPoint,changeDiseaseResistPoint,changeBloodResistPoint,changeCurseResistPoint,changeFreezeResistPoint,slashAttackRate,blowAttackRate,thrustAttackRate,neutralAttackRate,slashAttackPowerRate,blowAttackPowerRate,thrustAttackPowerRate,neutralAttackPowerRate,slashAttackPower,blowAttackPower,thrustAttackPower,neutralAttackPower,changeStrengthPoint,changeAgilityPoint,changeMagicPoint,changeFaithPoint,changeLuckPoint,recoverArtsPoint_Str,recoverArtsPoint_Dex,recoverArtsPoint_Magic,recoverArtsPoint_Miracle,madnessDamageRate,isUseStatusAilmentAtkPowerCorrect,isUseAtkParamAtkPowerCorrect,dontDeleteOnDead,disableFreeze,isDisableNetSync,shamanParamChange,isStopSearchedNotify,isCheckAboveShadowTest,addBehaviorJudgeId_add,saReceiveDamageRate,defPlayerDmgCorrectRate_Physics,defPlayerDmgCorrectRate_Magic,defPlayerDmgCorrectRate_Fire,defPlayerDmgCorrectRate_Thunder,defPlayerDmgCorrectRate_Dark,defEnemyDmgCorrectRate_Physics,defEnemyDmgCorrectRate_Magic,defEnemyDmgCorrectRate_Fire,defEnemyDmgCorrectRate_Thunder,defEnemyDmgCorrectRate_Dark,defObjDmgCorrectRate,atkPlayerDmgCorrectRate_Physics,atkPlayerDmgCorrectRate_Magic,atkPlayerDmgCorrectRate_Fire,atkPlayerDmgCorrectRate_Thunder,atkPlayerDmgCorrectRate_Dark,atkEnemyDmgCorrectRate_Physics,atkEnemyDmgCorrectRate_Magic,atkEnemyDmgCorrectRate_Fire,atkEnemyDmgCorrectRate_Thunder,atkEnemyDmgCorrectRate_Dark,registFreezeChangeRate,invocationConditionsStateChange1,invocationConditionsStateChange2,invocationConditionsStateChange3,hearingAiSoundLevel,chrProxyHeightRate,addAwarePointCorrectValue_forMe,addAwarePointCorrectValue_forTarget,sightSearchEnemyAdd,sightSearchAdd,hearingSearchAdd,hearingSearchRate,hearingSearchEnemyAdd,value_Magnification,artsConsumptionRate,magicConsumptionRate,shamanConsumptionRate,miracleConsumptionRate,changeHpEstusFlaskRate,changeHpEstusFlaskPoint,changeMpEstusFlaskRate,changeMpEstusFlaskPoint,changeHpEstusFlaskCorrectRate,changeMpEstusFlaskCorrectRate,applyIdOnGetSoul,extendLifeRate,contractLifeRate,defObjectAttackPowerRate,effectEndDeleteDecalGroupId,addLifeForceStatus,addWillpowerStatus,addEndureStatus,addVitalityStatus,addStrengthStatus,addDexterityStatus,addMagicStatus,addFaithStatus,addLuckStatus,deleteCriteriaDamage,magicSubCategoryChange3,spAttributeVariationValue,atkFlickPower,wetConditionDepth,changeSaRecoveryVelocity,regainRate,saAttackPowerRate,sleepAttackPower,madnessAttackPower,registSleepChangeRate,registMadnessChangeRate,changeSleepResistPoint,changeMadnessResistPoint,sleepDamageRate,applyPartsGroup,clearTarget,fakeTargetIgnoreAjin,fakeTargetIgnoreMirageArts,requestForceJoinBlackSOS_B,isDestinedDeathHpMult,isHpBurnEffect,unknown_0x352_6,unknown_0x352_7,unknown_0x353_0,unknown_0x353_1,unknown_0x353_2,unknown_0x353_3,unknown_0x353_4,unknown_0x353_5,changeSuperArmorPoint,changeSaPoint,hugeEnemyPickupHeightOverwrite,poisonDefDamageRate,diseaseDefDamageRate,bloodDefDamageRate,curseDefDamageRate,freezeDefDamageRate,sleepDefDamageRate,madnessDefDamageRate,overwrite_maxBackhomeDist,overwrite_backhomeDist,overwrite_backhomeBattleDist,overwrite_BackHome_LookTargetDist,goodsConsumptionRate,guardStaminaMult,spiritDeathSpEffectId,
19881,,-1,-1,0.1,0.05,1,1,1,1,1,1,1,1,1,1,1,1,1,1,1,1,1,1,0,0,0,0,1,1,1,1,0,0,0,0,1,-1,-1,0,-1,0,0,0,0,0,0,0,0,0,0,0,1,0,0,0,0,1,1,1,1,0,-1,1,0,1,1,1,1,1,1,1,1,1,1,-1,-1,-1,1,1,-1,0,0,0,162,0,-1,0,0,0,0,0,100,0,0,0,0,0,0,0,0,0,0,0,0,254,254,28,1,0,0,0,-1,100,1,1,1,1,1,1,1,0,0,0,0,0,0,0,0,0,0,0,0,0,0,0,0,0,0,0,0,0,0,0,0,0,0,0,0,0,0,0,0,0,0,0,0,0,0,0,0,0,1,1,1,1,1,1,1,1,1,1,1,1,1,1,1,1,0,1,1,1,1,0,0,0,0,0,-1,-1,20008550,-1,-1,-1,-1,0,0,0,0,-1,-1,-1,-1,-1,-1,-1,0,0,-1,0,-1,1,1,1,1,1,1,1,1,1,0,1,1,35,0,-1,-1,1,0,0,0,0,0,0,1,1,1,1,1,1,1,1,0,0,0,0,0,0,0,0,0,0,0,0,0,100,0,1,0,0,0,0,0,0,0,1,1,1,1,1,1,1,1,1,1,1,1,1,1,1,1,1,1,1,1,1,1,1,0,0,0,-1,1,0,0,0,0,0,1,0,1,1,1,1,1,0,0,0,0,1,1,0,1,1,1,-1,0,0,0,0,0,0,0,0,0,0,0,0,0,0,1,1,1,0,0,1,1,0,0,100,0,0,0,0,0,0,0,0,0,0,0,0,0,0,0,0,0,0,1,1,1,1,1,1,1,0,0,0,0,1,1,0
10945,Warhawk - Bullet,20406,-1,30,0,1,1,1,1,1,1,1,1,1,1,1,1,1,1,1,1,1,1,0,0,0,0,1,1,1,1,0,0,0,0,1,-1,-1,0,-1,0,0,0,0,0,0,0,0,0,0,0,1.2,0,0,0,0,1,1,1,1,0,-1,1,0,1,1,1,1,1,1,1,1,1,1,-1,-1,-1,1,1,-1,0,0,0,160,0,-1,0,0,0,0,0,100,0,0,0,0,0,0,0,0,0,0,0,0,254,254,0,0,0,0,0,-1,100,1,1,1,1,1,1,1,0,0,0,0,0,0,0,0,0,1,0,0,0,0,0,0,0,0,0,0,0,0,0,0,0,0,0,0,0,0,0,0,0,0,0,0,0,0,0,0,0,1,1,1,1,1,1,1,1,1,1,1,1,1,1,1,1,0,1,0,1,1,0,0,1,0,0,-1,-1,54240,-1,-1,-1,-1,0,0,0,0,-1,-1,-1,-1,-1,-1,-1,0,0,-1,0,-1,1,1,1,1,1,1,1,1,1,0,1,1,0,0,-1,-1,1,0,0,0,0,0,0,1,1,1,1,1,1,1,1,0,0,0,0,0,0,0,0,0,0,0,0,0,100,0,0,0,0,0,0,0,0,0,1,1,1,1,1,1,1,1,1,1,1,1,1.2,1,1,1,1,1.2,1,1,1,1,1,0,0,0,-1,1,0,0,0,0,0,1,0,1,1,1,1,1,0,0,0,0,1,1,0,1,1,1,-1,0,0,0,0,0,0,0,0,0,0,0,0,0,0,1,1,1.2,0,0,1,1,0,0,100,0,0,0,0,0,0,0,0,0,0,0,0,0,0,0,0,0,0,1,1,1,1,1,1,1,0,0,0,0,1,1,0
19870,[Weapon] Euporia,-1,-1,-1,0.5,1,1,1,1,1,1,1,1,1,1,1,1,1,1,1,1,1,1,0,0,0,0,1,1,1,1,0,0,0,0,1,-1,-1,0,-1,0,0,0,0,0,0,0,0,0,0,0,1,0,0,0,0,1,1,1,1,0,-1,1,0,1,1,1,1,1,1,1,1,1,1,-1,-1,-1,1,1,-1,0,0,0,20,0,-1,0,0,0,0,0,100,0,0,0,0,0,0,0,0,0,0,0,0,254,254,506,0,0,0,0,-1,100,1,1,0,1,1,1,1,0,0,0,0,0,0,0,0,0,0,0,0,0,0,0,0,0,0,0,0,0,0,0,0,0,0,0,0,0,0,0,0,0,0,0,0,0,0,0,0,0,1,1,1,1,1,1,1,1,1,1,1,1,1,1,1,1,0,1,0,0,1,0,0,0,0,0,-1,-1,-1,19874,25,-1,-1,-1,0,0,0,-1,-1,-1,-1,-1,-1,-1,0,0,-1,0,-1,1,1,1,1,1,1,1,1,1,0,1,1,0,0,-1,-1,1,0,0,0,0,0,0,1,1,1,1,1,1,1,1,0,0,0,0,0,0,0,0,0,0,0,0,0,100,0,0,0,0,0,0,0,0,0,1,1,1,1,1,1,1,1,1,1,1,1,1,1,1,1,1,1,1,1,1,1,1,0,0,0,-1,1,0,0,0,0,0,1,0,1,1,1,1,1,0,0,0,0,1,1,0,1,1,1,-1,0,0,0,0,0,0,0,0,0,0,0,0,0,0,1,1,1,0,0,1,1,0,0,100,0,0,0,0,0,0,0,0,0,0,0,0,0,0,0,0,0,0,1,1,1,1,1,1,1,0,0,0,0,1,1,0
19874,[Weapon] Euporia (Triggered by Accumulator),-1,-1,15,1,1,1,1,1,1,1,1,1,1,1,1,1,1,1,1,1,1,1,0,0,0,0,1,1,1,1,0,0,0,0,1,-1,-1,0,-1,0,0,0,0,0,0,0,0,0,0,0,1,0,0,0,0,1,1,1,1,0,-1,1,0,1,1,1,1,1,1,1,1,1,1,-1,-1,-1,1,1,-1,0,0,0,201,22,-1,0,0,0,0,0,100,0,0,0,0,0,0,0,0,0,0,0,0,254,254,506,0,0,0,0,-1,100,1,1,0,1,1,1,1,0,0,0,0,0,0,0,0,0,0,0,0,0,0,0,0,0,0,0,0,0,0,0,0,0,0,0,0,0,0,0,0,0,0,0,0,0,0,0,0,0,1,1,1,1,1,1,1,1,1,1,1,1,1,1,1,1,0,1,0,0,1,0,0,0,0,0,-1,-1,-1,-1,-1,-1,-1,-1,0,0,0,-1,-1,-1,-1,-1,-1,-1,0,0,-1,0,-1,1,1,1,1,1,1,1,1,1,0,1,1,0,0,-1,-1,1,0,0,0,0,0,0,1,1,1,1,1,1,1,1,0,0,0,0,0,0,0,0,0,0,0,0,0,100,0,0,0,0,0,0,0,0,0,1,1,1,1,1,1,1,1,1,1,1,1,1,1,1,1,1,1,1,1,1,1,1,0,0,0,-1,1,0,0,0,0,0,1,0,1,1,1,1,1,0,0,0,0,1,1,0,1,1,1,-1,0,0,0,0,0,0,0,0,0,0,0,0,0,0,1,1,1,0,0,1,1,0,0,100,0,0,0,0,0,0,0,0,0,0,0,0,0,0,0,0,0,0,1,1,1,1,1,1,1,0,0,0,0,1,1,0
19875,[Weapon] Euporia (Triggered by Accumulator),-1,-1,15,0.7,1,1,1,1,1,1,1,1,1,1,1,1,1,1,1,1,1,1,0,0,0,0,1,1,1,1,0,0,0,0,1,-1,-1,0,-1,0,0,0,0,0,0,0,0,0,0,0,1,0,0,0,0,1,1,1,1,0,-1,1,0,1,1,1,1,1,1,1,1,1,1,-1,-1,-1,1,1,-1,0,0,0,201,23,-1,0,0,0,0,0,100,0,0,0,0,0,0,0,0,0,0,0,0,254,254,506,0,0,0,0,-1,100,1,1,0,1,1,1,1,0,0,0,0,0,0,0,0,0,0,0,0,0,0,0,0,0,0,0,0,0,0,0,0,0,0,0,0,0,0,0,0,0,0,0,0,0,0,0,0,0,1,1,1,1,1,1,1,1,1,1,1,1,1,1,1,1,0,1,0,0,1,0,0,0,0,0,-1,-1,-1,-1,-1,-1,-1,-1,0,0,0,-1,-1,-1,-1,-1,-1,-1,0,0,-1,0,-1,1,1,1,1,1,1,1,1,1,0,1,1,0,0,-1,-1,1,0,0,0,0,0,0,1,1,1,1,1,1,1,1,0,0,0,0,0,0,0,0,0,0,0,0,0,100,0,0,0,0,0,0,0,0,0,1,1,1,1,1,1,1,1,1,1,1,1,1,1,1,1,1,1,1,1,1,1,1,0,0,0,-1,1,0,0,0,0,0,1,0,1,1,1,1,1,0,0,0,0,1,1,0,1,1,1,-1,0,0,0,0,0,0,0,0,0,0,0,0,0,0,1,1,1,0,0,1,1,0,0,100,0,0,0,0,0,0,0,0,0,0,0,0,0,0,0,0,0,0,1,1,1,1,1,1,1,0,0,0,0,1,1,0
19883,,-1,-1,0.1,0.05,1,1,1,1,1,1,1,1,1,1,1,1,1,1,1,1,1,1,0,0,0,0,1,1,1,1,0,0,0,0,1,-1,-1,0,-1,0,0,0,0,0,0,0,0,0,0,0,1,0,0,0,0,1,1,1,1,0,-1,1,0,1,1,1,1,1,1,1,1,1,1,-1,-1,-1,1,1,-1,0,0,0,162,0,-1,0,0,0,0,0,100,0,0,0,0,0,0,0,0,0,0,0,0,254,254,28,1,0,0,0,-1,100,1,1,1,1,1,1,1,0,0,0,0,0,0,0,0,0,0,0,0,0,0,0,0,0,0,0,0,0,0,0,0,0,0,0,0,0,0,0,0,0,0,0,0,0,0,0,0,0,1,1,1,1,1,1,1,1,1,1,1,1,1,1,1,1,0,1,1,1,1,0,0,0,0,0,-1,-1,20008552,-1,-1,-1,-1,0,0,0,0,-1,-1,-1,-1,-1,-1,-1,0,0,-1,0,-1,1,1,1,1,1,1,1,1,1,0,1,1,80,0,-1,-1,1,0,0,0,0,0,0,1,1,1,1,1,1,1,1,0,0,0,0,0,0,0,0,0,0,0,0,0,100,0,1,0,0,0,0,0,0,0,1,1,1,1,1,1,1,1,1,1,1,1,1,1,1,1,1,1,1,1,1,1,1,0,0,0,-1,1,0,0,0,0,0,1,0,1,1,1,1,1,0,0,0,0,1,1,0,1,1,1,-1,0,0,0,0,0,0,0,0,0,0,0,0,0,0,1,1,1,0,0,1,1,0,0,100,0,0,0,0,0,0,0,0,0,0,0,0,0,0,0,0,0,0,1,1,1,1,1,1,1,0,0,0,0,1,1,0
19885,,-1,-1,0.1,0.05,1,1,1,1,1,1,1,1,1,1,1,1,1,1,1,1,1,1,0,0,0,0,1,1,1,1,0,0,0,0,1,-1,-1,0,-1,0,0,0,0,0,0,0,0,0,0,0,1,0,0,0,0,1,1,1,1,0,-1,1,0,1,1,1,1,1,1,1,1,1,1,-1,-1,-1,1,1,-1,0,0,0,163,0,-1,0,0,0,0,0,100,0,0,0,0,0,0,0,0,0,0,0,0,254,254,28,2,0,0,0,-1,100,1,1,1,1,1,1,1,0,0,0,0,0,0,0,0,0,0,0,0,0,0,0,0,0,0,0,0,0,0,0,0,0,0,0,0,0,0,0,0,0,0,0,0,0,0,0,0,0,1,1,1,1,1,1,1,1,1,1,1,1,1,1,1,1,0,1,1,1,1,0,0,0,0,0,-1,-1,20008551,-1,-1,-1,-1,0,0,0,0,-1,-1,-1,-1,-1,-1,-1,0,0,-1,0,-1,1,1,1,1,1,1,1,1,1,0,1,1,35,0,-1,-1,1,0,0,0,0,0,0,1,1,1,1,1,1,1,1,0,0,0,0,0,0,0,0,0,0,0,0,0,100,0,1,0,0,0,0,0,0,0,1,1,1,1,1,1,1,1,1,1,1,1,1,1,1,1,1,1,1,1,1,1,1,0,0,0,-1,1,0,0,0,0,0,1,0,1,1,1,1,1,0,0,0,0,1,1,0,1,1,1,-1,0,0,0,0,0,0,0,0,0,0,0,0,0,0,1,1,1,0,0,1,1,0,0,100,0,0,0,0,0,0,0,0,0,0,0,0,0,0,0,0,0,0,1,1,1,1,1,1,1,0,0,0,0,1,1,0
19887,,-1,-1,0.1,0.05,1,1,1,1,1,1,1,1,1,1,1,1,1,1,1,1,1,1,0,0,0,0,1,1,1,1,0,0,0,0,1,-1,-1,0,-1,0,0,0,0,0,0,0,0,0,0,0,1,0,0,0,0,1,1,1,1,0,-1,1,0,1,1,1,1,1,1,1,1,1,1,-1,-1,-1,1,1,-1,0,0,0,163,0,-1,0,0,0,0,0,100,0,0,0,0,0,0,0,0,0,0,0,0,254,254,28,2,0,0,0,-1,100,1,1,1,1,1,1,1,0,0,0,0,0,0,0,0,0,0,0,0,0,0,0,0,0,0,0,0,0,0,0,0,0,0,0,0,0,0,0,0,0,0,0,0,0,0,0,0,0,1,1,1,1,1,1,1,1,1,1,1,1,1,1,1,1,0,1,1,1,1,0,0,0,0,0,-1,-1,20008553,-1,-1,-1,-1,0,0,0,0,-1,-1,-1,-1,-1,-1,-1,0,0,-1,0,-1,1,1,1,1,1,1,1,1,1,0,1,1,80,0,-1,-1,1,0,0,0,0,0,0,1,1,1,1,1,1,1,1,0,0,0,0,0,0,0,0,0,0,0,0,0,100,0,1,0,0,0,0,0,0,0,1,1,1,1,1,1,1,1,1,1,1,1,1,1,1,1,1,1,1,1,1,1,1,0,0,0,-1,1,0,0,0,0,0,1,0,1,1,1,1,1,0,0,0,0,1,1,0,1,1,1,-1,0,0,0,0,0,0,0,0,0,0,0,0,0,0,1,1,1,0,0,1,1,0,0,100,0,0,0,0,0,0,0,0,0,0,0,0,0,0,0,0,0,0,1,1,1,1,1,1,1,0,0,0,0,1,1,0
29511,NPC: Max HP Reduction on Hit (Small),20460,-1,15,0,0.9,1,1,1,1,1,1,1,1,1,1,1,1,1,1,1,1,1,0,0,0,0,1,1,1,1,0,0,0,0,1,-1,-1,0,-1,0,0,0,0,0,0,0,0,0,0,0,1,0,0,0,0,1,1,1,1,0,-1,1,0,1,1,1,1,1,1,1,1,1,1,-1,-1,-1,1,1,-1,0,0,0,20,0,-1,0,0,0,0,0,100,0,0,0,0,0,0,0,0,0,0,0,0,254,13,0,3,0,0,0,-1,100,1,1,1,1,1,1,1,0,0,0,0,0,0,0,0,0,0,0,0,0,0,0,0,0,0,0,0,0,0,0,0,0,0,0,0,0,0,0,0,0,0,0,1,0,0,0,0,0,1,1,1,1,1,1,1,1,1,1,1,1,1,1,1,1,0,1,1,0,0,0,0,1,0,1,-1,-1,9013,-1,-1,-1,-1,0,0,0,0,-1,-1,-1,-1,-1,-1,-1,0,0,-1,0,-1,1,1,1,1,1,1,1,1,1,0,1,1,0,0,-1,-1,1,0,0,0,0,0,0,1,1,1,1,1,1,1,1,0,0,0,0,0,0,0,0,0,0,0,0,0,100,0,0,0,0,0,0,0,0,0,1,1,1,1,1,1,1,1,1,1,1,1,1,1,1,1,1,1,1,1,1,1,1,0,0,0,-1,1,0,0,0,0,0,1,0,1,1,1,1,1,0,0,0,0,1,1,0,1,1,1,-1,0,0,0,0,0,0,0,0,0,0,0,1,0,0,1,1,1,0,0,1,1,0,0,100,0,0,0,0,0,1,1,0,0,0,0,0,0,0,0,0,0,0,1,1,1,1,1,1,1,0,0,0,0,1,1,0
290008,[Spirit Summon] Adjustment - Default +8,-1,-1,-1,0,5.484,1,1.688,1,1,1,1,1,1,1,1,1,1,1,3.243956,3.243956,3.243956,3.243956,0,0,0,0,1.172,1.172,1.172,1.172,0,0,0,0,1,-1,-1,0,-1,0,0,0,0,0,0,0,0,0,0,0,1.317,0,0,0,0,1,1,1,1,0,-1,1,0,1,1,1,2.228,2.228,2.228,1,1,1,1,-1,-1,-1,1,1,-1,0,0,0,0,0,-1,0,0,0,0,0,100,0,0,0,0,0,0,0,0,0,0,0,0,254,254,0,0,0,0,0,-1,100,1,1,1,1,1,1,1,0,0,0,0,0,0,0,0,1,1,0,0,0,0,0,0,0,0,0,0,0,0,0,0,0,0,0,0,0,0,0,0,0,0,0,0,0,0,0,0,0,1,1,1,1,1,1,1,1,1,1,1,1,1,1,1,1,0,1,1,1,1,0,0,0,0,0,-1,-1,-1,-1,-1,-1,-1,0,0,0,0,-1,-1,-1,-1,-1,-1,-1,0,0,-1,0,-1,1,1,1,1,1,1,1,1,1.172,0,1,3.243956,0,0,-1,-1,1,0,0,0,0,0,0,1,1,1,1,1,1,1,1,0,0,0,0,0,0,0,0,0,0,0,0,0,100,0,0,0,0,0,0,0,0,0,1,1,1,1,1,1,1,1,1,1,1,1,1,1,1,1,1,1,1,1,1,1,2.228,0,0,0,-1,1,0,0,0,0,0,1,0,1,1,1,1,1,0,0,0,0,1,1,0,1,1,1,-1,0,0,0,0,0,0,0,0,0,0,0,0,0,0,1,1,1,0,0,2.228,2.228,0,0,100,0,0,0,0,0,0,0,0,0,0,0,0,0,0,0,0,0,0,1,1,1,1,1,1,1,0,0,0,0,1,1,0
290009,[Spirit Summon] Adjustment - Default +9,-1,-1,-1,0,6.563,1,1.8,1,1,1,1,1,1,1,1,1,1,1,3.5296702,3.5296702,3.5296702,3.5296702,0,0,0,0,1.186,1.186,1.186,1.186,0,0,0,0,1,-1,-1,0,-1,0,0,0,0,0,0,0,0,0,0,0,1.317,0,0,0,0,1,1,1,1,0,-1,1,0,1,1,1,2.245,2.245,2.245,1,1,1,1,-1,-1,-1,1,1,-1,0,0,0,0,0,-1,0,0,0,0,0,100,0,0,0,0,0,0,0,0,0,0,0,0,254,254,0,0,0,0,0,-1,100,1,1,1,1,1,1,1,0,0,0,0,0,0,0,0,1,1,0,0,0,0,0,0,0,0,0,0,0,0,0,0,0,0,0,0,0,0,0,0,0,0,0,0,0,0,0,0,0,1,1,1,1,1,1,1,1,1,1,1,1,1,1,1,1,0,1,1,1,1,0,0,0,0,0,-1,-1,-1,-1,-1,-1,-1,0,0,0,0,-1,-1,-1,-1,-1,-1,-1,0,0,-1,0,-1,1,1,1,1,1,1,1,1,1.186,0,1,3.5296702,0,0,-1,-1,1,0,0,0,0,0,0,1,1,1,1,1,1,1,1,0,0,0,0,0,0,0,0,0,0,0,0,0,100,0,0,0,0,0,0,0,0,0,1,1,1,1,1,1,1,1,1,1,1,1,1,1,1,1,1,1,1,1,1,1,2.245,0,0,0,-1,1,0,0,0,0,0,1,0,1,1,1,1,1,0,0,0,0,1,1,0,1,1,1,-1,0,0,0,0,0,0,0,0,0,0,0,0,0,0,1,1,1,0,0,2.245,2.245,0,0,100,0,0,0,0,0,0,0,0,0,0,0,0,0,0,0,0,0,0,1,1,1,1,1,1,1,0,0,0,0,1,1,0
290010,[Spirit Summon] Adjustment - Default +10,-1,-1,-1,0,6.875,1,1.888,1,1,1,1,1,1,1,1,1,1,1,3.6395605,3.6395605,3.6395605,3.6395605,0,0,0,0,1.2,1.2,1.2,1.2,0,0,0,0,1,-1,-1,0,-1,0,0,0,0,0,0,0,0,0,0,0,1.34,0,0,0,0,1,1,1,1,0,-1,1,0,1,1,1,2.385,2.385,2.385,1,1,1,1,-1,-1,-1,1,1,-1,0,0,0,0,0,-1,0,0,0,0,0,100,0,0,0,0,0,0,0,0,0,0,0,0,254,254,0,0,0,0,0,-1,100,1,1,1,1,1,1,1,0,0,0,0,0,0,0,0,1,1,0,0,0,0,0,0,0,0,0,0,0,0,0,0,0,0,0,0,0,0,0,0,0,0,0,0,0,0,0,0,0,1,1,1,1,1,1,1,1,1,1,1,1,1,1,1,1,0,1,1,1,1,0,0,0,0,0,-1,-1,-1,-1,-1,-1,-1,0,0,0,0,-1,-1,-1,-1,-1,-1,-1,0,0,-1,0,-1,1,1,1,1,1,1,1,1,1.2,0,1,3.6395605,0,0,-1,-1,1,0,0,0,0,0,0,1,1,1,1,1,1,1,1,0,0,0,0,0,0,0,0,0,0,0,0,0,100,0,0,0,0,0,0,0,0,0,1,1,1,1,1,1,1,1,1,1,1,1,1,1,1,1,1,1,1,1,1,1,2.385,0,0,0,-1,1,0,0,0,0,0,1,0,1,1,1,1,1,0,0,0,0,1,1,0,1,1,1,-1,0,0,0,0,0,0,0,0,0,0,0,0,0,0,1,1,1,0,0,2.385,2.385,0,0,100,0,0,0,0,0,0,0,0,0,0,0,0,0,0,0,0,0,0,1,1,1,1,1,1,1,0,0,0,0,1,1,0
290058,[Spirit Summon] Adjustment - Puppet +8,-1,-1,-1,0,4.953,1,1.234,1,1,1,1,1,1,1,1,1,1,1,2.71,2.71,2.71,2.71,0,0,0,0,1.172,1.172,1.172,1.172,0,0,0,0,1,-1,-1,0,-1,0,0,0,0,0,0,0,0,0,0,0,1.317,0,0,0,0,1,1,1,1,0,-1,1,0,1,1,1,1.126,1.126,1.126,1,1,1,1,-1,-1,-1,1,1,-1,0,0,0,0,0,-1,0,0,0,0,0,100,0,0,0,0,0,0,0,0,0,0,0,0,254,254,0,0,0,0,0,-1,100,1,1,1,1,1,1,1,0,0,0,0,0,0,0,0,1,1,0,0,0,0,0,0,0,0,0,0,0,0,0,0,0,0,0,0,0,0,0,0,0,0,0,0,0,0,0,0,0,1,1,1,1,1,1,1,1,1,1,1,1,1,1,1,1,0,1,1,1,1,0,0,0,0,0,-1,-1,-1,-1,-1,-1,-1,0,0,0,0,-1,-1,-1,-1,-1,-1,-1,0,0,-1,0,-1,1,1,1,1,1,1,1,1,1.172,0,1,2.71,0,0,-1,-1,1,0,0,0,0,0,0,1,1,1,1,1,1,1,1,0,0,0,0,0,0,0,0,0,0,0,0,0,100,0,0,0,0,0,0,0,0,0,1,1,1,1,1,1,1,1,1,1,1,1,1,1,1,1,1,1,1,1,1,1,1.126,0,0,0,-1,1,0,0,0,0,0,1,0,1,1,1,1,1,0,0,0,0,1,1,0,1,1,1,-1,0,0,0,0,0,0,0,0,0,0,0,0,0,0,1,1,1,0,0,1.126,1.126,0,0,100,0,0,0,0,0,0,0,0,0,0,0,0,0,0,0,0,0,0,1,1,1,1,1,1,1,0,0,0,0,1,1,0
290059,[Spirit Summon] Adjustment - Puppet +9,-1,-1,-1,0,5.897,1,1.234,1,1,1,1,1,1,1,1,1,1,1,2.931,2.931,2.931,2.931,0,0,0,0,1.186,1.186,1.186,1.186,0,0,0,0,1,-1,-1,0,-1,0,0,0,0,0,0,0,0,0,0,0,1.317,0,0,0,0,1,1,1,1,0,-1,1,0,1,1,1,1.135,1.135,1.135,1,1,1,1,-1,-1,-1,1,1,-1,0,0,0,0,0,-1,0,0,0,0,0,100,0,0,0,0,0,0,0,0,0,0,0,0,254,254,0,0,0,0,0,-1,100,1,1,1,1,1,1,1,0,0,0,0,0,0,0,0,1,1,0,0,0,0,0,0,0,0,0,0,0,0,0,0,0,0,0,0,0,0,0,0,0,0,0,0,0,0,0,0,0,1,1,1,1,1,1,1,1,1,1,1,1,1,1,1,1,0,1,1,1,1,0,0,0,0,0,-1,-1,-1,-1,-1,-1,-1,0,0,0,0,-1,-1,-1,-1,-1,-1,-1,0,0,-1,0,-1,1,1,1,1,1,1,1,1,1.186,0,1,2.931,0,0,-1,-1,1,0,0,0,0,0,0,1,1,1,1,1,1,1,1,0,0,0,0,0,0,0,0,0,0,0,0,0,100,0,0,0,0,0,0,0,0,0,1,1,1,1,1,1,1,1,1,1,1,1,1,1,1,1,1,1,1,1,1,1,1.135,0,0,0,-1,1,0,0,0,0,0,1,0,1,1,1,1,1,0,0,0,0,1,1,0,1,1,1,-1,0,0,0,0,0,0,0,0,0,0,0,0,0,0,1,1,1,0,0,1.135,1.135,0,0,100,0,0,0,0,0,0,0,0,0,0,0,0,0,0,0,0,0,0,1,1,1,1,1,1,1,0,0,0,0,1,1,0
290060,[Spirit Summon] Adjustment - Puppet +10,-1,-1,-1,0,6.164,1,1.234,1,1,1,1,1,1,1,1,1,1,1,3.021,3.021,3.021,3.021,0,0,0,0,1.2,1.2,1.2,1.2,0,0,0,0,1,-1,-1,0,-1,0,0,0,0,0,0,0,0,0,0,0,1.34,0,0,0,0,1,1,1,1,0,-1,1,0,1,1,1,1.147,1.147,1.147,1,1,1,1,-1,-1,-1,1,1,-1,0,0,0,0,0,-1,0,0,0,0,0,100,0,0,0,0,0,0,0,0,0,0,0,0,254,254,0,0,0,0,0,-1,100,1,1,1,1,1,1,1,0,0,0,0,0,0,0,0,1,1,0,0,0,0,0,0,0,0,0,0,0,0,0,0,0,0,0,0,0,0,0,0,0,0,0,0,0,0,0,0,0,1,1,1,1,1,1,1,1,1,1,1,1,1,1,1,1,0,1,1,1,1,0,0,0,0,0,-1,-1,-1,-1,-1,-1,-1,0,0,0,0,-1,-1,-1,-1,-1,-1,-1,0,0,-1,0,-1,1,1,1,1,1,1,1,1,1.2,0,1,3.021,0,0,-1,-1,1,0,0,0,0,0,0,1,1,1,1,1,1,1,1,0,0,0,0,0,0,0,0,0,0,0,0,0,100,0,0,0,0,0,0,0,0,0,1,1,1,1,1,1,1,1,1,1,1,1,1,1,1,1,1,1,1,1,1,1,1.147,0,0,0,-1,1,0,0,0,0,0,1,0,1,1,1,1,1,0,0,0,0,1,1,0,1,1,1,-1,0,0,0,0,0,0,0,0,0,0,0,0,0,0,1,1,1,0,0,1.147,1.147,0,0,100,0,0,0,0,0,0,0,0,0,0,0,0,0,0,0,0,0,0,1,1,1,1,1,1,1,0,0,0,0,1,1,0
290108,[Spirit Summon] Adjustment - Finger Maiden Therolina Puppet +8,-1,-1,-1,0,4.953,1,1.234,1,1,1,1,1,1,1,1,1,1,1,2.71,2.71,2.71,2.71,0,0,0,0,1.172,1.172,1.172,1.172,0,0,0,0,1,-1,-1,0,-1,0,0,0,0,0,0,0,0,0,0,0,1.317,0,0,0,0,1,1,1,1,0,-1,1,0,1,1,1,1.126,1.126,1.126,1,1,1,1,-1,-1,-1,1,1,-1,0,0,0,0,0,-1,0,0,0,0,0,100,0,0,0,0,0,0,0,0,0,0,0,0,254,254,0,0,0,0,0,-1,100,1,1,1,1,1,1,1,0,0,0,0,0,0,0,0,1,1,0,0,0,0,0,0,0,0,0,0,0,0,0,0,0,0,0,0,0,0,0,0,0,0,0,0,0,0,0,0,0,1,1,1,1,1,1,1,1,1,1,1,1,1,1,1,1,0,1,1,1,1,0,0,0,0,0,-1,-1,-1,-1,-1,-1,-1,0,0,0,0,-1,-1,-1,-1,-1,-1,-1,0,0,-1,0,-1,1,1,1,1,1,1,1,1,1.172,0,1,2.71,0,0,-1,-1,1,0,0,0,0,0,0,1,1,1,1,1,1,1,1,0,0,0,0,0,0,0,0,0,0,0,0,0,100,0,0,0,0,0,0,0,0,0,1,1,1,1,1,1,1,1,1,1,1,1,1,1,1,1,1,1,1,1,1,1,1.126,0,0,0,-1,1,0,0,0,0,0,1,0,1,1,1,1,1,0,0,0,0,1,1,0,1,1,1,-1,0,0,0,0,0,0,0,24,0,0,0,0,0,0,1,1,1,0,0,1.126,1.126,0,0,100,0,0,0,0,0,0,0,0,0,0,0,0,0,0,0,0,0,0,1,1,1,1,1,1,1,0,0,0,0,1,1,0
290109,[Spirit Summon] Adjustment - Finger Maiden Therolina Puppet +9,-1,-1,-1,0,5.897,1,1.234,1,1,1,1,1,1,1,1,1,1,1,2.931,2.931,2.931,2.931,0,0,0,0,1.186,1.186,1.186,1.186,0,0,0,0,1,-1,-1,0,-1,0,0,0,0,0,0,0,0,0,0,0,1.317,0,0,0,0,1,1,1,1,0,-1,1,0,1,1,1,1.135,1.135,1.135,1,1,1,1,-1,-1,-1,1,1,-1,0,0,0,0,0,-1,0,0,0,0,0,100,0,0,0,0,0,0,0,0,0,0,0,0,254,254,0,0,0,0,0,-1,100,1,1,1,1,1,1,1,0,0,0,0,0,0,0,0,1,1,0,0,0,0,0,0,0,0,0,0,0,0,0,0,0,0,0,0,0,0,0,0,0,0,0,0,0,0,0,0,0,1,1,1,1,1,1,1,1,1,1,1,1,1,1,1,1,0,1,1,1,1,0,0,0,0,0,-1,-1,-1,-1,-1,-1,-1,0,0,0,0,-1,-1,-1,-1,-1,-1,-1,0,0,-1,0,-1,1,1,1,1,1,1,1,1,1.186,0,1,2.931,0,0,-1,-1,1,0,0,0,0,0,0,1,1,1,1,1,1,1,1,0,0,0,0,0,0,0,0,0,0,0,0,0,100,0,0,0,0,0,0,0,0,0,1,1,1,1,1,1,1,1,1,1,1,1,1,1,1,1,1,1,1,1,1,1,1.135,0,0,0,-1,1,0,0,0,0,0,1,0,1,1,1,1,1,0,0,0,0,1,1,0,1,1,1,-1,0,0,0,0,0,0,0,27,0,0,0,0,0,0,1,1,1,0,0,1.135,1.135,0,0,100,0,0,0,0,0,0,0,0,0,0,0,0,0,0,0,0,0,0,1,1,1,1,1,1,1,0,0,0,0,1,1,0
290110,[Spirit Summon] Adjustment - Finger Maiden Therolina Puppet +10,-1,-1,-1,0,6.164,1,1.234,1,1,1,1,1,1,1,1,1,1,1,3.021,3.021,3.021,3.021,0,0,0,0,1.2,1.2,1.2,1.2,0,0,0,0,1,-1,-1,0,-1,0,0,0,0,0,0,0,0,0,0,0,1.34,0,0,0,0,1,1,1,1,0,-1,1,0,1,1,1,1.147,1.147,1.147,1,1,1,1,-1,-1,-1,1,1,-1,0,0,0,0,0,-1,0,0,0,0,0,100,0,0,0,0,0,0,0,0,0,0,0,0,254,254,0,0,0,0,0,-1,100,1,1,1,1,1,1,1,0,0,0,0,0,0,0,0,1,1,0,0,0,0,0,0,0,0,0,0,0,0,0,0,0,0,0,0,0,0,0,0,0,0,0,0,0,0,0,0,0,1,1,1,1,1,1,1,1,1,1,1,1,1,1,1,1,0,1,1,1,1,0,0,0,0,0,-1,-1,-1,-1,-1,-1,-1,0,0,0,0,-1,-1,-1,-1,-1,-1,-1,0,0,-1,0,-1,1,1,1,1,1,1,1,1,1.2,0,1,3.021,0,0,-1,-1,1,0,0,0,0,0,0,1,1,1,1,1,1,1,1,0,0,0,0,0,0,0,0,0,0,0,0,0,100,0,0,0,0,0,0,0,0,0,1,1,1,1,1,1,1,1,1,1,1,1,1,1,1,1,1,1,1,1,1,1,1.147,0,0,0,-1,1,0,0,0,0,0,1,0,1,1,1,1,1,0,0,0,0,1,1,0,1,1,1,-1,0,0,0,0,0,0,0,30,0,0,0,0,0,0,1,1,1,0,0,1.147,1.147,0,0,100,0,0,0,0,0,0,0,0,0,0,0,0,0,0,0,0,0,0,1,1,1,1,1,1,1,0,0,0,0,1,1,0
290158,[Spirit Summon] Adjustment - Jarwright Puppet +8,-1,-1,-1,0,4.953,1,1.234,1,1,1,1,1,1,1,1,1,1,1,2.71,2.71,2.71,2.71,0,0,0,0,1.172,1.172,1.172,1.172,0,0,0,0,1,-1,-1,0,-1,0,0,0,0,0,0,0,0,0,0,0,1.317,0,0,0,0,1,1,1,1,0,-1,1,0,1,1,1,1.126,1.126,1.126,1,1,1,1,-1,-1,-1,1,1,-1,0,0,0,0,0,-1,0,0,0,0,0,100,0,0,0,0,0,0,0,0,0,0,0,0,254,254,0,0,0,0,0,-1,100,1,1,1,1,1,1,1,0,0,0,0,0,0,0,0,1,1,0,0,0,0,0,0,0,0,0,0,0,0,0,0,0,0,0,0,0,0,0,0,0,0,0,0,0,0,0,0,0,1,1,1,1,1,1,1,1,1,1,1,1,1,1,1,1,0,1,1,1,1,0,0,0,0,0,-1,-1,-1,-1,-1,-1,-1,0,0,0,0,-1,-1,-1,-1,-1,-1,-1,0,0,-1,0,-1,1,1,1,1,1,1,1,1,1.172,0,1,2.71,0,0,-1,-1,1,0,0,0,0,0,0,1,1,1,1,1,1,1,1,0,0,0,0,0,0,0,0,0,0,0,0,0,100,0,0,0,0,0,0,0,0,0,1,1,1,1,1,1,1,1,1,1,1,1,1,1,1,1,1,1,1,1,1,1,1.126,0,0,0,-1,1,0,0,0,0,0,1,0,1,1,1,1,1,0,0,0,0,1,1,0,1,1,1,-1,0,0,0,0,0,0,0,0,24,0,0,0,0,0,1,1,1,0,0,1.126,1.126,0,0,100,0,0,0,0,0,0,0,0,0,0,0,0,0,0,0,0,0,0,1,1,1,1,1,1,1,0,0,0,0,1,1,0
290159,[Spirit Summon] Adjustment - Jarwright Puppet +9,-1,-1,-1,0,5.897,1,1.234,1,1,1,1,1,1,1,1,1,1,1,2.931,2.931,2.931,2.931,0,0,0,0,1.186,1.186,1.186,1.186,0,0,0,0,1,-1,-1,0,-1,0,0,0,0,0,0,0,0,0,0,0,1.317,0,0,0,0,1,1,1,1,0,-1,1,0,1,1,1,1.135,1.135,1.135,1,1,1,1,-1,-1,-1,1,1,-1,0,0,0,0,0,-1,0,0,0,0,0,100,0,0,0,0,0,0,0,0,0,0,0,0,254,254,0,0,0,0,0,-1,100,1,1,1,1,1,1,1,0,0,0,0,0,0,0,0,1,1,0,0,0,0,0,0,0,0,0,0,0,0,0,0,0,0,0,0,0,0,0,0,0,0,0,0,0,0,0,0,0,1,1,1,1,1,1,1,1,1,1,1,1,1,1,1,1,0,1,1,1,1,0,0,0,0,0,-1,-1,-1,-1,-1,-1,-1,0,0,0,0,-1,-1,-1,-1,-1,-1,-1,0,0,-1,0,-1,1,1,1,1,1,1,1,1,1.186,0,1,2.931,0,0,-1,-1,1,0,0,0,0,0,0,1,1,1,1,1,1,1,1,0,0,0,0,0,0,0,0,0,0,0,0,0,100,0,0,0,0,0,0,0,0,0,1,1,1,1,1,1,1,1,1,1,1,1,1,1,1,1,1,1,1,1,1,1,1.135,0,0,0,-1,1,0,0,0,0,0,1,0,1,1,1,1,1,0,0,0,0,1,1,0,1,1,1,-1,0,0,0,0,0,0,0,0,27,0,0,0,0,0,1,1,1,0,0,1.135,1.135,0,0,100,0,0,0,0,0,0,0,0,0,0,0,0,0,0,0,0,0,0,1,1,1,1,1,1,1,0,0,0,0,1,1,0
290160,[Spirit Summon] Adjustment - Jarwright Puppet +10,-1,-1,-1,0,6.164,1,1.234,1,1,1,1,1,1,1,1,1,1,1,3.021,3.021,3.021,3.021,0,0,0,0,1.2,1.2,1.2,1.2,0,0,0,0,1,-1,-1,0,-1,0,0,0,0,0,0,0,0,0,0,0,1.34,0,0,0,0,1,1,1,1,0,-1,1,0,1,1,1,1.147,1.147,1.147,1,1,1,1,-1,-1,-1,1,1,-1,0,0,0,0,0,-1,0,0,0,0,0,100,0,0,0,0,0,0,0,0,0,0,0,0,254,254,0,0,0,0,0,-1,100,1,1,1,1,1,1,1,0,0,0,0,0,0,0,0,1,1,0,0,0,0,0,0,0,0,0,0,0,0,0,0,0,0,0,0,0,0,0,0,0,0,0,0,0,0,0,0,0,1,1,1,1,1,1,1,1,1,1,1,1,1,1,1,1,0,1,1,1,1,0,0,0,0,0,-1,-1,-1,-1,-1,-1,-1,0,0,0,0,-1,-1,-1,-1,-1,-1,-1,0,0,-1,0,-1,1,1,1,1,1,1,1,1,1.2,0,1,3.021,0,0,-1,-1,1,0,0,0,0,0,0,1,1,1,1,1,1,1,1,0,0,0,0,0,0,0,0,0,0,0,0,0,100,0,0,0,0,0,0,0,0,0,1,1,1,1,1,1,1,1,1,1,1,1,1,1,1,1,1,1,1,1,1,1,1.147,0,0,0,-1,1,0,0,0,0,0,1,0,1,1,1,1,1,0,0,0,0,1,1,0,1,1,1,-1,0,0,0,0,0,0,0,0,30,0,0,0,0,0,1,1,1,0,0,1.147,1.147,0,0,100,0,0,0,0,0,0,0,0,0,0,0,0,0,0,0,0,0,0,1,1,1,1,1,1,1,0,0,0,0,1,1,0
311800,[Talisman] Clarifying Horn Charm,20209,-1,-1,0,1,1,1,1,1,1,1,1,1,1,1,1,1,1,1,1,1,1,0,0,0,0,1,1,1,1,0,0,0,0,1,-1,-1,0,-1,0,0,0,0,0,0,0,0,0,0,0,1,0,0,0,0,1,1,1,1,0,-1,1,0,1,1,1,1,1,1,1,1,1,1,-1,-1,-1,1,1,-1,0,0,0,0,0,-1,0,0,0,0,0,100,0,0,0,0,0,0,0,0,0,0,0,0,254,254,0,0,0,0,0,-1,100,1,1,0,1,1,1,1,0,0,0,0,0,0,0,0,0,0,0,0,0,0,0,0,0,0,1,0,0,0,0,0,0,0,0,0,0,0,0,0,0,0,0,0,0,0,0,0,0,1,1,1,1,1,1,1,1,1,1,1,1,1,1,1,1,0,1,0,0,1,0,0,0,0,0,-1,-1,-1,-1,-1,-1,-1,0,0,0,0,-1,-1,-1,-1,-1,-1,-1,0,0,-1,0,-1,1,1,1,1,1,1,1,1,1,0,1,1,0,0,-1,-1,1,0,0,0,0,0,0,1,1,1,1,1,1,1,1,0,0,0,0,0,0,0,0,0,0,0,0,0,100,0,0,0,0,0,0,0,0,0,1,1,1,1,1,1,1,1,1,1,1,1,1,1,1,1,1,1,1,1,1,1,1,0,0,0,-1,1,0,0,0,0,0,1,0,1,1,1,1,1,0,0,0,0,1,1,0,1,1,1,-1,0,0,0,0,0,0,0,0,0,0,0,0,0,0,1,1,1,0,0,1,1,90,90,100,0,0,0,0,0,0,0,0,0,0,0,0,0,0,0,0,0,0,1,1,1,1,1,1,1,0,0,0,0,1,1,0
311810,[Talisman] Clarifying Horn Charm +1,20209,-1,-1,0,1,1,1,1,1,1,1,1,1,1,1,1,1,1,1,1,1,1,0,0,0,0,1,1,1,1,0,0,0,0,1,-1,-1,0,-1,0,0,0,0,0,0,0,0,0,0,0,1,0,0,0,0,1,1,1,1,0,-1,1,0,1,1,1,1,1,1,1,1,1,1,-1,-1,-1,1,1,-1,0,0,0,0,0,-1,0,0,0,0,0,100,0,0,0,0,0,0,0,0,0,0,0,0,254,254,0,0,0,0,0,-1,100,1,1,0,1,1,1,1,0,0,0,0,0,0,0,0,0,0,0,0,0,0,0,0,0,0,1,0,0,0,0,0,0,0,0,0,0,0,0,0,0,0,0,0,0,0,0,0,0,1,1,1,1,1,1,1,1,1,1,1,1,1,1,1,1,0,1,0,0,1,0,0,0,0,0,-1,-1,-1,-1,-1,-1,-1,0,0,0,0,-1,-1,-1,-1,-1,-1,-1,0,0,-1,0,-1,1,1,1,1,1,1,1,1,1,0,1,1,0,0,-1,-1,1,0,0,0,0,0,0,1,1,1,1,1,1,1,1,0,0,0,0,0,0,0,0,0,0,0,0,0,100,0,0,0,0,0,0,0,0,0,1,1,1,1,1,1,1,1,1,1,1,1,1,1,1,1,1,1,1,1,1,1,1,0,0,0,-1,1,0,0,0,0,0,1,0,1,1,1,1,1,0,0,0,0,1,1,0,1,1,1,-1,0,0,0,0,0,0,0,0,0,0,0,0,0,0,1,1,1,0,0,1,1,140,140,100,0,0,0,0,0,0,0,0,0,0,0,0,0,0,0,0,0,0,1,1,1,1,1,1,1,0,0,0,0,1,1,0
330900,[Talisman] Godfrey Icon,20253,-1,-1,0,1,1,1,1,1,1,1,1,1,1,1.15,1.15,1.15,1.15,1,1,1,1,0,0,0,0,1,1,1,1,0,0,0,0,1,-1,-1,0,-1,0,0,0,0,0,0,0,0,0,0,0,1,0,0,0,0,1,1,1,1,0,-1,1,0,1,1,1,1,1,1,1,1,1,1,-1,-1,-1,1,1,-1,110,111,0,0,0,-1,0,0,0,0,0,100,0,0,0,0,0,0,0,0,0,0,0,0,254,254,0,0,0,0,0,-1,100,1,1,0,1,1,1,1,0,0,0,0,0,0,0,0,1,1,0,0,0,0,0,0,0,0,1,0,0,0,0,0,0,0,0,0,0,0,0,0,0,0,0,0,0,0,0,0,0,1,1,1,1,1,1,1,1,1,1,1,1,1,1,1,1,0,1,0,0,1,0,0,0,0,0,-1,-1,-1,-1,-1,-1,-1,0,0,0,0,-1,-1,-1,-1,-1,-1,-1,0,0,-1,0,-1,1,1,1,1,1,1,1,1,1,0,1.15,1,0,0,-1,-1,1,0,0,0,0,0,0,1,1,1,1,1,1,1,1,0,0,0,0,0,0,0,0,0,0,0,0,0,100,0,0,0,0,0,1,0,0,0,1,1,1,1,1,1,1,1,1,1,1,1,1,1,1,1,1,1,1,1,1,1,1,0,0,0,-1,1,0,0,0,0,0,1,0,1,1,1,1,1,0,0,0,0,1,1,0,1,1,1,-1,0,0,0,0,0,0,0,0,0,0,0,0,0,0,1,1,1,0,0,1,1,0,0,100,0,0,0,0,0,0,0,0,0,0,0,0,0,0,0,0,0,0,1,1,1,1,1,1,1,0,0,0,0,1,1,0
1605000,[Incantation] Flame Grant Me Strength,20406,-1,900,0.06,1,1,1,1,1,1,1,1,1,1,1,1,1,1,1,1,1,1,0,0,0,0,1,1,1,1,0,0,0,0,1,-1,-1,0,-1,0,0,0,0,0,0,0,5,0,0,0,1,0,0,0,0,1,1,1,1,0,-1,1,0,1,1,1,1,1,1,1,1,1,1,-1,1605001,-1,1,1,-1,0,0,0,151,0,-1,0,0,0,0,0,100,0,0,0,0,0,0,0,0,0,0,0,0,254,254,200,0,0,0,0,-1,100,1,1,1,1,1,1,1,0,0,0,0,0,0,0,0,1,1,0,0,0,0,0,0,0,0,0,0,0,0,0,0,0,0,0,0,0,0,0,0,0,0,0,0,0,0,1,0,0,1,1,1,1,1,1,1,1,1,1,1,1,1,1,1,1,0,1,0,1,1,0,0,1,0,0,-1,-1,1605000,-1,-1,-1,-1,0,0,0,0,-1,-1,-1,-1,-1,-1,-1,0,0,-1,0,-1,1,1,1,1,1,1,1,1,1,0,1,1,0,0,-1,-1,1,0,0,0,0,0,0,1,1,1,1,1,1,1,1,0,0,0,0,0,0,0,0,0,0,0,0,0,100,0,0,0,0,0,1,0,0,0,1,1,1,1,1,1,1,1,1,1,1,1,1.15,1,1.15,1,1,1.2,1,1.2,1,1,1,0,0,0,-1,1,0,0,0,0,0,1,0,1,1,1,1,1,0,0,0,0,1,1,0,1,1,1,-1,0,0,0,0,0,0,0,0,0,0,0,0,0,0,1,1,1,0,0,1,1,0,0,100,0,0,0,0,0,0,0,0,0,0,0,0,0,0,0,0,0,0,1,1,1,1,1,1,1,0,0,0,0,1,1,0
1626000,[Incantation] Black Flame Blade,-1,-1,900,0,1,1,1,1,1,1,1,1,1,1,1,1,1,1,1,1,1,1,0,0,65,0,1,1,1,1,0,0,0,0,1,-1,-1,0,-1,0,0,0,0,0,0,0,0,0,0,0,1,0,0,0,0,1,1,1,1,0,-1,1,0,1,1,1,1,1,1,1,1,1,1,-1,-1,1626001,1,1,-1,0,0,0,162,0,-1,0,0,0,0,0,100,0,0,0,0,0,0,0,0,0,0,0,0,254,11,152,1,0,0,0,-1,100,1,1,1,1,1,1,1,0,0,0,0,0,0,1,0,0,0,0,0,0,0,0,0,0,0,0,0,0,0,0,0,0,0,0,0,0,0,0,0,0,0,0,0,0,0,1,0,0,1,1,1,1,1,1,1,1,1,1,1,1,1,1,1,1,0,1,1,1,1,0,0,1,0,0,-1,-1,1626000,-1,-1,-1,-1,0,0,0,0,-1,-1,-1,-1,-1,-1,-1,0,0,-1,0,-1,1,1,1,1,1,1,1,1,1,0,1,1,0,0,-1,-1,1,0,0,0,0,0,0,1,1,1,1,1,1,1,1,0,0,0,0,0,0,0,0,0,0,0,0,0,100,0,1,0,0,0,0,0,0,0,1,1,1,1,1,1,1,1,1,1,1,1,1,1,1,1,1,1,1,1,1,1,1,0,0,0,-1,1,0,0,0,0,0,1,0,1,1,1,1,1,0,0,0,0,1,1,0,1,1,1,-1,0,0,0,0,0,0,0,0,0,0,0,1,0,0,1,1,1,0,0,1,1,0,0,100,0,0,0,0,0,0,0,0,0,0,0,0,0,0,0,0,0,0,1,1,1,1,1,1,1,0,0,0,0,1,1,0
1627000,[Incantation] Black Flame's Protection,20408,-1,900,0.06,1,1,1,1,1,1,1,1,1,1,1,1,1,1,1,1,1,1,0,0,0,0,1,1,1,1,0,0,0,0,1,-1,-1,0,-1,0,0,0,0,0,0,0,0,0,0,0,1,0,0,0,0,1,1,1,1,0,-1,1,0,1,1,1,1,1,1,1,1,1,0.8,-1,1627001,-1,1,1,-1,0,0,0,151,0,-1,0,0,0,0,0,100,0,0,0,0,0,0,0,0,0,0,0,0,254,254,29,0,0,0,0,-1,100,1,1,1,1,1,1,1,0,0,0,0,0,0,0,0,0,0,0,0,0,0,0,0,0,0,0,0,0,0,0,0,0,0,0,0,0,0,0,0,0,0,0,0,0,0,1,0,0,1,1,1,1,1,1,1,1,1,1,1,1,1,1,1,1,0,1,0,1,1,0,0,1,0,0,-1,-1,1627000,-1,-1,-1,-1,0,0,0,0,-1,-1,-1,-1,-1,-1,-1,0,0,-1,0,-1,1,1,1,1,1,1,1,1,1,0,1,1,0,0,-1,-1,1,0,0,0,0,0,0,1,1,1,1,1,1,1,1,0,0,0,0,0,0,0,0,0,0,0,0,0,100,0,0,0,0,0,0,0,0,0,1,0.85,1,1,1,1,0.65,1,1,1,1,1,1,1,1,1,1,1,1,1,1,1,1,0,0,0,-1,1,0,0,0,0,0,1,0,1,1,1,1,1,0,0,0,0,0.8,1,0,1,1,1,-1,0,0,0,0,0,0,0,0,0,0,0,0,0,0,1,1,1,0,0,1,1,0,0,100,0,0,0,0,0,0,0,0,0,0,0,0,0,0,0,0,0,0,1,1,1,1,1,1,1,0,0,0,0,1,1,0
1660000,[Incantation] Golden Vow,20406,-1,900,0.06,1,1,1,1,1,1,1,1,1,1,1,1,1,1,1,1,1,1,0,0,0,0,1,1,1,1,0,0,0,0,1,-1,-1,0,-1,0,0,0,0,0,0,0,0,0,0,0,1,0,0,0,0,1,1,1,1,0,-1,1,0,1,1,1,1,1,1,1,1,1,1,-1,1660001,-1,1,1,-1,0,0,0,160,0,-1,0,0,0,0,0,100,0,0,0,0,0,0,0,0,0,0,0,0,254,254,0,0,0,0,0,-1,100,1,1,1,1,1,1,1,0,0,0,0,0,0,0,0,1,1,0,0,0,0,0,0,0,0,0,0,0,0,0,0,0,0,0,0,0,0,0,0,0,0,0,0,0,0,1,0,0,1,1,1,1,1,1,1,1,1,1,1,1,1,1,1,1,0,1,0,1,1,0,0,1,0,0,-1,-1,1660000,-1,-1,-1,-1,0,0,0,0,-1,-1,-1,-1,-1,-1,-1,0,0,-1,0,-1,1,1,1,1,1,1,1,1,1,0,1,1,0,0,-1,-1,1,0,0,0,0,0,0,1,1,1,1,1,1,1,1,0,0,0,0,0,0,0,0,0,0,0,0,0,100,0,0,0,0,0,1,0,0,0,1,0.95,0.95,0.95,0.95,0.95,0.9,0.9,0.9,0.9,0.9,0.9,1.075,1.075,1.075,1.075,1.075,1.15,1.15,1.15,1.15,1.15,1,0,0,0,-1,1,0,0,0,0,0,1,0,1,1,1,1,1,0,0,0,0,1,1,0,1,1,1,-1,0,0,0,0,0,0,0,0,0,0,0,0,0,0,1,1,1,0,0,1,1,0,0,100,0,0,0,0,0,0,0,0,0,0,0,0,0,0,0,0,0,0,1,1,1,1,1,1,1,0,0,0,0,1,1,0
2000000,,-1,-1,0.1,0,1,1,1,1,1,1,1,1,1,1,1,1,1,1,1,1,1,1,0,0,0,0,1,1,1,1,0,0,0,0,1,-1,-1,0,-1,0,0,0,0,0,0,0,0,0,0,0,1,0,0,0,0,1,1,1,1,0,-1,1,0,1,1,1,1,1,1,1,0,0,0,-1,-1,-1,1,0.8,-1,0,0,0,20,0,-1,0,0,0,0,0,100,0,0,0,0,0,0,0,0,0,0,0,0,254,254,470,0,0,0,0,-1,100,0,0,0,0,0,0,0,0,0,0,0,0,0,0,0,0,0,0,0,0,0,0,0,0,0,0,0,0,0,0,0,0,0,0,0,0,0,0,0,0,0,0,0,0,0,0,0,0,1,1,1,1,1,1,1,1,1,1,1,1,1,1,1,1,0,1,0,0,1,0,0,0,0,0,-1,-1,-1,-1,-1,-1,-1,0,0,0,0,-1,-1,-1,-1,-1,-1,-1,0,0,-1,0,-1,1,1,1,1,1,1,1,1,1,0,1,1,0,0,-1,-1,1,0,0,0,0,0,0,1,1,1,1,1,1,1,1,0,0,0,0,0,0,0,0,0,0,0,0,0,100,0,0,0,0,0,0,0,0,0,1,1,1,1,1,1,1,1,1,1,1,1,1,1,1,1,1,1,1,1,1,1,1,0,0,0,-1,1,0,0,0,0,0,1,0,1,1,1,1,1,0,0,0,0,1,1,0,1,1,1,-1,0,0,0,0,0,0,0,0,0,0,0,0,0,0,1,1,1,0,0,1,1,0,0,100,0,0,0,0,0,0,0,0,0,0,0,0,0,0,0,0,0,0,1,1,1,1,1,1,1,0,0,0,0,1,1,0
2000001,,-1,-1,0.1,0,1,1,1,1,1,1,1,1,1,1,1,1,1,1,1,1,1,1,0,0,0,0,1,1,1,1,0,0,0,0,1,-1,-1,0,-1,0,0,0,0,0,0,0,0,0,0,0,1,0,0,0,0,1,1,1,1,0,-1,1,0,1,1,1,1,1,1,1,0,0,0,-1,-1,-1,1,0.75,-1,0,0,0,20,0,-1,0,0,0,0,0,100,0,0,0,0,0,0,0,0,0,0,0,0,254,254,470,0,0,0,0,-1,100,0,0,0,0,0,0,0,0,0,0,0,0,0,0,0,0,0,0,0,0,0,0,0,0,0,0,0,0,0,0,0,0,0,0,0,0,0,0,0,0,0,0,0,0,0,0,0,0,1,1,1,1,1,1,1,1,1,1,1,1,1,1,1,1,0,1,0,0,1,0,0,0,0,0,-1,-1,-1,-1,-1,-1,-1,0,0,0,0,-1,-1,-1,-1,-1,-1,-1,0,0,-1,0,-1,1,1,1,1,1,1,1,1,1,0,1,1,0,0,-1,-1,1,0,0,0,0,0,0,1,1,1,1,1,1,1,1,0,0,0,0,0,0,0,0,0,0,0,0,0,100,0,0,0,0,0,0,0,0,0,1,1,1,1,1,1,1,1,1,1,1,1,1,1,1,1,1,1,1,1,1,1,1,0,0,0,-1,1,0,0,0,0,0,1,0,1,1,1,1,1,0,0,0,0,1,1,0,1,1,1,-1,0,0,0,0,0,0,0,0,0,0,0,0,0,0,1,1,1,0,0,1,1,0,0,100,0,0,0,0,0,0,0,0,0,0,0,0,0,0,0,0,0,0,1,1,1,1,1,1,1,0,0,0,0,1,1,0
2000002,,-1,-1,0.1,0,1,1,1,1,1,1,1,1,1,1,1,1,1,1,1,1,1,1,0,0,0,0,1,1,1,1,0,0,0,0,1,-1,-1,0,-1,0,0,0,0,0,0,0,0,0,0,0,1,0,0,0,0,1,1,1,1,0,-1,1,0,1,1,1,1,1,1,1,0,0,0,-1,-1,-1,1,0.7,-1,0,0,0,20,0,-1,0,0,0,0,0,100,0,0,0,0,0,0,0,0,0,0,0,0,254,254,470,0,0,0,0,-1,100,0,0,0,0,0,0,0,0,0,0,0,0,0,0,0,0,0,0,0,0,0,0,0,0,0,0,0,0,0,0,0,0,0,0,0,0,0,0,0,0,0,0,0,0,0,0,0,0,1,1,1,1,1,1,1,1,1,1,1,1,1,1,1,1,0,1,0,0,1,0,0,0,0,0,-1,-1,-1,-1,-1,-1,-1,0,0,0,0,-1,-1,-1,-1,-1,-1,-1,0,0,-1,0,-1,1,1,1,1,1,1,1,1,1,0,1,1,0,0,-1,-1,1,0,0,0,0,0,0,1,1,1,1,1,1,1,1,0,0,0,0,0,0,0,0,0,0,0,0,0,100,0,0,0,0,0,0,0,0,0,1,1,1,1,1,1,1,1,1,1,1,1,1,1,1,1,1,1,1,1,1,1,1,0,0,0,-1,1,0,0,0,0,0,1,0,1,1,1,1,1,0,0,0,0,1,1,0,1,1,1,-1,0,0,0,0,0,0,0,0,0,0,0,0,0,0,1,1,1,0,0,1,1,0,0,100,0,0,0,0,0,0,0,0,0,0,0,0,0,0,0,0,0,0,1,1,1,1,1,1,1,0,0,0,0,1,1,0
6527200,[Armor] Circlet of Light,20207,-1,-1,0.5,1,1,1,1,1,1,1,1,1,1,1.1,1.1,1.1,1.1,1,1,1,1,0,0,0,0,1,1,1,1,0,0,0,0,1,-1,-1,0,-1,0,0,0,0,0,0,0,0,0,0,0,1,0,0,0,0,1,1,1,1,0,-1,1,0,1,1,1,1,1,1,1,1,1,1,-1,6506001,-1,1,1,-1,34,0,0,10,0,-1,0,0,0,0,0,100,0,0,0,0,0,0,0,0,0,0,0,0,254,254,0,0,0,0,0,-1,100,1,1,1,1,1,1,1,0,0,0,0,0,0,0,0,1,1,0,0,0,0,0,0,0,0,1,0,0,0,0,0,0,0,0,0,0,0,0,0,0,0,0,0,0,0,0,0,0,1,1,1,1,1,1,1,1,1,1,1,1,1,1,1,1,0,1,0,0,1,0,0,0,0,0,-1,-1,-1,-1,-1,-1,-1,0,0,0,0,-1,-1,-1,-1,-1,-1,-1,0,0,-1,0,-1,1,1,1,1,1,1,1,1,1,0,1.1,1,0,0,-1,-1,1,0,0,0,0,0,0,1,1,1,1,1,1,1,1,0,0,0,0,0,0,0,0,0,0,0,0,0,100,0,0,0,0,0,0,0,0,0,1,1,1,1,1,1,1,1,1,1,1,1,1,1,1,1,1,1,1,1,1,1,1,0,0,0,-1,1,0,0,0,0,0,1,0,1,1,1,1,1,0,0,0,0,1,1,0,1,1,1,-1,0,0,0,0,0,0,1,1,1,0,0,0,0,0,1,1,1,0,0,1,1,0,0,100,0,0,0,0,0,0,0,0,0,0,0,0,0,0,0,0,0,0,1,1,1,1,1,1,1,0,0,0,0,1,1,0
20000101,Scadutree Fragment: 1,-1,-1,0.05,0,1,1,1,0.95238096,0.95238096,0.95238096,0.95238096,0.95238096,0.95238096,0.95238096,1,1,1,1,1,1,1,1,0,0,0,0,1,1,1,1,0,0,0,0,1,-1,-1,0,-1,0,0,0,0,0,0,0,0,0,0,0,1,0,0,0,0,1,1,1,1,0,-1,1,0,1,1,1,1,1,1,1,1,1,1,-1,-1,-1,1,1,-1,0,0,0,20,0,-1,0,0,0,0,0,100,0,0,0,0,0,0,0,0,0,0,0,0,254,254,472,0,0,0,0,-1,100,1,1,1,1,1,1,1,0,0,0,0,0,0,0,0,1,1,0,0,0,0,0,0,0,0,0,0,0,0,0,0,0,0,0,0,0,0,0,0,0,0,0,0,0,0,0,0,0,1,1,1,1,1,1,1,1,1,1,1,1,1,1,1,1,0,1,0,0,1,0,0,0,0,0,-1,-1,-1,-1,-1,-1,-1,0,0,0,0,-1,-1,-1,-1,-1,-1,-1,0,0,-1,0,-1,1,1,1,1,1,1,1,0.95238096,1,0,1,1,0,0,-1,-1,1,0,0,0,0,0,0,1,1,1,1,1,1,1,1,0,0,0,0,0,0,0,0,0,0,0,0,0,100,0,0,0,0,0,1,0,0,0,1,1,1,1,1,1,1,1,1,1,1,1,1.05,1.05,1.05,1.05,1.05,1.05,1.05,1.05,1.05,1.05,1,0,0,0,-1,1,0,0,0,0,0,1,0,1,1,1,1,1,0,0,0,0,1,1,0,1,1,1,-1,0,0,0,0,0,0,0,0,0,0,0,0,0,0,1,1,1,0,0,1,1,0,0,100,0,0,0,0,0,0,0,0,0,0,0,0,0,0,0,0,0,0,1,1,1,1,1,1,1,0,0,0,0,1,1,0
20000102,Scadutree Fragment: 2,-1,-1,0.05,0,1,1,1,0.90909094,0.90909094,0.90909094,0.90909094,0.90909094,0.90909094,0.90909094,1,1,1,1,1,1,1,1,0,0,0,0,1,1,1,1,0,0,0,0,1,-1,-1,0,-1,0,0,0,0,0,0,0,0,0,0,0,1,0,0,0,0,1,1,1,1,0,-1,1,0,1,1,1,1,1,1,1,1,1,1,-1,-1,-1,1,1,-1,0,0,0,20,0,-1,0,0,0,0,0,100,0,0,0,0,0,0,0,0,0,0,0,0,254,254,472,0,0,0,0,-1,100,1,1,1,1,1,1,1,0,0,0,0,0,0,0,0,1,1,0,0,0,0,0,0,0,0,0,0,0,0,0,0,0,0,0,0,0,0,0,0,0,0,0,0,0,0,0,0,0,1,1,1,1,1,1,1,1,1,1,1,1,1,1,1,1,0,1,0,0,1,0,0,0,0,0,-1,-1,-1,-1,-1,-1,-1,0,0,0,0,-1,-1,-1,-1,-1,-1,-1,0,0,-1,0,-1,1,1,1,1,1,1,1,0.90909094,1,0,1,1,0,0,-1,-1,1,0,0,0,0,0,0,1,1,1,1,1,1,1,1,0,0,0,0,0,0,0,0,0,0,0,0,0,100,0,0,0,0,0,1,0,0,0,1,1,1,1,1,1,1,1,1,1,1,1,1.1,1.1,1.1,1.1,1.1,1.1,1.1,1.1,1.1,1.1,1,0,0,0,-1,1,0,0,0,0,0,1,0,1,1,1,1,1,0,0,0,0,1,1,0,1,1,1,-1,0,0,0,0,0,0,0,0,0,0,0,0,0,0,1,1,1,0,0,1,1,0,0,100,0,0,0,0,0,0,0,0,0,0,0,0,0,0,0,0,0,0,1,1,1,1,1,1,1,0,0,0,0,1,1,0
20000103,Scadutree Fragment: 3,-1,-1,0.05,0,1,1,1,0.8695652,0.8695652,0.8695652,0.8695652,0.8695652,0.8695652,0.8695652,1,1,1,1,1,1,1,1,0,0,0,0,1,1,1,1,0,0,0,0,1,-1,-1,0,-1,0,0,0,0,0,0,0,0,0,0,0,1,0,0,0,0,1,1,1,1,0,-1,1,0,1,1,1,1,1,1,1,1,1,1,-1,-1,-1,1,1,-1,0,0,0,20,0,-1,0,0,0,0,0,100,0,0,0,0,0,0,0,0,0,0,0,0,254,254,472,0,0,0,0,-1,100,1,1,1,1,1,1,1,0,0,0,0,0,0,0,0,1,1,0,0,0,0,0,0,0,0,0,0,0,0,0,0,0,0,0,0,0,0,0,0,0,0,0,0,0,0,0,0,0,1,1,1,1,1,1,1,1,1,1,1,1,1,1,1,1,0,1,0,0,1,0,0,0,0,0,-1,-1,-1,-1,-1,-1,-1,0,0,0,0,-1,-1,-1,-1,-1,-1,-1,0,0,-1,0,-1,1,1,1,1,1,1,1,0.8695652,1,0,1,1,0,0,-1,-1,1,0,0,0,0,0,0,1,1,1,1,1,1,1,1,0,0,0,0,0,0,0,0,0,0,0,0,0,100,0,0,0,0,0,1,0,0,0,1,1,1,1,1,1,1,1,1,1,1,1,1.15,1.15,1.15,1.15,1.15,1.15,1.15,1.15,1.15,1.15,1,0,0,0,-1,1,0,0,0,0,0,1,0,1,1,1,1,1,0,0,0,0,1,1,0,1,1,1,-1,0,0,0,0,0,0,0,0,0,0,0,0,0,0,1,1,1,0,0,1,1,0,0,100,0,0,0,0,0,0,0,0,0,0,0,0,0,0,0,0,0,0,1,1,1,1,1,1,1,0,0,0,0,1,1,0
20000104,Scadutree Fragment: 4,-1,-1,0.05,0,1,1,1,0.8333333,0.8333333,0.8333333,0.8333333,0.8333333,0.8333333,0.8333333,1,1,1,1,1,1,1,1,0,0,0,0,1,1,1,1,0,0,0,0,1,-1,-1,0,-1,0,0,0,0,0,0,0,0,0,0,0,1,0,0,0,0,1,1,1,1,0,-1,1,0,1,1,1,1,1,1,1,1,1,1,-1,-1,-1,1,1,-1,0,0,0,20,0,-1,0,0,0,0,0,100,0,0,0,0,0,0,0,0,0,0,0,0,254,254,472,0,0,0,0,-1,100,1,1,1,1,1,1,1,0,0,0,0,0,0,0,0,1,1,0,0,0,0,0,0,0,0,0,0,0,0,0,0,0,0,0,0,0,0,0,0,0,0,0,0,0,0,0,0,0,1,1,1,1,1,1,1,1,1,1,1,1,1,1,1,1,0,1,0,0,1,0,0,0,0,0,-1,-1,-1,-1,-1,-1,-1,0,0,0,0,-1,-1,-1,-1,-1,-1,-1,0,0,-1,0,-1,1,1,1,1,1,1,1,0.8333333,1,0,1,1,0,0,-1,-1,1,0,0,0,0,0,0,1,1,1,1,1,1,1,1,0,0,0,0,0,0,0,0,0,0,0,0,0,100,0,0,0,0,0,1,0,0,0,1,1,1,1,1,1,1,1,1,1,1,1,1.2,1.2,1.2,1.2,1.2,1.2,1.2,1.2,1.2,1.2,1,0,0,0,-1,1,0,0,0,0,0,1,0,1,1,1,1,1,0,0,0,0,1,1,0,1,1,1,-1,0,0,0,0,0,0,0,0,0,0,0,0,0,0,1,1,1,0,0,1,1,0,0,100,0,0,0,0,0,0,0,0,0,0,0,0,0,0,0,0,0,0,1,1,1,1,1,1,1,0,0,0,0,1,1,0
20000105,Scadutree Fragment: 5,-1,-1,0.05,0,1,1,1,0.8,0.8,0.8,0.8,0.8,0.8,0.8,1,1,1,1,1,1,1,1,0,0,0,0,1,1,1,1,0,0,0,0,1,-1,-1,0,-1,0,0,0,0,0,0,0,0,0,0,0,1,0,0,0,0,1,1,1,1,0,-1,1,0,1,1,1,1,1,1,1,1,1,1,-1,-1,-1,1,1,-1,0,0,0,20,0,-1,0,0,0,0,0,100,0,0,0,0,0,0,0,0,0,0,0,0,254,254,472,0,0,0,0,-1,100,1,1,1,1,1,1,1,0,0,0,0,0,0,0,0,1,1,0,0,0,0,0,0,0,0,0,0,0,0,0,0,0,0,0,0,0,0,0,0,0,0,0,0,0,0,0,0,0,1,1,1,1,1,1,1,1,1,1,1,1,1,1,1,1,0,1,0,0,1,0,0,0,0,0,-1,-1,-1,-1,-1,-1,-1,0,0,0,0,-1,-1,-1,-1,-1,-1,-1,0,0,-1,0,-1,1,1,1,1,1,1,1,0.8,1,0,1,1,0,0,-1,-1,1,0,0,0,0,0,0,1,1,1,1,1,1,1,1,0,0,0,0,0,0,0,0,0,0,0,0,0,100,0,0,0,0,0,1,0,0,0,1,1,1,1,1,1,1,1,1,1,1,1,1.25,1.25,1.25,1.25,1.25,1.25,1.25,1.25,1.25,1.25,1,0,0,0,-1,1,0,0,0,0,0,1,0,1,1,1,1,1,0,0,0,0,1,1,0,1,1,1,-1,0,0,0,0,0,0,0,0,0,0,0,0,0,0,1,1,1,0,0,1,1,0,0,100,0,0,0,0,0,0,0,0,0,0,0,0,0,0,0,0,0,0,1,1,1,1,1,1,1,0,0,0,0,1,1,0
20000106,Scadutree Fragment: 6,-1,-1,0.05,0,1,1,1,0.7692308,0.7692308,0.7692308,0.7692308,0.7692308,0.7692308,0.7692308,1,1,1,1,1,1,1,1,0,0,0,0,1,1,1,1,0,0,0,0,1,-1,-1,0,-1,0,0,0,0,0,0,0,0,0,0,0,1,0,0,0,0,1,1,1,1,0,-1,1,0,1,1,1,1,1,1,1,1,1,1,-1,-1,-1,1,1,-1,0,0,0,20,0,-1,0,0,0,0,0,100,0,0,0,0,0,0,0,0,0,0,0,0,254,254,472,0,0,0,0,-1,100,1,1,1,1,1,1,1,0,0,0,0,0,0,0,0,1,1,0,0,0,0,0,0,0,0,0,0,0,0,0,0,0,0,0,0,0,0,0,0,0,0,0,0,0,0,0,0,0,1,1,1,1,1,1,1,1,1,1,1,1,1,1,1,1,0,1,0,0,1,0,0,0,0,0,-1,-1,-1,-1,-1,-1,-1,0,0,0,0,-1,-1,-1,-1,-1,-1,-1,0,0,-1,0,-1,1,1,1,1,1,1,1,0.7692308,1,0,1,1,0,0,-1,-1,1,0,0,0,0,0,0,1,1,1,1,1,1,1,1,0,0,0,0,0,0,0,0,0,0,0,0,0,100,0,0,0,0,0,1,0,0,0,1,1,1,1,1,1,1,1,1,1,1,1,1.3,1.3,1.3,1.3,1.3,1.3,1.3,1.3,1.3,1.3,1,0,0,0,-1,1,0,0,0,0,0,1,0,1,1,1,1,1,0,0,0,0,1,1,0,1,1,1,-1,0,0,0,0,0,0,0,0,0,0,0,0,0,0,1,1,1,0,0,1,1,0,0,100,0,0,0,0,0,0,0,0,0,0,0,0,0,0,0,0,0,0,1,1,1,1,1,1,1,0,0,0,0,1,1,0
20000107,Scadutree Fragment: 7,-1,-1,0.05,0,1,1,1,0.7407407,0.7407407,0.7407407,0.7407407,0.7407407,0.7407407,0.7407407,1,1,1,1,1,1,1,1,0,0,0,0,1,1,1,1,0,0,0,0,1,-1,-1,0,-1,0,0,0,0,0,0,0,0,0,0,0,1,0,0,0,0,1,1,1,1,0,-1,1,0,1,1,1,1,1,1,1,1,1,1,-1,-1,-1,1,1,-1,0,0,0,20,0,-1,0,0,0,0,0,100,0,0,0,0,0,0,0,0,0,0,0,0,254,254,472,0,0,0,0,-1,100,1,1,1,1,1,1,1,0,0,0,0,0,0,0,0,1,1,0,0,0,0,0,0,0,0,0,0,0,0,0,0,0,0,0,0,0,0,0,0,0,0,0,0,0,0,0,0,0,1,1,1,1,1,1,1,1,1,1,1,1,1,1,1,1,0,1,0,0,1,0,0,0,0,0,-1,-1,-1,-1,-1,-1,-1,0,0,0,0,-1,-1,-1,-1,-1,-1,-1,0,0,-1,0,-1,1,1,1,1,1,1,1,0.7407407,1,0,1,1,0,0,-1,-1,1,0,0,0,0,0,0,1,1,1,1,1,1,1,1,0,0,0,0,0,0,0,0,0,0,0,0,0,100,0,0,0,0,0,1,0,0,0,1,1,1,1,1,1,1,1,1,1,1,1,1.35,1.35,1.35,1.35,1.35,1.35,1.35,1.35,1.35,1.35,1,0,0,0,-1,1,0,0,0,0,0,1,0,1,1,1,1,1,0,0,0,0,1,1,0,1,1,1,-1,0,0,0,0,0,0,0,0,0,0,0,0,0,0,1,1,1,0,0,1,1,0,0,100,0,0,0,0,0,0,0,0,0,0,0,0,0,0,0,0,0,0,1,1,1,1,1,1,1,0,0,0,0,1,1,0
20000108,Scadutree Fragment: 8,-1,-1,0.05,0,1,1,1,0.71428573,0.71428573,0.71428573,0.71428573,0.71428573,0.71428573,0.71428573,1,1,1,1,1,1,1,1,0,0,0,0,1,1,1,1,0,0,0,0,1,-1,-1,0,-1,0,0,0,0,0,0,0,0,0,0,0,1,0,0,0,0,1,1,1,1,0,-1,1,0,1,1,1,1,1,1,1,1,1,1,-1,-1,-1,1,1,-1,0,0,0,20,0,-1,0,0,0,0,0,100,0,0,0,0,0,0,0,0,0,0,0,0,254,254,472,0,0,0,0,-1,100,1,1,1,1,1,1,1,0,0,0,0,0,0,0,0,1,1,0,0,0,0,0,0,0,0,0,0,0,0,0,0,0,0,0,0,0,0,0,0,0,0,0,0,0,0,0,0,0,1,1,1,1,1,1,1,1,1,1,1,1,1,1,1,1,0,1,0,0,1,0,0,0,0,0,-1,-1,-1,-1,-1,-1,-1,0,0,0,0,-1,-1,-1,-1,-1,-1,-1,0,0,-1,0,-1,1,1,1,1,1,1,1,0.71428573,1,0,1,1,0,0,-1,-1,1,0,0,0,0,0,0,1,1,1,1,1,1,1,1,0,0,0,0,0,0,0,0,0,0,0,0,0,100,0,0,0,0,0,1,0,0,0,1,1,1,1,1,1,1,1,1,1,1,1,1.4,1.4,1.4,1.4,1.4,1.4,1.4,1.4,1.4,1.4,1,0,0,0,-1,1,0,0,0,0,0,1,0,1,1,1,1,1,0,0,0,0,1,1,0,1,1,1,-1,0,0,0,0,0,0,0,0,0,0,0,0,0,0,1,1,1,0,0,1,1,0,0,100,0,0,0,0,0,0,0,0,0,0,0,0,0,0,0,0,0,0,1,1,1,1,1,1,1,0,0,0,0,1,1,0
20000109,Scadutree Fragment: 9,-1,-1,0.05,0,1,1,1,0.6896552,0.6896552,0.6896552,0.6896552,0.6896552,0.6896552,0.6896552,1,1,1,1,1,1,1,1,0,0,0,0,1,1,1,1,0,0,0,0,1,-1,-1,0,-1,0,0,0,0,0,0,0,0,0,0,0,1,0,0,0,0,1,1,1,1,0,-1,1,0,1,1,1,1,1,1,1,1,1,1,-1,-1,-1,1,1,-1,0,0,0,20,0,-1,0,0,0,0,0,100,0,0,0,0,0,0,0,0,0,0,0,0,254,254,472,0,0,0,0,-1,100,1,1,1,1,1,1,1,0,0,0,0,0,0,0,0,1,1,0,0,0,0,0,0,0,0,0,0,0,0,0,0,0,0,0,0,0,0,0,0,0,0,0,0,0,0,0,0,0,1,1,1,1,1,1,1,1,1,1,1,1,1,1,1,1,0,1,0,0,1,0,0,0,0,0,-1,-1,-1,-1,-1,-1,-1,0,0,0,0,-1,-1,-1,-1,-1,-1,-1,0,0,-1,0,-1,1,1,1,1,1,1,1,0.6896552,1,0,1,1,0,0,-1,-1,1,0,0,0,0,0,0,1,1,1,1,1,1,1,1,0,0,0,0,0,0,0,0,0,0,0,0,0,100,0,0,0,0,0,1,0,0,0,1,1,1,1,1,1,1,1,1,1,1,1,1.45,1.45,1.45,1.45,1.45,1.45,1.45,1.45,1.45,1.45,1,0,0,0,-1,1,0,0,0,0,0,1,0,1,1,1,1,1,0,0,0,0,1,1,0,1,1,1,-1,0,0,0,0,0,0,0,0,0,0,0,0,0,0,1,1,1,0,0,1,1,0,0,100,0,0,0,0,0,0,0,0,0,0,0,0,0,0,0,0,0,0,1,1,1,1,1,1,1,0,0,0,0,1,1,0
20000110,Scadutree Fragment: 10,-1,-1,0.05,0,1,1,1,0.6666667,0.6666667,0.6666667,0.6666667,0.6666667,0.6666667,0.6666667,1,1,1,1,1,1,1,1,0,0,0,0,1,1,1,1,0,0,0,0,1,-1,-1,0,-1,0,0,0,0,0,0,0,0,0,0,0,1,0,0,0,0,1,1,1,1,0,-1,1,0,1,1,1,1,1,1,1,1,1,1,-1,-1,-1,1,1,-1,0,0,0,20,0,-1,0,0,0,0,0,100,0,0,0,0,0,0,0,0,0,0,0,0,254,254,472,0,0,0,0,-1,100,1,1,1,1,1,1,1,0,0,0,0,0,0,0,0,1,1,0,0,0,0,0,0,0,0,0,0,0,0,0,0,0,0,0,0,0,0,0,0,0,0,0,0,0,0,0,0,0,1,1,1,1,1,1,1,1,1,1,1,1,1,1,1,1,0,1,0,0,1,0,0,0,0,0,-1,-1,-1,-1,-1,-1,-1,0,0,0,0,-1,-1,-1,-1,-1,-1,-1,0,0,-1,0,-1,1,1,1,1,1,1,1,0.6666667,1,0,1,1,0,0,-1,-1,1,0,0,0,0,0,0,1,1,1,1,1,1,1,1,0,0,0,0,0,0,0,0,0,0,0,0,0,100,0,0,0,0,0,1,0,0,0,1,1,1,1,1,1,1,1,1,1,1,1,1.5,1.5,1.5,1.5,1.5,1.5,1.5,1.5,1.5,1.5,1,0,0,0,-1,1,0,0,0,0,0,1,0,1,1,1,1,1,0,0,0,0,1,1,0,1,1,1,-1,0,0,0,0,0,0,0,0,0,0,0,0,0,0,1,1,1,0,0,1,1,0,0,100,0,0,0,0,0,0,0,0,0,0,0,0,0,0,0,0,0,0,1,1,1,1,1,1,1,0,0,0,0,1,1,0
20000111,Scadutree Fragment: 11,-1,-1,0.05,0,1,1,1,0.6451613,0.6451613,0.6451613,0.6451613,0.6451613,0.6451613,0.6451613,1,1,1,1,1,1,1,1,0,0,0,0,1,1,1,1,0,0,0,0,1,-1,-1,0,-1,0,0,0,0,0,0,0,0,0,0,0,1,0,0,0,0,1,1,1,1,0,-1,1,0,1,1,1,1,1,1,1,1,1,1,-1,-1,-1,1,1,-1,0,0,0,20,0,-1,0,0,0,0,0,100,0,0,0,0,0,0,0,0,0,0,0,0,254,254,472,0,0,0,0,-1,100,1,1,1,1,1,1,1,0,0,0,0,0,0,0,0,1,1,0,0,0,0,0,0,0,0,0,0,0,0,0,0,0,0,0,0,0,0,0,0,0,0,0,0,0,0,0,0,0,1,1,1,1,1,1,1,1,1,1,1,1,1,1,1,1,0,1,0,0,1,0,0,0,0,0,-1,-1,-1,-1,-1,-1,-1,0,0,0,0,-1,-1,-1,-1,-1,-1,-1,0,0,-1,0,-1,1,1,1,1,1,1,1,0.6451613,1,0,1,1,0,0,-1,-1,1,0,0,0,0,0,0,1,1,1,1,1,1,1,1,0,0,0,0,0,0,0,0,0,0,0,0,0,100,0,0,0,0,0,1,0,0,0,1,1,1,1,1,1,1,1,1,1,1,1,1.55,1.55,1.55,1.55,1.55,1.55,1.55,1.55,1.55,1.55,1,0,0,0,-1,1,0,0,0,0,0,1,0,1,1,1,1,1,0,0,0,0,1,1,0,1,1,1,-1,0,0,0,0,0,0,0,0,0,0,0,0,0,0,1,1,1,0,0,1,1,0,0,100,0,0,0,0,0,0,0,0,0,0,0,0,0,0,0,0,0,0,1,1,1,1,1,1,1,0,0,0,0,1,1,0
20000112,Scadutree Fragment: 12,-1,-1,0.05,0,1,1,1,0.625,0.625,0.625,0.625,0.625,0.625,0.625,1,1,1,1,1,1,1,1,0,0,0,0,1,1,1,1,0,0,0,0,1,-1,-1,0,-1,0,0,0,0,0,0,0,0,0,0,0,1,0,0,0,0,1,1,1,1,0,-1,1,0,1,1,1,1,1,1,1,1,1,1,-1,-1,-1,1,1,-1,0,0,0,20,0,-1,0,0,0,0,0,100,0,0,0,0,0,0,0,0,0,0,0,0,254,254,472,0,0,0,0,-1,100,1,1,1,1,1,1,1,0,0,0,0,0,0,0,0,1,1,0,0,0,0,0,0,0,0,0,0,0,0,0,0,0,0,0,0,0,0,0,0,0,0,0,0,0,0,0,0,0,1,1,1,1,1,1,1,1,1,1,1,1,1,1,1,1,0,1,0,0,1,0,0,0,0,0,-1,-1,-1,-1,-1,-1,-1,0,0,0,0,-1,-1,-1,-1,-1,-1,-1,0,0,-1,0,-1,1,1,1,1,1,1,1,0.625,1,0,1,1,0,0,-1,-1,1,0,0,0,0,0,0,1,1,1,1,1,1,1,1,0,0,0,0,0,0,0,0,0,0,0,0,0,100,0,0,0,0,0,1,0,0,0,1,1,1,1,1,1,1,1,1,1,1,1,1.6,1.6,1.6,1.6,1.6,1.6,1.6,1.6,1.6,1.6,1,0,0,0,-1,1,0,0,0,0,0,1,0,1,1,1,1,1,0,0,0,0,1,1,0,1,1,1,-1,0,0,0,0,0,0,0,0,0,0,0,0,0,0,1,1,1,0,0,1,1,0,0,100,0,0,0,0,0,0,0,0,0,0,0,0,0,0,0,0,0,0,1,1,1,1,1,1,1,0,0,0,0,1,1,0
20000113,Scadutree Fragment: 13,-1,-1,0.05,0,1,1,1,0.6060606,0.6060606,0.6060606,0.6060606,0.6060606,0.6060606,0.6060606,1,1,1,1,1,1,1,1,0,0,0,0,1,1,1,1,0,0,0,0,1,-1,-1,0,-1,0,0,0,0,0,0,0,0,0,0,0,1,0,0,0,0,1,1,1,1,0,-1,1,0,1,1,1,1,1,1,1,1,1,1,-1,-1,-1,1,1,-1,0,0,0,20,0,-1,0,0,0,0,0,100,0,0,0,0,0,0,0,0,0,0,0,0,254,254,472,0,0,0,0,-1,100,1,1,1,1,1,1,1,0,0,0,0,0,0,0,0,1,1,0,0,0,0,0,0,0,0,0,0,0,0,0,0,0,0,0,0,0,0,0,0,0,0,0,0,0,0,0,0,0,1,1,1,1,1,1,1,1,1,1,1,1,1,1,1,1,0,1,0,0,1,0,0,0,0,0,-1,-1,-1,-1,-1,-1,-1,0,0,0,0,-1,-1,-1,-1,-1,-1,-1,0,0,-1,0,-1,1,1,1,1,1,1,1,0.6060606,1,0,1,1,0,0,-1,-1,1,0,0,0,0,0,0,1,1,1,1,1,1,1,1,0,0,0,0,0,0,0,0,0,0,0,0,0,100,0,0,0,0,0,1,0,0,0,1,1,1,1,1,1,1,1,1,1,1,1,1.65,1.65,1.65,1.65,1.65,1.65,1.65,1.65,1.65,1.65,1,0,0,0,-1,1,0,0,0,0,0,1,0,1,1,1,1,1,0,0,0,0,1,1,0,1,1,1,-1,0,0,0,0,0,0,0,0,0,0,0,0,0,0,1,1,1,0,0,1,1,0,0,100,0,0,0,0,0,0,0,0,0,0,0,0,0,0,0,0,0,0,1,1,1,1,1,1,1,0,0,0,0,1,1,0
20000114,Scadutree Fragment: 14,-1,-1,0.05,0,1,1,1,0.5882353,0.5882353,0.5882353,0.5882353,0.5882353,0.5882353,0.5882353,1,1,1,1,1,1,1,1,0,0,0,0,1,1,1,1,0,0,0,0,1,-1,-1,0,-1,0,0,0,0,0,0,0,0,0,0,0,1,0,0,0,0,1,1,1,1,0,-1,1,0,1,1,1,1,1,1,1,1,1,1,-1,-1,-1,1,1,-1,0,0,0,20,0,-1,0,0,0,0,0,100,0,0,0,0,0,0,0,0,0,0,0,0,254,254,472,0,0,0,0,-1,100,1,1,1,1,1,1,1,0,0,0,0,0,0,0,0,1,1,0,0,0,0,0,0,0,0,0,0,0,0,0,0,0,0,0,0,0,0,0,0,0,0,0,0,0,0,0,0,0,1,1,1,1,1,1,1,1,1,1,1,1,1,1,1,1,0,1,0,0,1,0,0,0,0,0,-1,-1,-1,-1,-1,-1,-1,0,0,0,0,-1,-1,-1,-1,-1,-1,-1,0,0,-1,0,-1,1,1,1,1,1,1,1,0.5882353,1,0,1,1,0,0,-1,-1,1,0,0,0,0,0,0,1,1,1,1,1,1,1,1,0,0,0,0,0,0,0,0,0,0,0,0,0,100,0,0,0,0,0,1,0,0,0,1,1,1,1,1,1,1,1,1,1,1,1,1.7,1.7,1.7,1.7,1.7,1.7,1.7,1.7,1.7,1.7,1,0,0,0,-1,1,0,0,0,0,0,1,0,1,1,1,1,1,0,0,0,0,1,1,0,1,1,1,-1,0,0,0,0,0,0,0,0,0,0,0,0,0,0,1,1,1,0,0,1,1,0,0,100,0,0,0,0,0,0,0,0,0,0,0,0,0,0,0,0,0,0,1,1,1,1,1,1,1,0,0,0,0,1,1,0
20000115,Scadutree Fragment: 15,-1,-1,0.05,0,1,1,1,0.5714286,0.5714286,0.5714286,0.5714286,0.5714286,0.5714286,0.5714286,1,1,1,1,1,1,1,1,0,0,0,0,1,1,1,1,0,0,0,0,1,-1,-1,0,-1,0,0,0,0,0,0,0,0,0,0,0,1,0,0,0,0,1,1,1,1,0,-1,1,0,1,1,1,1,1,1,1,1,1,1,-1,-1,-1,1,1,-1,0,0,0,20,0,-1,0,0,0,0,0,100,0,0,0,0,0,0,0,0,0,0,0,0,254,254,472,0,0,0,0,-1,100,1,1,1,1,1,1,1,0,0,0,0,0,0,0,0,1,1,0,0,0,0,0,0,0,0,0,0,0,0,0,0,0,0,0,0,0,0,0,0,0,0,0,0,0,0,0,0,0,1,1,1,1,1,1,1,1,1,1,1,1,1,1,1,1,0,1,0,0,1,0,0,0,0,0,-1,-1,-1,-1,-1,-1,-1,0,0,0,0,-1,-1,-1,-1,-1,-1,-1,0,0,-1,0,-1,1,1,1,1,1,1,1,0.5714286,1,0,1,1,0,0,-1,-1,1,0,0,0,0,0,0,1,1,1,1,1,1,1,1,0,0,0,0,0,0,0,0,0,0,0,0,0,100,0,0,0,0,0,1,0,0,0,1,1,1,1,1,1,1,1,1,1,1,1,1.75,1.75,1.75,1.75,1.75,1.75,1.75,1.75,1.75,1.75,1,0,0,0,-1,1,0,0,0,0,0,1,0,1,1,1,1,1,0,0,0,0,1,1,0,1,1,1,-1,0,0,0,0,0,0,0,0,0,0,0,0,0,0,1,1,1,0,0,1,1,0,0,100,0,0,0,0,0,0,0,0,0,0,0,0,0,0,0,0,0,0,1,1,1,1,1,1,1,0,0,0,0,1,1,0
20000116,Scadutree Fragment: 16,-1,-1,0.05,0,1,1,1,0.5555556,0.5555556,0.5555556,0.5555556,0.5555556,0.5555556,0.5555556,1,1,1,1,1,1,1,1,0,0,0,0,1,1,1,1,0,0,0,0,1,-1,-1,0,-1,0,0,0,0,0,0,0,0,0,0,0,1,0,0,0,0,1,1,1,1,0,-1,1,0,1,1,1,1,1,1,1,1,1,1,-1,-1,-1,1,1,-1,0,0,0,20,0,-1,0,0,0,0,0,100,0,0,0,0,0,0,0,0,0,0,0,0,254,254,472,0,0,0,0,-1,100,1,1,1,1,1,1,1,0,0,0,0,0,0,0,0,1,1,0,0,0,0,0,0,0,0,0,0,0,0,0,0,0,0,0,0,0,0,0,0,0,0,0,0,0,0,0,0,0,1,1,1,1,1,1,1,1,1,1,1,1,1,1,1,1,0,1,0,0,1,0,0,0,0,0,-1,-1,-1,-1,-1,-1,-1,0,0,0,0,-1,-1,-1,-1,-1,-1,-1,0,0,-1,0,-1,1,1,1,1,1,1,1,0.5555556,1,0,1,1,0,0,-1,-1,1,0,0,0,0,0,0,1,1,1,1,1,1,1,1,0,0,0,0,0,0,0,0,0,0,0,0,0,100,0,0,0,0,0,1,0,0,0,1,1,1,1,1,1,1,1,1,1,1,1,1.8,1.8,1.8,1.8,1.8,1.8,1.8,1.8,1.8,1.8,1,0,0,0,-1,1,0,0,0,0,0,1,0,1,1,1,1,1,0,0,0,0,1,1,0,1,1,1,-1,0,0,0,0,0,0,0,0,0,0,0,0,0,0,1,1,1,0,0,1,1,0,0,100,0,0,0,0,0,0,0,0,0,0,0,0,0,0,0,0,0,0,1,1,1,1,1,1,1,0,0,0,0,1,1,0
20000117,Scadutree Fragment: 17,-1,-1,0.05,0,1,1,1,0.5405405,0.5405405,0.5405405,0.5405405,0.5405405,0.5405405,0.5405405,1,1,1,1,1,1,1,1,0,0,0,0,1,1,1,1,0,0,0,0,1,-1,-1,0,-1,0,0,0,0,0,0,0,0,0,0,0,1,0,0,0,0,1,1,1,1,0,-1,1,0,1,1,1,1,1,1,1,1,1,1,-1,-1,-1,1,1,-1,0,0,0,20,0,-1,0,0,0,0,0,100,0,0,0,0,0,0,0,0,0,0,0,0,254,254,472,0,0,0,0,-1,100,1,1,1,1,1,1,1,0,0,0,0,0,0,0,0,1,1,0,0,0,0,0,0,0,0,0,0,0,0,0,0,0,0,0,0,0,0,0,0,0,0,0,0,0,0,0,0,0,1,1,1,1,1,1,1,1,1,1,1,1,1,1,1,1,0,1,0,0,1,0,0,0,0,0,-1,-1,-1,-1,-1,-1,-1,0,0,0,0,-1,-1,-1,-1,-1,-1,-1,0,0,-1,0,-1,1,1,1,1,1,1,1,0.5405405,1,0,1,1,0,0,-1,-1,1,0,0,0,0,0,0,1,1,1,1,1,1,1,1,0,0,0,0,0,0,0,0,0,0,0,0,0,100,0,0,0,0,0,1,0,0,0,1,1,1,1,1,1,1,1,1,1,1,1,1.85,1.85,1.85,1.85,1.85,1.85,1.85,1.85,1.85,1.85,1,0,0,0,-1,1,0,0,0,0,0,1,0,1,1,1,1,1,0,0,0,0,1,1,0,1,1,1,-1,0,0,0,0,0,0,0,0,0,0,0,0,0,0,1,1,1,0,0,1,1,0,0,100,0,0,0,0,0,0,0,0,0,0,0,0,0,0,0,0,0,0,1,1,1,1,1,1,1,0,0,0,0,1,1,0
20000118,Scadutree Fragment: 18,-1,-1,0.05,0,1,1,1,0.5263158,0.5263158,0.5263158,0.5263158,0.5263158,0.5263158,0.5263158,1,1,1,1,1,1,1,1,0,0,0,0,1,1,1,1,0,0,0,0,1,-1,-1,0,-1,0,0,0,0,0,0,0,0,0,0,0,1,0,0,0,0,1,1,1,1,0,-1,1,0,1,1,1,1,1,1,1,1,1,1,-1,-1,-1,1,1,-1,0,0,0,20,0,-1,0,0,0,0,0,100,0,0,0,0,0,0,0,0,0,0,0,0,254,254,472,0,0,0,0,-1,100,1,1,1,1,1,1,1,0,0,0,0,0,0,0,0,1,1,0,0,0,0,0,0,0,0,0,0,0,0,0,0,0,0,0,0,0,0,0,0,0,0,0,0,0,0,0,0,0,1,1,1,1,1,1,1,1,1,1,1,1,1,1,1,1,0,1,0,0,1,0,0,0,0,0,-1,-1,-1,-1,-1,-1,-1,0,0,0,0,-1,-1,-1,-1,-1,-1,-1,0,0,-1,0,-1,1,1,1,1,1,1,1,0.5263158,1,0,1,1,0,0,-1,-1,1,0,0,0,0,0,0,1,1,1,1,1,1,1,1,0,0,0,0,0,0,0,0,0,0,0,0,0,100,0,0,0,0,0,1,0,0,0,1,1,1,1,1,1,1,1,1,1,1,1,1.9,1.9,1.9,1.9,1.9,1.9,1.9,1.9,1.9,1.9,1,0,0,0,-1,1,0,0,0,0,0,1,0,1,1,1,1,1,0,0,0,0,1,1,0,1,1,1,-1,0,0,0,0,0,0,0,0,0,0,0,0,0,0,1,1,1,0,0,1,1,0,0,100,0,0,0,0,0,0,0,0,0,0,0,0,0,0,0,0,0,0,1,1,1,1,1,1,1,0,0,0,0,1,1,0
20000119,Scadutree Fragment: 19,-1,-1,0.05,0,1,1,1,0.51282054,0.51282054,0.51282054,0.51282054,0.51282054,0.51282054,0.51282054,1,1,1,1,1,1,1,1,0,0,0,0,1,1,1,1,0,0,0,0,1,-1,-1,0,-1,0,0,0,0,0,0,0,0,0,0,0,1,0,0,0,0,1,1,1,1,0,-1,1,0,1,1,1,1,1,1,1,1,1,1,-1,-1,-1,1,1,-1,0,0,0,20,0,-1,0,0,0,0,0,100,0,0,0,0,0,0,0,0,0,0,0,0,254,254,472,0,0,0,0,-1,100,1,1,1,1,1,1,1,0,0,0,0,0,0,0,0,1,1,0,0,0,0,0,0,0,0,0,0,0,0,0,0,0,0,0,0,0,0,0,0,0,0,0,0,0,0,0,0,0,1,1,1,1,1,1,1,1,1,1,1,1,1,1,1,1,0,1,0,0,1,0,0,0,0,0,-1,-1,-1,-1,-1,-1,-1,0,0,0,0,-1,-1,-1,-1,-1,-1,-1,0,0,-1,0,-1,1,1,1,1,1,1,1,0.51282054,1,0,1,1,0,0,-1,-1,1,0,0,0,0,0,0,1,1,1,1,1,1,1,1,0,0,0,0,0,0,0,0,0,0,0,0,0,100,0,0,0,0,0,1,0,0,0,1,1,1,1,1,1,1,1,1,1,1,1,1.95,1.95,1.95,1.95,1.95,1.95,1.95,1.95,1.95,1.95,1,0,0,0,-1,1,0,0,0,0,0,1,0,1,1,1,1,1,0,0,0,0,1,1,0,1,1,1,-1,0,0,0,0,0,0,0,0,0,0,0,0,0,0,1,1,1,0,0,1,1,0,0,100,0,0,0,0,0,0,0,0,0,0,0,0,0,0,0,0,0,0,1,1,1,1,1,1,1,0,0,0,0,1,1,0
20000120,Scadutree Fragment: 20,-1,-1,0.05,0,1,1,1,0.5,0.5,0.5,0.5,0.5,0.5,0.5,1,1,1,1,1,1,1,1,0,0,0,0,1,1,1,1,0,0,0,0,1,-1,-1,0,-1,0,0,0,0,0,0,0,0,0,0,0,1,0,0,0,0,1,1,1,1,0,-1,1,0,1,1,1,1,1,1,1,1,1,1,-1,-1,-1,1,1,-1,0,0,0,20,0,-1,0,0,0,0,0,100,0,0,0,0,0,0,0,0,0,0,0,0,254,254,472,0,0,0,0,-1,100,1,1,1,1,1,1,1,0,0,0,0,0,0,0,0,1,1,0,0,0,0,0,0,0,0,0,0,0,0,0,0,0,0,0,0,0,0,0,0,0,0,0,0,0,0,0,0,0,1,1,1,1,1,1,1,1,1,1,1,1,1,1,1,1,0,1,0,0,1,0,0,0,0,0,-1,-1,-1,-1,-1,-1,-1,0,0,0,0,-1,-1,-1,-1,-1,-1,-1,0,0,-1,0,-1,1,1,1,1,1,1,1,0.5,1,0,1,1,0,0,-1,-1,1,0,0,0,0,0,0,1,1,1,1,1,1,1,1,0,0,0,0,0,0,0,0,0,0,0,0,0,100,0,0,0,0,0,1,0,0,0,1,1,1,1,1,1,1,1,1,1,1,1,2,2,2,2,2,2,2,2,2,2,1,0,0,0,-1,1,0,0,0,0,0,1,0,1,1,1,1,1,0,0,0,0,1,1,0,1,1,1,-1,0,0,0,0,0,0,0,0,0,0,0,0,0,0,1,1,1,0,0,1,1,0,0,100,0,0,0,0,0,0,0,0,0,0,0,0,0,0,0,0,0,0,1,1,1,1,1,1,1,0,0,0,0,1,1,0
20000200,Revered Spirit Ash: 0,-1,-1,0.05,0,1,1,1,1,1,1,1,1,1,1,1,1,1,1,1,1,1,1,0,0,0,0,1,1,1,1,0,0,0,0,1,-1,-1,0,-1,0,0,0,0,0,0,0,0,0,0,0,1,0,0,0,0,1,1,1,1,0,-1,1,0,1,1,1,1,1,1,1,1,1,1,-1,-1,-1,1,1,-1,0,0,0,20,0,-1,0,0,0,0,0,100,0,0,0,0,0,0,0,0,0,0,0,0,254,254,0,0,0,0,0,-1,100,1,1,1,1,1,1,1,0,0,0,0,0,0,0,0,1,1,0,0,0,0,0,0,0,0,0,0,0,0,0,0,0,0,0,0,0,0,0,0,0,0,0,0,0,0,0,0,0,1,1,1,1,1,1,1,1,1,1,1,1,1,1,1,1,0,1,0,0,1,0,0,0,0,0,-1,-1,-1,-1,-1,-1,-1,0,0,0,0,-1,-1,-1,-1,-1,-1,-1,0,0,-1,0,-1,1,1,1,1,1,1,1,1,1,0,1,1,0,0,-1,-1,1,0,0,0,0,0,0,1,1,1,1,1,1,1,1,0,0,0,0,0,0,0,0,0,0,0,0,0,100,0,0,0,0,0,1,0,0,0,1,1,1,1,1,1,1,1,1,1,1,1,1,1,1,1,1,1,1,1,1,1,1,0,0,0,-1,1,0,0,0,0,0,1,0,1,1,1,1,1,0,0,0,0,1,1,0,1,1,1,-1,0,0,0,0,0,0,0,0,0,0,0,0,0,0,1,1,1,0,0,1,1,0,0,100,0,0,0,0,0,0,0,0,0,0,0,0,0,0,0,0,0,0,1,1,1,1,1,1,1,0,0,0,0,1,1,0
20000201,Revered Spirit Ash: 1,-1,-1,0.05,0,1,1,1,0.9318182,0.9318182,0.9318182,0.9318182,0.9318182,0.9318182,0.9318182,1.075,1.075,1.075,1.075,1,1,1,1,0,0,0,0,1,1,1,1,0,0,0,0,1,-1,-1,0,-1,0,0,0,0,0,0,0,0,0,0,0,1,0,0,0,0,1,1,1,1,0,-1,1,0,1,1,1,1,1,1,1,1,1,1,-1,-1,-1,1,1,-1,0,0,0,20,0,-1,0,0,0,0,0,100,0,0,0,0,0,0,0,0,0,0,0,0,254,254,0,0,0,0,0,-1,100,1,1,1,1,1,1,1,0,0,0,0,0,0,0,0,1,1,0,0,0,0,0,0,0,0,0,0,0,0,0,0,0,0,0,0,0,0,0,0,0,0,0,0,0,0,0,0,0,1,1,1,1,1,1,1,1,1,1,1,1,1,1,1,1,0,1,0,0,1,0,0,0,0,0,-1,-1,-1,-1,-1,-1,-1,0,0,0,0,-1,-1,-1,-1,-1,-1,-1,0,0,-1,0,-1,1,1,1,1,1,1,1,0.9318182,1,0,1.075,1,0,0,-1,-1,1,0,0,0,0,0,0,1.075,1.075,1.075,1.075,1,1,1,1,0,0,0,0,0,0,0,0,0,0,0,0,0,100,0,0,0,0,0,1,0,0,0,1,1,1,1,1,1,1,1,1,1,1,1,1,1,1,1,1,1,1,1,1,1,1,0,0,0,-1,1,0,0,0,0,0,1,0,1,1,1,1,1,0,0,0,0,1,1,0,1,1,1,-1,0,0,0,0,0,0,0,0,0,0,0,0,0,0,1,1,1,0,0,1,1,0,0,100,0,0,0,0,0,0,0,0,0,0,0,0,0,0,0,0,0,0,1,1,1,1,1,1,1,0,0,0,0,1,1,0
20000202,Revered Spirit Ash: 2,-1,-1,0.05,0,1,1,1,0.875,0.875,0.875,0.875,0.875,0.875,0.875,1.15,1.15,1.15,1.15,1,1,1,1,0,0,0,0,1,1,1,1,0,0,0,0,1,-1,-1,0,-1,0,0,0,0,0,0,0,0,0,0,0,1,0,0,0,0,1,1,1,1,0,-1,1,0,1,1,1,1,1,1,1,1,1,1,-1,-1,-1,1,1,-1,0,0,0,20,0,-1,0,0,0,0,0,100,0,0,0,0,0,0,0,0,0,0,0,0,254,254,0,0,0,0,0,-1,100,1,1,1,1,1,1,1,0,0,0,0,0,0,0,0,1,1,0,0,0,0,0,0,0,0,0,0,0,0,0,0,0,0,0,0,0,0,0,0,0,0,0,0,0,0,0,0,0,1,1,1,1,1,1,1,1,1,1,1,1,1,1,1,1,0,1,0,0,1,0,0,0,0,0,-1,-1,-1,-1,-1,-1,-1,0,0,0,0,-1,-1,-1,-1,-1,-1,-1,0,0,-1,0,-1,1,1,1,1,1,1,1,0.875,1,0,1.15,1,0,0,-1,-1,1,0,0,0,0,0,0,1.15,1.15,1.15,1.15,1,1,1,1,0,0,0,0,0,0,0,0,0,0,0,0,0,100,0,0,0,0,0,1,0,0,0,1,1,1,1,1,1,1,1,1,1,1,1,1,1,1,1,1,1,1,1,1,1,1,0,0,0,-1,1,0,0,0,0,0,1,0,1,1,1,1,1,0,0,0,0,1,1,0,1,1,1,-1,0,0,0,0,0,0,0,0,0,0,0,0,0,0,1,1,1,0,0,1,1,0,0,100,0,0,0,0,0,0,0,0,0,0,0,0,0,0,0,0,0,0,1,1,1,1,1,1,1,0,0,0,0,1,1,0
20000203,Revered Spirit Ash: 3,-1,-1,0.05,0,1,1,1,0.8269231,0.8269231,0.8269231,0.8269231,0.8269231,0.8269231,0.8269231,1.225,1.225,1.225,1.225,1,1,1,1,0,0,0,0,1,1,1,1,0,0,0,0,1,-1,-1,0,-1,0,0,0,0,0,0,0,0,0,0,0,1,0,0,0,0,1,1,1,1,0,-1,1,0,1,1,1,1,1,1,1,1,1,1,-1,-1,-1,1,1,-1,0,0,0,20,0,-1,0,0,0,0,0,100,0,0,0,0,0,0,0,0,0,0,0,0,254,254,0,0,0,0,0,-1,100,1,1,1,1,1,1,1,0,0,0,0,0,0,0,0,1,1,0,0,0,0,0,0,0,0,0,0,0,0,0,0,0,0,0,0,0,0,0,0,0,0,0,0,0,0,0,0,0,1,1,1,1,1,1,1,1,1,1,1,1,1,1,1,1,0,1,0,0,1,0,0,0,0,0,-1,-1,-1,-1,-1,-1,-1,0,0,0,0,-1,-1,-1,-1,-1,-1,-1,0,0,-1,0,-1,1,1,1,1,1,1,1,0.8269231,1,0,1.225,1,0,0,-1,-1,1,0,0,0,0,0,0,1.225,1.225,1.225,1.225,1,1,1,1,0,0,0,0,0,0,0,0,0,0,0,0,0,100,0,0,0,0,0,1,0,0,0,1,1,1,1,1,1,1,1,1,1,1,1,1,1,1,1,1,1,1,1,1,1,1,0,0,0,-1,1,0,0,0,0,0,1,0,1,1,1,1,1,0,0,0,0,1,1,0,1,1,1,-1,0,0,0,0,0,0,0,0,0,0,0,0,0,0,1,1,1,0,0,1,1,0,0,100,0,0,0,0,0,0,0,0,0,0,0,0,0,0,0,0,0,0,1,1,1,1,1,1,1,0,0,0,0,1,1,0
20000204,Revered Spirit Ash: 4,-1,-1,0.05,0,1,1,1,0.78571427,0.78571427,0.78571427,0.78571427,0.78571427,0.78571427,0.78571427,1.3,1.3,1.3,1.3,1,1,1,1,0,0,0,0,1,1,1,1,0,0,0,0,1,-1,-1,0,-1,0,0,0,0,0,0,0,0,0,0,0,1,0,0,0,0,1,1,1,1,0,-1,1,0,1,1,1,1,1,1,1,1,1,1,-1,-1,-1,1,1,-1,0,0,0,20,0,-1,0,0,0,0,0,100,0,0,0,0,0,0,0,0,0,0,0,0,254,254,0,0,0,0,0,-1,100,1,1,1,1,1,1,1,0,0,0,0,0,0,0,0,1,1,0,0,0,0,0,0,0,0,0,0,0,0,0,0,0,0,0,0,0,0,0,0,0,0,0,0,0,0,0,0,0,1,1,1,1,1,1,1,1,1,1,1,1,1,1,1,1,0,1,0,0,1,0,0,0,0,0,-1,-1,-1,-1,-1,-1,-1,0,0,0,0,-1,-1,-1,-1,-1,-1,-1,0,0,-1,0,-1,1,1,1,1,1,1,1,0.78571427,1,0,1.3,1,0,0,-1,-1,1,0,0,0,0,0,0,1.3,1.3,1.3,1.3,1,1,1,1,0,0,0,0,0,0,0,0,0,0,0,0,0,100,0,0,0,0,0,1,0,0,0,1,1,1,1,1,1,1,1,1,1,1,1,1,1,1,1,1,1,1,1,1,1,1,0,0,0,-1,1,0,0,0,0,0,1,0,1,1,1,1,1,0,0,0,0,1,1,0,1,1,1,-1,0,0,0,0,0,0,0,0,0,0,0,0,0,0,1,1,1,0,0,1,1,0,0,100,0,0,0,0,0,0,0,0,0,0,0,0,0,0,0,0,0,0,1,1,1,1,1,1,1,0,0,0,0,1,1,0
20000205,Revered Spirit Ash: 5,-1,-1,0.05,0,1,1,1,0.75,0.75,0.75,0.75,0.75,0.75,0.75,1.375,1.375,1.375,1.375,1,1,1,1,0,0,0,0,1,1,1,1,0,0,0,0,1,-1,-1,0,-1,0,0,0,0,0,0,0,0,0,0,0,1,0,0,0,0,1,1,1,1,0,-1,1,0,1,1,1,1,1,1,1,1,1,1,-1,-1,-1,1,1,-1,0,0,0,20,0,-1,0,0,0,0,0,100,0,0,0,0,0,0,0,0,0,0,0,0,254,254,0,0,0,0,0,-1,100,1,1,1,1,1,1,1,0,0,0,0,0,0,0,0,1,1,0,0,0,0,0,0,0,0,0,0,0,0,0,0,0,0,0,0,0,0,0,0,0,0,0,0,0,0,0,0,0,1,1,1,1,1,1,1,1,1,1,1,1,1,1,1,1,0,1,0,0,1,0,0,0,0,0,-1,-1,-1,-1,-1,-1,-1,0,0,0,0,-1,-1,-1,-1,-1,-1,-1,0,0,-1,0,-1,1,1,1,1,1,1,1,0.75,1,0,1.375,1,0,0,-1,-1,1,0,0,0,0,0,0,1.375,1.375,1.375,1.375,1,1,1,1,0,0,0,0,0,0,0,0,0,0,0,0,0,100,0,0,0,0,0,1,0,0,0,1,1,1,1,1,1,1,1,1,1,1,1,1,1,1,1,1,1,1,1,1,1,1,0,0,0,-1,1,0,0,0,0,0,1,0,1,1,1,1,1,0,0,0,0,1,1,0,1,1,1,-1,0,0,0,0,0,0,0,0,0,0,0,0,0,0,1,1,1,0,0,1,1,0,0,100,0,0,0,0,0,0,0,0,0,0,0,0,0,0,0,0,0,0,1,1,1,1,1,1,1,0,0,0,0,1,1,0
20000206,Revered Spirit Ash: 6,-1,-1,0.05,0,1,1,1,0.71875,0.71875,0.71875,0.71875,0.71875,0.71875,0.71875,1.45,1.45,1.45,1.45,1,1,1,1,0,0,0,0,1,1,1,1,0,0,0,0,1,-1,-1,0,-1,0,0,0,0,0,0,0,0,0,0,0,1,0,0,0,0,1,1,1,1,0,-1,1,0,1,1,1,1,1,1,1,1,1,1,-1,-1,-1,1,1,-1,0,0,0,20,0,-1,0,0,0,0,0,100,0,0,0,0,0,0,0,0,0,0,0,0,254,254,0,0,0,0,0,-1,100,1,1,1,1,1,1,1,0,0,0,0,0,0,0,0,1,1,0,0,0,0,0,0,0,0,0,0,0,0,0,0,0,0,0,0,0,0,0,0,0,0,0,0,0,0,0,0,0,1,1,1,1,1,1,1,1,1,1,1,1,1,1,1,1,0,1,0,0,1,0,0,0,0,0,-1,-1,-1,-1,-1,-1,-1,0,0,0,0,-1,-1,-1,-1,-1,-1,-1,0,0,-1,0,-1,1,1,1,1,1,1,1,0.71875,1,0,1.45,1,0,0,-1,-1,1,0,0,0,0,0,0,1.45,1.45,1.45,1.45,1,1,1,1,0,0,0,0,0,0,0,0,0,0,0,0,0,100,0,0,0,0,0,1,0,0,0,1,1,1,1,1,1,1,1,1,1,1,1,1,1,1,1,1,1,1,1,1,1,1,0,0,0,-1,1,0,0,0,0,0,1,0,1,1,1,1,1,0,0,0,0,1,1,0,1,1,1,-1,0,0,0,0,0,0,0,0,0,0,0,0,0,0,1,1,1,0,0,1,1,0,0,100,0,0,0,0,0,0,0,0,0,0,0,0,0,0,0,0,0,0,1,1,1,1,1,1,1,0,0,0,0,1,1,0
20000207,Revered Spirit Ash: 7,-1,-1,0.05,0,1,1,1,0.6911765,0.6911765,0.6911765,0.6911765,0.6911765,0.6911765,0.6911765,1.525,1.525,1.525,1.525,1,1,1,1,0,0,0,0,1,1,1,1,0,0,0,0,1,-1,-1,0,-1,0,0,0,0,0,0,0,0,0,0,0,1,0,0,0,0,1,1,1,1,0,-1,1,0,1,1,1,1,1,1,1,1,1,1,-1,-1,-1,1,1,-1,0,0,0,20,0,-1,0,0,0,0,0,100,0,0,0,0,0,0,0,0,0,0,0,0,254,254,0,0,0,0,0,-1,100,1,1,1,1,1,1,1,0,0,0,0,0,0,0,0,1,1,0,0,0,0,0,0,0,0,0,0,0,0,0,0,0,0,0,0,0,0,0,0,0,0,0,0,0,0,0,0,0,1,1,1,1,1,1,1,1,1,1,1,1,1,1,1,1,0,1,0,0,1,0,0,0,0,0,-1,-1,-1,-1,-1,-1,-1,0,0,0,0,-1,-1,-1,-1,-1,-1,-1,0,0,-1,0,-1,1,1,1,1,1,1,1,0.6911765,1,0,1.525,1,0,0,-1,-1,1,0,0,0,0,0,0,1.525,1.525,1.525,1.525,1,1,1,1,0,0,0,0,0,0,0,0,0,0,0,0,0,100,0,0,0,0,0,1,0,0,0,1,1,1,1,1,1,1,1,1,1,1,1,1,1,1,1,1,1,1,1,1,1,1,0,0,0,-1,1,0,0,0,0,0,1,0,1,1,1,1,1,0,0,0,0,1,1,0,1,1,1,-1,0,0,0,0,0,0,0,0,0,0,0,0,0,0,1,1,1,0,0,1,1,0,0,100,0,0,0,0,0,0,0,0,0,0,0,0,0,0,0,0,0,0,1,1,1,1,1,1,1,0,0,0,0,1,1,0
20000208,Revered Spirit Ash: 8,-1,-1,0.05,0,1,1,1,0.6666667,0.6666667,0.6666667,0.6666667,0.6666667,0.6666667,0.6666667,1.6,1.6,1.6,1.6,1,1,1,1,0,0,0,0,1,1,1,1,0,0,0,0,1,-1,-1,0,-1,0,0,0,0,0,0,0,0,0,0,0,1,0,0,0,0,1,1,1,1,0,-1,1,0,1,1,1,1,1,1,1,1,1,1,-1,-1,-1,1,1,-1,0,0,0,20,0,-1,0,0,0,0,0,100,0,0,0,0,0,0,0,0,0,0,0,0,254,254,0,0,0,0,0,-1,100,1,1,1,1,1,1,1,0,0,0,0,0,0,0,0,1,1,0,0,0,0,0,0,0,0,0,0,0,0,0,0,0,0,0,0,0,0,0,0,0,0,0,0,0,0,0,0,0,1,1,1,1,1,1,1,1,1,1,1,1,1,1,1,1,0,1,0,0,1,0,0,0,0,0,-1,-1,-1,-1,-1,-1,-1,0,0,0,0,-1,-1,-1,-1,-1,-1,-1,0,0,-1,0,-1,1,1,1,1,1,1,1,0.6666667,1,0,1.6,1,0,0,-1,-1,1,0,0,0,0,0,0,1.6,1.6,1.6,1.6,1,1,1,1,0,0,0,0,0,0,0,0,0,0,0,0,0,100,0,0,0,0,0,1,0,0,0,1,1,1,1,1,1,1,1,1,1,1,1,1,1,1,1,1,1,1,1,1,1,1,0,0,0,-1,1,0,0,0,0,0,1,0,1,1,1,1,1,0,0,0,0,1,1,0,1,1,1,-1,0,0,0,0,0,0,0,0,0,0,0,0,0,0,1,1,1,0,0,1,1,0,0,100,0,0,0,0,0,0,0,0,0,0,0,0,0,0,0,0,0,0,1,1,1,1,1,1,1,0,0,0,0,1,1,0
20000209,Revered Spirit Ash: 9,-1,-1,0.05,0,1,1,1,0.6447368,0.6447368,0.6447368,0.6447368,0.6447368,0.6447368,0.6447368,1.675,1.675,1.675,1.675,1,1,1,1,0,0,0,0,1,1,1,1,0,0,0,0,1,-1,-1,0,-1,0,0,0,0,0,0,0,0,0,0,0,1,0,0,0,0,1,1,1,1,0,-1,1,0,1,1,1,1,1,1,1,1,1,1,-1,-1,-1,1,1,-1,0,0,0,20,0,-1,0,0,0,0,0,100,0,0,0,0,0,0,0,0,0,0,0,0,254,254,0,0,0,0,0,-1,100,1,1,1,1,1,1,1,0,0,0,0,0,0,0,0,1,1,0,0,0,0,0,0,0,0,0,0,0,0,0,0,0,0,0,0,0,0,0,0,0,0,0,0,0,0,0,0,0,1,1,1,1,1,1,1,1,1,1,1,1,1,1,1,1,0,1,0,0,1,0,0,0,0,0,-1,-1,-1,-1,-1,-1,-1,0,0,0,0,-1,-1,-1,-1,-1,-1,-1,0,0,-1,0,-1,1,1,1,1,1,1,1,0.6447368,1,0,1.675,1,0,0,-1,-1,1,0,0,0,0,0,0,1.675,1.675,1.675,1.675,1,1,1,1,0,0,0,0,0,0,0,0,0,0,0,0,0,100,0,0,0,0,0,1,0,0,0,1,1,1,1,1,1,1,1,1,1,1,1,1,1,1,1,1,1,1,1,1,1,1,0,0,0,-1,1,0,0,0,0,0,1,0,1,1,1,1,1,0,0,0,0,1,1,0,1,1,1,-1,0,0,0,0,0,0,0,0,0,0,0,0,0,0,1,1,1,0,0,1,1,0,0,100,0,0,0,0,0,0,0,0,0,0,0,0,0,0,0,0,0,0,1,1,1,1,1,1,1,0,0,0,0,1,1,0
20000210,Revered Spirit Ash: 10,-1,-1,0.05,0,1,1,1,0.625,0.625,0.625,0.625,0.625,0.625,0.625,1.75,1.75,1.75,1.75,1,1,1,1,0,0,0,0,1,1,1,1,0,0,0,0,1,-1,-1,0,-1,0,0,0,0,0,0,0,0,0,0,0,1,0,0,0,0,1,1,1,1,0,-1,1,0,1,1,1,1,1,1,1,1,1,1,-1,-1,-1,1,1,-1,0,0,0,20,0,-1,0,0,0,0,0,100,0,0,0,0,0,0,0,0,0,0,0,0,254,254,0,0,0,0,0,-1,100,1,1,1,1,1,1,1,0,0,0,0,0,0,0,0,1,1,0,0,0,0,0,0,0,0,0,0,0,0,0,0,0,0,0,0,0,0,0,0,0,0,0,0,0,0,0,0,0,1,1,1,1,1,1,1,1,1,1,1,1,1,1,1,1,0,1,0,0,1,0,0,0,0,0,-1,-1,-1,-1,-1,-1,-1,0,0,0,0,-1,-1,-1,-1,-1,-1,-1,0,0,-1,0,-1,1,1,1,1,1,1,1,0.625,1,0,1.75,1,0,0,-1,-1,1,0,0,0,0,0,0,1.75,1.75,1.75,1.75,1,1,1,1,0,0,0,0,0,0,0,0,0,0,0,0,0,100,0,0,0,0,0,1,0,0,0,1,1,1,1,1,1,1,1,1,1,1,1,1,1,1,1,1,1,1,1,1,1,1,0,0,0,-1,1,0,0,0,0,0,1,0,1,1,1,1,1,0,0,0,0,1,1,0,1,1,1,-1,0,0,0,0,0,0,0,0,0,0,0,0,0,0,1,1,1,0,0,1,1,0,0,100,0,0,0,0,0,0,0,0,0,0,0,0,0,0,0,0,0,0,1,1,1,1,1,1,1,0,0,0,0,1,1,0
20000305,,-1,-1,0.05,0,1,1,1,0.6666667,0.6666667,0.6666667,0.6666667,0.6666667,0.6666667,0.6666667,1,1,1,1,1,1,1,1,0,0,0,0,1,1,1,1,0,0,0,0,1,-1,-1,0,-1,0,0,0,0,0,0,0,0,0,0,0,1,0,0,0,0,1,1,1,1,0,-1,1,0,1,1,1,1,1,1,1,1,1,1,-1,-1,-1,1,1,-1,0,0,0,20,0,-1,0,0,0,0,0,100,0,0,0,0,0,0,0,0,0,0,0,0,254,254,0,0,0,0,0,-1,100,1,1,1,1,1,1,1,0,0,0,0,0,0,0,0,0,0,0,0,0,0,0,0,0,0,0,0,0,0,0,0,0,0,0,0,0,0,0,0,0,0,0,0,0,0,0,0,0,1,1,1,1,1,1,1,1,1,1,1,1,1,1,1,1,0,1,0,0,1,0,0,0,0,0,-1,-1,-1,-1,-1,-1,-1,0,0,0,0,-1,-1,-1,-1,-1,-1,-1,0,0,-1,0,-1,1,1,1,1,1,1,1,0.6666667,1,0,1,1,0,0,-1,-1,1,0,0,0,0,0,0,1,1,1,1,1,1,1,1,0,0,0,0,0,0,0,0,0,0,0,0,0,100,0,0,0,0,0,0,0,0,0,1,1,1,1,1,1,1,1,1,1,1,1,1,1,1,1,1,1,1,1,1,1,1,0,0,0,-1,1,0,0,0,0,0,1,0,1,1,1,1,1,0,0,0,0,1,1,0,1,1,1,-1,0,0,0,0,0,0,0,0,0,0,0,0,0,0,1,1,1,0,0,1,1,0,0,100,0,0,0,0,0,0,0,0,0,0,0,0,0,0,0,0,0,0,1,1,1,1,1,1,1,0,0,0,0,1,1,0
20000306,,-1,-1,0.05,0,1,1,1,0.625,0.625,0.625,0.625,0.625,0.625,0.625,1,1,1,1,1,1,1,1,0,0,0,0,1,1,1,1,0,0,0,0,1,-1,-1,0,-1,0,0,0,0,0,0,0,0,0,0,0,1,0,0,0,0,1,1,1,1,0,-1,1,0,1,1,1,1,1,1,1,1,1,1,-1,-1,-1,1,1,-1,0,0,0,20,0,-1,0,0,0,0,0,100,0,0,0,0,0,0,0,0,0,0,0,0,254,254,0,0,0,0,0,-1,100,1,1,1,1,1,1,1,0,0,0,0,0,0,0,0,0,0,0,0,0,0,0,0,0,0,0,0,0,0,0,0,0,0,0,0,0,0,0,0,0,0,0,0,0,0,0,0,0,1,1,1,1,1,1,1,1,1,1,1,1,1,1,1,1,0,1,0,0,1,0,0,0,0,0,-1,-1,-1,-1,-1,-1,-1,0,0,0,0,-1,-1,-1,-1,-1,-1,-1,0,0,-1,0,-1,1,1,1,1,1,1,1,0.625,1,0,1,1,0,0,-1,-1,1,0,0,0,0,0,0,1,1,1,1,1,1,1,1,0,0,0,0,0,0,0,0,0,0,0,0,0,100,0,0,0,0,0,0,0,0,0,1,1,1,1,1,1,1,1,1,1,1,1,1,1,1,1,1,1,1,1,1,1,1,0,0,0,-1,1,0,0,0,0,0,1,0,1,1,1,1,1,0,0,0,0,1,1,0,1,1,1,-1,0,0,0,0,0,0,0,0,0,0,0,0,0,0,1,1,1,0,0,1,1,0,0,100,0,0,0,0,0,0,0,0,0,0,0,0,0,0,0,0,0,0,1,1,1,1,1,1,1,0,0,0,0,1,1,0
20000307,,-1,-1,0.05,0,1,1,1,0.5882353,0.5882353,0.5882353,0.5882353,0.5882353,0.5882353,0.5882353,1,1,1,1,1,1,1,1,0,0,0,0,1,1,1,1,0,0,0,0,1,-1,-1,0,-1,0,0,0,0,0,0,0,0,0,0,0,1,0,0,0,0,1,1,1,1,0,-1,1,0,1,1,1,1,1,1,1,1,1,1,-1,-1,-1,1,1,-1,0,0,0,20,0,-1,0,0,0,0,0,100,0,0,0,0,0,0,0,0,0,0,0,0,254,254,0,0,0,0,0,-1,100,1,1,1,1,1,1,1,0,0,0,0,0,0,0,0,0,0,0,0,0,0,0,0,0,0,0,0,0,0,0,0,0,0,0,0,0,0,0,0,0,0,0,0,0,0,0,0,0,1,1,1,1,1,1,1,1,1,1,1,1,1,1,1,1,0,1,0,0,1,0,0,0,0,0,-1,-1,-1,-1,-1,-1,-1,0,0,0,0,-1,-1,-1,-1,-1,-1,-1,0,0,-1,0,-1,1,1,1,1,1,1,1,0.5882353,1,0,1,1,0,0,-1,-1,1,0,0,0,0,0,0,1,1,1,1,1,1,1,1,0,0,0,0,0,0,0,0,0,0,0,0,0,100,0,0,0,0,0,0,0,0,0,1,1,1,1,1,1,1,1,1,1,1,1,1,1,1,1,1,1,1,1,1,1,1,0,0,0,-1,1,0,0,0,0,0,1,0,1,1,1,1,1,0,0,0,0,1,1,0,1,1,1,-1,0,0,0,0,0,0,0,0,0,0,0,0,0,0,1,1,1,0,0,1,1,0,0,100,0,0,0,0,0,0,0,0,0,0,0,0,0,0,0,0,0,0,1,1,1,1,1,1,1,0,0,0,0,1,1,0
20000308,,-1,-1,0.05,0,1,1,1,0.5555556,0.5555556,0.5555556,0.5555556,0.5555556,0.5555556,0.5555556,1,1,1,1,1,1,1,1,0,0,0,0,1,1,1,1,0,0,0,0,1,-1,-1,0,-1,0,0,0,0,0,0,0,0,0,0,0,1,0,0,0,0,1,1,1,1,0,-1,1,0,1,1,1,1,1,1,1,1,1,1,-1,-1,-1,1,1,-1,0,0,0,20,0,-1,0,0,0,0,0,100,0,0,0,0,0,0,0,0,0,0,0,0,254,254,0,0,0,0,0,-1,100,1,1,1,1,1,1,1,0,0,0,0,0,0,0,0,0,0,0,0,0,0,0,0,0,0,0,0,0,0,0,0,0,0,0,0,0,0,0,0,0,0,0,0,0,0,0,0,0,1,1,1,1,1,1,1,1,1,1,1,1,1,1,1,1,0,1,0,0,1,0,0,0,0,0,-1,-1,-1,-1,-1,-1,-1,0,0,0,0,-1,-1,-1,-1,-1,-1,-1,0,0,-1,0,-1,1,1,1,1,1,1,1,0.5555556,1,0,1,1,0,0,-1,-1,1,0,0,0,0,0,0,1,1,1,1,1,1,1,1,0,0,0,0,0,0,0,0,0,0,0,0,0,100,0,0,0,0,0,0,0,0,0,1,1,1,1,1,1,1,1,1,1,1,1,1,1,1,1,1,1,1,1,1,1,1,0,0,0,-1,1,0,0,0,0,0,1,0,1,1,1,1,1,0,0,0,0,1,1,0,1,1,1,-1,0,0,0,0,0,0,0,0,0,0,0,0,0,0,1,1,1,0,0,1,1,0,0,100,0,0,0,0,0,0,0,0,0,0,0,0,0,0,0,0,0,0,1,1,1,1,1,1,1,0,0,0,0,1,1,0
20000309,,-1,-1,0.05,0,1,1,1,0.5263158,0.5263158,0.5263158,0.5263158,0.5263158,0.5263158,0.5263158,1,1,1,1,1,1,1,1,0,0,0,0,1,1,1,1,0,0,0,0,1,-1,-1,0,-1,0,0,0,0,0,0,0,0,0,0,0,1,0,0,0,0,1,1,1,1,0,-1,1,0,1,1,1,1,1,1,1,1,1,1,-1,-1,-1,1,1,-1,0,0,0,20,0,-1,0,0,0,0,0,100,0,0,0,0,0,0,0,0,0,0,0,0,254,254,0,0,0,0,0,-1,100,1,1,1,1,1,1,1,0,0,0,0,0,0,0,0,0,0,0,0,0,0,0,0,0,0,0,0,0,0,0,0,0,0,0,0,0,0,0,0,0,0,0,0,0,0,0,0,0,1,1,1,1,1,1,1,1,1,1,1,1,1,1,1,1,0,1,0,0,1,0,0,0,0,0,-1,-1,-1,-1,-1,-1,-1,0,0,0,0,-1,-1,-1,-1,-1,-1,-1,0,0,-1,0,-1,1,1,1,1,1,1,1,0.5263158,1,0,1,1,0,0,-1,-1,1,0,0,0,0,0,0,1,1,1,1,1,1,1,1,0,0,0,0,0,0,0,0,0,0,0,0,0,100,0,0,0,0,0,0,0,0,0,1,1,1,1,1,1,1,1,1,1,1,1,1,1,1,1,1,1,1,1,1,1,1,0,0,0,-1,1,0,0,0,0,0,1,0,1,1,1,1,1,0,0,0,0,1,1,0,1,1,1,-1,0,0,0,0,0,0,0,0,0,0,0,0,0,0,1,1,1,0,0,1,1,0,0,100,0,0,0,0,0,0,0,0,0,0,0,0,0,0,0,0,0,0,1,1,1,1,1,1,1,0,0,0,0,1,1,0
20000310,,-1,-1,0.05,0,1,1,1,0.5,0.5,0.5,0.5,0.5,0.5,0.5,1,1,1,1,1,1,1,1,0,0,0,0,1,1,1,1,0,0,0,0,1,-1,-1,0,-1,0,0,0,0,0,0,0,0,0,0,0,1,0,0,0,0,1,1,1,1,0,-1,1,0,1,1,1,1,1,1,1,1,1,1,-1,-1,-1,1,1,-1,0,0,0,20,0,-1,0,0,0,0,0,100,0,0,0,0,0,0,0,0,0,0,0,0,254,254,0,0,0,0,0,-1,100,1,1,1,1,1,1,1,0,0,0,0,0,0,0,0,0,0,0,0,0,0,0,0,0,0,0,0,0,0,0,0,0,0,0,0,0,0,0,0,0,0,0,0,0,0,0,0,0,1,1,1,1,1,1,1,1,1,1,1,1,1,1,1,1,0,1,0,0,1,0,0,0,0,0,-1,-1,-1,-1,-1,-1,-1,0,0,0,0,-1,-1,-1,-1,-1,-1,-1,0,0,-1,0,-1,1,1,1,1,1,1,1,0.5,1,0,1,1,0,0,-1,-1,1,0,0,0,0,0,0,1,1,1,1,1,1,1,1,0,0,0,0,0,0,0,0,0,0,0,0,0,100,0,0,0,0,0,0,0,0,0,1,1,1,1,1,1,1,1,1,1,1,1,1,1,1,1,1,1,1,1,1,1,1,0,0,0,-1,1,0,0,0,0,0,1,0,1,1,1,1,1,0,0,0,0,1,1,0,1,1,1,-1,0,0,0,0,0,0,0,0,0,0,0,0,0,0,1,1,1,0,0,1,1,0,0,100,0,0,0,0,0,0,0,0,0,0,0,0,0,0,0,0,0,0,1,1,1,1,1,1,1,0,0,0,0,1,1,0
20004220,,-1,-1,60,0,1,1,1,1,1,1,1,1,1,1,1,1,1,1,1,1,1,1,0,0,0,0,1,1,1,1,0,0,0,0,1,-1,-1,0,-1,0,0,0,0,0,0,0,0,0,0,0,1,0,0,0,0,1,1,1,1,0,-1,1,0,1,1,1,1,1,1,1,1,1,1,-1,-1,-1,1,1,-1,0,0,0,20,0,-1,0,0,0,0,0,100,0,0,0,0,0,0,0,0,0,0,0,0,254,254,0,0,0,0,0,-1,100,1,1,1,1,1,1,1,0,0,0,0,0,0,0,0,0,0,0,0,0,0,0,0,0,0,0,0,0,0,0,0,0,0,0,0,0,0,0,0,0,0,0,0,0,0,0,0,0,1,1,1,1,1,1,1,1,1,1,1,1,1,1,1,1,0,1,0,0,1,0,0,0,0,0,-1,-1,20200020,-1,-1,-1,-1,0,0,0,0,-1,-1,-1,-1,-1,-1,-1,0,0,-1,0,-1,1,1,1,1,1,1,1,1,1,0,1,1,0,0,-1,-1,1,0,0,0,0,0,0,1,1,1,1,1,1,1,1,0,0,0,0,0,0,0,0,0,0,0,0,0,100,0,0,0,0,0,0,0,0,0,1,1,1,1,1,1,1,1,1,1,1,1,1,1,1,1,1,1,1,1,1,1,1,0,0,0,-1,1,0,0,0,0,0,1,0,1,1,1,1,1,0,0,0,0,1,1,0,1,1,1,-1,0,0,0,0,0,0,0,0,0,0,0,0,0,0,1,1,1,0,0,1,1,0,0,100,0,0,0,0,0,0,0,0,0,0,0,0,0,0,0,0,0,0,1,1,1,1,1,1,1,0,0,0,0,1,1,0
20004221,,-1,-1,60,0,1,1,1,1,1,1,1,1,1,1,1,1,1,1,1,1,1,1,0,0,0,0,1,1,1,1,0,0,0,0,1,-1,-1,0,-1,0,0,0,0,0,0,0,0,0,0,0,1,0,0,0,0,1,1,1,1,0,-1,1,0,1,1,1,1,1,1,1,1,1,1,-1,-1,-1,1,1,-1,0,0,0,20,0,-1,0,0,0,0,0,100,0,0,0,0,0,0,0,0,0,0,0,0,254,254,0,0,0,0,0,-1,100,1,1,1,1,1,1,1,0,0,0,0,0,0,0,0,0,0,0,0,0,0,0,0,0,0,0,0,0,0,0,0,0,0,0,0,0,0,0,0,0,0,0,0,0,0,0,0,0,1,1,1,1,1,1,1,1,1,1,1,1,1,1,1,1,0,1,0,0,1,0,0,0,0,0,-1,-1,20200021,-1,-1,-1,-1,0,0,0,0,-1,-1,-1,-1,-1,-1,-1,0,0,-1,0,-1,1,1,1,1,1,1,1,1,1,0,1,1,0,0,-1,-1,1,0,0,0,0,0,0,1,1,1,1,1,1,1,1,0,0,0,0,0,0,0,0,0,0,0,0,0,100,0,0,0,0,0,0,0,0,0,1,1,1,1,1,1,1,1,1,1,1,1,1,1,1,1,1,1,1,1,1,1,1,0,0,0,-1,1,0,0,0,0,0,1,0,1,1,1,1,1,0,0,0,0,1,1,0,1,1,1,-1,0,0,0,0,0,0,0,0,0,0,0,0,0,0,1,1,1,0,0,1,1,0,0,100,0,0,0,0,0,0,0,0,0,0,0,0,0,0,0,0,0,0,1,1,1,1,1,1,1,0,0,0,0,1,1,0
20004222,,-1,-1,60,0,1,1,1,1,1,1,1,1,1,1,1,1,1,1,1,1,1,1,0,0,0,0,1,1,1,1,0,0,0,0,1,-1,-1,0,-1,0,0,0,0,0,0,0,0,0,0,0,1,0,0,0,0,1,1,1,1,0,-1,1,0,1,1,1,1,1,1,1,1,1,1,-1,-1,-1,1,1,-1,0,0,0,20,0,-1,0,0,0,0,0,100,0,0,0,0,0,0,0,0,0,0,0,0,254,254,0,0,0,0,0,-1,100,1,1,1,1,1,1,1,0,0,0,0,0,0,0,0,0,0,0,0,0,0,0,0,0,0,0,0,0,0,0,0,0,0,0,0,0,0,0,0,0,0,0,0,0,0,0,0,0,1,1,1,1,1,1,1,1,1,1,1,1,1,1,1,1,0,1,0,0,1,0,0,0,0,0,-1,-1,20200022,-1,-1,-1,-1,0,0,0,0,-1,-1,-1,-1,-1,-1,-1,0,0,-1,0,-1,1,1,1,1,1,1,1,1,1,0,1,1,0,0,-1,-1,1,0,0,0,0,0,0,1,1,1,1,1,1,1,1,0,0,0,0,0,0,0,0,0,0,0,0,0,100,0,0,0,0,0,0,0,0,0,1,1,1,1,1,1,1,1,1,1,1,1,1,1,1,1,1,1,1,1,1,1,1,0,0,0,-1,1,0,0,0,0,0,1,0,1,1,1,1,1,0,0,0,0,1,1,0,1,1,1,-1,0,0,0,0,0,0,0,0,0,0,0,0,0,0,1,1,1,0,0,1,1,0,0,100,0,0,0,0,0,0,0,0,0,0,0,0,0,0,0,0,0,0,1,1,1,1,1,1,1,0,0,0,0,1,1,0
20007400,SOTE - NG+ Scaling: Gravesite Plain,-1,-1,-1,0,1.0981221,1,1.065234,1,1,1,1,1,1,1,1,1,1,1,1.0237443,1.0237443,1.0237443,1.0237443,0,0,0,0,1.0276664,1.0276664,1.0276664,1.0276664,0,0,0,0,1,-1,-1,0,-1,0,0,0,0,0,0,0,0,0,0,0,1.0252846,0,0,0,0,1,1,1,1,0,-1,1,0,1,1,1,1.18,1.18,1.18,1,1,1,1,-1,-1,-1,1,1,-1,0,0,0,0,0,-1,0,0,0,0,0,100,0,0,0,0,0,0,0,0,0,0,0,0,254,254,0,0,0,0,0,-1,100,1,1,1,1,1,1,1,0,0,0,0,0,0,0,1,0,0,0,0,0,0,0,0,0,0,0,0,0,0,0,0,0,0,0,0,0,0,0,0,0,0,0,0,0,0,0,0,0,1,1,1,1,1,1,1,1,1,1,1,1,1,1,1,1,0,1,1,1,1,0,0,0,0,0,-1,-1,-1,-1,-1,-1,-1,0,0,0,0,-1,-1,-1,-1,-1,-1,-1,0,0,-1,0,-1,1,1,1,1,1,1,1,1,1.0276664,0,1,1.0237443,0,0,-1,-1,1,0,0,0,0,0,0,1,1,1,1,1,1,1,1,0,0,0,0,0,0,0,0,0,0,0,0,0,100,0,0,0,0,0,0,0,0,0,1,1,1,1,1,1,1,1,1,1,1,1,1,1,1,1,1,1,1,1,1,1,1.18,0,0,0,-1,1,0,0,0,0,0,1,0,1,1,1,1,1,0,0,0,0,1,1,0,1,1,1,-1,0,0,0,0,0,0,0,0,0,0,0,0,0,0,1,1,1,0,0,1.18,1.18,0,0,100,0,0,0,0,0,0,0,0,0,0,0,0,0,0,0,0,0,0,1,1,1,1,1,1,1,0,0,0,0,1,1,0
20007410,SOTE - NG+ Scaling: Belurat- Tower Settlement,-1,-1,-1,0,1.0839258,1,1.0626585,1,1,1,1,1,1,1,1,1,1,1,1.0225012,1.0225012,1.0225012,1.0225012,0,0,0,0,1.0268171,1.0268171,1.0268171,1.0268171,0,0,0,0,1,-1,-1,0,-1,0,0,0,0,0,0,0,0,0,0,0,1.0229326,0,0,0,0,1,1,1,1,0,-1,1,0,1,1,1,1.166474,1.166474,1.166474,1,1,1,1,-1,-1,-1,1,1,-1,0,0,0,0,0,-1,0,0,0,0,0,100,0,0,0,0,0,0,0,0,0,0,0,0,254,254,0,0,0,0,0,-1,100,1,1,1,1,1,1,1,0,0,0,0,0,0,0,1,0,0,0,0,0,0,0,0,0,0,0,0,0,0,0,0,0,0,0,0,0,0,0,0,0,0,0,0,0,0,0,0,0,1,1,1,1,1,1,1,1,1,1,1,1,1,1,1,1,0,1,1,1,1,0,0,0,0,0,-1,-1,-1,-1,-1,-1,-1,0,0,0,0,-1,-1,-1,-1,-1,-1,-1,0,0,-1,0,-1,1,1,1,1,1,1,1,1,1.0268171,0,1,1.0225012,0,0,-1,-1,1,0,0,0,0,0,0,1,1,1,1,1,1,1,1,0,0,0,0,0,0,0,0,0,0,0,0,0,100,0,0,0,0,0,0,0,0,0,1,1,1,1,1,1,1,1,1,1,1,1,1,1,1,1,1,1,1,1,1,1,1.166474,0,0,0,-1,1,0,0,0,0,0,1,0,1,1,1,1,1,0,0,0,0,1,1,0,1,1,1,-1,0,0,0,0,0,0,0,0,0,0,0,0,0,0,1,1,1,0,0,1.166474,1.166474,0,0,100,0,0,0,0,0,0,0,0,0,0,0,0,0,0,0,0,0,0,1,1,1,1,1,1,1,0,0,0,0,1,1,0
20007420,SOTE - NG+ Scaling: Ellac River,-1,-1,-1,0,1.0779487,1,1.0606076,1,1,1,1,1,1,1,1,1,1,1,1.021676,1.021676,1.021676,1.021676,0,0,0,0,1.0263934,1.0263934,1.0263934,1.0263934,0,0,0,0,1,-1,-1,0,-1,0,0,0,0,0,0,0,0,0,0,0,1.0213766,0,0,0,0,1,1,1,1,0,-1,1,0,1,1,1,1.1577142,1.1577142,1.1577142,1,1,1,1,-1,-1,-1,1,1,-1,0,0,0,0,0,-1,0,0,0,0,0,100,0,0,0,0,0,0,0,0,0,0,0,0,254,254,0,0,0,0,0,-1,100,1,1,1,1,1,1,1,0,0,0,0,0,0,0,1,0,0,0,0,0,0,0,0,0,0,0,0,0,0,0,0,0,0,0,0,0,0,0,0,0,0,0,0,0,0,0,0,0,1,1,1,1,1,1,1,1,1,1,1,1,1,1,1,1,0,1,1,1,1,0,0,0,0,0,-1,-1,-1,-1,-1,-1,-1,0,0,0,0,-1,-1,-1,-1,-1,-1,-1,0,0,-1,0,-1,1,1,1,1,1,1,1,1,1.0263934,0,1,1.021676,0,0,-1,-1,1,0,0,0,0,0,0,1,1,1,1,1,1,1,1,0,0,0,0,0,0,0,0,0,0,0,0,0,100,0,0,0,0,0,0,0,0,0,1,1,1,1,1,1,1,1,1,1,1,1,1,1,1,1,1,1,1,1,1,1,1.1577142,0,0,0,-1,1,0,0,0,0,0,1,0,1,1,1,1,1,0,0,0,0,1,1,0,1,1,1,-1,0,0,0,0,0,0,0,0,0,0,0,0,0,0,1,1,1,0,0,1.1577142,1.1577142,0,0,100,0,0,0,0,0,0,0,0,0,0,0,0,0,0,0,0,0,0,1,1,1,1,1,1,1,0,0,0,0,1,1,0
20007430,SOTE - NG+ Scaling: Castle Ensis / Cerulean Coast,-1,-1,-1,0,1.0781562,1,1.0534942,1,1,1,1,1,1,1,1,1,1,1,1.0204428,1.0204428,1.0204428,1.0204428,0,0,0,0,1.0251267,1.0251267,1.0251267,1.0251267,0,0,0,0,1,-1,-1,0,-1,0,0,0,0,0,0,0,0,0,0,0,1.01906,0,0,0,0,1,1,1,1,0,-1,1,0,1,1,1,1.1449438,1.1449438,1.1449438,1,1,1,1,-1,-1,-1,1,1,-1,0,0,0,0,0,-1,0,0,0,0,0,100,0,0,0,0,0,0,0,0,0,0,0,0,254,254,0,0,0,0,0,-1,100,1,1,1,1,1,1,1,0,0,0,0,0,0,0,1,0,0,0,0,0,0,0,0,0,0,0,0,0,0,0,0,0,0,0,0,0,0,0,0,0,0,0,0,0,0,0,0,0,1,1,1,1,1,1,1,1,1,1,1,1,1,1,1,1,0,1,1,1,1,0,0,0,0,0,-1,-1,-1,-1,-1,-1,-1,0,0,0,0,-1,-1,-1,-1,-1,-1,-1,0,0,-1,0,-1,1,1,1,1,1,1,1,1,1.0251267,0,1,1.0204428,0,0,-1,-1,1,0,0,0,0,0,0,1,1,1,1,1,1,1,1,0,0,0,0,0,0,0,0,0,0,0,0,0,100,0,0,0,0,0,0,0,0,0,1,1,1,1,1,1,1,1,1,1,1,1,1,1,1,1,1,1,1,1,1,1,1.1449438,0,0,0,-1,1,0,0,0,0,0,1,0,1,1,1,1,1,0,0,0,0,1,1,0,1,1,1,-1,0,0,0,0,0,0,0,0,0,0,0,0,0,0,1,1,1,0,0,1.1449438,1.1449438,0,0,100,0,0,0,0,0,0,0,0,0,0,0,0,0,0,0,0,0,0,1,1,1,1,1,1,1,0,0,0,0,1,1,0
20007440,SOTE - NG+ Scaling: Scadu Altus,-1,-1,-1,0,1.0782156,1,1.0464803,1,1,1,1,1,1,1,1,1,1,1,1.0200331,1.0200331,1.0200331,1.0200331,0,0,0,0,1.0238662,1.0238662,1.0238662,1.0238662,0,0,0,0,1,-1,-1,0,-1,0,0,0,0,0,0,0,0,0,0,0,1.0182925,0,0,0,0,1,1,1,1,0,-1,1,0,1,1,1,1.1407821,1.1407821,1.1407821,1,1,1,1,-1,-1,-1,1,1,-1,0,0,0,0,0,-1,0,0,0,0,0,100,0,0,0,0,0,0,0,0,0,0,0,0,254,254,0,0,0,0,0,-1,100,1,1,1,1,1,1,1,0,0,0,0,0,0,0,1,0,0,0,0,0,0,0,0,0,0,0,0,0,0,0,0,0,0,0,0,0,0,0,0,0,0,0,0,0,0,0,0,0,1,1,1,1,1,1,1,1,1,1,1,1,1,1,1,1,0,1,1,1,1,0,0,0,0,0,-1,-1,-1,-1,-1,-1,-1,0,0,0,0,-1,-1,-1,-1,-1,-1,-1,0,0,-1,0,-1,1,1,1,1,1,1,1,1,1.0238662,0,1,1.0200331,0,0,-1,-1,1,0,0,0,0,0,0,1,1,1,1,1,1,1,1,0,0,0,0,0,0,0,0,0,0,0,0,0,100,0,0,0,0,0,0,0,0,0,1,1,1,1,1,1,1,1,1,1,1,1,1,1,1,1,1,1,1,1,1,1,1.1407821,0,0,0,-1,1,0,0,0,0,0,1,0,1,1,1,1,1,0,0,0,0,1,1,0,1,1,1,-1,0,0,0,0,0,0,0,0,0,0,0,0,0,0,1,1,1,0,0,1.1407821,1.1407821,0,0,100,0,0,0,0,0,0,0,0,0,0,0,0,0,0,0,0,0,0,1,1,1,1,1,1,1,0,0,0,0,1,1,0
20007450,SOTE - NG+ Scaling: Rauh Base / Charo's Hidden Grave,-1,-1,-1,0,1.0768288,1,1.0376052,1,1,1,1,1,1,1,1,1,1,1,1.0196241,1.0196241,1.0196241,1.0196241,0,0,0,0,1.0221951,1.0221951,1.0221951,1.0221951,0,0,0,0,1,-1,-1,0,-1,0,0,0,0,0,0,0,0,0,0,0,1.0175273,0,0,0,0,1,1,1,1,0,-1,1,0,1,1,1,1.1366667,1.1366667,1.1366667,1,1,1,1,-1,-1,-1,1,1,-1,0,0,0,0,0,-1,0,0,0,0,0,100,0,0,0,0,0,0,0,0,0,0,0,0,254,254,0,0,0,0,0,-1,100,1,1,1,1,1,1,1,0,0,0,0,0,0,0,1,0,0,0,0,0,0,0,0,0,0,0,0,0,0,0,0,0,0,0,0,0,0,0,0,0,0,0,0,0,0,0,0,0,1,1,1,1,1,1,1,1,1,1,1,1,1,1,1,1,0,1,1,1,1,0,0,0,0,0,-1,-1,-1,-1,-1,-1,-1,0,0,0,0,-1,-1,-1,-1,-1,-1,-1,0,0,-1,0,-1,1,1,1,1,1,1,1,1,1.0221951,0,1,1.0196241,0,0,-1,-1,1,0,0,0,0,0,0,1,1,1,1,1,1,1,1,0,0,0,0,0,0,0,0,0,0,0,0,0,100,0,0,0,0,0,0,0,0,0,1,1,1,1,1,1,1,1,1,1,1,1,1,1,1,1,1,1,1,1,1,1,1.1366667,0,0,0,-1,1,0,0,0,0,0,1,0,1,1,1,1,1,0,0,0,0,1,1,0,1,1,1,-1,0,0,0,0,0,0,0,0,0,0,0,0,0,0,1,1,1,0,0,1.1366667,1.1366667,0,0,100,0,0,0,0,0,0,0,0,0,0,0,0,0,0,0,0,0,0,1,1,1,1,1,1,1,0,0,0,0,1,1,0
20007460,SOTE - NG+ Scaling: Shadow Keep / Stone Coffin Fissure,-1,-1,-1,0,1.0770154,1,1.0337112,1,1,1,1,1,1,1,1,1,1,1,1.0179944,1.0179944,1.0179944,1.0179944,0,0,0,0,1.0209489,1.0209489,1.0209489,1.0209489,0,0,0,0,1,-1,-1,0,-1,0,0,0,0,0,0,0,0,0,0,0,1.0167644,0,0,0,0,1,1,1,1,0,-1,1,0,1,1,1,1.1206522,1.1206522,1.1206522,1,1,1,1,-1,-1,-1,1,1,-1,0,0,0,0,0,-1,0,0,0,0,0,100,0,0,0,0,0,0,0,0,0,0,0,0,254,254,0,0,0,0,0,-1,100,1,1,1,1,1,1,1,0,0,0,0,0,0,0,1,0,0,0,0,0,0,0,0,0,0,0,0,0,0,0,0,0,0,0,0,0,0,0,0,0,0,0,0,0,0,0,0,0,1,1,1,1,1,1,1,1,1,1,1,1,1,1,1,1,0,1,1,1,1,0,0,0,0,0,-1,-1,-1,-1,-1,-1,-1,0,0,0,0,-1,-1,-1,-1,-1,-1,-1,0,0,-1,0,-1,1,1,1,1,1,1,1,1,1.0209489,0,1,1.0179944,0,0,-1,-1,1,0,0,0,0,0,0,1,1,1,1,1,1,1,1,0,0,0,0,0,0,0,0,0,0,0,0,0,100,0,0,0,0,0,0,0,0,0,1,1,1,1,1,1,1,1,1,1,1,1,1,1,1,1,1,1,1,1,1,1,1.1206522,0,0,0,-1,1,0,0,0,0,0,1,0,1,1,1,1,1,0,0,0,0,1,1,0,1,1,1,-1,0,0,0,0,0,0,0,0,0,0,0,0,0,0,1,1,1,0,0,1.1206522,1.1206522,0,0,100,0,0,0,0,0,0,0,0,0,0,0,0,0,0,0,0,0,0,1,1,1,1,1,1,1,0,0,0,0,1,1,0
20007470,SOTE - NG+ Scaling: Scadutree Base,-1,-1,-1,0,1.0771002,1,1.0298479,1,1,1,1,1,1,1,1,1,1,1,1.0171835,1.0171835,1.0171835,1.0171835,0,0,0,0,1.0197088,1.0197088,1.0197088,1.0197088,0,0,0,0,1,-1,-1,0,-1,0,0,0,0,0,0,0,0,0,0,0,1.0160037,0,0,0,0,1,1,1,1,0,-1,1,0,1,1,1,1.1129032,1.1129032,1.1129032,1,1,1,1,-1,-1,-1,1,1,-1,0,0,0,0,0,-1,0,0,0,0,0,100,0,0,0,0,0,0,0,0,0,0,0,0,254,254,0,0,0,0,0,-1,100,1,1,1,1,1,1,1,0,0,0,0,0,0,0,1,0,0,0,0,0,0,0,0,0,0,0,0,0,0,0,0,0,0,0,0,0,0,0,0,0,0,0,0,0,0,0,0,0,1,1,1,1,1,1,1,1,1,1,1,1,1,1,1,1,0,1,1,1,1,0,0,0,0,0,-1,-1,-1,-1,-1,-1,-1,0,0,0,0,-1,-1,-1,-1,-1,-1,-1,0,0,-1,0,-1,1,1,1,1,1,1,1,1,1.0197088,0,1,1.0171835,0,0,-1,-1,1,0,0,0,0,0,0,1,1,1,1,1,1,1,1,0,0,0,0,0,0,0,0,0,0,0,0,0,100,0,0,0,0,0,0,0,0,0,1,1,1,1,1,1,1,1,1,1,1,1,1,1,1,1,1,1,1,1,1,1,1.1129032,0,0,0,-1,1,0,0,0,0,0,1,0,1,1,1,1,1,0,0,0,0,1,1,0,1,1,1,-1,0,0,0,0,0,0,0,0,0,0,0,0,0,0,1,1,1,0,0,1.1129032,1.1129032,0,0,100,0,0,0,0,0,0,0,0,0,0,0,0,0,0,0,0,0,0,1,1,1,1,1,1,1,0,0,0,0,1,1,0
20007480,SOTE - NG+ Scaling: Specimen Storehouse / Recluses' River,-1,-1,-1,0,1.0693364,1,1.0260147,1,1,1,1,1,1,1,1,1,1,1,1.0163752,1.0163752,1.0163752,1.0163752,0,0,0,0,1.0184746,1.0184746,1.0184746,1.0184746,0,0,0,0,1,-1,-1,0,-1,0,0,0,0,0,0,0,0,0,0,0,1.0152454,0,0,0,0,1,1,1,1,0,-1,1,0,1,1,1,1.1053191,1.1053191,1.1053191,1,1,1,1,-1,-1,-1,1,1,-1,0,0,0,0,0,-1,0,0,0,0,0,100,0,0,0,0,0,0,0,0,0,0,0,0,254,254,0,0,0,0,0,-1,100,1,1,1,1,1,1,1,0,0,0,0,0,0,0,1,0,0,0,0,0,0,0,0,0,0,0,0,0,0,0,0,0,0,0,0,0,0,0,0,0,0,0,0,0,0,0,0,0,1,1,1,1,1,1,1,1,1,1,1,1,1,1,1,1,0,1,1,1,1,0,0,0,0,0,-1,-1,-1,-1,-1,-1,-1,0,0,0,0,-1,-1,-1,-1,-1,-1,-1,0,0,-1,0,-1,1,1,1,1,1,1,1,1,1.0184746,0,1,1.0163752,0,0,-1,-1,1,0,0,0,0,0,0,1,1,1,1,1,1,1,1,0,0,0,0,0,0,0,0,0,0,0,0,0,100,0,0,0,0,0,0,0,0,0,1,1,1,1,1,1,1,1,1,1,1,1,1,1,1,1,1,1,1,1,1,1,1.1053191,0,0,0,-1,1,0,0,0,0,0,1,0,1,1,1,1,1,0,0,0,0,1,1,0,1,1,1,-1,0,0,0,0,0,0,0,0,0,0,0,0,0,0,1,1,1,0,0,1.1053191,1.1053191,0,0,100,0,0,0,0,0,0,0,0,0,0,0,0,0,0,0,0,0,0,1,1,1,1,1,1,1,0,0,0,0,1,1,0
20007490,SOTE - NG+ Scaling: Scaduview / Ancient Ruins of Rauh,-1,-1,-1,0,1.0541972,1,1.0222114,1,1,1,1,1,1,1,1,1,1,1,1.0147662,1.0147662,1.0147662,1.0147662,0,0,0,0,1.0172464,1.0172464,1.0172464,1.0172464,0,0,0,0,1,-1,-1,0,-1,0,0,0,0,0,0,0,0,0,0,0,1.0144893,0,0,0,0,1,1,1,1,0,-1,1,0,1,1,1,1.090625,1.090625,1.090625,1,1,1,1,-1,-1,-1,1,1,-1,0,0,0,0,0,-1,0,0,0,0,0,100,0,0,0,0,0,0,0,0,0,0,0,0,254,254,0,0,0,0,0,-1,100,1,1,1,1,1,1,1,0,0,0,0,0,0,0,1,0,0,0,0,0,0,0,0,0,0,0,0,0,0,0,0,0,0,0,0,0,0,0,0,0,0,0,0,0,0,0,0,0,1,1,1,1,1,1,1,1,1,1,1,1,1,1,1,1,0,1,1,1,1,0,0,0,0,0,-1,-1,-1,-1,-1,-1,-1,0,0,0,0,-1,-1,-1,-1,-1,-1,-1,0,0,-1,0,-1,1,1,1,1,1,1,1,1,1.0172464,0,1,1.0147662,0,0,-1,-1,1,0,0,0,0,0,0,1,1,1,1,1,1,1,1,0,0,0,0,0,0,0,0,0,0,0,0,0,100,0,0,0,0,0,0,0,0,0,1,1,1,1,1,1,1,1,1,1,1,1,1,1,1,1,1,1,1,1,1,1,1.090625,0,0,0,-1,1,0,0,0,0,0,1,0,1,1,1,1,1,0,0,0,0,1,1,0,1,1,1,-1,0,0,0,0,0,0,0,0,0,0,0,0,0,0,1,1,1,0,0,1.090625,1.090625,0,0,100,0,0,0,0,0,0,0,0,0,0,0,0,0,0,0,0,0,0,1,1,1,1,1,1,1,0,0,0,0,1,1,0
20007500,SOTE - NG+ Scaling: Abyssal Woods / Hinterland,-1,-1,-1,0,1.0456709,1,1.0184376,1,1,1,1,1,1,1,1,1,1,1,1.0139655,1.0139655,1.0139655,1.0139655,0,0,0,0,1.0160241,1.0160241,1.0160241,1.0160241,0,0,0,0,1,-1,-1,0,-1,0,0,0,0,0,0,0,0,0,0,0,1.0137355,0,0,0,0,1,1,1,1,0,-1,1,0,1,1,1,1.0835052,1.0835052,1.0835052,1,1,1,1,-1,-1,-1,1,1,-1,0,0,0,0,0,-1,0,0,0,0,0,100,0,0,0,0,0,0,0,0,0,0,0,0,254,254,0,0,0,0,0,-1,100,1,1,1,1,1,1,1,0,0,0,0,0,0,0,1,0,0,0,0,0,0,0,0,0,0,0,0,0,0,0,0,0,0,0,0,0,0,0,0,0,0,0,0,0,0,0,0,0,1,1,1,1,1,1,1,1,1,1,1,1,1,1,1,1,0,1,1,1,1,0,0,0,0,0,-1,-1,-1,-1,-1,-1,-1,0,0,0,0,-1,-1,-1,-1,-1,-1,-1,0,0,-1,0,-1,1,1,1,1,1,1,1,1,1.0160241,0,1,1.0139655,0,0,-1,-1,1,0,0,0,0,0,0,1,1,1,1,1,1,1,1,0,0,0,0,0,0,0,0,0,0,0,0,0,100,0,0,0,0,0,0,0,0,0,1,1,1,1,1,1,1,1,1,1,1,1,1,1,1,1,1,1,1,1,1,1,1.0835052,0,0,0,-1,1,0,0,0,0,0,1,0,1,1,1,1,1,0,0,0,0,1,1,0,1,1,1,-1,0,0,0,0,0,0,0,0,0,0,0,0,0,0,1,1,1,0,0,1.0835052,1.0835052,0,0,100,0,0,0,0,0,0,0,0,0,0,0,0,0,0,0,0,0,0,1,1,1,1,1,1,1,0,0,0,0,1,1,0
20007510,SOTE - NG+ Scaling: Finger Birthing Grounds / Jagged Peak / Enir-Ilim,-1,-1,-1,0,1.0388143,1,1.0146931,1,1,1,1,1,1,1,1,1,1,1,1.0131674,1.0131674,1.0131674,1.0131674,0,0,0,0,1.0148077,1.0148077,1.0148077,1.0148077,0,0,0,0,1,-1,-1,0,-1,0,0,0,0,0,0,0,0,0,0,0,1.0129839,0,0,0,0,1,1,1,1,0,-1,1,0,1,1,1,1.0765306,1.0765306,1.0765306,1,1,1,1,-1,-1,-1,1,1,-1,0,0,0,0,0,-1,0,0,0,0,0,100,0,0,0,0,0,0,0,0,0,0,0,0,254,254,0,0,0,0,0,-1,100,1,1,1,1,1,1,1,0,0,0,0,0,0,0,1,0,0,0,0,0,0,0,0,0,0,0,0,0,0,0,0,0,0,0,0,0,0,0,0,0,0,0,0,0,0,0,0,0,1,1,1,1,1,1,1,1,1,1,1,1,1,1,1,1,0,1,1,1,1,0,0,0,0,0,-1,-1,-1,-1,-1,-1,-1,0,0,0,0,-1,-1,-1,-1,-1,-1,-1,0,0,-1,0,-1,1,1,1,1,1,1,1,1,1.0148077,0,1,1.0131674,0,0,-1,-1,1,0,0,0,0,0,0,1,1,1,1,1,1,1,1,0,0,0,0,0,0,0,0,0,0,0,0,0,100,0,0,0,0,0,0,0,0,0,1,1,1,1,1,1,1,1,1,1,1,1,1,1,1,1,1,1,1,1,1,1,1.0765306,0,0,0,-1,1,0,0,0,0,0,1,0,1,1,1,1,1,0,0,0,0,1,1,0,1,1,1,-1,0,0,0,0,0,0,0,0,0,0,0,0,0,0,1,1,1,0,0,1.0765306,1.0765306,0,0,100,0,0,0,0,0,0,0,0,0,0,0,0,0,0,0,0,0,0,1,1,1,1,1,1,1,0,0,0,0,1,1,0
20007520,SOTE - NG+ Scaling:,-1,-1,-1,0,1.0313383,1,1.0109774,1,1,1,1,1,1,1,1,1,1,1,1.0123718,1.0123718,1.0123718,1.0123718,0,0,0,0,1.0135971,1.0135971,1.0135971,1.0135971,0,0,0,0,1,-1,-1,0,-1,0,0,0,0,0,0,0,0,0,0,0,1.0122347,0,0,0,0,1,1,1,1,0,-1,1,0,1,1,1,1.069697,1.069697,1.069697,1,1,1,1,-1,-1,-1,1,1,-1,0,0,0,0,0,-1,0,0,0,0,0,100,0,0,0,0,0,0,0,0,0,0,0,0,254,254,0,0,0,0,0,-1,100,1,1,1,1,1,1,1,0,0,0,0,0,0,0,1,0,0,0,0,0,0,0,0,0,0,0,0,0,0,0,0,0,0,0,0,0,0,0,0,0,0,0,0,0,0,0,0,0,1,1,1,1,1,1,1,1,1,1,1,1,1,1,1,1,0,1,1,1,1,0,0,0,0,0,-1,-1,-1,-1,-1,-1,-1,0,0,0,0,-1,-1,-1,-1,-1,-1,-1,0,0,-1,0,-1,1,1,1,1,1,1,1,1,1.0135971,0,1,1.0123718,0,0,-1,-1,1,0,0,0,0,0,0,1,1,1,1,1,1,1,1,0,0,0,0,0,0,0,0,0,0,0,0,0,100,0,0,0,0,0,0,0,0,0,1,1,1,1,1,1,1,1,1,1,1,1,1,1,1,1,1,1,1,1,1,1,1.069697,0,0,0,-1,1,0,0,0,0,0,1,0,1,1,1,1,1,0,0,0,0,1,1,0,1,1,1,-1,0,0,0,0,0,0,0,0,0,0,0,0,0,0,1,1,1,0,0,1.069697,1.069697,0,0,100,0,0,0,0,0,0,0,0,0,0,0,0,0,0,0,0,0,0,1,1,1,1,1,1,1,0,0,0,0,1,1,0
20007530,SOTE - NG+ Scaling:,-1,-1,-1,0,1.0206945,1,1.0072901,1,1,1,1,1,1,1,1,1,1,1,1.011183,1.011183,1.011183,1.011183,0,0,0,0,1.0123924,1.0123924,1.0123924,1.0123924,0,0,0,0,1,-1,-1,0,-1,0,0,0,0,0,0,0,0,0,0,0,1.0114875,0,0,0,0,1,1,1,1,0,-1,1,0,1,1,1,1.0597014,1.0597014,1.0597014,1,1,1,1,-1,-1,-1,1,1,-1,0,0,0,0,0,-1,0,0,0,0,0,100,0,0,0,0,0,0,0,0,0,0,0,0,254,254,0,0,0,0,0,-1,100,1,1,1,1,1,1,1,0,0,0,0,0,0,0,1,0,0,0,0,0,0,0,0,0,0,0,0,0,0,0,0,0,0,0,0,0,0,0,0,0,0,0,0,0,0,0,0,0,1,1,1,1,1,1,1,1,1,1,1,1,1,1,1,1,0,1,1,1,1,0,0,0,0,0,-1,-1,-1,-1,-1,-1,-1,0,0,0,0,-1,-1,-1,-1,-1,-1,-1,0,0,-1,0,-1,1,1,1,1,1,1,1,1,1.0123924,0,1,1.011183,0,0,-1,-1,1,0,0,0,0,0,0,1,1,1,1,1,1,1,1,0,0,0,0,0,0,0,0,0,0,0,0,0,100,0,0,0,0,0,0,0,0,0,1,1,1,1,1,1,1,1,1,1,1,1,1,1,1,1,1,1,1,1,1,1,1.0597014,0,0,0,-1,1,0,0,0,0,0,1,0,1,1,1,1,1,0,0,0,0,1,1,0,1,1,1,-1,0,0,0,0,0,0,0,0,0,0,0,0,0,0,1,1,1,0,0,1.0597014,1.0597014,0,0,100,0,0,0,0,0,0,0,0,0,0,0,0,0,0,0,0,0,0,1,1,1,1,1,1,1,0,0,0,0,1,1,0
20007540,SOTE - NG+ Scaling:,-1,-1,-1,0,1.017251,1,1.0036311,1,1,1,1,1,1,1,1,1,1,1,1.0107881,1.0107881,1.0107881,1.0107881,0,0,0,0,1.0111933,1.0111933,1.0111933,1.0111933,0,0,0,0,1,-1,-1,0,-1,0,0,0,0,0,0,0,0,0,0,0,1.0107427,0,0,0,0,1,1,1,1,0,-1,1,0,1,1,1,1.0564356,1.0564356,1.0564356,1,1,1,1,-1,-1,-1,1,1,-1,0,0,0,0,0,-1,0,0,0,0,0,100,0,0,0,0,0,0,0,0,0,0,0,0,254,254,0,0,0,0,0,-1,100,1,1,1,1,1,1,1,0,0,0,0,0,0,0,1,0,0,0,0,0,0,0,0,0,0,0,0,0,0,0,0,0,0,0,0,0,0,0,0,0,0,0,0,0,0,0,0,0,1,1,1,1,1,1,1,1,1,1,1,1,1,1,1,1,0,1,1,1,1,0,0,0,0,0,-1,-1,-1,-1,-1,-1,-1,0,0,0,0,-1,-1,-1,-1,-1,-1,-1,0,0,-1,0,-1,1,1,1,1,1,1,1,1,1.0111933,0,1,1.0107881,0,0,-1,-1,1,0,0,0,0,0,0,1,1,1,1,1,1,1,1,0,0,0,0,0,0,0,0,0,0,0,0,0,100,0,0,0,0,0,0,0,0,0,1,1,1,1,1,1,1,1,1,1,1,1,1,1,1,1,1,1,1,1,1,1,1.0564356,0,0,0,-1,1,0,0,0,0,0,1,0,1,1,1,1,1,0,0,0,0,1,1,0,1,1,1,-1,0,0,0,0,0,0,0,0,0,0,0,0,0,0,1,1,1,0,0,1.0564356,1.0564356,0,0,100,0,0,0,0,0,0,0,0,0,0,0,0,0,0,0,0,0,0,1,1,1,1,1,1,1,0,0,0,0,1,1,0
20007550,SOTE - NG+ Scaling:,-1,-1,-1,0,1.01,1,1.003,1,1,1,1,1,1,1,1,1,1,1,1.01,1.01,1.01,1.01,0,0,0,0,1.01,1.01,1.01,1.01,0,0,0,0,1,-1,-1,0,-1,0,0,0,0,0,0,0,0,0,0,0,1.01,0,0,0,0,1,1,1,1,0,-1,1,0,1,1,1,1.05,1.05,1.05,1,1,1,1,-1,-1,-1,1,1,-1,0,0,0,0,0,-1,0,0,0,0,0,100,0,0,0,0,0,0,0,0,0,0,0,0,254,254,0,0,0,0,0,-1,100,1,1,1,1,1,1,1,0,0,0,0,0,0,0,1,0,0,0,0,0,0,0,0,0,0,0,0,0,0,0,0,0,0,0,0,0,0,0,0,0,0,0,0,0,0,0,0,0,1,1,1,1,1,1,1,1,1,1,1,1,1,1,1,1,0,1,1,1,1,0,0,0,0,0,-1,-1,-1,-1,-1,-1,-1,0,0,0,0,-1,-1,-1,-1,-1,-1,-1,0,0,-1,0,-1,1,1,1,1,1,1,1,1,1.01,0,1,1.01,0,0,-1,-1,1,0,0,0,0,0,0,1,1,1,1,1,1,1,1,0,0,0,0,0,0,0,0,0,0,0,0,0,100,0,0,0,0,0,0,0,0,0,1,1,1,1,1,1,1,1,1,1,1,1,1,1,1,1,1,1,1,1,1,1,1.05,0,0,0,-1,1,0,0,0,0,0,1,0,1,1,1,1,1,0,0,0,0,1,1,0,1,1,1,-1,0,0,0,0,0,0,0,0,0,0,0,0,0,0,1,1,1,0,0,1.05,1.05,0,0,100,0,0,0,0,0,0,0,0,0,0,0,0,0,0,0,0,0,0,1,1,1,1,1,1,1,0,0,0,0,1,1,0
20007600,SOTE - Human-NPC NG+ Scaling: Gravesite Plain,-1,-1,-1,0,1.0981221,1,1.065234,1,1,1,1,1,1,1,1,1,1,1,1.0237443,1.0237443,1.0237443,1.0237443,0,0,0,0,1.0276664,1.0276664,1.0276664,1.0276664,0,0,0,0,1,-1,-1,0,-1,0,0,0,0,0,0,0,0,0,0,0,1.0252846,0,0,0,0,1,1,1,1,0,-1,1,0,1,1,1,1.18,1.18,1.18,1,1,1,1,-1,-1,-1,1,1,-1,0,0,0,0,0,-1,0,0,0,0,0,100,0,0,0,0,0,0,0,0,0,0,0,0,254,254,0,0,0,0,0,-1,100,1,1,1,1,1,1,1,0,0,0,0,0,0,0,1,1,1,0,0,0,0,0,0,0,0,0,0,0,0,0,0,0,0,0,0,0,0,0,0,0,0,0,0,0,0,0,0,0,1,1,1,1,1,1,1,1,1,1,1,1,1,1,1,1,0,1,1,1,1,0,0,0,0,0,-1,-1,-1,-1,-1,-1,-1,0,0,0,0,-1,-1,-1,-1,-1,-1,-1,0,0,-1,0,-1,1,1,1,1,1,1,1,1,1.0276664,0,1,1.0237443,0,0,-1,-1,1,0,0,0,0,0,0,1,1,1,1,1,1,1,1,0,0,0,0,0,0,0,0,0,0,0,0,0,100,0,0,0,0,0,0,0,0,0,1,1,1,1,1,1,1,1,1,1,1,1,1,1,1,1,1,1,1,1,1,1,1.18,0,0,0,-1,1,0,0,0,0,0,1,0,1,1,1,1,1,0,0,0,0,1,1,0,1,1,1,-1,0,0,0,0,0,0,0,0,0,0,0,0,0,0,1,1,1,0,0,1.18,1.18,0,0,100,0,0,0,0,0,0,0,0,0,0,0,0,0,0,0,0,0,0,1,1,1,1,1,1,1,0,0,0,0,1,1,0
20007610,SOTE - Human-NPC NG+ Scaling: Belurat- Tower Settlement,-1,-1,-1,0,1.0839258,1,1.0626585,1,1,1,1,1,1,1,1,1,1,1,1.0225012,1.0225012,1.0225012,1.0225012,0,0,0,0,1.0268171,1.0268171,1.0268171,1.0268171,0,0,0,0,1,-1,-1,0,-1,0,0,0,0,0,0,0,0,0,0,0,1.0229326,0,0,0,0,1,1,1,1,0,-1,1,0,1,1,1,1.166474,1.166474,1.166474,1,1,1,1,-1,-1,-1,1,1,-1,0,0,0,0,0,-1,0,0,0,0,0,100,0,0,0,0,0,0,0,0,0,0,0,0,254,254,0,0,0,0,0,-1,100,1,1,1,1,1,1,1,0,0,0,0,0,0,0,1,1,1,0,0,0,0,0,0,0,0,0,0,0,0,0,0,0,0,0,0,0,0,0,0,0,0,0,0,0,0,0,0,0,1,1,1,1,1,1,1,1,1,1,1,1,1,1,1,1,0,1,1,1,1,0,0,0,0,0,-1,-1,-1,-1,-1,-1,-1,0,0,0,0,-1,-1,-1,-1,-1,-1,-1,0,0,-1,0,-1,1,1,1,1,1,1,1,1,1.0268171,0,1,1.0225012,0,0,-1,-1,1,0,0,0,0,0,0,1,1,1,1,1,1,1,1,0,0,0,0,0,0,0,0,0,0,0,0,0,100,0,0,0,0,0,0,0,0,0,1,1,1,1,1,1,1,1,1,1,1,1,1,1,1,1,1,1,1,1,1,1,1.166474,0,0,0,-1,1,0,0,0,0,0,1,0,1,1,1,1,1,0,0,0,0,1,1,0,1,1,1,-1,0,0,0,0,0,0,0,0,0,0,0,0,0,0,1,1,1,0,0,1.166474,1.166474,0,0,100,0,0,0,0,0,0,0,0,0,0,0,0,0,0,0,0,0,0,1,1,1,1,1,1,1,0,0,0,0,1,1,0
20007620,SOTE - Human-NPC NG+ Scaling: Ellac River,-1,-1,-1,0,1.0779487,1,1.0606076,1,1,1,1,1,1,1,1,1,1,1,1.021676,1.021676,1.021676,1.021676,0,0,0,0,1.0263934,1.0263934,1.0263934,1.0263934,0,0,0,0,1,-1,-1,0,-1,0,0,0,0,0,0,0,0,0,0,0,1.0213766,0,0,0,0,1,1,1,1,0,-1,1,0,1,1,1,1.1577142,1.1577142,1.1577142,1,1,1,1,-1,-1,-1,1,1,-1,0,0,0,0,0,-1,0,0,0,0,0,100,0,0,0,0,0,0,0,0,0,0,0,0,254,254,0,0,0,0,0,-1,100,1,1,1,1,1,1,1,0,0,0,0,0,0,0,1,1,1,0,0,0,0,0,0,0,0,0,0,0,0,0,0,0,0,0,0,0,0,0,0,0,0,0,0,0,0,0,0,0,1,1,1,1,1,1,1,1,1,1,1,1,1,1,1,1,0,1,1,1,1,0,0,0,0,0,-1,-1,-1,-1,-1,-1,-1,0,0,0,0,-1,-1,-1,-1,-1,-1,-1,0,0,-1,0,-1,1,1,1,1,1,1,1,1,1.0263934,0,1,1.021676,0,0,-1,-1,1,0,0,0,0,0,0,1,1,1,1,1,1,1,1,0,0,0,0,0,0,0,0,0,0,0,0,0,100,0,0,0,0,0,0,0,0,0,1,1,1,1,1,1,1,1,1,1,1,1,1,1,1,1,1,1,1,1,1,1,1.1577142,0,0,0,-1,1,0,0,0,0,0,1,0,1,1,1,1,1,0,0,0,0,1,1,0,1,1,1,-1,0,0,0,0,0,0,0,0,0,0,0,0,0,0,1,1,1,0,0,1.1577142,1.1577142,0,0,100,0,0,0,0,0,0,0,0,0,0,0,0,0,0,0,0,0,0,1,1,1,1,1,1,1,0,0,0,0,1,1,0
20007630,SOTE - Human-NPC NG+ Scaling: Castle Ensis / Cerulean Coast,-1,-1,-1,0,1.0781562,1,1.0534942,1,1,1,1,1,1,1,1,1,1,1,1.0204428,1.0204428,1.0204428,1.0204428,0,0,0,0,1.0251267,1.0251267,1.0251267,1.0251267,0,0,0,0,1,-1,-1,0,-1,0,0,0,0,0,0,0,0,0,0,0,1.01906,0,0,0,0,1,1,1,1,0,-1,1,0,1,1,1,1.1449438,1.1449438,1.1449438,1,1,1,1,-1,-1,-1,1,1,-1,0,0,0,0,0,-1,0,0,0,0,0,100,0,0,0,0,0,0,0,0,0,0,0,0,254,254,0,0,0,0,0,-1,100,1,1,1,1,1,1,1,0,0,0,0,0,0,0,1,1,1,0,0,0,0,0,0,0,0,0,0,0,0,0,0,0,0,0,0,0,0,0,0,0,0,0,0,0,0,0,0,0,1,1,1,1,1,1,1,1,1,1,1,1,1,1,1,1,0,1,1,1,1,0,0,0,0,0,-1,-1,-1,-1,-1,-1,-1,0,0,0,0,-1,-1,-1,-1,-1,-1,-1,0,0,-1,0,-1,1,1,1,1,1,1,1,1,1.0251267,0,1,1.0204428,0,0,-1,-1,1,0,0,0,0,0,0,1,1,1,1,1,1,1,1,0,0,0,0,0,0,0,0,0,0,0,0,0,100,0,0,0,0,0,0,0,0,0,1,1,1,1,1,1,1,1,1,1,1,1,1,1,1,1,1,1,1,1,1,1,1.1449438,0,0,0,-1,1,0,0,0,0,0,1,0,1,1,1,1,1,0,0,0,0,1,1,0,1,1,1,-1,0,0,0,0,0,0,0,0,0,0,0,0,0,0,1,1,1,0,0,1.1449438,1.1449438,0,0,100,0,0,0,0,0,0,0,0,0,0,0,0,0,0,0,0,0,0,1,1,1,1,1,1,1,0,0,0,0,1,1,0
20007640,SOTE - Human-NPC NG+ Scaling: Scadu Altus,-1,-1,-1,0,1.0782156,1,1.0464803,1,1,1,1,1,1,1,1,1,1,1,1.0200331,1.0200331,1.0200331,1.0200331,0,0,0,0,1.0238662,1.0238662,1.0238662,1.0238662,0,0,0,0,1,-1,-1,0,-1,0,0,0,0,0,0,0,0,0,0,0,1.0182925,0,0,0,0,1,1,1,1,0,-1,1,0,1,1,1,1.1407821,1.1407821,1.1407821,1,1,1,1,-1,-1,-1,1,1,-1,0,0,0,0,0,-1,0,0,0,0,0,100,0,0,0,0,0,0,0,0,0,0,0,0,254,254,0,0,0,0,0,-1,100,1,1,1,1,1,1,1,0,0,0,0,0,0,0,1,1,1,0,0,0,0,0,0,0,0,0,0,0,0,0,0,0,0,0,0,0,0,0,0,0,0,0,0,0,0,0,0,0,1,1,1,1,1,1,1,1,1,1,1,1,1,1,1,1,0,1,1,1,1,0,0,0,0,0,-1,-1,-1,-1,-1,-1,-1,0,0,0,0,-1,-1,-1,-1,-1,-1,-1,0,0,-1,0,-1,1,1,1,1,1,1,1,1,1.0238662,0,1,1.0200331,0,0,-1,-1,1,0,0,0,0,0,0,1,1,1,1,1,1,1,1,0,0,0,0,0,0,0,0,0,0,0,0,0,100,0,0,0,0,0,0,0,0,0,1,1,1,1,1,1,1,1,1,1,1,1,1,1,1,1,1,1,1,1,1,1,1.1407821,0,0,0,-1,1,0,0,0,0,0,1,0,1,1,1,1,1,0,0,0,0,1,1,0,1,1,1,-1,0,0,0,0,0,0,0,0,0,0,0,0,0,0,1,1,1,0,0,1.1407821,1.1407821,0,0,100,0,0,0,0,0,0,0,0,0,0,0,0,0,0,0,0,0,0,1,1,1,1,1,1,1,0,0,0,0,1,1,0
20007650,SOTE - Human-NPC NG+ Scaling: Rauh Base / Charo's Hidden Grave,-1,-1,-1,0,1.0768288,1,1.0376052,1,1,1,1,1,1,1,1,1,1,1,1.0196241,1.0196241,1.0196241,1.0196241,0,0,0,0,1.0221951,1.0221951,1.0221951,1.0221951,0,0,0,0,1,-1,-1,0,-1,0,0,0,0,0,0,0,0,0,0,0,1.0175273,0,0,0,0,1,1,1,1,0,-1,1,0,1,1,1,1.1366667,1.1366667,1.1366667,1,1,1,1,-1,-1,-1,1,1,-1,0,0,0,0,0,-1,0,0,0,0,0,100,0,0,0,0,0,0,0,0,0,0,0,0,254,254,0,0,0,0,0,-1,100,1,1,1,1,1,1,1,0,0,0,0,0,0,0,1,1,1,0,0,0,0,0,0,0,0,0,0,0,0,0,0,0,0,0,0,0,0,0,0,0,0,0,0,0,0,0,0,0,1,1,1,1,1,1,1,1,1,1,1,1,1,1,1,1,0,1,1,1,1,0,0,0,0,0,-1,-1,-1,-1,-1,-1,-1,0,0,0,0,-1,-1,-1,-1,-1,-1,-1,0,0,-1,0,-1,1,1,1,1,1,1,1,1,1.0221951,0,1,1.0196241,0,0,-1,-1,1,0,0,0,0,0,0,1,1,1,1,1,1,1,1,0,0,0,0,0,0,0,0,0,0,0,0,0,100,0,0,0,0,0,0,0,0,0,1,1,1,1,1,1,1,1,1,1,1,1,1,1,1,1,1,1,1,1,1,1,1.1366667,0,0,0,-1,1,0,0,0,0,0,1,0,1,1,1,1,1,0,0,0,0,1,1,0,1,1,1,-1,0,0,0,0,0,0,0,0,0,0,0,0,0,0,1,1,1,0,0,1.1366667,1.1366667,0,0,100,0,0,0,0,0,0,0,0,0,0,0,0,0,0,0,0,0,0,1,1,1,1,1,1,1,0,0,0,0,1,1,0
20007660,SOTE - Human-NPC NG+ Scaling: Shadow Keep / Stone Coffin Fissure,-1,-1,-1,0,1.0770154,1,1.0337112,1,1,1,1,1,1,1,1,1,1,1,1.0179944,1.0179944,1.0179944,1.0179944,0,0,0,0,1.0209489,1.0209489,1.0209489,1.0209489,0,0,0,0,1,-1,-1,0,-1,0,0,0,0,0,0,0,0,0,0,0,1.0167644,0,0,0,0,1,1,1,1,0,-1,1,0,1,1,1,1.1206522,1.1206522,1.1206522,1,1,1,1,-1,-1,-1,1,1,-1,0,0,0,0,0,-1,0,0,0,0,0,100,0,0,0,0,0,0,0,0,0,0,0,0,254,254,0,0,0,0,0,-1,100,1,1,1,1,1,1,1,0,0,0,0,0,0,0,1,1,1,0,0,0,0,0,0,0,0,0,0,0,0,0,0,0,0,0,0,0,0,0,0,0,0,0,0,0,0,0,0,0,1,1,1,1,1,1,1,1,1,1,1,1,1,1,1,1,0,1,1,1,1,0,0,0,0,0,-1,-1,-1,-1,-1,-1,-1,0,0,0,0,-1,-1,-1,-1,-1,-1,-1,0,0,-1,0,-1,1,1,1,1,1,1,1,1,1.0209489,0,1,1.0179944,0,0,-1,-1,1,0,0,0,0,0,0,1,1,1,1,1,1,1,1,0,0,0,0,0,0,0,0,0,0,0,0,0,100,0,0,0,0,0,0,0,0,0,1,1,1,1,1,1,1,1,1,1,1,1,1,1,1,1,1,1,1,1,1,1,1.1206522,0,0,0,-1,1,0,0,0,0,0,1,0,1,1,1,1,1,0,0,0,0,1,1,0,1,1,1,-1,0,0,0,0,0,0,0,0,0,0,0,0,0,0,1,1,1,0,0,1.1206522,1.1206522,0,0,100,0,0,0,0,0,0,0,0,0,0,0,0,0,0,0,0,0,0,1,1,1,1,1,1,1,0,0,0,0,1,1,0
20007670,SOTE - Human-NPC NG+ Scaling: Scadutree Base,-1,-1,-1,0,1.0771002,1,1.0298479,1,1,1,1,1,1,1,1,1,1,1,1.0171835,1.0171835,1.0171835,1.0171835,0,0,0,0,1.0197088,1.0197088,1.0197088,1.0197088,0,0,0,0,1,-1,-1,0,-1,0,0,0,0,0,0,0,0,0,0,0,1.0160037,0,0,0,0,1,1,1,1,0,-1,1,0,1,1,1,1.1129032,1.1129032,1.1129032,1,1,1,1,-1,-1,-1,1,1,-1,0,0,0,0,0,-1,0,0,0,0,0,100,0,0,0,0,0,0,0,0,0,0,0,0,254,254,0,0,0,0,0,-1,100,1,1,1,1,1,1,1,0,0,0,0,0,0,0,1,1,1,0,0,0,0,0,0,0,0,0,0,0,0,0,0,0,0,0,0,0,0,0,0,0,0,0,0,0,0,0,0,0,1,1,1,1,1,1,1,1,1,1,1,1,1,1,1,1,0,1,1,1,1,0,0,0,0,0,-1,-1,-1,-1,-1,-1,-1,0,0,0,0,-1,-1,-1,-1,-1,-1,-1,0,0,-1,0,-1,1,1,1,1,1,1,1,1,1.0197088,0,1,1.0171835,0,0,-1,-1,1,0,0,0,0,0,0,1,1,1,1,1,1,1,1,0,0,0,0,0,0,0,0,0,0,0,0,0,100,0,0,0,0,0,0,0,0,0,1,1,1,1,1,1,1,1,1,1,1,1,1,1,1,1,1,1,1,1,1,1,1.1129032,0,0,0,-1,1,0,0,0,0,0,1,0,1,1,1,1,1,0,0,0,0,1,1,0,1,1,1,-1,0,0,0,0,0,0,0,0,0,0,0,0,0,0,1,1,1,0,0,1.1129032,1.1129032,0,0,100,0,0,0,0,0,0,0,0,0,0,0,0,0,0,0,0,0,0,1,1,1,1,1,1,1,0,0,0,0,1,1,0
20007680,SOTE - Human-NPC NG+ Scaling: Specimen Storehouse / Recluses' River,-1,-1,-1,0,1.0693364,1,1.0260147,1,1,1,1,1,1,1,1,1,1,1,1.0163752,1.0163752,1.0163752,1.0163752,0,0,0,0,1.0184746,1.0184746,1.0184746,1.0184746,0,0,0,0,1,-1,-1,0,-1,0,0,0,0,0,0,0,0,0,0,0,1.0152454,0,0,0,0,1,1,1,1,0,-1,1,0,1,1,1,1.1053191,1.1053191,1.1053191,1,1,1,1,-1,-1,-1,1,1,-1,0,0,0,0,0,-1,0,0,0,0,0,100,0,0,0,0,0,0,0,0,0,0,0,0,254,254,0,0,0,0,0,-1,100,1,1,1,1,1,1,1,0,0,0,0,0,0,0,1,1,1,0,0,0,0,0,0,0,0,0,0,0,0,0,0,0,0,0,0,0,0,0,0,0,0,0,0,0,0,0,0,0,1,1,1,1,1,1,1,1,1,1,1,1,1,1,1,1,0,1,1,1,1,0,0,0,0,0,-1,-1,-1,-1,-1,-1,-1,0,0,0,0,-1,-1,-1,-1,-1,-1,-1,0,0,-1,0,-1,1,1,1,1,1,1,1,1,1.0184746,0,1,1.0163752,0,0,-1,-1,1,0,0,0,0,0,0,1,1,1,1,1,1,1,1,0,0,0,0,0,0,0,0,0,0,0,0,0,100,0,0,0,0,0,0,0,0,0,1,1,1,1,1,1,1,1,1,1,1,1,1,1,1,1,1,1,1,1,1,1,1.1053191,0,0,0,-1,1,0,0,0,0,0,1,0,1,1,1,1,1,0,0,0,0,1,1,0,1,1,1,-1,0,0,0,0,0,0,0,0,0,0,0,0,0,0,1,1,1,0,0,1.1053191,1.1053191,0,0,100,0,0,0,0,0,0,0,0,0,0,0,0,0,0,0,0,0,0,1,1,1,1,1,1,1,0,0,0,0,1,1,0
20007690,SOTE - Human-NPC NG+ Scaling: Scaduview / Ancient Ruins of Rauh,-1,-1,-1,0,1.0541972,1,1.0222114,1,1,1,1,1,1,1,1,1,1,1,1.0147662,1.0147662,1.0147662,1.0147662,0,0,0,0,1.0172464,1.0172464,1.0172464,1.0172464,0,0,0,0,1,-1,-1,0,-1,0,0,0,0,0,0,0,0,0,0,0,1.0144893,0,0,0,0,1,1,1,1,0,-1,1,0,1,1,1,1.090625,1.090625,1.090625,1,1,1,1,-1,-1,-1,1,1,-1,0,0,0,0,0,-1,0,0,0,0,0,100,0,0,0,0,0,0,0,0,0,0,0,0,254,254,0,0,0,0,0,-1,100,1,1,1,1,1,1,1,0,0,0,0,0,0,0,1,1,1,0,0,0,0,0,0,0,0,0,0,0,0,0,0,0,0,0,0,0,0,0,0,0,0,0,0,0,0,0,0,0,1,1,1,1,1,1,1,1,1,1,1,1,1,1,1,1,0,1,1,1,1,0,0,0,0,0,-1,-1,-1,-1,-1,-1,-1,0,0,0,0,-1,-1,-1,-1,-1,-1,-1,0,0,-1,0,-1,1,1,1,1,1,1,1,1,1.0172464,0,1,1.0147662,0,0,-1,-1,1,0,0,0,0,0,0,1,1,1,1,1,1,1,1,0,0,0,0,0,0,0,0,0,0,0,0,0,100,0,0,0,0,0,0,0,0,0,1,1,1,1,1,1,1,1,1,1,1,1,1,1,1,1,1,1,1,1,1,1,1.090625,0,0,0,-1,1,0,0,0,0,0,1,0,1,1,1,1,1,0,0,0,0,1,1,0,1,1,1,-1,0,0,0,0,0,0,0,0,0,0,0,0,0,0,1,1,1,0,0,1.090625,1.090625,0,0,100,0,0,0,0,0,0,0,0,0,0,0,0,0,0,0,0,0,0,1,1,1,1,1,1,1,0,0,0,0,1,1,0
20007700,SOTE - Human-NPC NG+ Scaling: Abyssal Woods / Hinterland,-1,-1,-1,0,1.0456709,1,1.0184376,1,1,1,1,1,1,1,1,1,1,1,1.0139655,1.0139655,1.0139655,1.0139655,0,0,0,0,1.0160241,1.0160241,1.0160241,1.0160241,0,0,0,0,1,-1,-1,0,-1,0,0,0,0,0,0,0,0,0,0,0,1.0137355,0,0,0,0,1,1,1,1,0,-1,1,0,1,1,1,1.0835052,1.0835052,1.0835052,1,1,1,1,-1,-1,-1,1,1,-1,0,0,0,0,0,-1,0,0,0,0,0,100,0,0,0,0,0,0,0,0,0,0,0,0,254,254,0,0,0,0,0,-1,100,1,1,1,1,1,1,1,0,0,0,0,0,0,0,1,1,1,0,0,0,0,0,0,0,0,0,0,0,0,0,0,0,0,0,0,0,0,0,0,0,0,0,0,0,0,0,0,0,1,1,1,1,1,1,1,1,1,1,1,1,1,1,1,1,0,1,1,1,1,0,0,0,0,0,-1,-1,-1,-1,-1,-1,-1,0,0,0,0,-1,-1,-1,-1,-1,-1,-1,0,0,-1,0,-1,1,1,1,1,1,1,1,1,1.0160241,0,1,1.0139655,0,0,-1,-1,1,0,0,0,0,0,0,1,1,1,1,1,1,1,1,0,0,0,0,0,0,0,0,0,0,0,0,0,100,0,0,0,0,0,0,0,0,0,1,1,1,1,1,1,1,1,1,1,1,1,1,1,1,1,1,1,1,1,1,1,1.0835052,0,0,0,-1,1,0,0,0,0,0,1,0,1,1,1,1,1,0,0,0,0,1,1,0,1,1,1,-1,0,0,0,0,0,0,0,0,0,0,0,0,0,0,1,1,1,0,0,1.0835052,1.0835052,0,0,100,0,0,0,0,0,0,0,0,0,0,0,0,0,0,0,0,0,0,1,1,1,1,1,1,1,0,0,0,0,1,1,0
20007710,SOTE - Human-NPC NG+ Scaling: Finger Birthing Grounds / Jagged Peak / Enir-Ilim,-1,-1,-1,0,1.0388143,1,1.0146931,1,1,1,1,1,1,1,1,1,1,1,1.0131674,1.0131674,1.0131674,1.0131674,0,0,0,0,1.0148077,1.0148077,1.0148077,1.0148077,0,0,0,0,1,-1,-1,0,-1,0,0,0,0,0,0,0,0,0,0,0,1.0129839,0,0,0,0,1,1,1,1,0,-1,1,0,1,1,1,1.0765306,1.0765306,1.0765306,1,1,1,1,-1,-1,-1,1,1,-1,0,0,0,0,0,-1,0,0,0,0,0,100,0,0,0,0,0,0,0,0,0,0,0,0,254,254,0,0,0,0,0,-1,100,1,1,1,1,1,1,1,0,0,0,0,0,0,0,1,1,1,0,0,0,0,0,0,0,0,0,0,0,0,0,0,0,0,0,0,0,0,0,0,0,0,0,0,0,0,0,0,0,1,1,1,1,1,1,1,1,1,1,1,1,1,1,1,1,0,1,1,1,1,0,0,0,0,0,-1,-1,-1,-1,-1,-1,-1,0,0,0,0,-1,-1,-1,-1,-1,-1,-1,0,0,-1,0,-1,1,1,1,1,1,1,1,1,1.0148077,0,1,1.0131674,0,0,-1,-1,1,0,0,0,0,0,0,1,1,1,1,1,1,1,1,0,0,0,0,0,0,0,0,0,0,0,0,0,100,0,0,0,0,0,0,0,0,0,1,1,1,1,1,1,1,1,1,1,1,1,1,1,1,1,1,1,1,1,1,1,1.0765306,0,0,0,-1,1,0,0,0,0,0,1,0,1,1,1,1,1,0,0,0,0,1,1,0,1,1,1,-1,0,0,0,0,0,0,0,0,0,0,0,0,0,0,1,1,1,0,0,1.0765306,1.0765306,0,0,100,0,0,0,0,0,0,0,0,0,0,0,0,0,0,0,0,0,0,1,1,1,1,1,1,1,0,0,0,0,1,1,0
20007720,SOTE - Human-NPC NG+ Scaling:,-1,-1,-1,0,1.0313383,1,1.0109774,1,1,1,1,1,1,1,1,1,1,1,1.0123718,1.0123718,1.0123718,1.0123718,0,0,0,0,1.0135971,1.0135971,1.0135971,1.0135971,0,0,0,0,1,-1,-1,0,-1,0,0,0,0,0,0,0,0,0,0,0,1.0122347,0,0,0,0,1,1,1,1,0,-1,1,0,1,1,1,1.069697,1.069697,1.069697,1,1,1,1,-1,-1,-1,1,1,-1,0,0,0,0,0,-1,0,0,0,0,0,100,0,0,0,0,0,0,0,0,0,0,0,0,254,254,0,0,0,0,0,-1,100,1,1,1,1,1,1,1,0,0,0,0,0,0,0,1,1,1,0,0,0,0,0,0,0,0,0,0,0,0,0,0,0,0,0,0,0,0,0,0,0,0,0,0,0,0,0,0,0,1,1,1,1,1,1,1,1,1,1,1,1,1,1,1,1,0,1,1,1,1,0,0,0,0,0,-1,-1,-1,-1,-1,-1,-1,0,0,0,0,-1,-1,-1,-1,-1,-1,-1,0,0,-1,0,-1,1,1,1,1,1,1,1,1,1.0135971,0,1,1.0123718,0,0,-1,-1,1,0,0,0,0,0,0,1,1,1,1,1,1,1,1,0,0,0,0,0,0,0,0,0,0,0,0,0,100,0,0,0,0,0,0,0,0,0,1,1,1,1,1,1,1,1,1,1,1,1,1,1,1,1,1,1,1,1,1,1,1.069697,0,0,0,-1,1,0,0,0,0,0,1,0,1,1,1,1,1,0,0,0,0,1,1,0,1,1,1,-1,0,0,0,0,0,0,0,0,0,0,0,0,0,0,1,1,1,0,0,1.069697,1.069697,0,0,100,0,0,0,0,0,0,0,0,0,0,0,0,0,0,0,0,0,0,1,1,1,1,1,1,1,0,0,0,0,1,1,0
20007730,SOTE - Human-NPC NG+ Scaling:,-1,-1,-1,0,1.0206945,1,1.0072901,1,1,1,1,1,1,1,1,1,1,1,1.011183,1.011183,1.011183,1.011183,0,0,0,0,1.0123924,1.0123924,1.0123924,1.0123924,0,0,0,0,1,-1,-1,0,-1,0,0,0,0,0,0,0,0,0,0,0,1.0114875,0,0,0,0,1,1,1,1,0,-1,1,0,1,1,1,1.0597014,1.0597014,1.0597014,1,1,1,1,-1,-1,-1,1,1,-1,0,0,0,0,0,-1,0,0,0,0,0,100,0,0,0,0,0,0,0,0,0,0,0,0,254,254,0,0,0,0,0,-1,100,1,1,1,1,1,1,1,0,0,0,0,0,0,0,1,1,1,0,0,0,0,0,0,0,0,0,0,0,0,0,0,0,0,0,0,0,0,0,0,0,0,0,0,0,0,0,0,0,1,1,1,1,1,1,1,1,1,1,1,1,1,1,1,1,0,1,1,1,1,0,0,0,0,0,-1,-1,-1,-1,-1,-1,-1,0,0,0,0,-1,-1,-1,-1,-1,-1,-1,0,0,-1,0,-1,1,1,1,1,1,1,1,1,1.0123924,0,1,1.011183,0,0,-1,-1,1,0,0,0,0,0,0,1,1,1,1,1,1,1,1,0,0,0,0,0,0,0,0,0,0,0,0,0,100,0,0,0,0,0,0,0,0,0,1,1,1,1,1,1,1,1,1,1,1,1,1,1,1,1,1,1,1,1,1,1,1.0597014,0,0,0,-1,1,0,0,0,0,0,1,0,1,1,1,1,1,0,0,0,0,1,1,0,1,1,1,-1,0,0,0,0,0,0,0,0,0,0,0,0,0,0,1,1,1,0,0,1.0597014,1.0597014,0,0,100,0,0,0,0,0,0,0,0,0,0,0,0,0,0,0,0,0,0,1,1,1,1,1,1,1,0,0,0,0,1,1,0
20007740,SOTE - Human-NPC NG+ Scaling:,-1,-1,-1,0,1.017251,1,1.0036311,1,1,1,1,1,1,1,1,1,1,1,1.0107881,1.0107881,1.0107881,1.0107881,0,0,0,0,1.0111933,1.0111933,1.0111933,1.0111933,0,0,0,0,1,-1,-1,0,-1,0,0,0,0,0,0,0,0,0,0,0,1.0107427,0,0,0,0,1,1,1,1,0,-1,1,0,1,1,1,1.0564356,1.0564356,1.0564356,1,1,1,1,-1,-1,-1,1,1,-1,0,0,0,0,0,-1,0,0,0,0,0,100,0,0,0,0,0,0,0,0,0,0,0,0,254,254,0,0,0,0,0,-1,100,1,1,1,1,1,1,1,0,0,0,0,0,0,0,1,1,1,0,0,0,0,0,0,0,0,0,0,0,0,0,0,0,0,0,0,0,0,0,0,0,0,0,0,0,0,0,0,0,1,1,1,1,1,1,1,1,1,1,1,1,1,1,1,1,0,1,1,1,1,0,0,0,0,0,-1,-1,-1,-1,-1,-1,-1,0,0,0,0,-1,-1,-1,-1,-1,-1,-1,0,0,-1,0,-1,1,1,1,1,1,1,1,1,1.0111933,0,1,1.0107881,0,0,-1,-1,1,0,0,0,0,0,0,1,1,1,1,1,1,1,1,0,0,0,0,0,0,0,0,0,0,0,0,0,100,0,0,0,0,0,0,0,0,0,1,1,1,1,1,1,1,1,1,1,1,1,1,1,1,1,1,1,1,1,1,1,1.0564356,0,0,0,-1,1,0,0,0,0,0,1,0,1,1,1,1,1,0,0,0,0,1,1,0,1,1,1,-1,0,0,0,0,0,0,0,0,0,0,0,0,0,0,1,1,1,0,0,1.0564356,1.0564356,0,0,100,0,0,0,0,0,0,0,0,0,0,0,0,0,0,0,0,0,0,1,1,1,1,1,1,1,0,0,0,0,1,1,0
20007750,SOTE - Human-NPC NG+ Scaling:,-1,-1,-1,0,1.01,1,1.003,1,1,1,1,1,1,1,1,1,1,1,1.01,1.01,1.01,1.01,0,0,0,0,1.01,1.01,1.01,1.01,0,0,0,0,1,-1,-1,0,-1,0,0,0,0,0,0,0,0,0,0,0,1.01,0,0,0,0,1,1,1,1,0,-1,1,0,1,1,1,1.05,1.05,1.05,1,1,1,1,-1,-1,-1,1,1,-1,0,0,0,0,0,-1,0,0,0,0,0,100,0,0,0,0,0,0,0,0,0,0,0,0,254,254,0,0,0,0,0,-1,100,1,1,1,1,1,1,1,0,0,0,0,0,0,0,1,1,1,0,0,0,0,0,0,0,0,0,0,0,0,0,0,0,0,0,0,0,0,0,0,0,0,0,0,0,0,0,0,0,1,1,1,1,1,1,1,1,1,1,1,1,1,1,1,1,0,1,1,1,1,0,0,0,0,0,-1,-1,-1,-1,-1,-1,-1,0,0,0,0,-1,-1,-1,-1,-1,-1,-1,0,0,-1,0,-1,1,1,1,1,1,1,1,1,1.01,0,1,1.01,0,0,-1,-1,1,0,0,0,0,0,0,1,1,1,1,1,1,1,1,0,0,0,0,0,0,0,0,0,0,0,0,0,100,0,0,0,0,0,0,0,0,0,1,1,1,1,1,1,1,1,1,1,1,1,1,1,1,1,1,1,1,1,1,1,1.05,0,0,0,-1,1,0,0,0,0,0,1,0,1,1,1,1,1,0,0,0,0,1,1,0,1,1,1,-1,0,0,0,0,0,0,0,0,0,0,0,0,0,0,1,1,1,0,0,1.05,1.05,0,0,100,0,0,0,0,0,0,0,0,0,0,0,0,0,0,0,0,0,0,1,1,1,1,1,1,1,0,0,0,0,1,1,0
20011090,,-1,-1,5.5,0,1,1,1,1,1,1,1,1,1,1,1,1,1,1,1,1,1,1,0,0,0,0,1,1,1,1,0,0,0,0,1,-1,-1,0,-1,0,0,0,0,0,0,0,0,0,0,0,1,0,0,0,0,1,1,1,1,0,-1,1,0,1,1,1,1,1,1,1,1,1,1,-1,-1,-1,1,1,-1,0,0,0,20,0,-1,0,0,0,0,0,100,0,0,0,0,0,0,0,0,0,0,0,0,254,254,32,0,0,0,0,-1,100,0,0,0,0,0,0,0,0,0,0,0,0,0,0,0,0,0,0,0,0,0,0,0,0,0,0,0,0,0,0,0,0,0,0,0,0,0,0,0,0,0,0,0,0,0,0,0,0,1,1,1,1,1,1,1,1,1,1,1,1,1,1,1,1,0,1,1,0,0,0,0,0,0,0,-1,-1,51250,-1,-1,-1,-1,0,0,0,0,-1,-1,-1,-1,-1,-1,-1,0,0,-1,0,-1,1,1,1,1,1,1,1,1,1,0,1,1,0,0,-1,-1,1,0,0,0,0,0,0,1,1,1,1,1,1,1,1,0,0,0,0,0,0,0,0,0,0,0,0,0,100,0,0,0,0,0,0,0,0,0,1,1,1,1,1,1,1,1,1,1,1,1,1,1,1,1,1,1,1,1,1,1,1,0,0,0,-1,1,0,0,0,0,0,1,0,1,1,1,1,1,0,0,0,0,1,1,0,1,1,1,-1,0,0,0,0,0,0,0,0,0,1,0,0,0,0,1,1,1,0,0,1,1,0,0,100,0,0,0,0,0,0,0,0,0,0,0,0,0,0,0,0,0,0,1,1,1,1,1,1,1,0,0,0,0,1,1,0
20018693,,-1,-1,-1,0,1,1,1,1,1,1,1,1,1,1,1,1,1,1,1,1,1,1,0,0,0,0,1,1,1,1,0,0,0,0,1,-1,-1,0,-1,0,0,0,0,0,0,0,0,0,0,0,1,0,0,0,0,1,1,1,1,0,-1,1,0,1,1,1,1,1,1,1,1,1,1,-1,-1,-1,1,1,-1,0,0,0,157,130,-1,0,0,0,0,0,100,0,0,0,0,0,0,0,0,0,0,0,0,254,254,0,0,0,0,0,-1,100,0,0,0,0,0,0,0,0,0,0,0,0,0,0,0,0,0,0,0,0,0,0,0,0,0,0,0,0,0,0,0,0,0,0,0,0,0,0,0,0,0,0,0,0,0,0,0,0,1,1,1,1,1,1,1,1,1,1,1,1,1,1,1,1,0,1,0,0,1,0,0,0,0,0,-1,-1,-1,-1,-1,-1,-1,0,0,0,0,-1,-1,-1,-1,-1,-1,-1,0,0,-1,0,-1,1,1,1,1,1,1,1,1,1,0,1,1,0,0,-1,-1,1,0,0,0,0,0,0,1,1,1,1,1,1,1,1,0,0,0,0,0,0,0,0,0,0,0,0,0,100,0,0,0,0,0,0,0,0,0,1,1,1,1,1,1,1,1,1,1,1,1,1,1,1,1,1,1,1,1,1,1,1,0,0,0,-1,1,0,0,0,0,0,1,0,1,1,1,1,1,0,0,0,0,1,1,0,1,1,1,-1,0,0,0,0,0,0,0,0,0,0,0,0,0,0,1,1,1,0,0,1,1,0,0,100,0,0,0,0,0,0,0,0,0,0,0,0,0,0,0,0,0,0,1,1,1,1,1,1,1,0,0,0,0,1,1,0
20018711,,-1,-1,-1,0,1,1,1,1,1,1,1,1,1,1,1,1,1,1,1,1,1,1,0,0,0,0,1,1,1,1,0,0,0,0,1,-1,-1,0,-1,0,0,0,0,0,0,0,0,0,0,0,1,0,0,0,0,1,1,1,1,0,-1,1,0,1,1,1,1,1,1,1,1,1,1,-1,-1,-1,1,1,-1,0,0,0,157,110,-1,0,0,0,0,0,100,0,0,0,0,0,0,0,0,0,0,0,0,254,254,0,0,0,0,0,-1,100,0,0,0,0,0,0,0,0,0,0,0,0,0,0,0,0,0,0,0,0,0,0,0,0,0,0,0,0,0,0,0,0,0,0,0,0,0,0,0,0,0,0,0,0,0,0,0,0,1,1,1,1,1,1,1,1,1,1,1,1,1,1,1,1,0,1,0,0,1,0,0,0,0,0,-1,-1,-1,-1,-1,-1,-1,0,0,0,0,-1,-1,-1,-1,-1,-1,-1,0,0,-1,0,-1,1,1,1,1,1,1,1,1,1,0,1,1,0,0,-1,-1,1,0,0,0,0,0,0,1,1,1,1,1,1,1,1,0,0,0,0,0,0,0,0,0,0,0,0,0,100,0,0,0,0,0,0,0,0,0,1,1,1,1,1,1,1,1,1,1,1,1,1,1,1,1,1,1,1,1,1,1,1,0,0,0,-1,1,0,0,0,0,0,1,0,1,1,1,1,1,0,0,0,0,1,1,0,1,1,1,-1,0,0,0,0,0,0,0,0,0,0,0,0,0,0,1,1,1,0,0,1,1,0,0,100,0,0,0,0,0,0,0,0,0,0,0,0,0,0,0,0,0,0,1,1,1,1,1,1,1,0,0,0,0,1,1,0
20018720,,-1,-1,30,0,1,1,1,1,1,1,1,1,1,1,1,1,1,1,1,1,1,1,0,0,0,0,1,1,1,1,0,0,0,0,1,-1,-1,0,-1,0,0,0,0,0,0,0,0,0,0,0,1,0,0,0,0,1,1,1,1,0,-1,1,0,1,1,1,1,1,1,1,1,1,1,20018693,-1,-1,1,1,-1,0,0,0,157,120,-1,0,0,0,0,0,100,0,0,0,0,0,0,0,0,0,0,0,0,254,254,0,0,0,0,0,-1,100,0,0,0,0,0,0,0,0,0,0,0,0,0,0,0,0,0,0,0,0,0,0,0,0,0,0,0,0,0,0,0,0,0,0,0,0,0,0,0,0,0,0,0,0,0,0,0,0,1,1,1,1,1,1,1,1,1,1,1,1,1,1,1,1,0,1,0,0,1,0,0,0,0,0,-1,-1,-1,-1,-1,-1,-1,0,0,0,0,-1,-1,-1,-1,-1,-1,-1,0,0,-1,0,-1,1,1,1,1,1,1,1,1,1,0,1,1,0,0,-1,-1,1,0,0,0,0,0,0,1,1,1,1,1,1,1,1,0,0,0,0,0,0,0,0,0,0,0,0,0,100,0,0,0,0,0,0,0,0,0,1,1,1,1,1,1,1,1,1,1,1,1,1,1,1,1,1,1,1,1,1,1,1,0,0,0,-1,1,0,0,0,0,0,1,0,1,1,1,1,1,0,0,0,0,1,1,0,1,1,1,-1,0,0,0,0,0,0,0,0,0,0,0,0,0,0,1,1,1,0,0,1,1,0,0,100,0,0,0,0,0,0,0,0,0,0,0,0,0,0,0,0,0,0,1,1,1,1,1,1,1,0,0,0,0,1,1,0
20018723,,-1,-1,15,0,1,1,1,1,1,1,1,1,1,1,1,1,1,1,1,1,1,1,0,0,0,0,1,1,1,1,0,0,0,0,1,-1,-1,0,-1,0,0,0,0,0,0,0,0,0,0,0,1,0,0,0,0,1,1,1,1,0,-1,1,0,1,1,1,1,1,1,1,1,1,1,20018693,-1,-1,1,1,-1,0,0,0,157,120,-1,0,0,0,0,0,100,0,0,0,0,0,0,0,0,0,0,0,0,254,254,0,0,0,0,0,-1,100,0,0,0,0,0,0,0,0,0,0,0,0,0,0,0,0,0,0,0,0,0,0,0,0,0,0,0,0,0,0,0,0,0,0,0,0,0,0,0,0,0,0,0,0,0,0,0,0,1,1,1,1,1,1,1,1,1,1,1,1,1,1,1,1,0,1,0,0,1,0,0,0,0,0,-1,-1,-1,-1,-1,-1,-1,0,0,0,0,-1,-1,-1,-1,-1,-1,-1,0,0,-1,0,-1,1,1,1,1,1,1,1,1,1,0,1,1,0,0,-1,-1,1,0,0,0,0,0,0,1,1,1,1,1,1,1,1,0,0,0,0,0,0,0,0,0,0,0,0,0,100,0,0,0,0,0,0,0,0,0,1,1,1,1,1,1,1,1,1,1,1,1,1,1,1,1,1,1,1,1,1,1,1,0,0,0,-1,1,0,0,0,0,0,1,0,1,1,1,1,1,0,0,0,0,1,1,0,1,1,1,-1,0,0,0,0,0,0,0,0,0,0,0,0,0,0,1,1,1,0,0,1,1,0,0,100,0,0,0,0,0,0,0,0,0,0,0,0,0,0,0,0,0,0,1,1,1,1,1,1,1,0,0,0,0,1,1,0
20370300,[Talisman] Two-Headed Turtle Talisman,20410,-1,-1,0,1,1,1,1,1,1,1,1,1,1,1,1,1,1,1,1,1,1,0,0,0,0,1,1,1,1,0,0,0,0,1,-1,-1,0,-1,0,0,0,0,0,0,0,10,0,0,0,1,0,0,0,0,1,1,1,1,0,-1,1,0,1,1,1,1,1,1,1,1,1,1,-1,-1,-1,1,1,-1,0,0,0,0,0,-1,0,0,0,0,0,100,0,0,0,0,0,0,0,0,0,0,0,0,254,254,75,0,0,0,0,-1,100,1,1,0,1,1,1,1,0,0,0,0,0,0,0,0,0,0,0,0,0,0,0,0,0,0,1,0,0,0,0,0,0,0,0,0,0,0,0,0,0,0,0,0,0,0,0,0,0,1,1,1,1,1,1,1,1,1,1,1,1,1,1,1,1,0,1,0,0,1,0,0,0,0,0,-1,-1,-1,-1,-1,-1,-1,0,0,0,0,-1,-1,-1,-1,-1,-1,-1,0,0,-1,0,-1,1,1,1,1,1,1,1,1,1,0,1,1,0,0,-1,-1,1,0,0,0,0,0,0,1,1,1,1,1,1,1,1,0,0,0,0,0,0,0,0,0,0,0,0,0,100,0,0,0,0,0,0,0,0,0,1,1,1,1,1,1,1,1,1,1,1,1,1,1,1,1,1,1,1,1,1,1,1,0,0,0,-1,1,0,0,0,0,0,1,0,1,1,1,1,1,0,0,0,0,1,1,0,1,1,1,-1,0,0,0,0,0,0,0,0,0,0,0,0,0,0,1,1,1,0,0,1,1,0,0,100,0,0,0,0,0,0,0,0,0,0,0,0,0,0,0,0,0,0,1,1,1,1,1,1,1,0,0,0,0,1,1,0
20370600,[Talisman] Clarifying Horn Charm +2,20209,-1,-1,0,1,1,1,1,1,1,1,1,1,1,1,1,1,1,1,1,1,1,0,0,0,0,1,1,1,1,0,0,0,0,1,-1,-1,0,-1,0,0,0,0,0,0,0,0,0,0,0,1,0,0,0,0,1,1,1,1,0,-1,1,0,1,1,1,1,1,1,1,1,1,1,-1,-1,-1,1,1,-1,0,0,0,0,0,-1,0,0,0,0,0,100,0,0,0,0,0,0,0,0,0,0,0,0,254,254,0,0,0,0,0,-1,100,1,1,0,1,1,1,1,0,0,0,0,0,0,0,0,0,0,0,0,0,0,0,0,0,0,1,0,0,0,0,0,0,0,0,0,0,0,0,0,0,0,0,0,0,0,0,0,0,1,1,1,1,1,1,1,1,1,1,1,1,1,1,1,1,0,1,0,0,1,0,0,0,0,0,-1,-1,-1,-1,-1,-1,-1,0,0,0,0,-1,-1,-1,-1,-1,-1,-1,0,0,-1,0,-1,1,1,1,1,1,1,1,1,1,0,1,1,0,0,-1,-1,1,0,0,0,0,0,0,1,1,1,1,1,1,1,1,0,0,0,0,0,0,0,0,0,0,0,0,0,100,0,0,0,0,0,0,0,0,0,1,1,1,1,1,1,1,1,1,1,1,1,1,1,1,1,1,1,1,1,1,1,1,0,0,0,-1,1,0,0,0,0,0,1,0,1,1,1,1,1,0,0,0,0,1,1,0,1,1,1,-1,0,0,0,0,0,0,0,0,0,0,0,0,0,0,1,1,1,0,0,1,1,180,180,100,0,0,0,0,0,0,0,0,0,0,0,0,0,0,0,0,0,0,1,1,1,1,1,1,1,0,0,0,0,1,1,0
20381231,[Talisman] Ailment Talisman,-1,-1,120,500,1,1,1,1,1,1,1,1,1,1,1,1,1,1,1,1,1,1,0,0,0,0,1,1,1,1,0,0,0,0,1,-1,-1,0,-1,0,0,0,0,0,0,0,0,0,0,0,1,0,0,0,0,1,1,1,1,0,-1,1,0,1,1,1,1,1,1,1,1,1,1,-1,-1,-1,1,1,-1,0,0,0,0,0,-1,0,0,0,0,0,100,0,0,0,0,0,0,0,0,0,0,0,0,254,254,0,0,0,0,0,-1,100,1,1,0,1,1,1,1,0,0,0,0,0,0,0,0,0,0,0,0,0,0,0,0,0,0,1,0,0,0,0,0,0,0,0,0,0,0,0,0,0,0,0,0,0,0,0,0,0,1,1,1,1,1,1,1,1,1,1,1,1,1,1,1,1,0,1,0,0,1,0,0,0,0,0,-1,-1,5354,-1,-1,-1,-1,0,0,0,0,-1,-1,-1,-1,-1,-1,-1,0,0,-1,0,-1,1,1,1,1,1,1,1,1,1,0,1,1,0,0,-1,-1,1,0,350,350,0,0,0,1,1,1,1,1,1,1,1,0,0,0,0,0,0,0,0,0,0,0,0,0,100,0,0,0,0,0,0,0,0,0,1,1,1,1,1,1,1,1,1,1,1,1,1,1,1,1,1,1,1,1,1,1,1,0,0,0,-1,1,0,0,0,0,0,1,0,1,1,1,1,1,0,0,0,0,1,1,0,1,1,1,-1,0,0,0,0,0,0,0,0,0,0,0,0,0,0,1,1,1,0,0,1,1,0,0,100,0,0,0,0,0,0,0,0,0,0,0,0,0,0,0,0,0,0,1,1,1,1,1,1,1,0,0,0,0,1,1,0
20381233,[Talisman] Ailment Talisman,-1,-1,45,500,1,1,1,1,1,1,1,1,1,1,1,1,1,1,1,1,1,1,0,0,0,0,1,1,1,1,0,0,0,0,1,-1,-1,0,-1,0,0,0,0,0,0,0,0,0,0,0,1,0,0,0,0,1,1,1,1,0,-1,1,0,1,1,1,1,1,1,1,1,1,1,-1,-1,-1,1,1,-1,0,0,0,0,0,-1,0,0,0,0,0,100,0,0,0,0,0,0,0,0,0,0,0,0,254,254,0,0,0,0,0,-1,100,1,1,0,1,1,1,1,0,0,0,0,0,0,0,0,0,0,0,0,0,0,0,0,0,0,1,0,0,0,0,0,0,0,0,0,0,0,0,0,0,0,0,0,0,0,0,0,0,1,1,1,1,1,1,1,1,1,1,1,1,1,1,1,1,0,1,0,0,1,0,0,0,0,0,-1,-1,5356,-1,-1,-1,-1,0,0,0,0,-1,-1,-1,-1,-1,-1,-1,0,0,-1,0,-1,1,1,1,1,1,1,1,1,1,0,1,1,0,0,-1,-1,1,0,0,0,350,0,350,1,1,1,1,1,1,1,1,0,0,0,0,0,0,0,0,0,0,0,0,0,100,0,0,0,0,0,0,0,0,0,1,1,1,1,1,1,1,1,1,1,1,1,1,1,1,1,1,1,1,1,1,1,1,0,0,0,-1,1,0,0,0,0,0,1,0,1,1,1,1,1,0,0,0,0,1,1,0,1,1,1,-1,0,0,0,0,0,0,0,0,0,0,0,0,0,0,1,1,1,0,0,1,1,0,0,100,0,0,0,0,0,0,0,0,0,0,0,0,0,0,0,0,0,0,1,1,1,1,1,1,1,0,0,0,0,1,1,0
20381235,[Talisman] Ailment Talisman,-1,-1,30,500,1,1,1,1,1,1,1,1,1,1,1,1,1,1,1,1,1,1,0,0,0,0,1,1,1,1,0,0,0,0,1,-1,-1,0,-1,0,0,0,0,0,0,0,0,0,0,0,1,0,0,0,0,1,1,1,1,0,-1,1,0,1,1,1,1,1,1,1,1,1,1,-1,-1,-1,1,1,-1,0,0,0,0,0,-1,0,0,0,0,0,100,0,0,0,0,0,0,0,0,0,0,0,0,254,254,0,0,0,0,0,-1,100,1,1,0,1,1,1,1,0,0,0,0,0,0,0,0,0,0,0,0,0,0,0,0,0,0,1,0,0,0,0,0,0,0,0,0,0,0,0,0,0,0,0,0,0,0,0,0,0,1,1,1,1,1,1,1,1,1,1,1,1,1,1,1,1,0,1,0,0,1,0,0,0,0,0,-1,-1,5358,-1,-1,-1,-1,0,0,0,0,-1,-1,-1,-1,-1,-1,-1,0,0,-1,0,-1,1,1,1,1,1,1,1,1,1,0,1,1,0,0,-1,-1,1,0,0,0,0,0,0,1,1,1,1,1,1,1,1,0,0,0,0,0,0,0,0,0,0,0,0,0,100,0,0,0,0,0,0,0,0,0,1,1,1,1,1,1,1,1,1,1,1,1,1,1,1,1,1,1,1,1,1,1,1,0,0,0,-1,1,0,0,0,0,0,1,0,1,1,1,1,1,0,0,0,0,1,1,0,1,1,1,-1,0,0,0,0,0,0,0,0,0,0,0,0,0,0,1,1,1,0,0,1,1,350,350,100,0,0,0,0,0,0,0,0,0,0,0,0,0,0,0,0,0,0,1,1,1,1,1,1,1,0,0,0,0,1,1,0
20382201,[Talisman] Rellana's Cameo,-1,-1,0.6,0,1,1,1,1,1,1,1,1,1,1,1,1,1,1,1,1,1,1,0,0,0,0,1,1,1,1,0,0,0,0,1,-1,-1,0,-1,0,0,0,0,0,0,0,0,0,0,0,1,0,0,0,0,1,1,1,1,0,-1,1,0,1,1,1,1,1,1,1,1,1,1,20382202,-1,-1,1,1,-1,0,0,0,10,0,-1,0,0,0,0,0,100,0,0,0,0,0,0,0,0,0,0,0,0,254,254,0,0,0,0,0,-1,100,1,1,0,1,1,1,1,0,0,0,0,0,0,0,0,0,0,0,0,0,0,0,0,0,0,1,0,0,0,0,0,0,0,0,0,0,0,0,0,0,0,0,0,0,0,0,0,0,1,1,1,1,1,1,1,1,1,1,1,1,1,1,1,1,0,1,0,0,1,0,0,0,1,0,-1,-1,-1,-1,-1,-1,-1,0,0,0,0,-1,-1,-1,-1,-1,-1,-1,0,0,-1,0,-1,1,1,1,1,1,1,1,1,1,0,1,1,0,0,-1,-1,1,0,0,0,0,0,0,1,1,1,1,1,1,1,1,0,0,0,0,0,0,0,0,0,0,0,0,0,100,0,0,0,0,0,0,0,0,0,1,1,1,1,1,1,1,1,1,1,1,1,1,1,1,1,1,1,1,1,1,1,1,504,0,0,-1,1,0,0,0,0,0,1,0,1,1,1,1,1,0,0,0,0,1,1,0,1,1,1,-1,0,0,0,0,0,0,0,0,0,0,0,0,0,0,1,1,1,0,0,1,1,0,0,100,0,0,0,0,0,0,0,0,0,0,0,0,0,0,0,0,0,0,1,1,1,1,1,1,1,0,0,0,0,1,1,0
20382203,[Talisman] Rellana's Cameo,-1,-1,0.2,0,1,1,1,1,1,1,1,1,1,1,1,1,1,1,1,1,1,1,0,0,0,0,1,1,1,1,0,0,0,0,1,-1,-1,0,-1,0,0,0,0,0,0,0,0,0,0,0,1,0,0,0,0,1,1,1,1,0,-1,1,0,1,1,1,1,1,1,1,1,1,1,20382204,-1,-1,1,1,-1,0,0,0,20,0,-1,0,0,0,0,0,100,0,0,0,0,0,0,0,0,0,0,0,0,254,254,0,0,0,0,0,-1,100,1,1,0,1,1,1,1,0,0,1,0,0,0,0,0,0,0,0,0,0,0,0,0,0,0,1,0,0,0,0,0,0,0,0,0,0,0,0,0,0,0,0,0,0,0,0,0,0,1,1,1,1,1,1,1,1,1,1,1,1,1,1,1,1,0,1,0,0,1,0,0,0,1,0,-1,-1,320500,-1,-1,-1,-1,0,0,0,0,-1,-1,-1,-1,-1,-1,-1,0,0,-1,0,-1,1,1,1,1,1,1,1,1,1,0,1,1,0,0,-1,-1,1,0,0,0,0,0,0,1,1,1,1,1,1,1,1,0,0,0,0,0,0,0,0,0,0,0,0,0,100,0,0,0,0,0,0,0,0,0,1,1,1,1,1,1,1,1,1,1,1,1,1.1,1.1,1.1,1.1,1.1,1.15,1.15,1.15,1.15,1.15,1,504,0,0,-1,1,0,0,0,0,0,1,0,1,1,1,1,1,0,0,0,0,1,1,0,1,1,1,-1,0,0,0,0,0,0,0,0,0,0,0,0,0,0,1,1,1,0,0,1,1,0,0,100,0,0,0,0,0,0,0,0,0,0,0,0,0,0,0,0,0,0,1,1,1,1,1,1,1,0,0,0,0,1,1,0
20382204,[Talisman] Rellana's Cameo,-1,-1,10,0,1,1,1,1,1,1,1,1,1,1,1,1,1,1,1,1,1,1,0,0,0,0,1,1,1,1,0,0,0,0,1,-1,-1,0,-1,0,0,0,0,0,0,0,0,0,0,0,1,0,0,0,0,1,1,1,1,0,-1,1,0,1,1,1,1,1,1,1,1,1,1,-1,-1,-1,1,1,-1,0,0,0,20,0,-1,0,0,0,0,0,100,0,0,0,0,0,0,0,0,0,0,0,0,254,254,0,0,0,0,0,-1,100,1,1,0,1,1,1,1,0,0,1,0,0,0,0,0,0,0,0,0,0,0,0,0,0,0,1,0,0,0,0,0,0,0,0,0,0,0,0,0,0,0,0,0,0,0,0,0,0,1,1,1,1,1,1,1,1,1,1,1,1,1,1,1,1,0,1,0,0,1,0,0,0,1,0,-1,-1,5350,-1,-1,-1,-1,0,0,0,0,-1,-1,-1,-1,-1,-1,-1,0,0,-1,0,-1,1,1,1,1,1,1,1,1,1,0,1,1,0,0,-1,-1,1,0,0,0,0,0,0,1,1,1,1,1,1,1,1,0,0,0,0,0,0,0,0,0,0,0,0,0,100,0,0,0,0,0,0,0,0,0,1,1,1,1,1,1,1,1,1,1,1,1,1.1,1.1,1.1,1.1,1.1,1.15,1.15,1.15,1.15,1.15,1,502,0,0,-1,1,0,0,0,0,0,1,0,1,1,1,1,1,0,0,0,0,1,1,0,1,1,1,-1,0,0,0,0,0,0,0,0,0,0,0,0,0,0,1,1,1,0,0,1,1,0,0,100,0,0,0,0,0,0,0,0,0,0,0,0,0,0,0,0,0,0,1,1,1,1,1,1,1,0,0,0,0,1,1,0
21491010,,-1,-1,0.1,1,1,1,1,1,1,1,1,1,1,1,1,1,1,1,1,1,1,1,0,0,0,0,1,1,1,1,0,0,0,0,1,-1,-1,0,-1,15,100,0,0,0,0,0,0,0,0,0,1,0,0,72,0,1,1,1,1,0,-1,1,0,1,1,1,1,1,1,1,1,1,1,-1,500,-1,1,1,-1,0,0,0,10003,0,1,0,0,0,0,0,100,0,0,0,0,0,0,0,0,0,0,0,0,254,22,6,3,0,0,0,-1,100,1,1,1,1,1,1,1,0,0,0,0,0,0,0,0,0,0,0,0,0,0,0,0,0,0,0,0,0,0,0,0,0,0,0,0,0,0,0,0,0,0,0,0,0,0,0,0,0,1,1,1,1,1,1,1,1,1,1,1,1,1,1,1,1,0,1,1,0,0,0,0,0,0,0,-1,-1,6,-1,-1,-1,-1,0,0,0,0,-1,-1,-1,-1,-1,-1,-1,0,0,-1,0,-1,1,1,1,1,1,1,1,1,1,0,1,1,0,0,-1,-1,1,0,0,0,0,0,0,1,1,1,1,1,1,1,1,0,0,0,0,0,0,0,0,0,0,0,0,0,100,1,0,0,0,0,0,0,0,0,1,1,1,1,1,1,1,1,1,1,1,1,1,1,1,1,1,1,1,1,1,1,1,0,0,0,-1,1,0,0,0,0,0,1,0,1,1,1,1,1,0,0,0,0,1,1,0,1,1,1,-1,0,0,0,0,0,0,0,0,0,0,0,0,0,0,1,1,1,0,0,1,1,0,0,100,0,0,0,0,0,0,0,0,0,0,0,0,0,0,0,0,0,0,1,1,1,1,1,1,1,0,0,0,0,1,1,0
21500000,,-1,-1,10,99,1,1,1,1.2,1.2,1.2,1.2,1.2,1.2,1.2,1,1,1,1,1,1,1,1,0,0,0,0,1,1,1,1,0,0,0,0,1,-1,-1,0,-1,10,30,0,0,0,0,0,0,0,0,0,1,0,0,0,0,1,1,1,1,0,-1,1,0,1,1,1,1,1,1,1,1,1,1,-1,-1,-1,1,1,-1,0,0,0,10007,0,9,0,0,0,0,0,100,0,0,0,0,0,0,0,0,0,0,0,0,254,23,260,0,0,0,0,-1,100,1,1,1,1,1,1,1,0,0,0,0,0,0,0,0,0,0,0,0,0,0,0,0,0,0,0,0,0,0,0,0,0,0,0,0,0,0,0,0,0,0,0,0,0,0,0,0,0,1,1,1,1,1,1,1,1,1,1,1,1,1,1,1,1,0,1,1,0,0,0,0,0,0,1,-1,-1,260,-1,-1,-1,-1,0,0,0,0,40260,-1,-1,-1,-1,-1,-1,15,0,-1,0,-1,1,1,1,1,1,1,1,1.2,1,0,1,1,0,0,-1,-1,1,0,0,0,0,0,0,1,1,1,1,1,1,1,1,0,0,0,0,0,0,0,0,0,0,0,0,0,100,0,0,1,0,0,0,0,0,0,1,1,1,1,1,1,1,1,1,1,1,1,1,1,1,1,1,1,1,1,1,1,1,0,0,0,-1,1,0,0,0,0,0,1,0,1,1,1,1,1,0,0,0,0,1,1,0,1,1,1,-1,0,0,0,0,0,0,0,0,0,9,0,0,0,0,1,1,1,0,0,1,1,0,0,100,0,0,0,0,0,0,0,0,0,0,0,0,0,0,0,0,0,0,1,1,1,1,1,1,1,0,0,0,0,1,1,0
21620000,,-1,-1,10,99,1,1,1,1.2,1.2,1.2,1.2,1.2,1.2,1.2,1,1,1,1,1,1,1,1,0,0,0,0,1,1,1,1,0,0,0,0,1,-1,-1,0,-1,10,30,0,0,0,0,0,0,0,0,0,1,0,0,0,0,1,1,1,1,0,-1,1,0,1,1,1,1,1,1,1,1,1,1,-1,-1,-1,1,1,-1,0,0,0,10007,0,9,0,0,0,0,0,100,0,0,0,0,0,0,0,0,0,0,0,0,254,23,260,0,0,0,0,-1,100,1,1,1,1,1,1,1,0,0,0,0,0,0,0,0,0,0,0,0,0,0,0,0,0,0,0,0,0,0,0,0,0,0,0,0,0,0,0,0,0,0,0,0,0,0,0,0,0,1,1,1,1,1,1,1,1,1,1,1,1,1,1,1,1,0,1,1,0,0,0,0,0,0,1,-1,-1,260,-1,-1,-1,-1,0,0,0,0,40260,-1,-1,-1,-1,-1,-1,100,0,-1,0,-1,1,1,1,1,1,1,1,1.2,1,0,1,1,0,0,-1,-1,1,0,0,0,0,0,0,1,1,1,1,1,1,1,1,0,0,0,0,0,0,0,0,0,0,0,0,0,100,0,0,1,0,0,0,0,0,0,1,1,1,1,1,1,1,1,1,1,1,1,1,1,1,1,1,1,1,1,1,1,1,0,0,0,-1,1,0,0,0,0,0,1,0,1,1,1,1,1,0,0,0,0,1,1,0,1,1,1,-1,0,0,0,0,0,0,0,0,0,9,0,0,0,0,1,1,1,0,0,1,1,0,0,100,0,0,0,0,0,0,0,0,0,0,0,0,0,0,0,0,0,0,1,1,1,1,1,1,1,0,0,0,0,1,1,0
21667000,,-1,-1,0.5,0.25,1,1,1,1,1,1,1,1,1,1,1,1,1,1,1,1,1,1,0,0,0,0,1,1,1,1,0,0,0,0,1,-1,-1,0,-1,0,-12,0,0,0,0,0,0,0,0,0,1,0,0,0,0,1,1,1,1,0,-1,1,0,1,1,1,1,1,1,1,1,1,1,-1,-1,-1,1,1,-1,0,0,0,20,0,-1,0,0,0,0,0,100,0,0,0,0,0,0,0,0,0,0,0,0,254,254,50,0,0,0,0,-1,100,1,1,1,1,1,1,1,0,0,0,0,0,0,0,0,0,0,0,0,0,0,0,0,0,0,0,0,0,0,0,0,0,0,0,0,0,0,0,0,0,0,0,0,0,0,0,0,0,1,1,1,1,1,1,1,1,1,1,1,1,1,1,1,1,0,1,0,1,1,0,0,0,0,0,-1,-1,5304,-1,-1,-1,-1,0,0,0,0,-1,-1,-1,-1,-1,-1,-1,0,0,-1,0,-1,1,1,1,1,1,1,1,1,1,0,1,1,0,0,-1,-1,1,0,0,0,0,0,0,1,1,1,1,1,1,1,1,0,0,0,0,0,0,0,0,0,0,0,0,0,100,0,0,0,0,0,0,0,0,0,1,1,1,1,1,1,1,1,1,1,1,1,1,1,1,1,1,1,1,1,1,1,1,0,0,0,-1,1,0,0,0,0,0,1,0,1,1,1,1,1,0,0,0,0,1,1,0,1,1,1,-1,0,0,0,0,0,0,0,0,0,0,0,0,0,0,1,1,1,0,0,1,1,0,0,100,0,0,0,0,0,0,0,0,0,0,0,0,0,0,0,0,0,0,1,1,1,1,1,1,1,0,0,0,0,1,1,0
21720000,,-1,-1,90,1,1,1,1,1,1,1,1,1,1,1,1,1,1,1,1,1,1,1,0,0,0,0,1,1,1,1,0,0,0,0,1,-1,-1,0,-1,0.33,13,0,0,0,0,0,0,0,0,0,1,0,65,0,0,1,1,1,1,0,-1,1,0,1,1,1,1,1,1,1,1,1,1,-1,505,-1,1,1,-1,0,0,0,10005,0,2,0,0,0,0,0,100,0,0,0,0,0,0,0,0,0,0,0,0,254,21,5,0,0,0,0,-1,100,1,1,1,1,1,1,1,0,0,0,0,0,0,0,0,0,0,0,0,0,0,0,0,0,0,0,0,0,0,0,0,0,0,0,0,0,0,0,0,0,0,0,0,0,0,0,0,0,1,1,1,1,1,1,1,1,1,1,1,1,1,1,1,1,0,1,1,0,0,0,0,0,0,1,-1,-1,5,-1,-1,-1,-1,0,0,0,0,-1,-1,-1,-1,-1,-1,-1,0,0,-1,0,-1,1,1,1,1,1,1,1,1,1,0,1,1,0,0,-1,-1,1,0,0,0,0,0,0,1,1,1,1,1,1,1,1,0,0,0,0,0,0,0,0,0,0,0,0,0,100,0,0,0,0,0,0,0,0,0,1,1,1,1,1,1,1,1,1,1,1,1,1,1,1,1,1,1,1,1,1,1,1,0,0,0,-1,1,0,0,0,0,0,1,0,1,1,1,1,1,0,0,0,0,1,1,0,1,1,1,-1,0,0,0,0,0,0,0,0,0,0,0,0,0,0,1,1,1,0,0,1,1,0,0,100,0,0,0,0,0,0,0,0,0,0,0,0,0,0,0,0,0,0,1,1,1,1,1,1,1,0,0,0,0,1,1,0
21730001,,-1,-1,1,5,1,1,1,1,1,1,1,1,1,1,1,1,1,1,1,1,1,1,0,0,0,0,1,1,1,1,0,0,0,0,1,-1,-1,0,-1,15,100,10,30,0,0,0,0,0,0,0,1,0,0,0,0,1,1,1,1,0,-1,1,0,1,1,1,1,1,1,1,1,1,1,-1,502,-1,1,1,-1,0,0,0,10010,0,12,0,0,0,0,0,100,0,0,0,0,0,0,0,0,0,0,0,0,254,25,437,3,0,0,0,-1,100,0,1,1,1,1,1,1,0,0,0,0,0,0,0,0,0,0,0,0,0,0,0,0,0,0,0,0,0,0,0,0,0,0,0,0,0,0,0,0,0,0,0,0,0,0,0,0,0,1,1,1,1,1,1,1,1,1,1,1,1,1,1,1,1,0,1,0,0,1,0,0,0,0,0,-1,-1,-1,-1,-1,-1,-1,0,0,0,0,-1,-1,-1,-1,-1,-1,-1,0,0,-1,0,-1,1,1,1,1,1,1,1,1,1,0,1,1,0,0,-1,-1,1,0,0,0,0,0,0,1,1,1,1,1,1,1,1,0,0,0,0,0,0,0,0,0,0,0,0,0,100,0,0,0,0,0,0,0,0,0,1,1,1,1,1,1,1,1,1,1,1,1,1,1,1,1,1,1,1,1,1,1,1,0,0,0,-1,1,0,0,0,0,0,1,0,1,1,1,1,1,0,0,0,0,1,1,0,1,1,1,-1,0,0,0,0,0,0,0,0,0,0,0,0,0,0,1,1,1,0,7,1,1,0,0,100,0,0,0,0,0,0,0,0,0,0,0,0,0,0,0,0,0,0,1,1,1,1,1,1,1,0,0,0,0,1,1,0
